, gtpath, predpath, bad kern syntax OMR-ED, bad kern syntax % contribution to OMR-NED, wrong note OMR-ED, wrong note % contribution to OMR-NED, wrong note head OMR-ED, wrong note head % contribution to OMR-NED, wrong flag/beam OMR-ED, wrong flag/beam % contribution to OMR-NED, wrong dot OMR-ED, wrong dot % contribution to OMR-NED, wrong tuplet OMR-ED, wrong tuplet % contribution to OMR-NED, wrong accidental OMR-ED, wrong accidental % contribution to OMR-NED, wrong note stem OMR-ED, wrong note stem % contribution to OMR-NED, wrong graceness OMR-ED, wrong graceness % contribution to OMR-NED, wrong tie OMR-ED, wrong tie % contribution to OMR-NED, wrong articulation OMR-ED, wrong articulation % contribution to OMR-NED, wrong ornament OMR-ED, wrong ornament % contribution to OMR-NED, wrong lyric OMR-ED, wrong lyric % contribution to OMR-NED, wrong clef OMR-ED, wrong clef % contribution to OMR-NED, wrong timesig OMR-ED, wrong timesig % contribution to OMR-NED, wrong keysig OMR-ED, wrong keysig % contribution to OMR-NED, wrong tempo OMR-ED, wrong tempo % contribution to OMR-NED, wrong barline OMR-ED, wrong barline % contribution to OMR-NED, wrong direction OMR-ED, wrong direction % contribution to OMR-NED, wrong dynamic OMR-ED, wrong dynamic % contribution to OMR-NED, wrong crescendo OMR-ED, wrong crescendo % contribution to OMR-NED, wrong diminuendo OMR-ED, wrong diminuendo % contribution to OMR-NED, wrong slur OMR-ED, wrong slur % contribution to OMR-NED, wrong ottava OMR-ED, wrong ottava % contribution to OMR-NED, wrong multi-staff arpeggio OMR-ED, wrong multi-staff arpeggio % contribution to OMR-NED, wrong fingered tremolo OMR-ED, wrong fingered tremolo % contribution to OMR-NED, wrong chord symbol OMR-ED, wrong chord symbol % contribution to OMR-NED, wrong ending OMR-ED, wrong ending % contribution to OMR-NED, wrong staff info OMR-ED, wrong staff info % contribution to OMR-NED, wrong system break OMR-ED, wrong system break % contribution to OMR-NED, wrong page break OMR-ED, wrong page break % contribution to OMR-NED, wrong other object OMR-ED, wrong other object % contribution to OMR-NED, entire measure insert/delete OMR-ED, entire measure insert/delete % contribution to OMR-NED, entire staff insert/delete OMR-ED, entire staff insert/delete % contribution to OMR-NED, wrong metadata OMR-ED, wrong metadata % contribution to OMR-NED, wrong staff group OMR-ED, wrong staff group % contribution to OMR-NED, wrong staff group name/abbrev OMR-ED, wrong staff group name/abbrev % contribution to OMR-NED, wrong staff group brace OMR-ED, wrong staff group brace % contribution to OMR-NED, wrong staff group barline OMR-ED, wrong staff group barline % contribution to OMR-NED, gt numsyms, pred numsyms, total numsyms (in both scores), OMR-ED (OMR Edit Distance), OMR-NED (OMR-ED / total numsyms)
, generated\gt\sample_000389.krn, generated\xml_scaled\sample_000389.xml, 0, 0., 69, 69.0, 0, 0., 2, 2.0, 0, 0., 0, 0., 1, 1.0, 0, 0., 0, 0., 0, 0., 4, 4.0, 1, 1.0, 0, 0., 0, 0., 6, 6.0, 0, 0., 0, 0., 1, 1.0, 0, 0., 0, 0., 0, 0., 0, 0., 6, 6.0, 0, 0., 0, 0., 0, 0., 0, 0., 6, 6.0, 0, 0., 0, 0., 0, 0., 0, 0., 0, 0., 0, 0., 0, 0., 4, 4.0, 0, 0., 0, 0., 0, 0., 333, 323, 656, 100, 0.1524390243902439
, generated\gt\sample_000580.krn, generated\xml_scaled\sample_000580.xml, 0, 0., 102, 57.6271186440678, 0, 0., 3, 1.694915254237288, 2, 1.1299435028248588, 0, 0., 1, 0.5649717514124294, 0, 0., 0, 0., 0, 0., 14, 7.909604519774011, 0, 0., 0, 0., 0, 0., 4, 2.2598870056497176, 0, 0., 0, 0., 0, 0., 0, 0., 0, 0., 0, 0., 1, 0.5649717514124294, 4, 2.2598870056497176, 0, 0., 0, 0., 0, 0., 0, 0., 0, 0., 0, 0., 0, 0., 0, 0., 0, 0., 41, 23.163841807909606, 0, 0., 0, 0., 0, 0., 5, 2.824858757062147, 0, 0., 0, 0., 292, 256, 548, 177, 0.32299270072992703
, generated\gt\sample_000316.krn, generated\xml_scaled\sample_000316.xml, 0, 0., 70, 51.851851851851855, 0, 0., 4, 2.962962962962963, 5, 3.7037037037037037, 0, 0., 0, 0., 0, 0., 0, 0., 0, 0., 5, 3.7037037037037037, 1, 0.7407407407407407, 0, 0., 0, 0., 9, 6.666666666666667, 0, 0., 0, 0., 0, 0., 0, 0., 9, 6.666666666666667, 0, 0., 0, 0., 4, 2.962962962962963, 0, 0., 0, 0., 0, 0., 0, 0., 0, 0., 0, 0., 0, 0., 0, 0., 0, 0., 15, 11.11111111111111, 0, 0., 0, 0., 13, 9.62962962962963, 0, 0., 0, 0., 0, 0., 211, 180, 391, 135, 0.3452685421994885
, generated\gt\sample_000213.krn, generated\xml_scaled\sample_000213.xml, 0, 0., 0, 0., 0, 0., 0, 0., 0, 0., 0, 0., 0, 0., 0, 0., 0, 0., 0, 0., 2, 1.1299435028248588, 0, 0., 0, 0., 0, 0., 0, 0., 0, 0., 0, 0., 0, 0., 0, 0., 0, 0., 0, 0., 0, 0., 4, 2.2598870056497176, 0, 0., 0, 0., 0, 0., 0, 0., 0, 0., 0, 0., 0, 0., 0, 0., 0, 0., 171, 96.61016949152543, 0, 0., 0, 0., 0, 0., 0, 0., 0, 0., 0, 0., 139, 312, 451, 177, 0.3924611973392461
, generated\gt\sample_000320.krn, generated\xml_scaled\sample_000320.xml, 0, 0., 115, 62.16216216216216, 4, 2.1621621621621623, 0, 0., 8, 4.324324324324325, 0, 0., 6, 3.2432432432432434, 0, 0., 0, 0., 0, 0., 5, 2.7027027027027026, 0, 0., 0, 0., 0, 0., 0, 0., 0, 0., 0, 0., 0, 0., 0, 0., 3, 1.6216216216216217, 0, 0., 0, 0., 10, 5.405405405405405, 0, 0., 0, 0., 0, 0., 0, 0., 0, 0., 0, 0., 0, 0., 0, 0., 0, 0., 29, 15.675675675675675, 0, 0., 0, 0., 0, 0., 5, 2.7027027027027026, 0, 0., 0, 0., 240, 210, 450, 185, 0.4111111111111111
, generated\gt\sample_000109.krn, generated\xml_scaled\sample_000109.xml, 0, 0., 66, 15.676959619952495, 0, 0., 3, 0.7125890736342043, 0, 0., 0, 0., 0, 0., 0, 0., 0, 0., 0, 0., 0, 0., 0, 0., 0, 0., 2, 0.4750593824228028, 4, 0.9501187648456056, 2, 0.4750593824228028, 0, 0., 0, 0., 0, 0., 1, 0.2375296912114014, 0, 0., 0, 0., 3, 0.7125890736342043, 0, 0., 0, 0., 0, 0., 0, 0., 0, 0., 0, 0., 0, 0., 0, 0., 0, 0., 335, 79.57244655581948, 0, 0., 0, 0., 0, 0., 5, 1.187648456057007, 0, 0., 0, 0., 297, 608, 905, 421, 0.46519337016574586
, generated\gt\sample_000310.krn, generated\xml_scaled\sample_000310.xml, 0, 0., 24, 14.634146341463415, 0, 0., 0, 0., 0, 0., 0, 0., 0, 0., 0, 0., 0, 0., 2, 1.2195121951219512, 6, 3.658536585365854, 0, 0., 0, 0., 0, 0., 0, 0., 1, 0.6097560975609756, 0, 0., 0, 0., 0, 0., 0, 0., 0, 0., 0, 0., 10, 6.097560975609756, 0, 0., 0, 0., 0, 0., 0, 0., 0, 0., 0, 0., 0, 0., 0, 0., 0, 0., 121, 73.78048780487805, 0, 0., 0, 0., 0, 0., 0, 0., 0, 0., 0, 0., 103, 228, 331, 164, 0.4954682779456193
, generated\gt\sample_000261.krn, generated\xml_scaled\sample_000261.xml, 0, 0., 0, 0., 0, 0., 0, 0., 0, 0., 0, 0., 1, 0.3048780487804878, 0, 0., 0, 0., 2, 0.6097560975609756, 2, 0.6097560975609756, 0, 0., 0, 0., 0, 0., 0, 0., 0, 0., 0, 0., 0, 0., 0, 0., 0, 0., 0, 0., 0, 0., 6, 1.829268292682927, 0, 0., 0, 0., 0, 0., 0, 0., 0, 0., 0, 0., 0, 0., 0, 0., 0, 0., 317, 96.64634146341463, 0, 0., 0, 0., 0, 0., 0, 0., 0, 0., 0, 0., 146, 472, 618, 328, 0.5307443365695793
, generated\gt\sample_000594.krn, generated\xml_scaled\sample_000594.xml, 0, 0., 346, 90.81364829396325, 0, 0., 10, 2.6246719160104988, 0, 0., 2, 0.5249343832020997, 1, 0.26246719160104987, 0, 0., 0, 0., 0, 0., 2, 0.5249343832020997, 0, 0., 0, 0., 0, 0., 4, 1.0498687664041995, 2, 0.5249343832020997, 0, 0., 4, 1.0498687664041995, 0, 0., 5, 1.3123359580052494, 0, 0., 0, 0., 0, 0., 0, 0., 0, 0., 0, 0., 0, 0., 0, 0., 0, 0., 0, 0., 0, 0., 0, 0., 0, 0., 0, 0., 0, 0., 0, 0., 5, 1.3123359580052494, 0, 0., 0, 0., 364, 339, 703, 381, 0.5419630156472262
, generated\gt\sample_000455.krn, generated\xml_scaled\sample_000455.xml, 0, 0., 137, 47.9020979020979, 4, 1.3986013986013985, 9, 3.1468531468531467, 1, 0.34965034965034963, 0, 0., 0, 0., 0, 0., 0, 0., 0, 0., 1, 0.34965034965034963, 0, 0., 0, 0., 0, 0., 2, 0.6993006993006993, 1, 0.34965034965034963, 0, 0., 6, 2.097902097902098, 0, 0., 0, 0., 0, 0., 0, 0., 16, 5.594405594405594, 0, 0., 0, 0., 0, 0., 0, 0., 0, 0., 0, 0., 0, 0., 0, 0., 0, 0., 109, 38.11188811188811, 0, 0., 0, 0., 0, 0., 0, 0., 0, 0., 0, 0., 217, 298, 515, 286, 0.5553398058252427
, generated\gt\sample_000438.krn, generated\xml_scaled\sample_000438.xml, 0, 0., 83, 50.303030303030305, 0, 0., 2, 1.2121212121212122, 0, 0., 2, 1.2121212121212122, 0, 0., 0, 0., 0, 0., 0, 0., 2, 1.2121212121212122, 0, 0., 0, 0., 0, 0., 0, 0., 0, 0., 0, 0., 0, 0., 0, 0., 0, 0., 0, 0., 0, 0., 15, 9.090909090909092, 0, 0., 0, 0., 0, 0., 0, 0., 0, 0., 0, 0., 0, 0., 0, 0., 0, 0., 61, 36.96969696969697, 0, 0., 0, 0., 0, 0., 0, 0., 0, 0., 0, 0., 147, 137, 284, 165, 0.5809859154929577
, generated\gt\sample_000172.krn, generated\xml_scaled\sample_000172.xml, 0, 0., 62, 13.596491228070175, 2, 0.43859649122807015, 2, 0.43859649122807015, 2, 0.43859649122807015, 0, 0., 3, 0.6578947368421053, 0, 0., 0, 0., 1, 0.21929824561403508, 0, 0., 0, 0., 0, 0., 0, 0., 4, 0.8771929824561403, 1, 0.21929824561403508, 0, 0., 6, 1.3157894736842106, 0, 0., 7, 1.5350877192982457, 1, 0.21929824561403508, 0, 0., 4, 0.8771929824561403, 0, 0., 0, 0., 0, 0., 0, 0., 0, 0., 0, 0., 0, 0., 0, 0., 0, 0., 356, 78.0701754385965, 0, 0., 0, 0., 0, 0., 5, 1.0964912280701755, 0, 0., 0, 0., 208, 558, 766, 456, 0.5953002610966057
, generated\gt\sample_000415.krn, generated\xml_scaled\sample_000415.xml, 0, 0., 24, 3.088803088803089, 0, 0., 0, 0., 7, 0.9009009009009009, 0, 0., 0, 0., 0, 0., 0, 0., 0, 0., 3, 0.3861003861003861, 0, 0., 0, 0., 0, 0., 0, 0., 0, 0., 0, 0., 1, 0.1287001287001287, 0, 0., 2, 0.2574002574002574, 0, 0., 0, 0., 3, 0.3861003861003861, 0, 0., 0, 0., 0, 0., 0, 0., 0, 0., 0, 0., 0, 0., 0, 0., 0, 0., 724, 93.17889317889318, 0, 0., 0, 0., 13, 1.673101673101673, 0, 0., 0, 0., 0, 0., 272, 1003, 1275, 777, 0.6094117647058823
, generated\gt\sample_000339.krn, generated\xml_scaled\sample_000339.xml, 0, 0., 147, 53.84615384615385, 0, 0., 15, 5.4945054945054945, 0, 0., 0, 0., 0, 0., 0, 0., 0, 0., 0, 0., 3, 1.098901098901099, 1, 0.3663003663003663, 0, 0., 0, 0., 0, 0., 0, 0., 0, 0., 0, 0., 0, 0., 3, 1.098901098901099, 0, 0., 0, 0., 10, 3.663003663003663, 0, 0., 0, 0., 0, 0., 0, 0., 0, 0., 0, 0., 0, 0., 0, 0., 0, 0., 89, 32.6007326007326, 0, 0., 0, 0., 0, 0., 5, 1.8315018315018314, 0, 0., 0, 0., 208, 239, 447, 273, 0.610738255033557
, generated\gt\sample_000443.krn, generated\xml_scaled\sample_000443.xml, 0, 0., 0, 0., 0, 0., 0, 0., 0, 0., 0, 0., 0, 0., 0, 0., 0, 0., 0, 0., 2, 0.2336448598130841, 1, 0.11682242990654206, 0, 0., 0, 0., 4, 0.4672897196261682, 2, 0.2336448598130841, 0, 0., 0, 0., 0, 0., 1, 0.11682242990654206, 0, 0., 0, 0., 2, 0.2336448598130841, 0, 0., 0, 0., 0, 0., 0, 0., 0, 0., 0, 0., 0, 0., 0, 0., 0, 0., 839, 98.01401869158879, 0, 0., 0, 0., 0, 0., 5, 0.5841121495327103, 0, 0., 0, 0., 266, 1110, 1376, 856, 0.622093023255814
, generated\gt\sample_000511.krn, generated\xml_scaled\sample_000511.xml, 0, 0., 2, 0.3129890453834116, 0, 0., 1, 0.1564945226917058, 0, 0., 0, 0., 0, 0., 0, 0., 0, 0., 0, 0., 1, 0.1564945226917058, 0, 0., 0, 0., 0, 0., 0, 0., 0, 0., 0, 0., 0, 0., 0, 0., 0, 0., 0, 0., 0, 0., 5, 0.7824726134585289, 0, 0., 0, 0., 0, 0., 0, 0., 0, 0., 0, 0., 0, 0., 0, 0., 0, 0., 630, 98.59154929577464, 0, 0., 0, 0., 0, 0., 0, 0., 0, 0., 0, 0., 188, 825, 1013, 639, 0.6307996051332675
, generated\gt\sample_000475.krn, generated\xml_scaled\sample_000475.xml, 0, 0., 81, 15.340909090909092, 0, 0., 0, 0., 2, 0.3787878787878788, 4, 0.7575757575757576, 1, 0.1893939393939394, 0, 0., 0, 0., 2, 0.3787878787878788, 2, 0.3787878787878788, 1, 0.1893939393939394, 0, 0., 0, 0., 0, 0., 0, 0., 0, 0., 0, 0., 0, 0., 0, 0., 0, 0., 0, 0., 13, 2.462121212121212, 0, 0., 0, 0., 0, 0., 0, 0., 0, 0., 0, 0., 0, 0., 0, 0., 0, 0., 422, 79.92424242424242, 0, 0., 0, 0., 0, 0., 0, 0., 0, 0., 0, 0., 223, 609, 832, 528, 0.6346153846153846
, generated\gt\sample_000062.krn, generated\xml_scaled\sample_000062.xml, 0, 0., 40, 11.976047904191617, 0, 0., 1, 0.2994011976047904, 0, 0., 0, 0., 0, 0., 0, 0., 0, 0., 0, 0., 0, 0., 0, 0., 0, 0., 0, 0., 0, 0., 0, 0., 0, 0., 0, 0., 0, 0., 0, 0., 0, 0., 0, 0., 3, 0.8982035928143712, 0, 0., 0, 0., 0, 0., 0, 0., 0, 0., 0, 0., 0, 0., 0, 0., 0, 0., 290, 86.82634730538922, 0, 0., 0, 0., 0, 0., 0, 0., 0, 0., 0, 0., 125, 394, 519, 334, 0.6435452793834296
, generated\gt\sample_000194.krn, generated\xml_scaled\sample_000194.xml, 0, 0., 14, 5.185185185185185, 0, 0., 0, 0., 0, 0., 0, 0., 0, 0., 0, 0., 0, 0., 0, 0., 2, 0.7407407407407407, 0, 0., 0, 0., 0, 0., 0, 0., 1, 0.37037037037037035, 0, 0., 0, 0., 0, 0., 0, 0., 0, 0., 0, 0., 6, 2.2222222222222223, 0, 0., 0, 0., 0, 0., 0, 0., 0, 0., 0, 0., 0, 0., 0, 0., 0, 0., 247, 91.48148148148148, 0, 0., 0, 0., 0, 0., 0, 0., 0, 0., 0, 0., 84, 334, 418, 270, 0.645933014354067
, generated\gt\sample_000168.krn, generated\xml_scaled\sample_000168.xml, 0, 0., 19, 8.296943231441048, 0, 0., 0, 0., 0, 0., 0, 0., 0, 0., 0, 0., 0, 0., 2, 0.8733624454148472, 1, 0.4366812227074236, 1, 0.4366812227074236, 0, 0., 0, 0., 0, 0., 1, 0.4366812227074236, 0, 0., 0, 0., 0, 0., 0, 0., 0, 0., 0, 0., 6, 2.6200873362445414, 0, 0., 0, 0., 0, 0., 0, 0., 0, 0., 0, 0., 0, 0., 0, 0., 0, 0., 199, 86.8995633187773, 0, 0., 0, 0., 0, 0., 0, 0., 0, 0., 0, 0., 80, 274, 354, 229, 0.6468926553672316
, generated\gt\sample_000248.krn, generated\xml_scaled\sample_000248.xml, 0, 0., 99, 18.0, 0, 0., 7, 1.2727272727272727, 13, 2.3636363636363638, 0, 0., 4, 0.7272727272727273, 0, 0., 0, 0., 1, 0.18181818181818182, 3, 0.5454545454545454, 0, 0., 0, 0., 1, 0.18181818181818182, 0, 0., 0, 0., 0, 0., 0, 0., 0, 0., 2, 0.36363636363636365, 0, 0., 0, 0., 9, 1.6363636363636365, 0, 0., 0, 0., 0, 0., 0, 0., 0, 0., 0, 0., 0, 0., 0, 0., 0, 0., 406, 73.81818181818181, 0, 0., 0, 0., 0, 0., 5, 0.9090909090909091, 0, 0., 0, 0., 228, 621, 849, 550, 0.6478209658421673
, generated\gt\sample_000609.krn, generated\xml_scaled\sample_000609.xml, 0, 0., 41, 10.353535353535353, 0, 0., 6, 1.5151515151515151, 0, 0., 0, 0., 0, 0., 0, 0., 0, 0., 0, 0., 1, 0.25252525252525254, 1, 0.25252525252525254, 0, 0., 0, 0., 0, 0., 0, 0., 0, 0., 0, 0., 0, 0., 2, 0.5050505050505051, 2, 0.5050505050505051, 0, 0., 0, 0., 0, 0., 0, 0., 0, 0., 0, 0., 0, 0., 0, 0., 0, 0., 0, 0., 0, 0., 338, 85.35353535353535, 0, 0., 0, 0., 0, 0., 5, 1.2626262626262625, 0, 0., 0, 0., 138, 472, 610, 396, 0.6491803278688525
, generated\gt\sample_000446.krn, generated\xml_scaled\sample_000446.xml, 0, 0., 32, 4.678362573099415, 0, 0., 0, 0., 0, 0., 0, 0., 0, 0., 0, 0., 0, 0., 0, 0., 2, 0.29239766081871343, 1, 0.14619883040935672, 0, 0., 0, 0., 4, 0.5847953216374269, 2, 0.29239766081871343, 0, 0., 0, 0., 0, 0., 1, 0.14619883040935672, 0, 0., 0, 0., 5, 0.7309941520467836, 0, 0., 0, 0., 0, 0., 0, 0., 0, 0., 0, 0., 0, 0., 0, 0., 0, 0., 632, 92.39766081871345, 0, 0., 0, 0., 0, 0., 5, 0.7309941520467836, 0, 0., 0, 0., 256, 795, 1051, 684, 0.6508087535680305
, generated\gt\sample_000564.krn, generated\xml_scaled\sample_000564.xml, 0, 0., 10, 0.9737098344693281, 0, 0., 1, 0.09737098344693282, 0, 0., 0, 0., 0, 0., 0, 0., 0, 0., 0, 0., 1, 0.09737098344693282, 0, 0., 0, 0., 0, 0., 4, 0.3894839337877313, 0, 0., 0, 0., 0, 0., 0, 0., 0, 0., 0, 0., 0, 0., 2, 0.19474196689386564, 0, 0., 0, 0., 0, 0., 0, 0., 0, 0., 0, 0., 0, 0., 0, 0., 0, 0., 1004, 97.76046738072054, 0, 0., 0, 0., 0, 0., 5, 0.48685491723466406, 0, 0., 0, 0., 292, 1285, 1577, 1027, 0.6512365250475587
, generated\gt\sample_000265.krn, generated\xml_scaled\sample_000265.xml, 0, 0., 136, 34.60559796437659, 0, 0., 0, 0., 0, 0., 0, 0., 0, 0., 0, 0., 0, 0., 1, 0.2544529262086514, 1, 0.2544529262086514, 0, 0., 0, 0., 0, 0., 0, 0., 0, 0., 0, 0., 0, 0., 0, 0., 3, 0.7633587786259542, 0, 0., 0, 0., 3, 0.7633587786259542, 0, 0., 0, 0., 0, 0., 0, 0., 0, 0., 0, 0., 0, 0., 0, 0., 0, 0., 244, 62.086513994910945, 0, 0., 0, 0., 0, 0., 5, 1.272264631043257, 0, 0., 0, 0., 175, 424, 599, 393, 0.656093489148581
, generated\gt\sample_000051.krn, generated\xml_scaled\sample_000051.xml, 0, 0., 73, 8.102108768035515, 2, 0.22197558268590456, 1, 0.11098779134295228, 3, 0.33296337402885684, 0, 0., 1, 0.11098779134295228, 0, 0., 0, 0., 0, 0., 13, 1.4428412874583796, 0, 0., 0, 0., 2, 0.22197558268590456, 4, 0.4439511653718091, 0, 0., 0, 0., 0, 0., 0, 0., 0, 0., 0, 0., 0, 0., 5, 0.5549389567147613, 0, 0., 0, 0., 0, 0., 0, 0., 0, 0., 0, 0., 0, 0., 0, 0., 0, 0., 793, 88.01331853496116, 0, 0., 0, 0., 4, 0.4439511653718091, 0, 0., 0, 0., 0, 0., 302, 1070, 1372, 901, 0.6567055393586005
, generated\gt\sample_000258.krn, generated\xml_scaled\sample_000258.xml, 0, 0., 35, 9.776536312849162, 0, 0., 0, 0., 0, 0., 4, 1.1173184357541899, 0, 0., 0, 0., 0, 0., 5, 1.3966480446927374, 6, 1.675977653631285, 0, 0., 0, 0., 0, 0., 0, 0., 0, 0., 0, 0., 0, 0., 0, 0., 0, 0., 0, 0., 0, 0., 10, 2.793296089385475, 0, 0., 0, 0., 0, 0., 0, 0., 0, 0., 0, 0., 0, 0., 0, 0., 0, 0., 298, 83.24022346368714, 0, 0., 0, 0., 0, 0., 0, 0., 0, 0., 0, 0., 102, 436, 538, 358, 0.6654275092936803
, generated\gt\sample_000002.krn, generated\xml_scaled\sample_000002.xml, 0, 0., 0, 0., 0, 0., 0, 0., 0, 0., 0, 0., 0, 0., 0, 0., 0, 0., 0, 0., 7, 1.0687022900763359, 1, 0.15267175572519084, 0, 0., 0, 0., 0, 0., 0, 0., 0, 0., 2, 0.3053435114503817, 0, 0., 0, 0., 0, 0., 0, 0., 18, 2.7480916030534353, 0, 0., 0, 0., 0, 0., 0, 0., 0, 0., 0, 0., 0, 0., 0, 0., 0, 0., 627, 95.72519083969466, 0, 0., 0, 0., 0, 0., 0, 0., 0, 0., 0, 0., 166, 817, 983, 655, 0.6663275686673449
, generated\gt\sample_000445.krn, generated\xml_scaled\sample_000445.xml, 0, 0., 0, 0., 0, 0., 0, 0., 0, 0., 0, 0., 0, 0., 0, 0., 0, 0., 0, 0., 3, 0.2770083102493075, 0, 0., 0, 0., 0, 0., 4, 0.36934441366574333, 0, 0., 0, 0., 0, 0., 5, 0.4616805170821791, 2, 0.18467220683287167, 0, 0., 0, 0., 0, 0., 0, 0., 0, 0., 0, 0., 0, 0., 0, 0., 0, 0., 0, 0., 0, 0., 0, 0., 1064, 98.24561403508773, 0, 0., 0, 0., 0, 0., 5, 0.4616805170821791, 0, 0., 0, 0., 274, 1349, 1623, 1083, 0.66728280961183
, generated\gt\sample_000231.krn, generated\xml_scaled\sample_000231.xml, 0, 0., 53, 2.679474216380182, 0, 0., 23, 1.1627906976744187, 1, 0.05055611729019211, 0, 0., 3, 0.15166835187057634, 0, 0., 0, 0., 1, 0.05055611729019211, 3, 0.15166835187057634, 0, 0., 0, 0., 0, 0., 4, 0.20222446916076844, 0, 0., 0, 0., 0, 0., 0, 0., 0, 0., 0, 0., 0, 0., 6, 0.3033367037411527, 0, 0., 0, 0., 0, 0., 0, 0., 0, 0., 0, 0., 0, 0., 0, 0., 0, 0., 1879, 94.99494438827098, 0, 0., 0, 0., 0, 0., 5, 0.2527805864509606, 0, 0., 0, 0., 544, 2400, 2944, 1978, 0.671875
, generated\gt\sample_000072.krn, generated\xml_scaled\sample_000072.xml, 0, 0., 6, 0.5825242718446602, 0, 0., 0, 0., 0, 0., 0, 0., 1, 0.0970873786407767, 0, 0., 0, 0., 0, 0., 0, 0., 0, 0., 0, 0., 0, 0., 4, 0.3883495145631068, 0, 0., 0, 0., 0, 0., 0, 0., 0, 0., 0, 0., 0, 0., 0, 0., 0, 0., 0, 0., 0, 0., 0, 0., 0, 0., 0, 0., 0, 0., 0, 0., 0, 0., 1014, 98.44660194174757, 0, 0., 0, 0., 0, 0., 5, 0.4854368932038835, 0, 0., 0, 0., 251, 1261, 1512, 1030, 0.6812169312169312
, generated\gt\sample_000631.krn, generated\xml_scaled\sample_000631.xml, 0, 0., 232, 47.05882352941177, 0, 0., 5, 1.0141987829614605, 2, 0.4056795131845842, 2, 0.4056795131845842, 2, 0.4056795131845842, 0, 0., 0, 0., 1, 0.2028397565922921, 6, 1.2170385395537526, 0, 0., 0, 0., 2, 0.4056795131845842, 0, 0., 0, 0., 0, 0., 9, 1.8255578093306288, 0, 0., 8, 1.6227180527383367, 0, 0., 0, 0., 8, 1.6227180527383367, 0, 0., 0, 0., 0, 0., 0, 0., 0, 0., 0, 0., 0, 0., 0, 0., 0, 0., 212, 43.00202839756592, 0, 0., 0, 0., 4, 0.8113590263691683, 0, 0., 0, 0., 0, 0., 283, 440, 723, 493, 0.681881051175657
, generated\gt\sample_000365.krn, generated\xml_scaled\sample_000365.xml, 0, 0., 122, 18.76923076923077, 0, 0., 0, 0., 0, 0., 0, 0., 0, 0., 0, 0., 0, 0., 3, 0.46153846153846156, 0, 0., 0, 0., 0, 0., 0, 0., 0, 0., 0, 0., 0, 0., 0, 0., 0, 0., 0, 0., 0, 0., 0, 0., 1, 0.15384615384615385, 0, 0., 0, 0., 0, 0., 0, 0., 0, 0., 0, 0., 0, 0., 0, 0., 0, 0., 524, 80.61538461538461, 0, 0., 0, 0., 0, 0., 0, 0., 0, 0., 0, 0., 219, 731, 950, 650, 0.6842105263157895
, generated\gt\sample_000604.krn, generated\xml_scaled\sample_000604.xml, 0, 0., 66, 8.009708737864077, 0, 0., 0, 0., 0, 0., 0, 0., 1, 0.12135922330097088, 0, 0., 0, 0., 0, 0., 1, 0.12135922330097088, 0, 0., 0, 0., 4, 0.4854368932038835, 4, 0.4854368932038835, 4, 0.4854368932038835, 0, 0., 0, 0., 0, 0., 5, 0.6067961165048543, 0, 0., 0, 0., 2, 0.24271844660194175, 0, 0., 0, 0., 0, 0., 0, 0., 0, 0., 0, 0., 0, 0., 0, 0., 0, 0., 732, 88.83495145631068, 0, 0., 0, 0., 0, 0., 5, 0.6067961165048543, 0, 0., 0, 0., 233, 967, 1200, 824, 0.6866666666666666
, generated\gt\sample_000006.krn, generated\xml_scaled\sample_000006.xml, 0, 0., 0, 0., 0, 0., 0, 0., 0, 0., 0, 0., 0, 0., 0, 0., 0, 0., 2, 0.14275517487508924, 0, 0., 1, 0.07137758743754462, 0, 0., 0, 0., 4, 0.28551034975017847, 0, 0., 0, 0., 0, 0., 0, 0., 1, 0.07137758743754462, 0, 0., 0, 0., 3, 0.21413276231263384, 0, 0., 0, 0., 0, 0., 0, 0., 0, 0., 0, 0., 0, 0., 0, 0., 0, 0., 1385, 98.85795860099928, 0, 0., 0, 0., 0, 0., 5, 0.35688793718772305, 0, 0., 0, 0., 325, 1713, 2038, 1401, 0.6874386653581943
, generated\gt\sample_000284.krn, generated\xml_scaled\sample_000284.xml, 0, 0., 4, 0.44692737430167595, 0, 0., 0, 0., 0, 0., 0, 0., 0, 0., 0, 0., 0, 0., 0, 0., 3, 0.33519553072625696, 1, 0.11173184357541899, 0, 0., 0, 0., 2, 0.22346368715083798, 0, 0., 0, 0., 0, 0., 0, 0., 1, 0.11173184357541899, 0, 0., 0, 0., 4, 0.44692737430167595, 0, 0., 0, 0., 0, 0., 0, 0., 0, 0., 0, 0., 0, 0., 0, 0., 0, 0., 875, 97.76536312849161, 0, 0., 0, 0., 0, 0., 5, 0.5586592178770949, 0, 0., 0, 0., 212, 1087, 1299, 895, 0.6889915319476521
, generated\gt\sample_000311.krn, generated\xml_scaled\sample_000311.xml, 0, 0., 119, 28.4688995215311, 0, 0., 2, 0.4784688995215311, 0, 0., 2, 0.4784688995215311, 0, 0., 0, 0., 0, 0., 2, 0.4784688995215311, 2, 0.4784688995215311, 0, 0., 0, 0., 1, 0.23923444976076555, 0, 0., 1, 0.23923444976076555, 0, 0., 0, 0., 0, 0., 0, 0., 0, 0., 0, 0., 12, 2.8708133971291865, 0, 0., 0, 0., 0, 0., 0, 0., 0, 0., 0, 0., 0, 0., 0, 0., 0, 0., 277, 66.26794258373205, 0, 0., 0, 0., 0, 0., 0, 0., 0, 0., 0, 0., 163, 443, 606, 418, 0.6897689768976898
, generated\gt\sample_000090.krn, generated\xml_scaled\sample_000090.xml, 0, 0., 45, 3.218884120171674, 0, 0., 29, 2.0743919885550786, 1, 0.0715307582260372, 0, 0., 0, 0., 0, 0., 0, 0., 0, 0., 10, 0.7153075822603719, 0, 0., 0, 0., 1, 0.0715307582260372, 4, 0.2861230329041488, 0, 0., 0, 0., 0, 0., 0, 0., 0, 0., 0, 0., 0, 0., 0, 0., 0, 0., 0, 0., 0, 0., 0, 0., 0, 0., 0, 0., 0, 0., 0, 0., 0, 0., 1303, 93.20457796852646, 0, 0., 0, 0., 0, 0., 5, 0.35765379113018597, 0, 0., 0, 0., 356, 1669, 2025, 1398, 0.6903703703703704
, generated\gt\sample_000043.krn, generated\xml_scaled\sample_000043.xml, 0, 0., 34, 7.852193995381063, 0, 0., 6, 1.3856812933025404, 0, 0., 0, 0., 0, 0., 0, 0., 0, 0., 0, 0., 0, 0., 0, 0., 0, 0., 2, 0.4618937644341801, 4, 0.9237875288683602, 4, 0.9237875288683602, 0, 0., 0, 0., 0, 0., 1, 0.23094688221709006, 0, 0., 0, 0., 0, 0., 0, 0., 0, 0., 0, 0., 0, 0., 0, 0., 0, 0., 0, 0., 0, 0., 0, 0., 377, 87.06697459584295, 0, 0., 0, 0., 0, 0., 5, 1.1547344110854503, 0, 0., 0, 0., 129, 490, 619, 433, 0.6995153473344103
, generated\gt\sample_000379.krn, generated\xml_scaled\sample_000379.xml, 0, 0., 8, 0.9080590238365494, 0, 0., 0, 0., 0, 0., 0, 0., 0, 0., 0, 0., 0, 0., 7, 0.7945516458569807, 4, 0.4540295119182747, 0, 0., 0, 0., 0, 0., 4, 0.4540295119182747, 0, 0., 0, 0., 0, 0., 0, 0., 2, 0.22701475595913734, 1, 0.11350737797956867, 1, 0.11350737797956867, 12, 1.362088535754824, 0, 0., 0, 0., 0, 0., 0, 0., 0, 0., 0, 0., 0, 0., 0, 0., 0, 0., 837, 95.00567536889898, 0, 0., 0, 0., 0, 0., 5, 0.5675368898978433, 0, 0., 0, 0., 209, 1048, 1257, 881, 0.7008750994431185
, generated\gt\sample_000449.krn, generated\xml_scaled\sample_000449.xml, 0, 0., 14, 6.481481481481482, 0, 0., 0, 0., 0, 0., 0, 0., 0, 0., 0, 0., 0, 0., 4, 1.8518518518518519, 0, 0., 0, 0., 0, 0., 0, 0., 0, 0., 0, 0., 0, 0., 0, 0., 0, 0., 0, 0., 0, 0., 0, 0., 3, 1.3888888888888888, 0, 0., 0, 0., 0, 0., 0, 0., 0, 0., 0, 0., 0, 0., 0, 0., 0, 0., 195, 90.27777777777777, 0, 0., 0, 0., 0, 0., 0, 0., 0, 0., 0, 0., 51, 257, 308, 216, 0.7012987012987013
, generated\gt\sample_000146.krn, generated\xml_scaled\sample_000146.xml, 0, 0., 150, 36.58536585365854, 0, 0., 18, 4.390243902439025, 23, 5.609756097560975, 0, 0., 0, 0., 0, 0., 0, 0., 0, 0., 4, 0.975609756097561, 0, 0., 0, 0., 0, 0., 4, 0.975609756097561, 0, 0., 0, 0., 0, 0., 3, 0.7317073170731707, 0, 0., 0, 0., 0, 0., 0, 0., 0, 0., 0, 0., 0, 0., 0, 0., 0, 0., 0, 0., 0, 0., 0, 0., 0, 0., 203, 49.51219512195122, 0, 0., 0, 0., 0, 0., 5, 1.2195121951219512, 0, 0., 0, 0., 273, 311, 584, 410, 0.702054794520548
, generated\gt\sample_000005.krn, generated\xml_scaled\sample_000005.xml, 0, 0., 0, 0., 0, 0., 8, 0.5076142131979695, 2, 0.12690355329949238, 0, 0., 0, 0., 0, 0., 0, 0., 0, 0., 0, 0., 0, 0., 0, 0., 0, 0., 4, 0.25380710659898476, 0, 0., 0, 0., 0, 0., 0, 0., 0, 0., 0, 0., 0, 0., 3, 0.19035532994923857, 0, 0., 0, 0., 0, 0., 0, 0., 0, 0., 0, 0., 0, 0., 0, 0., 0, 0., 1554, 98.60406091370558, 0, 0., 0, 0., 0, 0., 5, 0.31725888324873097, 0, 0., 0, 0., 347, 1893, 2240, 1576, 0.7035714285714286
, generated\gt\sample_000386.krn, generated\xml_scaled\sample_000386.xml, 0, 0., 263, 85.3896103896104, 0, 0., 21, 6.818181818181818, 2, 0.6493506493506493, 0, 0., 5, 1.6233766233766234, 0, 0., 0, 0., 0, 0., 1, 0.3246753246753247, 0, 0., 0, 0., 0, 0., 0, 0., 0, 0., 0, 0., 0, 0., 0, 0., 0, 0., 0, 0., 0, 0., 12, 3.896103896103896, 0, 0., 0, 0., 0, 0., 0, 0., 0, 0., 0, 0., 0, 0., 0, 0., 0, 0., 0, 0., 0, 0., 0, 0., 4, 1.2987012987012987, 0, 0., 0, 0., 0, 0., 275, 159, 434, 308, 0.7096774193548387
, generated\gt\sample_000276.krn, generated\xml_scaled\sample_000276.xml, 0, 0., 447, 87.81925343811395, 0, 0., 12, 2.357563850687623, 0, 0., 0, 0., 0, 0., 0, 0., 0, 0., 0, 0., 0, 0., 0, 0., 0, 0., 0, 0., 4, 0.7858546168958742, 0, 0., 0, 0., 0, 0., 0, 0., 7, 1.37524557956778, 0, 0., 1, 0.19646365422396855, 33, 6.4833005893909625, 0, 0., 0, 0., 0, 0., 0, 0., 0, 0., 0, 0., 0, 0., 0, 0., 0, 0., 0, 0., 0, 0., 0, 0., 0, 0., 5, 0.9823182711198428, 0, 0., 0, 0., 358, 359, 717, 509, 0.7099023709902371
, generated\gt\sample_000133.krn, generated\xml_scaled\sample_000133.xml, 0, 0., 0, 0., 0, 0., 0, 0., 0, 0., 0, 0., 0, 0., 0, 0., 0, 0., 0, 0., 5, 0.6527415143603134, 0, 0., 0, 0., 1, 0.13054830287206268, 0, 0., 1, 0.13054830287206268, 0, 0., 0, 0., 0, 0., 0, 0., 0, 0., 0, 0., 4, 0.5221932114882507, 0, 0., 0, 0., 0, 0., 0, 0., 0, 0., 0, 0., 0, 0., 0, 0., 0, 0., 755, 98.56396866840731, 0, 0., 0, 0., 0, 0., 0, 0., 0, 0., 0, 0., 156, 922, 1078, 766, 0.7105751391465677
, generated\gt\sample_000378.krn, generated\xml_scaled\sample_000378.xml, 0, 0., 6, 0.7490636704119851, 0, 0., 0, 0., 0, 0., 0, 0., 0, 0., 0, 0., 0, 0., 0, 0., 2, 0.24968789013732834, 0, 0., 0, 0., 0, 0., 0, 0., 2, 0.24968789013732834, 0, 0., 0, 0., 0, 0., 1, 0.12484394506866417, 0, 0., 0, 0., 1, 0.12484394506866417, 0, 0., 0, 0., 0, 0., 0, 0., 0, 0., 0, 0., 0, 0., 0, 0., 0, 0., 784, 97.8776529338327, 0, 0., 0, 0., 0, 0., 5, 0.6242197253433208, 0, 0., 0, 0., 167, 954, 1121, 801, 0.7145405887600357
, generated\gt\sample_000561.krn, generated\xml_scaled\sample_000561.xml, 0, 0., 0, 0., 0, 0., 2, 0.2418379685610641, 0, 0., 0, 0., 0, 0., 0, 0., 0, 0., 0, 0., 2, 0.2418379685610641, 0, 0., 0, 0., 0, 0., 0, 0., 0, 0., 0, 0., 0, 0., 0, 0., 1, 0.12091898428053205, 1, 0.12091898428053205, 1, 0.12091898428053205, 3, 0.36275695284159615, 0, 0., 0, 0., 0, 0., 0, 0., 0, 0., 0, 0., 0, 0., 0, 0., 0, 0., 812, 98.18621523579202, 0, 0., 0, 0., 0, 0., 5, 0.6045949214026602, 0, 0., 0, 0., 164, 990, 1154, 827, 0.7166377816291161
, generated\gt\sample_000179.krn, generated\xml_scaled\sample_000179.xml, 0, 0., 109, 20.0, 2, 0.3669724770642202, 5, 0.9174311926605505, 5, 0.9174311926605505, 0, 0., 0, 0., 0, 0., 0, 0., 0, 0., 3, 0.5504587155963303, 0, 0., 0, 0., 0, 0., 9, 1.651376146788991, 0, 0., 0, 0., 0, 0., 0, 0., 13, 2.385321100917431, 0, 0., 0, 0., 9, 1.651376146788991, 0, 0., 0, 0., 0, 0., 0, 0., 0, 0., 0, 0., 0, 0., 0, 0., 0, 0., 377, 69.1743119266055, 0, 0., 0, 0., 13, 2.385321100917431, 0, 0., 0, 0., 0, 0., 196, 564, 760, 545, 0.7171052631578947
, generated\gt\sample_000007.krn, generated\xml_scaled\sample_000007.xml, 0, 0., 22, 0.9611183923110529, 0, 0., 0, 0., 5, 0.218435998252512, 0, 0., 1, 0.043687199650502405, 0, 0., 0, 0., 0, 0., 5, 0.218435998252512, 0, 0., 0, 0., 0, 0., 4, 0.17474879860200962, 0, 0., 0, 0., 0, 0., 0, 0., 1, 0.043687199650502405, 0, 0., 0, 0., 3, 0.1310615989515072, 0, 0., 0, 0., 0, 0., 0, 0., 0, 0., 0, 0., 0, 0., 0, 0., 0, 0., 2243, 97.99038881607689, 0, 0., 0, 0., 0, 0., 5, 0.218435998252512, 0, 0., 0, 0., 464, 2708, 3172, 2289, 0.7216267339218159
, generated\gt\sample_000138.krn, generated\xml_scaled\sample_000138.xml, 0, 0., 121, 17.335243553008596, 10, 1.4326647564469914, 5, 0.7163323782234957, 0, 0., 0, 0., 1, 0.14326647564469913, 0, 0., 0, 0., 0, 0., 31, 4.441260744985673, 0, 0., 0, 0., 2, 0.28653295128939826, 0, 0., 0, 0., 0, 0., 0, 0., 0, 0., 6, 0.8595988538681948, 0, 0., 0, 0., 4, 0.5730659025787965, 0, 0., 0, 0., 0, 0., 0, 0., 0, 0., 0, 0., 0, 0., 0, 0., 0, 0., 514, 73.63896848137536, 0, 0., 0, 0., 4, 0.5730659025787965, 0, 0., 0, 0., 0, 0., 227, 739, 966, 698, 0.722567287784679
, generated\gt\sample_000488.krn, generated\xml_scaled\sample_000488.xml, 0, 0., 15, 2.032520325203252, 0, 0., 0, 0., 0, 0., 0, 0., 0, 0., 0, 0., 0, 0., 0, 0., 5, 0.6775067750677507, 0, 0., 0, 0., 1, 0.13550135501355012, 4, 0.5420054200542005, 2, 0.27100271002710025, 0, 0., 2, 0.27100271002710025, 6, 0.8130081300813008, 0, 0., 0, 0., 0, 0., 1, 0.13550135501355012, 0, 0., 0, 0., 0, 0., 0, 0., 0, 0., 0, 0., 0, 0., 0, 0., 0, 0., 697, 94.44444444444444, 0, 0., 0, 0., 0, 0., 5, 0.6775067750677507, 0, 0., 0, 0., 166, 855, 1021, 738, 0.722820763956905
, generated\gt\sample_000041.krn, generated\xml_scaled\sample_000041.xml, 0, 0., 73, 11.30030959752322, 0, 0., 3, 0.46439628482972134, 3, 0.46439628482972134, 0, 0., 11, 1.7027863777089782, 0, 0., 0, 0., 0, 0., 0, 0., 0, 0., 0, 0., 0, 0., 4, 0.6191950464396285, 7, 1.08359133126935, 0, 0., 0, 0., 4, 0.6191950464396285, 0, 0., 0, 0., 0, 0., 0, 0., 0, 0., 0, 0., 0, 0., 0, 0., 0, 0., 0, 0., 0, 0., 0, 0., 0, 0., 536, 82.97213622291022, 0, 0., 0, 0., 0, 0., 5, 0.7739938080495357, 0, 0., 0, 0., 182, 711, 893, 646, 0.723404255319149
, generated\gt\sample_000551.krn, generated\xml_scaled\sample_000551.xml, 0, 0., 0, 0., 0, 0., 0, 0., 0, 0., 0, 0., 0, 0., 0, 0., 0, 0., 0, 0., 1, 0.31746031746031744, 0, 0., 0, 0., 0, 0., 0, 0., 0, 0., 0, 0., 0, 0., 0, 0., 0, 0., 0, 0., 0, 0., 9, 2.857142857142857, 0, 0., 0, 0., 0, 0., 0, 0., 0, 0., 0, 0., 0, 0., 0, 0., 0, 0., 305, 96.82539682539682, 0, 0., 0, 0., 0, 0., 0, 0., 0, 0., 0, 0., 60, 375, 435, 315, 0.7241379310344828
, generated\gt\sample_000329.krn, generated\xml_scaled\sample_000329.xml, 0, 0., 161, 14.596554850407978, 0, 0., 0, 0., 0, 0., 0, 0., 2, 0.1813236627379873, 0, 0., 0, 0., 0, 0., 4, 0.3626473254759746, 0, 0., 0, 0., 0, 0., 0, 0., 0, 0., 0, 0., 0, 0., 0, 0., 0, 0., 0, 0., 0, 0., 11, 0.9972801450589301, 0, 0., 0, 0., 0, 0., 0, 0., 0, 0., 0, 0., 0, 0., 0, 0., 0, 0., 925, 83.86219401631912, 0, 0., 0, 0., 0, 0., 0, 0., 0, 0., 0, 0., 289, 1234, 1523, 1103, 0.7242284963887065
, generated\gt\sample_000158.krn, generated\xml_scaled\sample_000158.xml, 0, 0., 55, 19.09722222222222, 2, 0.6944444444444444, 5, 1.7361111111111112, 2, 0.6944444444444444, 0, 0., 0, 0., 0, 0., 0, 0., 0, 0., 3, 1.0416666666666667, 0, 0., 0, 0., 0, 0., 0, 0., 2, 0.6944444444444444, 0, 0., 0, 0., 0, 0., 0, 0., 0, 0., 0, 0., 6, 2.0833333333333335, 0, 0., 0, 0., 0, 0., 0, 0., 0, 0., 0, 0., 0, 0., 0, 0., 0, 0., 208, 72.22222222222223, 0, 0., 0, 0., 0, 0., 5, 1.7361111111111112, 0, 0., 0, 0., 108, 289, 397, 288, 0.72544080604534
, generated\gt\sample_000518.krn, generated\xml_scaled\sample_000518.xml, 0, 0., 0, 0., 0, 0., 29, 3.9348710990502034, 0, 0., 0, 0., 0, 0., 0, 0., 0, 0., 0, 0., 0, 0., 0, 0., 0, 0., 0, 0., 0, 0., 0, 0., 0, 0., 0, 0., 0, 0., 0, 0., 0, 0., 0, 0., 4, 0.5427408412483039, 0, 0., 0, 0., 0, 0., 0, 0., 0, 0., 0, 0., 0, 0., 0, 0., 0, 0., 704, 95.5223880597015, 0, 0., 0, 0., 0, 0., 0, 0., 0, 0., 0, 0., 153, 861, 1014, 737, 0.7268244575936884
, generated\gt\sample_000074.krn, generated\xml_scaled\sample_000074.xml, 0, 0., 0, 0., 0, 0., 0, 0., 0, 0., 0, 0., 0, 0., 0, 0., 0, 0., 0, 0., 0, 0., 0, 0., 0, 0., 0, 0., 4, 0.3194888178913738, 0, 0., 0, 0., 0, 0., 0, 0., 1, 0.07987220447284345, 0, 0., 0, 0., 1, 0.07987220447284345, 0, 0., 0, 0., 0, 0., 0, 0., 0, 0., 0, 0., 0, 0., 0, 0., 0, 0., 1241, 99.12140575079871, 0, 0., 0, 0., 0, 0., 5, 0.3993610223642173, 0, 0., 0, 0., 239, 1483, 1722, 1252, 0.727061556329849
, generated\gt\sample_000134.krn, generated\xml_scaled\sample_000134.xml, 0, 0., 163, 46.57142857142857, 0, 0., 18, 5.142857142857143, 2, 0.5714285714285714, 0, 0., 0, 0., 0, 0., 0, 0., 1, 0.2857142857142857, 1, 0.2857142857142857, 0, 0., 0, 0., 0, 0., 0, 0., 0, 0., 0, 0., 0, 0., 0, 0., 1, 0.2857142857142857, 0, 0., 0, 0., 6, 1.7142857142857142, 0, 0., 0, 0., 0, 0., 0, 0., 0, 0., 0, 0., 0, 0., 0, 0., 0, 0., 153, 43.714285714285715, 0, 0., 0, 0., 0, 0., 5, 1.4285714285714286, 0, 0., 0, 0., 217, 264, 481, 350, 0.7276507276507277
, generated\gt\sample_000060.krn, generated\xml_scaled\sample_000060.xml, 0, 0., 57, 7.441253263707572, 0, 0., 6, 0.783289817232376, 13, 1.6971279373368147, 0, 0., 0, 0., 0, 0., 0, 0., 6, 0.783289817232376, 1, 0.13054830287206268, 0, 0., 0, 0., 1, 0.13054830287206268, 4, 0.5221932114882507, 5, 0.6527415143603134, 0, 0., 5, 0.6527415143603134, 0, 0., 1, 0.13054830287206268, 0, 0., 0, 0., 0, 0., 0, 0., 0, 0., 0, 0., 0, 0., 0, 0., 0, 0., 0, 0., 0, 0., 0, 0., 662, 86.42297650130548, 0, 0., 0, 0., 0, 0., 5, 0.6527415143603134, 0, 0., 0, 0., 205, 845, 1050, 766, 0.7295238095238096
, generated\gt\sample_000603.krn, generated\xml_scaled\sample_000603.xml, 0, 0., 158, 49.375, 0, 0., 11, 3.4375, 0, 0., 0, 0., 1, 0.3125, 0, 0., 0, 0., 0, 0., 2, 0.625, 0, 0., 0, 0., 0, 0., 0, 0., 0, 0., 0, 0., 0, 0., 0, 0., 2, 0.625, 0, 0., 0, 0., 10, 3.125, 0, 0., 0, 0., 0, 0., 0, 0., 0, 0., 0, 0., 0, 0., 0, 0., 0, 0., 131, 40.9375, 0, 0., 0, 0., 0, 0., 5, 1.5625, 0, 0., 0, 0., 221, 217, 438, 320, 0.730593607305936
, generated\gt\sample_000301.krn, generated\xml_scaled\sample_000301.xml, 0, 0., 224, 53.08056872037915, 0, 0., 9, 2.132701421800948, 1, 0.23696682464454977, 0, 0., 0, 0., 0, 0., 0, 0., 0, 0., 3, 0.7109004739336493, 0, 0., 0, 0., 3, 0.7109004739336493, 0, 0., 0, 0., 0, 0., 0, 0., 0, 0., 3, 0.7109004739336493, 0, 0., 0, 0., 13, 3.080568720379147, 0, 0., 0, 0., 0, 0., 0, 0., 0, 0., 0, 0., 0, 0., 0, 0., 0, 0., 161, 38.15165876777251, 0, 0., 0, 0., 0, 0., 5, 1.1848341232227488, 0, 0., 0, 0., 256, 321, 577, 422, 0.7313691507798961
, generated\gt\sample_000401.krn, generated\xml_scaled\sample_000401.xml, 0, 0., 114, 10.344827586206897, 0, 0., 13, 1.1796733212341197, 7, 0.6352087114337568, 0, 0., 0, 0., 0, 0., 0, 0., 1, 0.09074410163339383, 1, 0.09074410163339383, 0, 0., 0, 0., 0, 0., 4, 0.3629764065335753, 0, 0., 0, 0., 6, 0.5444646098003629, 0, 0., 2, 0.18148820326678766, 0, 0., 0, 0., 0, 0., 0, 0., 0, 0., 0, 0., 0, 0., 0, 0., 0, 0., 0, 0., 0, 0., 0, 0., 949, 86.11615245009074, 0, 0., 0, 0., 0, 0., 5, 0.4537205081669691, 0, 0., 0, 0., 294, 1206, 1500, 1102, 0.7346666666666667
, generated\gt\sample_000635.krn, generated\xml_scaled\sample_000635.xml, 0, 0., 51, 19.46564885496183, 0, 0., 2, 0.7633587786259542, 0, 0., 0, 0., 0, 0., 0, 0., 0, 0., 0, 0., 1, 0.3816793893129771, 0, 0., 0, 0., 0, 0., 0, 0., 0, 0., 0, 0., 0, 0., 0, 0., 1, 0.3816793893129771, 0, 0., 0, 0., 8, 3.053435114503817, 0, 0., 0, 0., 0, 0., 0, 0., 0, 0., 0, 0., 0, 0., 0, 0., 0, 0., 199, 75.95419847328245, 0, 0., 0, 0., 0, 0., 0, 0., 0, 0., 0, 0., 63, 293, 356, 262, 0.7359550561797753
, generated\gt\sample_000558.krn, generated\xml_scaled\sample_000558.xml, 0, 0., 68, 9.784172661870503, 6, 0.8633093525179856, 4, 0.5755395683453237, 17, 2.446043165467626, 0, 0., 1, 0.14388489208633093, 0, 0., 0, 0., 0, 0., 12, 1.7266187050359711, 0, 0., 0, 0., 0, 0., 4, 0.5755395683453237, 0, 0., 0, 0., 0, 0., 0, 0., 4, 0.5755395683453237, 0, 0., 0, 0., 4, 0.5755395683453237, 0, 0., 0, 0., 0, 0., 0, 0., 0, 0., 0, 0., 0, 0., 0, 0., 0, 0., 570, 82.01438848920863, 0, 0., 0, 0., 0, 0., 5, 0.7194244604316546, 0, 0., 0, 0., 203, 741, 944, 695, 0.736228813559322
, generated\gt\sample_000308.krn, generated\xml_scaled\sample_000308.xml, 0, 0., 30, 6.7114093959731544, 0, 0., 1, 0.22371364653243847, 1, 0.22371364653243847, 2, 0.44742729306487694, 1, 0.22371364653243847, 0, 0., 0, 0., 2, 0.44742729306487694, 9, 2.0134228187919465, 0, 0., 0, 0., 0, 0., 0, 0., 0, 0., 0, 0., 0, 0., 0, 0., 0, 0., 0, 0., 0, 0., 12, 2.684563758389262, 0, 0., 0, 0., 0, 0., 0, 0., 0, 0., 0, 0., 0, 0., 0, 0., 0, 0., 389, 87.02460850111856, 0, 0., 0, 0., 0, 0., 0, 0., 0, 0., 0, 0., 96, 511, 607, 447, 0.7364085667215815
, generated\gt\sample_000599.krn, generated\xml_scaled\sample_000599.xml, 0, 0., 113, 17.33128834355828, 0, 0., 8, 1.2269938650306749, 0, 0., 0, 0., 2, 0.3067484662576687, 0, 0., 0, 0., 1, 0.15337423312883436, 4, 0.6134969325153374, 0, 0., 0, 0., 0, 0., 0, 0., 0, 0., 0, 0., 2, 0.3067484662576687, 0, 0., 3, 0.4601226993865031, 1, 0.15337423312883436, 0, 0., 9, 1.3803680981595092, 0, 0., 0, 0., 0, 0., 0, 0., 0, 0., 0, 0., 0, 0., 0, 0., 0, 0., 504, 77.30061349693251, 0, 0., 0, 0., 0, 0., 5, 0.7668711656441718, 0, 0., 0, 0., 209, 676, 885, 652, 0.7367231638418079
, generated\gt\sample_000073.krn, generated\xml_scaled\sample_000073.xml, 0, 0., 0, 0., 0, 0., 0, 0., 0, 0., 0, 0., 0, 0., 0, 0., 0, 0., 0, 0., 2, 0.13183915622940012, 0, 0., 0, 0., 0, 0., 4, 0.26367831245880025, 0, 0., 0, 0., 0, 0., 0, 0., 2, 0.13183915622940012, 0, 0., 0, 0., 1, 0.06591957811470006, 0, 0., 0, 0., 0, 0., 0, 0., 0, 0., 0, 0., 0, 0., 0, 0., 0, 0., 1503, 99.0771259063942, 0, 0., 0, 0., 0, 0., 5, 0.3295978905735003, 0, 0., 0, 0., 275, 1784, 2059, 1517, 0.736765420106848
, generated\gt\sample_000107.krn, generated\xml_scaled\sample_000107.xml, 0, 0., 59, 6.6893424036281175, 0, 0., 7, 0.7936507936507936, 0, 0., 0, 0., 0, 0., 0, 0., 0, 0., 0, 0., 1, 0.11337868480725624, 0, 0., 0, 0., 2, 0.22675736961451248, 4, 0.45351473922902497, 0, 0., 0, 0., 0, 0., 0, 0., 0, 0., 0, 0., 0, 0., 5, 0.5668934240362812, 0, 0., 0, 0., 0, 0., 0, 0., 0, 0., 0, 0., 0, 0., 0, 0., 0, 0., 799, 90.58956916099773, 0, 0., 0, 0., 0, 0., 5, 0.5668934240362812, 0, 0., 0, 0., 197, 997, 1194, 882, 0.7386934673366834
, generated\gt\sample_000206.krn, generated\xml_scaled\sample_000206.xml, 0, 0., 0, 0., 0, 0., 0, 0., 0, 0., 0, 0., 1, 0.08598452278589853, 0, 0., 0, 0., 0, 0., 3, 0.2579535683576956, 0, 0., 0, 0., 0, 0., 0, 0., 1, 0.08598452278589853, 0, 0., 0, 0., 0, 0., 0, 0., 0, 0., 0, 0., 7, 0.6018916595012898, 0, 0., 0, 0., 0, 0., 0, 0., 0, 0., 0, 0., 0, 0., 0, 0., 0, 0., 1151, 98.96818572656922, 0, 0., 0, 0., 0, 0., 0, 0., 0, 0., 0, 0., 204, 1364, 1568, 1163, 0.7417091836734694
, generated\gt\sample_000672.krn, generated\xml_scaled\sample_000672.xml, 0, 0., 51, 4.12287793047696, 0, 0., 0, 0., 0, 0., 0, 0., 0, 0., 0, 0., 0, 0., 0, 0., 4, 0.32336297493936944, 1, 0.08084074373484236, 0, 0., 0, 0., 4, 0.32336297493936944, 2, 0.16168148746968472, 0, 0., 0, 0., 0, 0., 4, 0.32336297493936944, 0, 0., 0, 0., 1, 0.08084074373484236, 0, 0., 0, 0., 0, 0., 0, 0., 0, 0., 0, 0., 0, 0., 0, 0., 0, 0., 1165, 94.17946645109134, 0, 0., 0, 0., 0, 0., 5, 0.4042037186742118, 0, 0., 0, 0., 257, 1407, 1664, 1237, 0.7433894230769231
, generated\gt\sample_000288.krn, generated\xml_scaled\sample_000288.xml, 0, 0., 10, 2.4271844660194173, 0, 0., 0, 0., 0, 0., 0, 0., 0, 0., 0, 0., 0, 0., 1, 0.24271844660194175, 3, 0.7281553398058253, 0, 0., 0, 0., 0, 0., 0, 0., 0, 0., 0, 0., 0, 0., 0, 0., 0, 0., 0, 0., 0, 0., 5, 1.2135922330097086, 0, 0., 0, 0., 0, 0., 0, 0., 0, 0., 0, 0., 0, 0., 0, 0., 0, 0., 393, 95.3883495145631, 0, 0., 0, 0., 0, 0., 0, 0., 0, 0., 0, 0., 80, 474, 554, 412, 0.7436823104693141
, generated\gt\sample_000655.krn, generated\xml_scaled\sample_000655.xml, 0, 0., 180, 41.666666666666664, 0, 0., 10, 2.314814814814815, 5, 1.1574074074074074, 0, 0., 1, 0.23148148148148148, 0, 0., 0, 0., 0, 0., 3, 0.6944444444444444, 0, 0., 0, 0., 1, 0.23148148148148148, 0, 0., 0, 0., 0, 0., 0, 0., 0, 0., 2, 0.46296296296296297, 1, 0.23148148148148148, 0, 0., 9, 2.0833333333333335, 0, 0., 0, 0., 0, 0., 0, 0., 0, 0., 0, 0., 0, 0., 0, 0., 0, 0., 215, 49.76851851851852, 0, 0., 0, 0., 0, 0., 5, 1.1574074074074074, 0, 0., 0, 0., 240, 340, 580, 432, 0.7448275862068966
, generated\gt\sample_000171.krn, generated\xml_scaled\sample_000171.xml, 0, 0., 2, 0.20304568527918782, 0, 0., 0, 0., 4, 0.40609137055837563, 0, 0., 0, 0., 0, 0., 0, 0., 0, 0., 2, 0.20304568527918782, 0, 0., 0, 0., 0, 0., 0, 0., 2, 0.20304568527918782, 0, 0., 0, 0., 0, 0., 4, 0.40609137055837563, 0, 0., 1, 0.10152284263959391, 1, 0.10152284263959391, 0, 0., 0, 0., 0, 0., 0, 0., 0, 0., 0, 0., 0, 0., 0, 0., 0, 0., 964, 97.86802030456853, 0, 0., 0, 0., 0, 0., 5, 0.5076142131979695, 0, 0., 0, 0., 176, 1145, 1321, 985, 0.7456472369417109
, generated\gt\sample_000029.krn, generated\xml_scaled\sample_000029.xml, 0, 0., 23, 2.9449423815621, 0, 0., 4, 0.5121638924455826, 2, 0.2560819462227913, 0, 0., 1, 0.12804097311139565, 0, 0., 0, 0., 1, 0.12804097311139565, 5, 0.6402048655569782, 0, 0., 0, 0., 0, 0., 2, 0.2560819462227913, 0, 0., 0, 0., 0, 0., 0, 0., 0, 0., 0, 0., 0, 0., 5, 0.6402048655569782, 0, 0., 0, 0., 0, 0., 0, 0., 0, 0., 0, 0., 0, 0., 0, 0., 0, 0., 733, 93.854033290653, 0, 0., 0, 0., 0, 0., 5, 0.6402048655569782, 0, 0., 0, 0., 150, 892, 1042, 781, 0.7495201535508638
, generated\gt\sample_000444.krn, generated\xml_scaled\sample_000444.xml, 0, 0., 46, 3.4023668639053253, 0, 0., 0, 0., 0, 0., 0, 0., 2, 0.14792899408284024, 0, 0., 0, 0., 0, 0., 4, 0.2958579881656805, 0, 0., 0, 0., 0, 0., 4, 0.2958579881656805, 0, 0., 0, 0., 0, 0., 4, 0.2958579881656805, 4, 0.2958579881656805, 0, 0., 0, 0., 0, 0., 0, 0., 0, 0., 0, 0., 0, 0., 0, 0., 0, 0., 0, 0., 0, 0., 0, 0., 1283, 94.89644970414201, 0, 0., 0, 0., 0, 0., 5, 0.3698224852071006, 0, 0., 0, 0., 252, 1550, 1802, 1352, 0.7502774694783574
, generated\gt\sample_000562.krn, generated\xml_scaled\sample_000562.xml, 0, 0., 2, 0.1646090534979424, 0, 0., 0, 0., 0, 0., 0, 0., 1, 0.0823045267489712, 0, 0., 0, 0., 0, 0., 2, 0.1646090534979424, 0, 0., 0, 0., 0, 0., 4, 0.3292181069958848, 0, 0., 0, 0., 0, 0., 0, 0., 4, 0.3292181069958848, 0, 0., 0, 0., 3, 0.24691358024691357, 0, 0., 0, 0., 0, 0., 0, 0., 0, 0., 0, 0., 0, 0., 0, 0., 0, 0., 1194, 98.27160493827161, 0, 0., 0, 0., 0, 0., 5, 0.411522633744856, 0, 0., 0, 0., 221, 1396, 1617, 1215, 0.75139146567718
, generated\gt\sample_000557.krn, generated\xml_scaled\sample_000557.xml, 0, 0., 31, 4.133333333333334, 0, 0., 2, 0.26666666666666666, 6, 0.8, 0, 0., 0, 0., 0, 0., 0, 0., 2, 0.26666666666666666, 5, 0.6666666666666666, 0, 0., 0, 0., 0, 0., 0, 0., 0, 0., 0, 0., 0, 0., 0, 0., 3, 0.4, 0, 0., 0, 0., 5, 0.6666666666666666, 0, 0., 0, 0., 0, 0., 0, 0., 0, 0., 0, 0., 0, 0., 0, 0., 0, 0., 691, 92.13333333333334, 0, 0., 0, 0., 0, 0., 5, 0.6666666666666666, 0, 0., 0, 0., 153, 843, 996, 750, 0.7530120481927711
, generated\gt\sample_000230.krn, generated\xml_scaled\sample_000230.xml, 0, 0., 58, 2.8627838104639682, 0, 0., 5, 0.24679170779861798, 1, 0.049358341559723594, 0, 0., 4, 0.19743336623889438, 0, 0., 0, 0., 0, 0., 5, 0.24679170779861798, 0, 0., 0, 0., 1, 0.049358341559723594, 4, 0.19743336623889438, 0, 0., 0, 0., 0, 0., 0, 0., 0, 0., 0, 0., 0, 0., 3, 0.14807502467917077, 0, 0., 0, 0., 0, 0., 0, 0., 0, 0., 0, 0., 0, 0., 0, 0., 0, 0., 1940, 95.75518262586377, 0, 0., 0, 0., 0, 0., 5, 0.24679170779861798, 0, 0., 0, 0., 392, 2291, 2683, 2026, 0.7551248602310846
, generated\gt\sample_000325.krn, generated\xml_scaled\sample_000325.xml, 0, 0., 170, 14.23785594639866, 0, 0., 4, 0.33500837520938026, 3, 0.25125628140703515, 0, 0., 0, 0., 0, 0., 0, 0., 0, 0., 2, 0.16750418760469013, 0, 0., 0, 0., 0, 0., 0, 0., 2, 0.16750418760469013, 0, 0., 0, 0., 0, 0., 1, 0.08375209380234507, 0, 0., 0, 0., 2, 0.16750418760469013, 0, 0., 0, 0., 0, 0., 0, 0., 0, 0., 0, 0., 0, 0., 0, 0., 0, 0., 1005, 84.17085427135679, 0, 0., 0, 0., 0, 0., 5, 0.4187604690117253, 0, 0., 0, 0., 287, 1286, 1573, 1194, 0.7590591226954864
, generated\gt\sample_000011.krn, generated\xml_scaled\sample_000011.xml, 0, 0., 15, 0.8537279453614115, 0, 0., 0, 0., 0, 0., 0, 0., 2, 0.11383039271485487, 0, 0., 0, 0., 0, 0., 3, 0.1707455890722823, 1, 0.056915196357427436, 0, 0., 0, 0., 4, 0.22766078542970974, 0, 0., 0, 0., 0, 0., 0, 0., 1, 0.056915196357427436, 0, 0., 0, 0., 3, 0.1707455890722823, 0, 0., 0, 0., 0, 0., 0, 0., 0, 0., 0, 0., 0, 0., 0, 0., 0, 0., 1723, 98.06488332384747, 0, 0., 0, 0., 0, 0., 5, 0.28457598178713717, 0, 0., 0, 0., 301, 2012, 2313, 1757, 0.759619541720709
, generated\gt\sample_000581.krn, generated\xml_scaled\sample_000581.xml, 0, 0., 82, 4.3686734150239745, 0, 0., 10, 0.5327650506126798, 2, 0.10655301012253596, 0, 0., 0, 0., 0, 0., 0, 0., 0, 0., 4, 0.21310602024507191, 0, 0., 0, 0., 2, 0.10655301012253596, 0, 0., 2, 0.10655301012253596, 0, 0., 2, 0.10655301012253596, 0, 0., 1, 0.05327650506126798, 0, 0., 0, 0., 2, 0.10655301012253596, 0, 0., 0, 0., 0, 0., 0, 0., 0, 0., 0, 0., 0, 0., 0, 0., 0, 0., 1765, 94.03303143313799, 0, 0., 0, 0., 0, 0., 5, 0.2663825253063399, 0, 0., 0, 0., 358, 2112, 2470, 1877, 0.759919028340081
, generated\gt\sample_000174.krn, generated\xml_scaled\sample_000174.xml, 0, 0., 117, 10.724106324472961, 0, 0., 10, 0.916590284142988, 0, 0., 0, 0., 8, 0.7332722273143905, 0, 0., 0, 0., 0, 0., 3, 0.27497708524289644, 0, 0., 0, 0., 3, 0.27497708524289644, 4, 0.36663611365719523, 11, 1.008249312557287, 0, 0., 0, 0., 0, 0., 0, 0., 0, 0., 0, 0., 5, 0.458295142071494, 0, 0., 0, 0., 0, 0., 0, 0., 0, 0., 0, 0., 0, 0., 0, 0., 0, 0., 925, 84.7846012832264, 0, 0., 0, 0., 0, 0., 5, 0.458295142071494, 0, 0., 0, 0., 254, 1177, 1431, 1091, 0.7624039133473096
, generated\gt\sample_000299.krn, generated\xml_scaled\sample_000299.xml, 0, 0., 264, 23.826714801444044, 0, 0., 48, 4.332129963898917, 5, 0.45126353790613716, 0, 0., 2, 0.18050541516245489, 0, 0., 0, 0., 1, 0.09025270758122744, 17, 1.5342960288808665, 0, 0., 0, 0., 2, 0.18050541516245489, 8, 0.7220216606498195, 4, 0.36101083032490977, 0, 0., 0, 0., 0, 0., 1, 0.09025270758122744, 0, 0., 0, 0., 18, 1.6245487364620939, 0, 0., 0, 0., 0, 0., 0, 0., 0, 0., 0, 0., 0, 0., 0, 0., 0, 0., 734, 66.24548736462094, 0, 0., 0, 0., 4, 0.36101083032490977, 0, 0., 0, 0., 0, 0., 366, 1086, 1452, 1108, 0.7630853994490359
, generated\gt\sample_000393.krn, generated\xml_scaled\sample_000393.xml, 0, 0., 84, 7.992388201712655, 0, 0., 4, 0.38058991436726924, 1, 0.09514747859181731, 0, 0., 2, 0.19029495718363462, 0, 0., 0, 0., 0, 0., 0, 0., 0, 0., 0, 0., 1, 0.09514747859181731, 4, 0.38058991436726924, 2, 0.19029495718363462, 0, 0., 0, 0., 0, 0., 1, 0.09514747859181731, 0, 0., 0, 0., 2, 0.19029495718363462, 0, 0., 0, 0., 0, 0., 0, 0., 0, 0., 0, 0., 0, 0., 0, 0., 0, 0., 945, 89.91436726926736, 0, 0., 0, 0., 0, 0., 5, 0.47573739295908657, 0, 0., 0, 0., 223, 1154, 1377, 1051, 0.7632534495279594
, generated\gt\sample_000486.krn, generated\xml_scaled\sample_000486.xml, 0, 0., 13, 1.4444444444444444, 0, 0., 0, 0., 0, 0., 0, 0., 0, 0., 0, 0., 0, 0., 0, 0., 3, 0.3333333333333333, 0, 0., 0, 0., 0, 0., 4, 0.4444444444444444, 0, 0., 0, 0., 0, 0., 0, 0., 0, 0., 0, 0., 0, 0., 2, 0.2222222222222222, 0, 0., 0, 0., 0, 0., 0, 0., 0, 0., 0, 0., 0, 0., 0, 0., 0, 0., 873, 97.0, 0, 0., 0, 0., 0, 0., 5, 0.5555555555555556, 0, 0., 0, 0., 154, 1024, 1178, 900, 0.7640067911714771
, generated\gt\sample_000372.krn, generated\xml_scaled\sample_000372.xml, 0, 0., 81, 7.284172661870503, 0, 0., 2, 0.17985611510791366, 0, 0., 0, 0., 0, 0., 0, 0., 0, 0., 0, 0., 2, 0.17985611510791366, 0, 0., 0, 0., 1, 0.08992805755395683, 0, 0., 2, 0.17985611510791366, 0, 0., 0, 0., 0, 0., 3, 0.2697841726618705, 0, 0., 0, 0., 1, 0.08992805755395683, 0, 0., 0, 0., 0, 0., 0, 0., 0, 0., 0, 0., 0, 0., 0, 0., 0, 0., 1015, 91.27697841726619, 0, 0., 0, 0., 0, 0., 5, 0.44964028776978415, 0, 0., 0, 0., 252, 1198, 1450, 1112, 0.766896551724138
, generated\gt\sample_000215.krn, generated\xml_scaled\sample_000215.xml, 0, 0., 31, 3.215767634854772, 0, 0., 2, 0.2074688796680498, 6, 0.6224066390041494, 0, 0., 0, 0., 0, 0., 0, 0., 0, 0., 1, 0.1037344398340249, 1, 0.1037344398340249, 0, 0., 0, 0., 4, 0.4149377593360996, 0, 0., 0, 0., 0, 0., 2, 0.2074688796680498, 3, 0.3112033195020747, 0, 0., 0, 0., 3, 0.3112033195020747, 0, 0., 0, 0., 0, 0., 0, 0., 0, 0., 0, 0., 0, 0., 0, 0., 0, 0., 906, 93.98340248962656, 0, 0., 0, 0., 0, 0., 5, 0.5186721991701245, 0, 0., 0, 0., 161, 1091, 1252, 964, 0.7699680511182109
, generated\gt\sample_000068.krn, generated\xml_scaled\sample_000068.xml, 0, 0., 125, 8.428860418071476, 0, 0., 6, 0.4045853000674309, 0, 0., 0, 0., 0, 0., 0, 0., 0, 0., 0, 0., 3, 0.20229265003371544, 0, 0., 0, 0., 0, 0., 4, 0.26972353337828725, 0, 0., 0, 0., 0, 0., 0, 0., 2, 0.13486176668914363, 0, 0., 0, 0., 2, 0.13486176668914363, 0, 0., 0, 0., 0, 0., 0, 0., 0, 0., 0, 0., 0, 0., 0, 0., 0, 0., 1336, 90.08766014834795, 0, 0., 0, 0., 0, 0., 5, 0.33715441672285906, 0, 0., 0, 0., 291, 1630, 1921, 1483, 0.7719937532535138
, generated\gt\sample_000052.krn, generated\xml_scaled\sample_000052.xml, 0, 0., 298, 24.771404821280132, 0, 0., 6, 0.49875311720698257, 3, 0.24937655860349128, 4, 0.3325020781379884, 3, 0.24937655860349128, 0, 0., 0, 0., 0, 0., 16, 1.3300083125519535, 2, 0.1662510390689942, 0, 0., 0, 0., 4, 0.3325020781379884, 0, 0., 0, 0., 0, 0., 0, 0., 1, 0.0831255195344971, 0, 0., 0, 0., 12, 0.9975062344139651, 0, 0., 0, 0., 0, 0., 0, 0., 0, 0., 0, 0., 0, 0., 0, 0., 0, 0., 850, 70.65669160432253, 0, 0., 0, 0., 4, 0.3325020781379884, 0, 0., 0, 0., 0, 0., 380, 1177, 1557, 1203, 0.7726396917148363
, generated\gt\sample_000042.krn, generated\xml_scaled\sample_000042.xml, 0, 0., 88, 18.144329896907216, 2, 0.41237113402061853, 9, 1.8556701030927836, 1, 0.20618556701030927, 0, 0., 0, 0., 0, 0., 0, 0., 0, 0., 1, 0.20618556701030927, 0, 0., 0, 0., 0, 0., 4, 0.8247422680412371, 1, 0.20618556701030927, 0, 0., 0, 0., 5, 1.0309278350515463, 1, 0.20618556701030927, 0, 0., 0, 0., 5, 1.0309278350515463, 0, 0., 0, 0., 0, 0., 0, 0., 0, 0., 0, 0., 0, 0., 0, 0., 0, 0., 363, 74.84536082474227, 0, 0., 0, 0., 0, 0., 5, 1.0309278350515463, 0, 0., 0, 0., 144, 482, 626, 485, 0.7747603833865815
, generated\gt\sample_000089.krn, generated\xml_scaled\sample_000089.xml, 0, 0., 88, 17.46031746031746, 0, 0., 14, 2.7777777777777777, 1, 0.1984126984126984, 0, 0., 0, 0., 0, 0., 0, 0., 0, 0., 1, 0.1984126984126984, 0, 0., 0, 0., 3, 0.5952380952380952, 0, 0., 0, 0., 0, 0., 0, 0., 0, 0., 0, 0., 0, 0., 0, 0., 9, 1.7857142857142858, 0, 0., 0, 0., 0, 0., 0, 0., 0, 0., 0, 0., 0, 0., 0, 0., 0, 0., 383, 75.9920634920635, 0, 0., 0, 0., 0, 0., 5, 0.9920634920634921, 0, 0., 0, 0., 160, 490, 650, 504, 0.7753846153846153
, generated\gt\sample_000059.krn, generated\xml_scaled\sample_000059.xml, 0, 0., 184, 21.749408983451538, 0, 0., 14, 1.6548463356973995, 5, 0.5910165484633569, 0, 0., 1, 0.1182033096926714, 0, 0., 0, 0., 0, 0., 0, 0., 0, 0., 0, 0., 0, 0., 4, 0.4728132387706856, 1, 0.1182033096926714, 0, 0., 0, 0., 0, 0., 1, 0.1182033096926714, 0, 0., 0, 0., 2, 0.2364066193853428, 0, 0., 0, 0., 0, 0., 0, 0., 0, 0., 0, 0., 0, 0., 0, 0., 0, 0., 629, 74.34988179669031, 0, 0., 0, 0., 0, 0., 5, 0.5910165484633569, 0, 0., 0, 0., 249, 841, 1090, 846, 0.7761467889908257
, generated\gt\sample_000371.krn, generated\xml_scaled\sample_000371.xml, 0, 0., 176, 13.404417364813405, 0, 0., 0, 0., 0, 0., 0, 0., 1, 0.07616146230007616, 0, 0., 0, 0., 0, 0., 1, 0.07616146230007616, 0, 0., 0, 0., 0, 0., 4, 0.30464584920030463, 2, 0.15232292460015232, 0, 0., 0, 0., 0, 0., 2, 0.15232292460015232, 0, 0., 0, 0., 5, 0.38080731150038083, 0, 0., 0, 0., 0, 0., 0, 0., 0, 0., 0, 0., 0, 0., 0, 0., 0, 0., 1117, 85.07235338918507, 0, 0., 0, 0., 0, 0., 5, 0.38080731150038083, 0, 0., 0, 0., 308, 1383, 1691, 1313, 0.7764636309875813
, generated\gt\sample_000507.krn, generated\xml_scaled\sample_000507.xml, 0, 0., 15, 1.1337868480725624, 0, 0., 0, 0., 0, 0., 0, 0., 3, 0.22675736961451248, 0, 0., 0, 0., 0, 0., 7, 0.5291005291005291, 0, 0., 0, 0., 0, 0., 4, 0.30234315948601664, 2, 0.15117157974300832, 0, 0., 0, 0., 0, 0., 4, 0.30234315948601664, 0, 0., 0, 0., 0, 0., 0, 0., 0, 0., 0, 0., 0, 0., 0, 0., 0, 0., 0, 0., 0, 0., 0, 0., 1283, 96.97656840513983, 0, 0., 0, 0., 0, 0., 5, 0.3779289493575208, 0, 0., 0, 0., 202, 1497, 1699, 1323, 0.7786933490288405
, generated\gt\sample_000565.krn, generated\xml_scaled\sample_000565.xml, 0, 0., 195, 31.451612903225808, 0, 0., 14, 2.2580645161290325, 2, 0.3225806451612903, 0, 0., 0, 0., 0, 0., 0, 0., 2, 0.3225806451612903, 0, 0., 1, 0.16129032258064516, 0, 0., 0, 0., 0, 0., 0, 0., 0, 0., 6, 0.967741935483871, 0, 0., 1, 0.16129032258064516, 0, 0., 0, 0., 13, 2.096774193548387, 0, 0., 0, 0., 0, 0., 0, 0., 0, 0., 0, 0., 0, 0., 0, 0., 0, 0., 381, 61.45161290322581, 0, 0., 0, 0., 0, 0., 5, 0.8064516129032258, 0, 0., 0, 0., 257, 539, 796, 620, 0.7788944723618091
, generated\gt\sample_000097.krn, generated\xml_scaled\sample_000097.xml, 0, 0., 123, 15.974025974025974, 6, 0.7792207792207793, 11, 1.4285714285714286, 4, 0.5194805194805194, 0, 0., 1, 0.12987012987012986, 0, 0., 0, 0., 0, 0., 4, 0.5194805194805194, 3, 0.38961038961038963, 0, 0., 0, 0., 0, 0., 0, 0., 0, 0., 0, 0., 3, 0.38961038961038963, 1, 0.12987012987012986, 0, 0., 0, 0., 15, 1.948051948051948, 0, 0., 0, 0., 0, 0., 0, 0., 0, 0., 0, 0., 0, 0., 0, 0., 0, 0., 594, 77.14285714285714, 0, 0., 0, 0., 0, 0., 5, 0.6493506493506493, 0, 0., 0, 0., 216, 772, 988, 770, 0.7793522267206477
, generated\gt\sample_000216.krn, generated\xml_scaled\sample_000216.xml, 0, 0., 70, 8.985879332477536, 0, 0., 1, 0.12836970474967907, 5, 0.6418485237483954, 0, 0., 0, 0., 0, 0., 0, 0., 0, 0., 2, 0.25673940949935814, 1, 0.12836970474967907, 0, 0., 0, 0., 0, 0., 0, 0., 0, 0., 1, 0.12836970474967907, 0, 0., 0, 0., 0, 0., 0, 0., 5, 0.6418485237483954, 0, 0., 0, 0., 0, 0., 0, 0., 0, 0., 0, 0., 0, 0., 0, 0., 0, 0., 689, 88.44672657252889, 0, 0., 0, 0., 0, 0., 5, 0.6418485237483954, 0, 0., 0, 0., 146, 852, 998, 779, 0.7805611222444889
, generated\gt\sample_000480.krn, generated\xml_scaled\sample_000480.xml, 0, 0., 176, 28.571428571428573, 2, 0.3246753246753247, 17, 2.75974025974026, 0, 0., 0, 0., 0, 0., 0, 0., 0, 0., 0, 0., 1, 0.16233766233766234, 2, 0.3246753246753247, 0, 0., 2, 0.3246753246753247, 0, 0., 2, 0.3246753246753247, 0, 0., 0, 0., 0, 0., 1, 0.16233766233766234, 0, 0., 0, 0., 6, 0.974025974025974, 0, 0., 0, 0., 0, 0., 0, 0., 0, 0., 0, 0., 0, 0., 0, 0., 0, 0., 402, 65.25974025974025, 0, 0., 0, 0., 0, 0., 5, 0.8116883116883117, 0, 0., 0, 0., 234, 554, 788, 616, 0.7817258883248731
, generated\gt\sample_000116.krn, generated\xml_scaled\sample_000116.xml, 0, 0., 103, 6.055261610817166, 0, 0., 1, 0.058788947677836566, 0, 0., 0, 0., 2, 0.11757789535567313, 0, 0., 0, 0., 0, 0., 1, 0.058788947677836566, 1, 0.058788947677836566, 0, 0., 1, 0.058788947677836566, 4, 0.23515579071134626, 2, 0.11757789535567313, 0, 0., 0, 0., 0, 0., 2, 0.11757789535567313, 0, 0., 0, 0., 0, 0., 0, 0., 0, 0., 0, 0., 0, 0., 0, 0., 0, 0., 0, 0., 0, 0., 0, 0., 1579, 92.82774838330394, 0, 0., 0, 0., 0, 0., 5, 0.29394473838918284, 0, 0., 0, 0., 297, 1874, 2171, 1701, 0.7835099032703823
, generated\gt\sample_000668.krn, generated\xml_scaled\sample_000668.xml, 0, 0., 75, 5.2521008403361344, 0, 0., 6, 0.42016806722689076, 1, 0.0700280112044818, 0, 0., 0, 0., 0, 0., 0, 0., 0, 0., 5, 0.35014005602240894, 0, 0., 0, 0., 0, 0., 0, 0., 2, 0.1400560224089636, 0, 0., 0, 0., 0, 0., 3, 0.21008403361344538, 0, 0., 0, 0., 4, 0.2801120448179272, 0, 0., 0, 0., 0, 0., 0, 0., 0, 0., 0, 0., 0, 0., 0, 0., 0, 0., 1327, 92.92717086834733, 0, 0., 0, 0., 0, 0., 5, 0.35014005602240894, 0, 0., 0, 0., 265, 1557, 1822, 1428, 0.7837541163556532
, generated\gt\sample_000340.krn, generated\xml_scaled\sample_000340.xml, 0, 0., 171, 10.33857315598549, 0, 0., 12, 0.7255139056831923, 2, 0.12091898428053205, 0, 0., 0, 0., 0, 0., 0, 0., 0, 0., 5, 0.3022974607013301, 3, 0.18137847642079807, 0, 0., 2, 0.12091898428053205, 4, 0.2418379685610641, 0, 0., 0, 0., 0, 0., 0, 0., 2, 0.12091898428053205, 0, 0., 0, 0., 7, 0.42321644498186217, 0, 0., 0, 0., 0, 0., 0, 0., 0, 0., 0, 0., 0, 0., 0, 0., 0, 0., 1441, 87.12212817412333, 0, 0., 0, 0., 0, 0., 5, 0.3022974607013301, 0, 0., 0, 0., 334, 1773, 2107, 1654, 0.7850023730422402
, generated\gt\sample_000106.krn, generated\xml_scaled\sample_000106.xml, 0, 0., 0, 0., 2, 0.22099447513812154, 0, 0., 5, 0.5524861878453039, 0, 0., 0, 0., 0, 0., 0, 0., 0, 0., 3, 0.3314917127071823, 0, 0., 0, 0., 0, 0., 4, 0.4419889502762431, 0, 0., 0, 0., 0, 0., 6, 0.6629834254143646, 1, 0.11049723756906077, 0, 0., 0, 0., 2, 0.22099447513812154, 0, 0., 0, 0., 0, 0., 0, 0., 0, 0., 0, 0., 0, 0., 0, 0., 0, 0., 877, 96.9060773480663, 0, 0., 0, 0., 0, 0., 5, 0.5524861878453039, 0, 0., 0, 0., 144, 1008, 1152, 905, 0.7855902777777778
, generated\gt\sample_000370.krn, generated\xml_scaled\sample_000370.xml, 0, 0., 55, 5.303760848601736, 4, 0.3857280617164899, 3, 0.2892960462873674, 5, 0.4821600771456123, 0, 0., 0, 0., 0, 0., 0, 0., 0, 0., 2, 0.19286403085824494, 0, 0., 0, 0., 2, 0.19286403085824494, 4, 0.3857280617164899, 2, 0.19286403085824494, 0, 0., 0, 0., 0, 0., 1, 0.09643201542912247, 0, 0., 0, 0., 1, 0.09643201542912247, 0, 0., 0, 0., 0, 0., 0, 0., 0, 0., 0, 0., 0, 0., 0, 0., 0, 0., 953, 91.89971070395372, 0, 0., 0, 0., 0, 0., 5, 0.4821600771456123, 0, 0., 0, 0., 165, 1154, 1319, 1037, 0.7862016679302501
, generated\gt\sample_000252.krn, generated\xml_scaled\sample_000252.xml, 0, 0., 154, 11.458333333333334, 0, 0., 7, 0.5208333333333334, 2, 0.1488095238095238, 0, 0., 0, 0., 0, 0., 0, 0., 1, 0.0744047619047619, 4, 0.2976190476190476, 0, 0., 0, 0., 0, 0., 0, 0., 0, 0., 0, 0., 0, 0., 0, 0., 1, 0.0744047619047619, 1, 0.0744047619047619, 0, 0., 9, 0.6696428571428571, 0, 0., 0, 0., 0, 0., 0, 0., 0, 0., 0, 0., 0, 0., 0, 0., 0, 0., 1160, 86.30952380952381, 0, 0., 0, 0., 0, 0., 5, 0.37202380952380953, 0, 0., 0, 0., 264, 1444, 1708, 1344, 0.7868852459016393
, generated\gt\sample_000327.krn, generated\xml_scaled\sample_000327.xml, 0, 0., 312, 16.62226957911561, 0, 0., 16, 0.8524240809802877, 4, 0.21310602024507191, 12, 0.6393180607352158, 9, 0.47948854555141185, 0, 0., 0, 0., 0, 0., 9, 0.47948854555141185, 0, 0., 0, 0., 0, 0., 4, 0.21310602024507191, 2, 0.10655301012253596, 0, 0., 0, 0., 0, 0., 5, 0.2663825253063399, 0, 0., 0, 0., 6, 0.3196590303676079, 0, 0., 0, 0., 0, 0., 0, 0., 0, 0., 0, 0., 0, 0., 0, 0., 0, 0., 1493, 79.5418220564731, 0, 0., 0, 0., 0, 0., 5, 0.2663825253063399, 0, 0., 0, 0., 438, 1946, 2384, 1877, 0.7873322147651006
, generated\gt\sample_000525.krn, generated\xml_scaled\sample_000525.xml, 0, 0., 168, 14.05857740585774, 0, 0., 28, 2.3430962343096233, 0, 0., 0, 0., 1, 0.08368200836820083, 0, 0., 0, 0., 0, 0., 1, 0.08368200836820083, 2, 0.16736401673640167, 0, 0., 0, 0., 0, 0., 0, 0., 0, 0., 0, 0., 0, 0., 4, 0.33472803347280333, 0, 0., 0, 0., 9, 0.7531380753138075, 0, 0., 0, 0., 0, 0., 0, 0., 0, 0., 0, 0., 0, 0., 0, 0., 0, 0., 977, 81.75732217573221, 0, 0., 0, 0., 0, 0., 5, 0.41841004184100417, 0, 0., 0, 0., 354, 1163, 1517, 1195, 0.7877389584706658
, generated\gt\sample_000038.krn, generated\xml_scaled\sample_000038.xml, 0, 0., 168, 28.571428571428573, 0, 0., 10, 1.7006802721088434, 0, 0., 0, 0., 0, 0., 0, 0., 0, 0., 0, 0., 1, 0.17006802721088435, 0, 0., 0, 0., 0, 0., 0, 0., 0, 0., 0, 0., 2, 0.3401360544217687, 0, 0., 2, 0.3401360544217687, 1, 0.17006802721088435, 0, 0., 4, 0.6802721088435374, 0, 0., 0, 0., 0, 0., 0, 0., 0, 0., 0, 0., 0, 0., 0, 0., 0, 0., 395, 67.17687074829932, 0, 0., 0, 0., 0, 0., 5, 0.8503401360544217, 0, 0., 0, 0., 188, 558, 746, 588, 0.7882037533512064
, generated\gt\sample_000506.krn, generated\xml_scaled\sample_000506.xml, 0, 0., 55, 3.604193971166448, 0, 0., 1, 0.0655307994757536, 0, 0., 0, 0., 0, 0., 0, 0., 0, 0., 0, 0., 3, 0.1965923984272608, 0, 0., 0, 0., 0, 0., 4, 0.2621231979030144, 2, 0.1310615989515072, 0, 0., 0, 0., 0, 0., 3, 0.1965923984272608, 0, 0., 0, 0., 2, 0.1310615989515072, 0, 0., 0, 0., 0, 0., 0, 0., 0, 0., 0, 0., 0, 0., 0, 0., 0, 0., 1451, 95.08519003931848, 0, 0., 0, 0., 0, 0., 5, 0.32765399737876805, 0, 0., 0, 0., 239, 1697, 1936, 1526, 0.7882231404958677
, generated\gt\sample_000180.krn, generated\xml_scaled\sample_000180.xml, 0, 0., 35, 5.287009063444109, 0, 0., 1, 0.1510574018126888, 1, 0.1510574018126888, 0, 0., 2, 0.3021148036253776, 0, 0., 0, 0., 0, 0., 3, 0.45317220543806647, 1, 0.1510574018126888, 0, 0., 0, 0., 0, 0., 0, 0., 0, 0., 0, 0., 0, 0., 2, 0.3021148036253776, 0, 0., 0, 0., 7, 1.0574018126888218, 0, 0., 0, 0., 0, 0., 0, 0., 0, 0., 0, 0., 0, 0., 0, 0., 0, 0., 605, 91.38972809667673, 0, 0., 0, 0., 0, 0., 5, 0.7552870090634441, 0, 0., 0, 0., 151, 688, 839, 662, 0.7890345649582837
, generated\gt\sample_000283.krn, generated\xml_scaled\sample_000283.xml, 0, 0., 55, 4.867256637168142, 0, 0., 0, 0., 0, 0., 0, 0., 0, 0., 0, 0., 0, 0., 0, 0., 0, 0., 0, 0., 0, 0., 0, 0., 2, 0.17699115044247787, 3, 0.26548672566371684, 0, 0., 0, 0., 0, 0., 2, 0.17699115044247787, 0, 0., 0, 0., 5, 0.4424778761061947, 0, 0., 0, 0., 0, 0., 0, 0., 0, 0., 0, 0., 0, 0., 0, 0., 0, 0., 1058, 93.6283185840708, 0, 0., 0, 0., 0, 0., 5, 0.4424778761061947, 0, 0., 0, 0., 186, 1246, 1432, 1130, 0.7891061452513967
, generated\gt\sample_000075.krn, generated\xml_scaled\sample_000075.xml, 0, 0., 255, 16.451612903225808, 0, 0., 0, 0., 0, 0., 2, 0.12903225806451613, 1, 0.06451612903225806, 0, 0., 0, 0., 2, 0.12903225806451613, 7, 0.45161290322580644, 0, 0., 0, 0., 0, 0., 4, 0.25806451612903225, 0, 0., 0, 0., 0, 0., 0, 0., 2, 0.12903225806451613, 0, 0., 0, 0., 2, 0.12903225806451613, 0, 0., 0, 0., 0, 0., 0, 0., 0, 0., 0, 0., 0, 0., 0, 0., 0, 0., 1270, 81.93548387096774, 0, 0., 0, 0., 0, 0., 5, 0.3225806451612903, 0, 0., 0, 0., 353, 1606, 1959, 1550, 0.7912200102092904
, generated\gt\sample_000114.krn, generated\xml_scaled\sample_000114.xml, 0, 0., 129, 11.101549053356282, 0, 0., 9, 0.774526678141136, 0, 0., 0, 0., 0, 0., 0, 0., 0, 0., 0, 0., 0, 0., 0, 0., 0, 0., 0, 0., 4, 0.3442340791738382, 2, 0.1721170395869191, 0, 0., 0, 0., 0, 0., 1, 0.08605851979345955, 0, 0., 0, 0., 19, 1.6351118760757315, 0, 0., 0, 0., 0, 0., 0, 0., 0, 0., 0, 0., 0, 0., 0, 0., 0, 0., 993, 85.45611015490533, 0, 0., 0, 0., 0, 0., 5, 0.43029259896729777, 0, 0., 0, 0., 246, 1222, 1468, 1162, 0.7915531335149864
, generated\gt\sample_000563.krn, generated\xml_scaled\sample_000563.xml, 0, 0., 59, 5.3881278538812785, 4, 0.365296803652968, 0, 0., 0, 0., 0, 0., 0, 0., 0, 0., 0, 0., 0, 0., 0, 0., 0, 0., 0, 0., 0, 0., 4, 0.365296803652968, 0, 0., 0, 0., 0, 0., 0, 0., 3, 0.273972602739726, 0, 0., 0, 0., 3, 0.273972602739726, 0, 0., 0, 0., 0, 0., 0, 0., 0, 0., 0, 0., 0, 0., 0, 0., 0, 0., 1017, 92.87671232876713, 0, 0., 0, 0., 0, 0., 5, 0.45662100456621, 0, 0., 0, 0., 182, 1201, 1383, 1095, 0.7917570498915402
, generated\gt\sample_000104.krn, generated\xml_scaled\sample_000104.xml, 0, 0., 172, 45.98930481283423, 0, 0., 4, 1.0695187165775402, 0, 0., 0, 0., 0, 0., 0, 0., 0, 0., 2, 0.5347593582887701, 0, 0., 0, 0., 0, 0., 2, 0.5347593582887701, 4, 1.0695187165775402, 0, 0., 0, 0., 0, 0., 3, 0.8021390374331551, 1, 0.26737967914438504, 0, 0., 0, 0., 1, 0.26737967914438504, 0, 0., 0, 0., 0, 0., 0, 0., 0, 0., 0, 0., 0, 0., 0, 0., 0, 0., 180, 48.1283422459893, 0, 0., 0, 0., 0, 0., 5, 1.3368983957219251, 0, 0., 0, 0., 127, 345, 472, 374, 0.7923728813559322
, generated\gt\sample_000039.krn, generated\xml_scaled\sample_000039.xml, 0, 0., 76, 7.770961145194274, 2, 0.20449897750511248, 6, 0.6134969325153374, 1, 0.10224948875255624, 0, 0., 15, 1.5337423312883436, 0, 0., 0, 0., 0, 0., 2, 0.20449897750511248, 0, 0., 0, 0., 0, 0., 4, 0.40899795501022496, 4, 0.40899795501022496, 0, 0., 0, 0., 12, 1.2269938650306749, 0, 0., 0, 0., 0, 0., 2, 0.20449897750511248, 0, 0., 0, 0., 0, 0., 0, 0., 0, 0., 0, 0., 0, 0., 0, 0., 0, 0., 849, 86.80981595092024, 0, 0., 0, 0., 0, 0., 5, 0.5112474437627812, 0, 0., 0, 0., 225, 1007, 1232, 978, 0.7938311688311688
, generated\gt\sample_000442.krn, generated\xml_scaled\sample_000442.xml, 0, 0., 40, 4.662004662004662, 2, 0.2331002331002331, 1, 0.11655011655011654, 3, 0.34965034965034963, 0, 0., 0, 0., 0, 0., 0, 0., 0, 0., 2, 0.2331002331002331, 2, 0.2331002331002331, 0, 0., 1, 0.11655011655011654, 4, 0.4662004662004662, 4, 0.4662004662004662, 0, 0., 0, 0., 0, 0., 3, 0.34965034965034963, 1, 0.11655011655011654, 1, 0.11655011655011654, 3, 0.34965034965034963, 0, 0., 0, 0., 0, 0., 0, 0., 0, 0., 0, 0., 0, 0., 0, 0., 0, 0., 786, 91.60839160839161, 0, 0., 0, 0., 0, 0., 5, 0.5827505827505828, 0, 0., 0, 0., 154, 926, 1080, 858, 0.7944444444444444
, generated\gt\sample_000108.krn, generated\xml_scaled\sample_000108.xml, 0, 0., 117, 10.483870967741936, 0, 0., 5, 0.44802867383512546, 2, 0.17921146953405018, 0, 0., 2, 0.17921146953405018, 0, 0., 0, 0., 0, 0., 3, 0.26881720430107525, 1, 0.08960573476702509, 0, 0., 1, 0.08960573476702509, 4, 0.35842293906810035, 0, 0., 0, 0., 0, 0., 0, 0., 1, 0.08960573476702509, 0, 0., 0, 0., 4, 0.35842293906810035, 0, 0., 0, 0., 0, 0., 0, 0., 0, 0., 0, 0., 0, 0., 0, 0., 0, 0., 971, 87.00716845878136, 0, 0., 0, 0., 0, 0., 5, 0.44802867383512546, 0, 0., 0, 0., 236, 1168, 1404, 1116, 0.7948717948717948
, generated\gt\sample_000202.krn, generated\xml_scaled\sample_000202.xml, 0, 0., 137, 19.18767507002801, 0, 0., 28, 3.9215686274509802, 0, 0., 0, 0., 1, 0.1400560224089636, 0, 0., 0, 0., 0, 0., 2, 0.2801120448179272, 0, 0., 0, 0., 0, 0., 0, 0., 0, 0., 0, 0., 2, 0.2801120448179272, 0, 0., 2, 0.2801120448179272, 0, 0., 0, 0., 3, 0.42016806722689076, 0, 0., 0, 0., 0, 0., 0, 0., 0, 0., 0, 0., 0, 0., 0, 0., 0, 0., 534, 74.78991596638656, 0, 0., 0, 0., 0, 0., 5, 0.7002801120448179, 0, 0., 0, 0., 226, 672, 898, 714, 0.7951002227171492
, generated\gt\sample_000294.krn, generated\xml_scaled\sample_000294.xml, 0, 0., 157, 16.578669482576558, 0, 0., 5, 0.5279831045406547, 9, 0.9503695881731784, 0, 0., 10, 1.0559662090813093, 0, 0., 0, 0., 2, 0.21119324181626187, 16, 1.689545934530095, 0, 0., 0, 0., 2, 0.21119324181626187, 8, 0.8447729672650475, 0, 0., 0, 0., 0, 0., 0, 0., 6, 0.6335797254487856, 0, 0., 0, 0., 5, 0.5279831045406547, 0, 0., 0, 0., 0, 0., 0, 0., 0, 0., 0, 0., 0, 0., 0, 0., 0, 0., 723, 76.34635691657867, 0, 0., 0, 0., 4, 0.42238648363252373, 0, 0., 0, 0., 0, 0., 225, 964, 1189, 947, 0.7964676198486123
, generated\gt\sample_000553.krn, generated\xml_scaled\sample_000553.xml, 0, 0., 82, 14.23611111111111, 0, 0., 9, 1.5625, 2, 0.3472222222222222, 0, 0., 1, 0.1736111111111111, 0, 0., 0, 0., 0, 0., 3, 0.5208333333333334, 0, 0., 0, 0., 0, 0., 4, 0.6944444444444444, 0, 0., 0, 0., 0, 0., 0, 0., 0, 0., 0, 0., 0, 0., 3, 0.5208333333333334, 0, 0., 0, 0., 0, 0., 0, 0., 0, 0., 0, 0., 0, 0., 0, 0., 0, 0., 467, 81.07638888888889, 0, 0., 0, 0., 0, 0., 5, 0.8680555555555556, 0, 0., 0, 0., 132, 591, 723, 576, 0.7966804979253111
, generated\gt\sample_000004.krn, generated\xml_scaled\sample_000004.xml, 0, 0., 226, 56.35910224438903, 0, 0., 19, 4.738154613466334, 1, 0.24937655860349128, 0, 0., 0, 0., 0, 0., 0, 0., 1, 0.24937655860349128, 1, 0.24937655860349128, 0, 0., 0, 0., 0, 0., 0, 0., 0, 0., 0, 0., 0, 0., 0, 0., 1, 0.24937655860349128, 0, 0., 0, 0., 4, 0.9975062344139651, 0, 0., 0, 0., 0, 0., 0, 0., 0, 0., 0, 0., 0, 0., 0, 0., 0, 0., 143, 35.66084788029925, 0, 0., 0, 0., 0, 0., 5, 1.2468827930174564, 0, 0., 0, 0., 295, 208, 503, 401, 0.7972166998011928
, generated\gt\sample_000317.krn, generated\xml_scaled\sample_000317.xml, 0, 0., 101, 21.90889370932755, 0, 0., 7, 1.5184381778741864, 3, 0.6507592190889371, 2, 0.43383947939262474, 0, 0., 0, 0., 0, 0., 0, 0., 0, 0., 2, 0.43383947939262474, 0, 0., 3, 0.6507592190889371, 6, 1.3015184381778742, 2, 0.43383947939262474, 0, 0., 3, 0.6507592190889371, 0, 0., 3, 0.6507592190889371, 0, 0., 0, 0., 10, 2.1691973969631237, 0, 0., 0, 0., 0, 0., 0, 0., 0, 0., 0, 0., 0, 0., 0, 0., 0, 0., 294, 63.77440347071583, 12, 2.6030368763557483, 0, 0., 13, 2.819956616052061, 0, 0., 0, 0., 0, 0., 149, 428, 577, 461, 0.7989601386481803
, generated\gt\sample_000263.krn, generated\xml_scaled\sample_000263.xml, 0, 0., 102, 9.523809523809524, 0, 0., 47, 4.388422035480859, 1, 0.09337068160597572, 0, 0., 2, 0.18674136321195145, 0, 0., 0, 0., 0, 0., 2, 0.18674136321195145, 0, 0., 0, 0., 0, 0., 6, 0.5602240896358543, 2, 0.18674136321195145, 0, 0., 0, 0., 0, 0., 1, 0.09337068160597572, 0, 0., 0, 0., 5, 0.4668534080298786, 0, 0., 0, 0., 0, 0., 0, 0., 0, 0., 0, 0., 0, 0., 0, 0., 0, 0., 898, 83.8468720821662, 0, 0., 0, 0., 0, 0., 5, 0.4668534080298786, 0, 0., 0, 0., 221, 1119, 1340, 1071, 0.7992537313432836
, generated\gt\sample_000622.krn, generated\xml_scaled\sample_000622.xml, 0, 0., 117, 7.980900409276944, 0, 0., 2, 0.1364256480218281, 0, 0., 0, 0., 0, 0., 0, 0., 0, 0., 0, 0., 0, 0., 0, 0., 0, 0., 0, 0., 8, 0.5457025920873124, 1, 0.06821282401091405, 0, 0., 0, 0., 0, 0., 3, 0.20463847203274216, 0, 0., 0, 0., 0, 0., 0, 0., 0, 0., 0, 0., 0, 0., 0, 0., 0, 0., 0, 0., 0, 0., 0, 0., 1331, 90.7912687585266, 0, 0., 0, 0., 4, 0.2728512960436562, 0, 0., 0, 0., 0, 0., 284, 1548, 1832, 1466, 0.8002183406113537
, generated\gt\sample_000087.krn, generated\xml_scaled\sample_000087.xml, 0, 0., 71, 11.774461028192372, 0, 0., 1, 0.16583747927031509, 0, 0., 0, 0., 0, 0., 0, 0., 0, 0., 0, 0., 4, 0.6633499170812603, 2, 0.33167495854063017, 0, 0., 2, 0.33167495854063017, 6, 0.9950248756218906, 3, 0.4975124378109453, 0, 0., 0, 0., 0, 0., 3, 0.4975124378109453, 0, 0., 0, 0., 0, 0., 0, 0., 0, 0., 0, 0., 0, 0., 0, 0., 0, 0., 0, 0., 0, 0., 0, 0., 507, 84.07960199004975, 0, 0., 0, 0., 4, 0.6633499170812603, 0, 0., 0, 0., 0, 0., 128, 625, 753, 603, 0.8007968127490039
, generated\gt\sample_000207.krn, generated\xml_scaled\sample_000207.xml, 0, 0., 6, 1.8633540372670807, 2, 0.6211180124223602, 0, 0., 0, 0., 0, 0., 0, 0., 0, 0., 0, 0., 1, 0.3105590062111801, 0, 0., 0, 0., 0, 0., 0, 0., 0, 0., 1, 0.3105590062111801, 0, 0., 0, 0., 0, 0., 0, 0., 0, 0., 0, 0., 1, 0.3105590062111801, 0, 0., 0, 0., 0, 0., 0, 0., 0, 0., 0, 0., 0, 0., 0, 0., 0, 0., 311, 96.58385093167702, 0, 0., 0, 0., 0, 0., 0, 0., 0, 0., 0, 0., 48, 354, 402, 322, 0.8009950248756219
, generated\gt\sample_000615.krn, generated\xml_scaled\sample_000615.xml, 0, 0., 241, 27.231638418079097, 0, 0., 25, 2.824858757062147, 2, 0.22598870056497175, 0, 0., 0, 0., 0, 0., 0, 0., 0, 0., 1, 0.11299435028248588, 0, 0., 0, 0., 0, 0., 0, 0., 0, 0., 0, 0., 0, 0., 0, 0., 1, 0.11299435028248588, 0, 0., 0, 0., 3, 0.3389830508474576, 0, 0., 0, 0., 0, 0., 0, 0., 0, 0., 0, 0., 0, 0., 0, 0., 0, 0., 607, 68.58757062146893, 0, 0., 0, 0., 0, 0., 5, 0.5649717514124294, 0, 0., 0, 0., 321, 781, 1102, 885, 0.8030852994555354
, generated\gt\sample_000071.krn, generated\xml_scaled\sample_000071.xml, 0, 0., 142, 10.387710314557426, 6, 0.4389173372348208, 3, 0.2194586686174104, 0, 0., 0, 0., 2, 0.14630577907827358, 0, 0., 0, 0., 8, 0.5852231163130943, 0, 0., 1, 0.07315288953913679, 0, 0., 0, 0., 4, 0.29261155815654716, 0, 0., 0, 0., 0, 0., 0, 0., 0, 0., 0, 0., 0, 0., 4, 0.29261155815654716, 0, 0., 0, 0., 0, 0., 0, 0., 0, 0., 0, 0., 0, 0., 0, 0., 0, 0., 1192, 87.19824433065106, 0, 0., 0, 0., 0, 0., 5, 0.365764447695684, 0, 0., 0, 0., 264, 1435, 1699, 1367, 0.8045909358446145
, generated\gt\sample_000079.krn, generated\xml_scaled\sample_000079.xml, 0, 0., 138, 13.649851632047477, 0, 0., 0, 0., 0, 0., 0, 0., 1, 0.09891196834817013, 0, 0., 0, 0., 0, 0., 3, 0.29673590504451036, 0, 0., 0, 0., 5, 0.49455984174085066, 0, 0., 0, 0., 0, 0., 0, 0., 0, 0., 4, 0.39564787339268054, 0, 0., 0, 0., 4, 0.39564787339268054, 0, 0., 0, 0., 0, 0., 0, 0., 0, 0., 0, 0., 0, 0., 0, 0., 0, 0., 851, 84.17408506429278, 0, 0., 0, 0., 0, 0., 5, 0.49455984174085066, 0, 0., 0, 0., 250, 1005, 1255, 1011, 0.8055776892430279
, generated\gt\sample_000321.krn, generated\xml_scaled\sample_000321.xml, 0, 0., 124, 8.206485771012574, 0, 0., 9, 0.5956320317670417, 0, 0., 0, 0., 0, 0., 0, 0., 0, 0., 4, 0.26472534745201853, 6, 0.3970880211780278, 2, 0.13236267372600927, 0, 0., 3, 0.1985440105890139, 0, 0., 0, 0., 0, 0., 0, 0., 0, 0., 4, 0.26472534745201853, 0, 0., 1, 0.06618133686300463, 24, 1.588352084712111, 0, 0., 0, 0., 0, 0., 0, 0., 0, 0., 0, 0., 0, 0., 0, 0., 0, 0., 1329, 87.95499669093316, 0, 0., 0, 0., 0, 0., 5, 0.3309066843150232, 0, 0., 0, 0., 285, 1590, 1875, 1511, 0.8058666666666666
, generated\gt\sample_000435.krn, generated\xml_scaled\sample_000435.xml, 0, 0., 139, 17.331670822942645, 0, 0., 4, 0.49875311720698257, 0, 0., 0, 0., 0, 0., 0, 0., 0, 0., 1, 0.12468827930174564, 5, 0.6234413965087282, 0, 0., 0, 0., 2, 0.24937655860349128, 0, 0., 1, 0.12468827930174564, 0, 0., 6, 0.7481296758104738, 10, 1.2468827930174564, 2, 0.24937655860349128, 1, 0.12468827930174564, 0, 0., 6, 0.7481296758104738, 0, 0., 0, 0., 0, 0., 0, 0., 0, 0., 0, 0., 0, 0., 0, 0., 0, 0., 620, 77.3067331670823, 0, 0., 0, 0., 0, 0., 5, 0.6234413965087282, 0, 0., 0, 0., 190, 804, 994, 802, 0.806841046277666
, generated\gt\sample_000009.krn, generated\xml_scaled\sample_000009.xml, 0, 0., 115, 7.12957222566646, 4, 0.24798512089274644, 0, 0., 1, 0.06199628022318661, 0, 0., 1, 0.06199628022318661, 0, 0., 0, 0., 0, 0., 0, 0., 0, 0., 0, 0., 0, 0., 4, 0.24798512089274644, 0, 0., 0, 0., 0, 0., 0, 0., 1, 0.06199628022318661, 0, 0., 0, 0., 0, 0., 0, 0., 0, 0., 0, 0., 0, 0., 0, 0., 0, 0., 0, 0., 0, 0., 0, 0., 1482, 91.87848729076255, 0, 0., 0, 0., 0, 0., 5, 0.30998140111593303, 0, 0., 0, 0., 259, 1738, 1997, 1613, 0.8077115673510266
, generated\gt\sample_000144.krn, generated\xml_scaled\sample_000144.xml, 0, 0., 49, 17.56272401433692, 6, 2.150537634408602, 3, 1.075268817204301, 0, 0., 0, 0., 1, 0.35842293906810035, 0, 0., 0, 0., 3, 1.075268817204301, 2, 0.7168458781362007, 0, 0., 0, 0., 0, 0., 0, 0., 1, 0.35842293906810035, 0, 0., 0, 0., 0, 0., 0, 0., 0, 0., 0, 0., 16, 5.734767025089606, 0, 0., 0, 0., 0, 0., 0, 0., 0, 0., 0, 0., 0, 0., 0, 0., 0, 0., 198, 70.96774193548387, 0, 0., 0, 0., 0, 0., 0, 0., 0, 0., 0, 0., 57, 288, 345, 279, 0.808695652173913
, generated\gt\sample_000601.krn, generated\xml_scaled\sample_000601.xml, 0, 0., 408, 46.31101021566402, 0, 0., 17, 1.9296254256526675, 7, 0.7945516458569807, 0, 0., 0, 0., 0, 0., 0, 0., 0, 0., 7, 0.7945516458569807, 0, 0., 0, 0., 4, 0.4540295119182747, 0, 0., 0, 0., 0, 0., 0, 0., 0, 0., 0, 0., 0, 0., 0, 0., 16, 1.8161180476730987, 0, 0., 0, 0., 0, 0., 0, 0., 0, 0., 0, 0., 0, 0., 0, 0., 0, 0., 417, 47.332576617480136, 0, 0., 0, 0., 0, 0., 5, 0.5675368898978433, 0, 0., 0, 0., 359, 729, 1088, 881, 0.8097426470588235
, generated\gt\sample_000611.krn, generated\xml_scaled\sample_000611.xml, 0, 0., 141, 12.061591103507272, 0, 0., 1, 0.0855431993156544, 0, 0., 0, 0., 1, 0.0855431993156544, 0, 0., 0, 0., 0, 0., 1, 0.0855431993156544, 0, 0., 0, 0., 0, 0., 4, 0.3421727972626176, 0, 0., 0, 0., 0, 0., 0, 0., 6, 0.5132591958939264, 0, 0., 1, 0.0855431993156544, 3, 0.2566295979469632, 0, 0., 0, 0., 0, 0., 0, 0., 0, 0., 0, 0., 0, 0., 0, 0., 0, 0., 1006, 86.05645851154833, 0, 0., 0, 0., 0, 0., 5, 0.42771599657827203, 0, 0., 0, 0., 194, 1247, 1441, 1169, 0.8112421929215823
, generated\gt\sample_000040.krn, generated\xml_scaled\sample_000040.xml, 0, 0., 144, 22.153846153846153, 2, 0.3076923076923077, 9, 1.3846153846153846, 1, 0.15384615384615385, 0, 0., 11, 1.6923076923076923, 0, 0., 0, 0., 0, 0., 1, 0.15384615384615385, 0, 0., 0, 0., 0, 0., 4, 0.6153846153846154, 3, 0.46153846153846156, 0, 0., 0, 0., 5, 0.7692307692307693, 3, 0.46153846153846156, 0, 0., 0, 0., 4, 0.6153846153846154, 0, 0., 0, 0., 0, 0., 0, 0., 0, 0., 0, 0., 0, 0., 0, 0., 0, 0., 458, 70.46153846153847, 0, 0., 0, 0., 0, 0., 5, 0.7692307692307693, 0, 0., 0, 0., 194, 605, 799, 650, 0.8135168961201502
, generated\gt\sample_000105.krn, generated\xml_scaled\sample_000105.xml, 0, 0., 104, 11.45374449339207, 0, 0., 3, 0.3303964757709251, 0, 0., 0, 0., 1, 0.11013215859030837, 0, 0., 0, 0., 0, 0., 1, 0.11013215859030837, 0, 0., 0, 0., 0, 0., 4, 0.44052863436123346, 0, 0., 0, 0., 0, 0., 0, 0., 1, 0.11013215859030837, 0, 0., 0, 0., 3, 0.3303964757709251, 0, 0., 0, 0., 0, 0., 0, 0., 0, 0., 0, 0., 0, 0., 0, 0., 0, 0., 786, 86.56387665198238, 0, 0., 0, 0., 0, 0., 5, 0.5506607929515418, 0, 0., 0, 0., 158, 957, 1115, 908, 0.8143497757847533
, generated\gt\sample_000123.krn, generated\xml_scaled\sample_000123.xml, 0, 0., 74, 6.5371024734982335, 0, 0., 2, 0.17667844522968199, 0, 0., 0, 0., 4, 0.35335689045936397, 0, 0., 0, 0., 3, 0.26501766784452296, 3, 0.26501766784452296, 0, 0., 0, 0., 0, 0., 4, 0.35335689045936397, 0, 0., 0, 0., 0, 0., 4, 0.35335689045936397, 0, 0., 0, 0., 0, 0., 1, 0.08833922261484099, 0, 0., 0, 0., 0, 0., 0, 0., 0, 0., 0, 0., 0, 0., 0, 0., 0, 0., 1032, 91.1660777385159, 0, 0., 0, 0., 0, 0., 5, 0.4416961130742049, 0, 0., 0, 0., 177, 1213, 1390, 1132, 0.814388489208633
, generated\gt\sample_000250.krn, generated\xml_scaled\sample_000250.xml, 0, 0., 31, 2.8703703703703702, 2, 0.18518518518518517, 0, 0., 11, 1.0185185185185186, 0, 0., 1, 0.09259259259259259, 0, 0., 0, 0., 3, 0.2777777777777778, 2, 0.18518518518518517, 0, 0., 0, 0., 2, 0.18518518518518517, 4, 0.37037037037037035, 2, 0.18518518518518517, 0, 0., 0, 0., 0, 0., 1, 0.09259259259259259, 0, 0., 0, 0., 1, 0.09259259259259259, 0, 0., 0, 0., 0, 0., 0, 0., 0, 0., 0, 0., 0, 0., 0, 0., 0, 0., 1015, 93.98148148148148, 0, 0., 0, 0., 0, 0., 5, 0.46296296296296297, 0, 0., 0, 0., 167, 1159, 1326, 1080, 0.8144796380090498
, generated\gt\sample_000536.krn, generated\xml_scaled\sample_000536.xml, 0, 0., 206, 23.67816091954023, 0, 0., 13, 1.4942528735632183, 2, 0.22988505747126436, 0, 0., 2, 0.22988505747126436, 0, 0., 0, 0., 0, 0., 18, 2.0689655172413794, 0, 0., 0, 0., 2, 0.22988505747126436, 0, 0., 0, 0., 0, 0., 4, 0.45977011494252873, 0, 0., 6, 0.6896551724137931, 0, 0., 0, 0., 9, 1.0344827586206897, 0, 0., 0, 0., 0, 0., 0, 0., 0, 0., 0, 0., 0, 0., 0, 0., 0, 0., 604, 69.42528735632185, 0, 0., 0, 0., 4, 0.45977011494252873, 0, 0., 0, 0., 0, 0., 262, 806, 1068, 870, 0.8146067415730337
, generated\gt\sample_000584.krn, generated\xml_scaled\sample_000584.xml, 0, 0., 127, 7.636800962116657, 0, 0., 2, 0.12026458208057728, 0, 0., 0, 0., 1, 0.06013229104028864, 0, 0., 0, 0., 0, 0., 6, 0.3607937462417318, 0, 0., 0, 0., 2, 0.12026458208057728, 4, 0.24052916416115455, 2, 0.12026458208057728, 0, 0., 0, 0., 0, 0., 3, 0.1803968731208659, 0, 0., 0, 0., 0, 0., 0, 0., 0, 0., 0, 0., 0, 0., 0, 0., 0, 0., 0, 0., 0, 0., 0, 0., 1511, 90.85989176187613, 0, 0., 0, 0., 0, 0., 5, 0.30066145520144316, 0, 0., 0, 0., 306, 1732, 2038, 1663, 0.8159960745829244
, generated\gt\sample_000346.krn, generated\xml_scaled\sample_000346.xml, 0, 0., 3, 0.14499758337361043, 0, 0., 0, 0., 0, 0., 0, 0., 0, 0., 0, 0., 0, 0., 0, 0., 1, 0.04833252779120348, 0, 0., 0, 0., 0, 0., 0, 0., 1, 0.04833252779120348, 0, 0., 0, 0., 0, 0., 0, 0., 0, 0., 0, 0., 3, 0.14499758337361043, 0, 0., 0, 0., 0, 0., 0, 0., 0, 0., 0, 0., 0, 0., 0, 0., 0, 0., 2061, 99.61333977767038, 0, 0., 0, 0., 0, 0., 0, 0., 0, 0., 0, 0., 234, 2301, 2535, 2069, 0.8161735700197239
, generated\gt\sample_000096.krn, generated\xml_scaled\sample_000096.xml, 0, 0., 233, 26.96759259259259, 0, 0., 20, 2.314814814814815, 0, 0., 0, 0., 0, 0., 0, 0., 0, 0., 1, 0.11574074074074074, 4, 0.46296296296296297, 2, 0.23148148148148148, 0, 0., 0, 0., 2, 0.23148148148148148, 0, 0., 0, 0., 0, 0., 0, 0., 1, 0.11574074074074074, 0, 0., 0, 0., 11, 1.2731481481481481, 0, 0., 0, 0., 0, 0., 0, 0., 0, 0., 0, 0., 0, 0., 0, 0., 0, 0., 585, 67.70833333333333, 0, 0., 0, 0., 0, 0., 5, 0.5787037037037037, 0, 0., 0, 0., 253, 803, 1056, 864, 0.8181818181818182
, generated\gt\sample_000300.krn, generated\xml_scaled\sample_000300.xml, 0, 0., 365, 42.19653179190752, 2, 0.23121387283236994, 6, 0.6936416184971098, 3, 0.3468208092485549, 2, 0.23121387283236994, 6, 0.6936416184971098, 0, 0., 0, 0., 0, 0., 25, 2.8901734104046244, 1, 0.11560693641618497, 0, 0., 4, 0.4624277456647399, 8, 0.9248554913294798, 5, 0.5780346820809249, 0, 0., 3, 0.3468208092485549, 0, 0., 0, 0., 0, 0., 0, 0., 3, 0.3468208092485549, 0, 0., 0, 0., 0, 0., 0, 0., 0, 0., 0, 0., 0, 0., 0, 0., 0, 0., 428, 49.47976878612717, 0, 0., 0, 0., 4, 0.4624277456647399, 0, 0., 0, 0., 0, 0., 330, 727, 1057, 865, 0.8183538315988647
, generated\gt\sample_000673.krn, generated\xml_scaled\sample_000673.xml, 0, 0., 170, 12.134189864382584, 0, 0., 4, 0.28551034975017847, 0, 0., 0, 0., 0, 0., 0, 0., 0, 0., 0, 0., 1, 0.07137758743754462, 0, 0., 0, 0., 0, 0., 4, 0.28551034975017847, 2, 0.14275517487508924, 0, 0., 0, 0., 0, 0., 2, 0.14275517487508924, 0, 0., 0, 0., 9, 0.6423982869379015, 0, 0., 0, 0., 0, 0., 0, 0., 0, 0., 0, 0., 0, 0., 0, 0., 0, 0., 1204, 85.93861527480371, 0, 0., 0, 0., 0, 0., 5, 0.35688793718772305, 0, 0., 0, 0., 269, 1442, 1711, 1401, 0.8188194038573934
, generated\gt\sample_000122.krn, generated\xml_scaled\sample_000122.xml, 0, 0., 81, 12.053571428571429, 0, 0., 5, 0.7440476190476191, 1, 0.1488095238095238, 0, 0., 0, 0., 0, 0., 0, 0., 0, 0., 0, 0., 0, 0., 0, 0., 0, 0., 0, 0., 0, 0., 0, 0., 0, 0., 4, 0.5952380952380952, 1, 0.1488095238095238, 0, 0., 0, 0., 4, 0.5952380952380952, 0, 0., 0, 0., 0, 0., 0, 0., 0, 0., 0, 0., 0, 0., 0, 0., 0, 0., 571, 84.9702380952381, 0, 0., 0, 0., 0, 0., 5, 0.7440476190476191, 0, 0., 0, 0., 143, 677, 820, 672, 0.8195121951219512
, generated\gt\sample_000549.krn, generated\xml_scaled\sample_000549.xml, 0, 0., 300, 17.191977077363898, 0, 0., 7, 0.40114613180515757, 1, 0.05730659025787966, 0, 0., 0, 0., 0, 0., 0, 0., 0, 0., 0, 0., 0, 0., 0, 0., 0, 0., 4, 0.22922636103151864, 0, 0., 0, 0., 0, 0., 0, 0., 0, 0., 0, 0., 0, 0., 2, 0.11461318051575932, 0, 0., 0, 0., 0, 0., 0, 0., 0, 0., 0, 0., 0, 0., 0, 0., 0, 0., 1426, 81.71919770773638, 0, 0., 0, 0., 0, 0., 5, 0.28653295128939826, 0, 0., 0, 0., 304, 1825, 2129, 1745, 0.8196336308125881
, generated\gt\sample_000666.krn, generated\xml_scaled\sample_000666.xml, 0, 0., 100, 14.43001443001443, 0, 0., 33, 4.761904761904762, 0, 0., 0, 0., 0, 0., 0, 0., 0, 0., 0, 0., 2, 0.2886002886002886, 1, 0.1443001443001443, 0, 0., 0, 0., 6, 0.8658008658008658, 0, 0., 0, 0., 0, 0., 8, 1.1544011544011543, 1, 0.1443001443001443, 0, 0., 0, 0., 1, 0.1443001443001443, 0, 0., 0, 0., 0, 0., 0, 0., 0, 0., 0, 0., 0, 0., 0, 0., 0, 0., 536, 77.34487734487735, 0, 0., 0, 0., 0, 0., 5, 0.7215007215007215, 0, 0., 0, 0., 190, 655, 845, 693, 0.8201183431952662
, generated\gt\sample_000291.krn, generated\xml_scaled\sample_000291.xml, 0, 0., 232, 25.635359116022098, 4, 0.4419889502762431, 3, 0.3314917127071823, 5, 0.5524861878453039, 0, 0., 8, 0.8839779005524862, 0, 0., 0, 0., 1, 0.11049723756906077, 5, 0.5524861878453039, 0, 0., 0, 0., 2, 0.22099447513812154, 8, 0.8839779005524862, 0, 0., 0, 0., 0, 0., 0, 0., 0, 0., 0, 0., 0, 0., 6, 0.6629834254143646, 0, 0., 0, 0., 0, 0., 0, 0., 0, 0., 0, 0., 0, 0., 0, 0., 0, 0., 627, 69.2817679558011, 0, 0., 0, 0., 4, 0.4419889502762431, 0, 0., 0, 0., 0, 0., 220, 883, 1103, 905, 0.8204895738893926
, generated\gt\sample_000600.krn, generated\xml_scaled\sample_000600.xml, 0, 0., 58, 7.099143206854345, 0, 0., 6, 0.7343941248470012, 0, 0., 0, 0., 2, 0.24479804161566707, 0, 0., 0, 0., 0, 0., 5, 0.6119951040391677, 0, 0., 0, 0., 1, 0.12239902080783353, 4, 0.48959608323133413, 4, 0.48959608323133413, 0, 0., 2, 0.24479804161566707, 0, 0., 0, 0., 0, 0., 0, 0., 0, 0., 0, 0., 0, 0., 0, 0., 0, 0., 0, 0., 0, 0., 0, 0., 0, 0., 0, 0., 730, 89.35128518971848, 0, 0., 0, 0., 0, 0., 5, 0.6119951040391677, 0, 0., 0, 0., 143, 852, 995, 817, 0.821105527638191
, generated\gt\sample_000679.krn, generated\xml_scaled\sample_000679.xml, 0, 0., 150, 19.37984496124031, 0, 0., 19, 2.454780361757106, 1, 0.12919896640826872, 0, 0., 1, 0.12919896640826872, 0, 0., 0, 0., 1, 0.12919896640826872, 2, 0.25839793281653745, 0, 0., 0, 0., 1, 0.12919896640826872, 0, 0., 0, 0., 0, 0., 0, 0., 0, 0., 1, 0.12919896640826872, 0, 0., 0, 0., 9, 1.1627906976744187, 0, 0., 0, 0., 0, 0., 0, 0., 0, 0., 0, 0., 0, 0., 0, 0., 0, 0., 584, 75.45219638242894, 0, 0., 0, 0., 0, 0., 5, 0.6459948320413437, 0, 0., 0, 0., 200, 739, 939, 774, 0.8242811501597445
, generated\gt\sample_000126.krn, generated\xml_scaled\sample_000126.xml, 0, 0., 440, 49.327354260089685, 0, 0., 47, 5.2690582959641254, 2, 0.2242152466367713, 0, 0., 1, 0.11210762331838565, 0, 0., 0, 0., 3, 0.336322869955157, 7, 0.7847533632286996, 0, 0., 0, 0., 3, 0.336322869955157, 6, 0.672645739910314, 6, 0.672645739910314, 0, 0., 1, 0.11210762331838565, 0, 0., 0, 0., 0, 0., 0, 0., 5, 0.5605381165919282, 0, 0., 0, 0., 0, 0., 0, 0., 0, 0., 0, 0., 0, 0., 0, 0., 0, 0., 358, 40.134529147982065, 0, 0., 0, 0., 13, 1.4573991031390134, 0, 0., 0, 0., 0, 0., 671, 411, 1082, 892, 0.8243992606284658
, generated\gt\sample_000632.krn, generated\xml_scaled\sample_000632.xml, 0, 0., 179, 18.665276329509908, 4, 0.4171011470281543, 3, 0.31282586027111575, 9, 0.9384775808133472, 4, 0.4171011470281543, 4, 0.4171011470281543, 0, 0., 0, 0., 0, 0., 5, 0.5213764337851929, 1, 0.10427528675703858, 0, 0., 2, 0.20855057351407716, 8, 0.8342022940563086, 0, 0., 0, 0., 1, 0.10427528675703858, 0, 0., 2, 0.20855057351407716, 0, 0., 0, 0., 16, 1.6684045881126173, 0, 0., 0, 0., 0, 0., 0, 0., 0, 0., 0, 0., 0, 0., 0, 0., 0, 0., 717, 74.76538060479666, 0, 0., 0, 0., 4, 0.4171011470281543, 0, 0., 0, 0., 0, 0., 198, 965, 1163, 959, 0.8245915735167669
, generated\gt\sample_000067.krn, generated\xml_scaled\sample_000067.xml, 0, 0., 98, 6.586021505376344, 0, 0., 0, 0., 0, 0., 0, 0., 0, 0., 0, 0., 0, 0., 0, 0., 4, 0.26881720430107525, 0, 0., 0, 0., 0, 0., 0, 0., 0, 0., 0, 0., 0, 0., 0, 0., 1, 0.06720430107526881, 0, 0., 0, 0., 2, 0.13440860215053763, 0, 0., 0, 0., 0, 0., 0, 0., 0, 0., 0, 0., 0, 0., 0, 0., 0, 0., 1378, 92.60752688172043, 0, 0., 0, 0., 0, 0., 5, 0.33602150537634407, 0, 0., 0, 0., 209, 1592, 1801, 1488, 0.8262076624097724
, generated\gt\sample_000470.krn, generated\xml_scaled\sample_000470.xml, 0, 0., 567, 57.97546012269939, 0, 0., 29, 2.965235173824131, 2, 0.20449897750511248, 4, 0.40899795501022496, 0, 0., 0, 0., 0, 0., 1, 0.10224948875255624, 1, 0.10224948875255624, 0, 0., 0, 0., 0, 0., 8, 0.8179959100204499, 2, 0.20449897750511248, 0, 0., 0, 0., 0, 0., 0, 0., 0, 0., 0, 0., 12, 1.2269938650306749, 0, 0., 0, 0., 0, 0., 0, 0., 0, 0., 0, 0., 0, 0., 0, 0., 0, 0., 348, 35.58282208588957, 0, 0., 0, 0., 4, 0.40899795501022496, 0, 0., 0, 0., 0, 0., 479, 703, 1182, 978, 0.8274111675126904
, generated\gt\sample_000125.krn, generated\xml_scaled\sample_000125.xml, 0, 0., 248, 15.519399249061326, 0, 0., 4, 0.2503128911138924, 1, 0.0625782227784731, 0, 0., 6, 0.37546933667083854, 0, 0., 0, 0., 0, 0., 3, 0.18773466833541927, 1, 0.0625782227784731, 0, 0., 0, 0., 4, 0.2503128911138924, 10, 0.6257822277847309, 0, 0., 0, 0., 24, 1.5018773466833542, 0, 0., 0, 0., 0, 0., 6, 0.37546933667083854, 0, 0., 0, 0., 0, 0., 0, 0., 0, 0., 0, 0., 0, 0., 0, 0., 0, 0., 1286, 80.47559449311639, 0, 0., 0, 0., 0, 0., 5, 0.31289111389236546, 0, 0., 0, 0., 313, 1618, 1931, 1598, 0.827550491973071
, generated\gt\sample_000020.krn, generated\xml_scaled\sample_000020.xml, 0, 0., 9, 0.5447941888619855, 0, 0., 0, 0., 0, 0., 0, 0., 0, 0., 0, 0., 0, 0., 2, 0.12106537530266344, 7, 0.423728813559322, 1, 0.06053268765133172, 0, 0., 0, 0., 0, 0., 1, 0.06053268765133172, 0, 0., 0, 0., 0, 0., 0, 0., 0, 0., 0, 0., 8, 0.48426150121065376, 0, 0., 0, 0., 0, 0., 0, 0., 0, 0., 0, 0., 0, 0., 0, 0., 0, 0., 1624, 98.30508474576271, 0, 0., 0, 0., 0, 0., 0, 0., 0, 0., 0, 0., 178, 1816, 1994, 1652, 0.8284854563691073
, generated\gt\sample_000008.krn, generated\xml_scaled\sample_000008.xml, 0, 0., 95, 4.410399257195914, 0, 0., 13, 0.6035283194057567, 3, 0.1392757660167131, 0, 0., 4, 0.18570102135561745, 0, 0., 0, 0., 0, 0., 3, 0.1392757660167131, 0, 0., 0, 0., 0, 0., 4, 0.18570102135561745, 0, 0., 0, 0., 0, 0., 0, 0., 6, 0.2785515320334262, 0, 0., 0, 0., 6, 0.2785515320334262, 0, 0., 0, 0., 0, 0., 0, 0., 0, 0., 0, 0., 0, 0., 0, 0., 0, 0., 2015, 93.54688950789229, 0, 0., 0, 0., 0, 0., 5, 0.23212627669452182, 0, 0., 0, 0., 301, 2297, 2598, 2154, 0.8290993071593533
, generated\gt\sample_000121.krn, generated\xml_scaled\sample_000121.xml, 0, 0., 278, 53.980582524271846, 0, 0., 2, 0.3883495145631068, 0, 0., 0, 0., 1, 0.1941747572815534, 0, 0., 0, 0., 0, 0., 0, 0., 0, 0., 0, 0., 3, 0.5825242718446602, 0, 0., 0, 0., 0, 0., 0, 0., 0, 0., 3, 0.5825242718446602, 1, 0.1941747572815534, 1, 0.1941747572815534, 4, 0.7766990291262136, 0, 0., 0, 0., 0, 0., 0, 0., 0, 0., 0, 0., 0, 0., 0, 0., 0, 0., 217, 42.13592233009709, 0, 0., 0, 0., 0, 0., 5, 0.970873786407767, 0, 0., 0, 0., 203, 418, 621, 515, 0.8293075684380032
, generated\gt\sample_000334.krn, generated\xml_scaled\sample_000334.xml, 0, 0., 334, 49.92526158445441, 0, 0., 18, 2.690582959641256, 0, 0., 0, 0., 0, 0., 0, 0., 0, 0., 1, 0.14947683109118087, 2, 0.29895366218236175, 0, 0., 0, 0., 0, 0., 0, 0., 0, 0., 0, 0., 0, 0., 0, 0., 6, 0.8968609865470852, 0, 0., 0, 0., 12, 1.7937219730941705, 0, 0., 2, 0.29895366218236175, 0, 0., 0, 0., 0, 0., 0, 0., 0, 0., 0, 0., 0, 0., 289, 43.19880418535127, 0, 0., 0, 0., 0, 0., 5, 0.7473841554559043, 0, 0., 0, 0., 343, 461, 804, 669, 0.832089552238806
, generated\gt\sample_000112.krn, generated\xml_scaled\sample_000112.xml, 0, 0., 239, 16.269571136827775, 0, 0., 15, 1.0211027910142954, 0, 0., 0, 0., 0, 0., 0, 0., 0, 0., 0, 0., 6, 0.4084411164057182, 0, 0., 0, 0., 3, 0.2042205582028591, 4, 0.27229407760381213, 2, 0.13614703880190607, 0, 0., 0, 0., 0, 0., 1, 0.06807351940095303, 0, 0., 0, 0., 1, 0.06807351940095303, 0, 0., 0, 0., 0, 0., 0, 0., 0, 0., 0, 0., 0, 0., 0, 0., 0, 0., 1193, 81.21170864533697, 0, 0., 0, 0., 0, 0., 5, 0.34036759700476515, 0, 0., 0, 0., 311, 1454, 1765, 1469, 0.8322946175637393
, generated\gt\sample_000405.krn, generated\xml_scaled\sample_000405.xml, 0, 0., 69, 8.857509627727856, 0, 0., 4, 0.5134788189987163, 0, 0., 0, 0., 0, 0., 0, 0., 0, 0., 0, 0., 6, 0.7702182284980744, 0, 0., 0, 0., 2, 0.25673940949935814, 6, 0.7702182284980744, 2, 0.25673940949935814, 0, 0., 0, 0., 0, 0., 2, 0.25673940949935814, 0, 0., 0, 0., 2, 0.25673940949935814, 0, 0., 0, 0., 0, 0., 0, 0., 0, 0., 0, 0., 0, 0., 0, 0., 0, 0., 681, 87.41976893453145, 0, 0., 0, 0., 0, 0., 5, 0.6418485237483954, 0, 0., 0, 0., 146, 789, 935, 779, 0.8331550802139037
, generated\gt\sample_000314.krn, generated\xml_scaled\sample_000314.xml, 0, 0., 117, 14.268292682926829, 0, 0., 4, 0.4878048780487805, 0, 0., 0, 0., 2, 0.24390243902439024, 0, 0., 0, 0., 0, 0., 4, 0.4878048780487805, 0, 0., 0, 0., 0, 0., 0, 0., 0, 0., 0, 0., 2, 0.24390243902439024, 10, 1.2195121951219512, 1, 0.12195121951219512, 0, 0., 0, 0., 4, 0.4878048780487805, 0, 0., 0, 0., 0, 0., 0, 0., 0, 0., 0, 0., 0, 0., 0, 0., 0, 0., 671, 81.82926829268293, 0, 0., 0, 0., 0, 0., 5, 0.6097560975609756, 0, 0., 0, 0., 177, 807, 984, 820, 0.8333333333333334
, generated\gt\sample_000579.krn, generated\xml_scaled\sample_000579.xml, 0, 0., 47, 3.1396125584502337, 0, 0., 0, 0., 1, 0.06680026720106881, 0, 0., 0, 0., 0, 0., 0, 0., 2, 0.13360053440213762, 7, 0.46760187040748163, 0, 0., 0, 0., 1, 0.06680026720106881, 2, 0.13360053440213762, 2, 0.13360053440213762, 0, 0., 2, 0.13360053440213762, 0, 0., 0, 0., 1, 0.06680026720106881, 1, 0.06680026720106881, 10, 0.6680026720106881, 0, 0., 0, 0., 0, 0., 0, 0., 0, 0., 0, 0., 0, 0., 0, 0., 0, 0., 1416, 94.58917835671343, 0, 0., 0, 0., 0, 0., 5, 0.33400133600534404, 0, 0., 0, 0., 167, 1629, 1796, 1497, 0.8335189309576837
, generated\gt\sample_000184.krn, generated\xml_scaled\sample_000184.xml, 0, 0., 131, 20.278637770897834, 6, 0.9287925696594427, 6, 0.9287925696594427, 3, 0.46439628482972134, 0, 0., 0, 0., 0, 0., 0, 0., 1, 0.15479876160990713, 4, 0.6191950464396285, 0, 0., 0, 0., 1, 0.15479876160990713, 2, 0.30959752321981426, 1, 0.15479876160990713, 0, 0., 0, 0., 4, 0.6191950464396285, 1, 0.15479876160990713, 0, 0., 0, 0., 4, 0.6191950464396285, 0, 0., 0, 0., 0, 0., 0, 0., 0, 0., 0, 0., 0, 0., 0, 0., 0, 0., 477, 73.83900928792569, 0, 0., 0, 0., 0, 0., 5, 0.7739938080495357, 0, 0., 0, 0., 154, 621, 775, 646, 0.8335483870967741
, generated\gt\sample_000191.krn, generated\xml_scaled\sample_000191.xml, 0, 0., 202, 32.79220779220779, 0, 0., 4, 0.6493506493506493, 0, 0., 0, 0., 2, 0.3246753246753247, 0, 0., 0, 0., 0, 0., 0, 0., 0, 0., 0, 0., 4, 0.6493506493506493, 0, 0., 0, 0., 0, 0., 0, 0., 0, 0., 0, 0., 0, 0., 0, 0., 7, 1.1363636363636365, 0, 0., 0, 0., 0, 0., 0, 0., 0, 0., 0, 0., 0, 0., 0, 0., 0, 0., 397, 64.44805194805195, 0, 0., 0, 0., 0, 0., 0, 0., 0, 0., 0, 0., 191, 548, 739, 616, 0.8335588633288228
, generated\gt\sample_000183.krn, generated\xml_scaled\sample_000183.xml, 0, 0., 116, 17.984496124031008, 2, 0.31007751937984496, 0, 0., 1, 0.15503875968992248, 2, 0.31007751937984496, 0, 0., 0, 0., 0, 0., 0, 0., 5, 0.7751937984496124, 1, 0.15503875968992248, 0, 0., 0, 0., 2, 0.31007751937984496, 0, 0., 0, 0., 0, 0., 0, 0., 1, 0.15503875968992248, 0, 0., 0, 0., 12, 1.8604651162790697, 0, 0., 0, 0., 0, 0., 0, 0., 0, 0., 0, 0., 0, 0., 0, 0., 0, 0., 498, 77.20930232558139, 0, 0., 0, 0., 0, 0., 5, 0.7751937984496124, 0, 0., 0, 0., 132, 641, 773, 645, 0.8344113842173351
, generated\gt\sample_000638.krn, generated\xml_scaled\sample_000638.xml, 0, 0., 188, 15.161290322580646, 2, 0.16129032258064516, 15, 1.2096774193548387, 2, 0.16129032258064516, 0, 0., 1, 0.08064516129032258, 0, 0., 0, 0., 0, 0., 4, 0.3225806451612903, 6, 0.4838709677419355, 0, 0., 0, 0., 4, 0.3225806451612903, 0, 0., 0, 0., 0, 0., 0, 0., 0, 0., 0, 0., 0, 0., 7, 0.5645161290322581, 0, 0., 0, 0., 0, 0., 0, 0., 0, 0., 0, 0., 0, 0., 0, 0., 0, 0., 1006, 81.12903225806451, 0, 0., 0, 0., 0, 0., 5, 0.4032258064516129, 0, 0., 0, 0., 250, 1236, 1486, 1240, 0.8344549125168237
, generated\gt\sample_000141.krn, generated\xml_scaled\sample_000141.xml, 0, 0., 110, 11.566771819137749, 16, 1.6824395373291272, 1, 0.10515247108307045, 0, 0., 0, 0., 2, 0.2103049421661409, 0, 0., 0, 0., 0, 0., 1, 0.10515247108307045, 0, 0., 0, 0., 2, 0.2103049421661409, 8, 0.8412197686645636, 5, 0.5257623554153522, 0, 0., 8, 0.8412197686645636, 0, 0., 0, 0., 0, 0., 0, 0., 16, 1.6824395373291272, 0, 0., 0, 0., 0, 0., 0, 0., 0, 0., 0, 0., 0, 0., 0, 0., 0, 0., 778, 81.80862250262881, 0, 0., 0, 0., 4, 0.4206098843322818, 0, 0., 0, 0., 0, 0., 194, 945, 1139, 951, 0.8349429323968394
, generated\gt\sample_000660.krn, generated\xml_scaled\sample_000660.xml, 0, 0., 38, 9.268292682926829, 0, 0., 3, 0.7317073170731707, 0, 0., 0, 0., 0, 0., 0, 0., 0, 0., 0, 0., 2, 0.4878048780487805, 0, 0., 0, 0., 0, 0., 0, 0., 0, 0., 0, 0., 0, 0., 0, 0., 3, 0.7317073170731707, 0, 0., 0, 0., 4, 0.975609756097561, 0, 0., 0, 0., 0, 0., 0, 0., 0, 0., 0, 0., 0, 0., 0, 0., 0, 0., 355, 86.58536585365853, 0, 0., 0, 0., 0, 0., 5, 1.2195121951219512, 0, 0., 0, 0., 72, 419, 491, 410, 0.835030549898167
, generated\gt\sample_000366.krn, generated\xml_scaled\sample_000366.xml, 0, 0., 195, 23.722627737226276, 0, 0., 11, 1.338199513381995, 0, 0., 0, 0., 2, 0.24330900243309003, 0, 0., 0, 0., 0, 0., 1, 0.12165450121654502, 0, 0., 0, 0., 2, 0.24330900243309003, 0, 0., 0, 0., 0, 0., 0, 0., 0, 0., 2, 0.24330900243309003, 0, 0., 0, 0., 12, 1.4598540145985401, 0, 0., 0, 0., 0, 0., 0, 0., 0, 0., 0, 0., 0, 0., 0, 0., 0, 0., 592, 72.01946472019465, 0, 0., 0, 0., 0, 0., 5, 0.6082725060827251, 0, 0., 0, 0., 235, 748, 983, 822, 0.8362156663275687
, generated\gt\sample_000012.krn, generated\xml_scaled\sample_000012.xml, 0, 0., 555, 24.59016393442623, 0, 0., 9, 0.3987594151528578, 0, 0., 20, 0.8861320336730173, 1, 0.044306601683650866, 0, 0., 0, 0., 0, 0., 2, 0.08861320336730173, 0, 0., 0, 0., 0, 0., 4, 0.17722640673460346, 0, 0., 0, 0., 0, 0., 0, 0., 2, 0.08861320336730173, 0, 0., 0, 0., 7, 0.31014621178555607, 0, 0., 0, 0., 0, 0., 0, 0., 0, 0., 0, 0., 0, 0., 0, 0., 0, 0., 1652, 73.19450598139123, 0, 0., 0, 0., 0, 0., 5, 0.22153300841825432, 0, 0., 0, 0., 565, 2132, 2697, 2257, 0.8368557656655543
, generated\gt\sample_000124.krn, generated\xml_scaled\sample_000124.xml, 0, 0., 109, 8.320610687022901, 0, 0., 1, 0.07633587786259542, 8, 0.6106870229007634, 0, 0., 0, 0., 0, 0., 0, 0., 4, 0.3053435114503817, 3, 0.22900763358778625, 0, 0., 0, 0., 0, 0., 4, 0.3053435114503817, 0, 0., 0, 0., 0, 0., 0, 0., 1, 0.07633587786259542, 0, 0., 0, 0., 8, 0.6106870229007634, 0, 0., 0, 0., 0, 0., 0, 0., 0, 0., 0, 0., 0, 0., 0, 0., 0, 0., 1167, 89.08396946564885, 0, 0., 0, 0., 0, 0., 5, 0.3816793893129771, 0, 0., 0, 0., 186, 1379, 1565, 1310, 0.8370607028753994
, generated\gt\sample_000003.krn, generated\xml_scaled\sample_000003.xml, 0, 0., 38, 1.9289340101522843, 0, 0., 0, 0., 0, 0., 0, 0., 0, 0., 0, 0., 0, 0., 1, 0.050761421319796954, 1, 0.050761421319796954, 0, 0., 0, 0., 0, 0., 0, 0., 0, 0., 0, 0., 0, 0., 0, 0., 0, 0., 0, 0., 0, 0., 7, 0.3553299492385787, 0, 0., 0, 0., 0, 0., 0, 0., 0, 0., 0, 0., 0, 0., 0, 0., 0, 0., 1923, 97.61421319796955, 0, 0., 0, 0., 0, 0., 0, 0., 0, 0., 0, 0., 232, 2121, 2353, 1970, 0.8372290692732681
, generated\gt\sample_000192.krn, generated\xml_scaled\sample_000192.xml, 0, 0., 82, 11.096075778078484, 0, 0., 3, 0.4059539918809202, 0, 0., 0, 0., 2, 0.2706359945872801, 0, 0., 0, 0., 0, 0., 0, 0., 0, 0., 0, 0., 0, 0., 4, 0.5412719891745602, 2, 0.2706359945872801, 0, 0., 0, 0., 14, 1.8944519621109608, 0, 0., 0, 0., 0, 0., 3, 0.4059539918809202, 0, 0., 0, 0., 0, 0., 0, 0., 0, 0., 0, 0., 0, 0., 0, 0., 0, 0., 624, 84.4384303112314, 0, 0., 0, 0., 0, 0., 5, 0.6765899864682002, 0, 0., 0, 0., 133, 748, 881, 739, 0.8388195232690124
, generated\gt\sample_000394.krn, generated\xml_scaled\sample_000394.xml, 0, 0., 133, 11.885612153708669, 0, 0., 2, 0.17873100983020554, 4, 0.3574620196604111, 2, 0.17873100983020554, 1, 0.08936550491510277, 0, 0., 0, 0., 1, 0.08936550491510277, 3, 0.2680965147453083, 0, 0., 0, 0., 0, 0., 4, 0.3574620196604111, 0, 0., 0, 0., 0, 0., 0, 0., 4, 0.3574620196604111, 0, 0., 0, 0., 3, 0.2680965147453083, 0, 0., 0, 0., 0, 0., 0, 0., 0, 0., 0, 0., 0, 0., 0, 0., 0, 0., 957, 85.52278820375335, 0, 0., 0, 0., 0, 0., 5, 0.44682752457551383, 0, 0., 0, 0., 210, 1124, 1334, 1119, 0.8388305847076462
, generated\gt\sample_000092.krn, generated\xml_scaled\sample_000092.xml, 0, 0., 115, 6.865671641791045, 0, 0., 21, 1.2537313432835822, 1, 0.05970149253731343, 0, 0., 3, 0.1791044776119403, 0, 0., 0, 0., 1, 0.05970149253731343, 3, 0.1791044776119403, 0, 0., 0, 0., 2, 0.11940298507462686, 4, 0.23880597014925373, 0, 0., 0, 0., 0, 0., 0, 0., 0, 0., 0, 0., 0, 0., 14, 0.835820895522388, 0, 0., 0, 0., 0, 0., 0, 0., 0, 0., 0, 0., 0, 0., 0, 0., 0, 0., 1506, 89.91044776119404, 0, 0., 0, 0., 0, 0., 5, 0.29850746268656714, 0, 0., 0, 0., 237, 1759, 1996, 1675, 0.8391783567134269
, generated\gt\sample_000521.krn, generated\xml_scaled\sample_000521.xml, 0, 0., 114, 12.582781456953642, 2, 0.22075055187637968, 4, 0.44150110375275936, 2, 0.22075055187637968, 0, 0., 0, 0., 0, 0., 0, 0., 0, 0., 3, 0.33112582781456956, 1, 0.11037527593818984, 0, 0., 2, 0.22075055187637968, 0, 0., 0, 0., 0, 0., 0, 0., 10, 1.1037527593818985, 2, 0.22075055187637968, 0, 0., 0, 0., 6, 0.6622516556291391, 0, 0., 0, 0., 0, 0., 0, 0., 0, 0., 0, 0., 0, 0., 0, 0., 0, 0., 755, 83.33333333333333, 0, 0., 0, 0., 0, 0., 5, 0.5518763796909493, 0, 0., 0, 0., 176, 903, 1079, 906, 0.8396663577386468
, generated\gt\sample_000289.krn, generated\xml_scaled\sample_000289.xml, 0, 0., 427, 33.75494071146245, 4, 0.31620553359683795, 21, 1.6600790513833992, 1, 0.07905138339920949, 0, 0., 0, 0., 0, 0., 0, 0., 0, 0., 25, 1.976284584980237, 0, 0., 0, 0., 2, 0.15810276679841898, 8, 0.6324110671936759, 0, 0., 0, 0., 0, 0., 0, 0., 4, 0.31620553359683795, 0, 0., 0, 0., 12, 0.9486166007905138, 0, 0., 0, 0., 0, 0., 0, 0., 0, 0., 0, 0., 0, 0., 0, 0., 0, 0., 757, 59.84189723320158, 0, 0., 0, 0., 4, 0.31620553359683795, 0, 0., 0, 0., 0, 0., 362, 1143, 1505, 1265, 0.840531561461794
, generated\gt\sample_000539.krn, generated\xml_scaled\sample_000539.xml, 0, 0., 90, 7.679180887372014, 0, 0., 6, 0.5119453924914675, 0, 0., 0, 0., 0, 0., 0, 0., 0, 0., 3, 0.25597269624573377, 1, 0.08532423208191127, 0, 0., 0, 0., 0, 0., 0, 0., 0, 0., 0, 0., 0, 0., 0, 0., 1, 0.08532423208191127, 0, 0., 0, 0., 6, 0.5119453924914675, 0, 0., 0, 0., 0, 0., 0, 0., 0, 0., 0, 0., 0, 0., 0, 0., 0, 0., 1060, 90.44368600682594, 0, 0., 0, 0., 0, 0., 5, 0.42662116040955633, 0, 0., 0, 0., 200, 1194, 1394, 1172, 0.8407460545193687
, generated\gt\sample_000139.krn, generated\xml_scaled\sample_000139.xml, 0, 0., 251, 22.51121076233184, 16, 1.4349775784753362, 12, 1.0762331838565022, 1, 0.08968609865470852, 0, 0., 1, 0.08968609865470852, 0, 0., 0, 0., 0, 0., 14, 1.2556053811659194, 0, 0., 0, 0., 2, 0.17937219730941703, 6, 0.5381165919282511, 1, 0.08968609865470852, 0, 0., 6, 0.5381165919282511, 0, 0., 0, 0., 0, 0., 0, 0., 14, 1.2556053811659194, 0, 0., 0, 0., 0, 0., 0, 0., 0, 0., 0, 0., 0, 0., 0, 0., 0, 0., 787, 70.5829596412556, 0, 0., 0, 0., 4, 0.35874439461883406, 0, 0., 0, 0., 0, 0., 299, 1026, 1325, 1115, 0.8415094339622642
, generated\gt\sample_000353.krn, generated\xml_scaled\sample_000353.xml, 0, 0., 0, 0., 0, 0., 0, 0., 0, 0., 0, 0., 0, 0., 0, 0., 0, 0., 0, 0., 6, 0.2849002849002849, 0, 0., 0, 0., 0, 0., 0, 0., 0, 0., 0, 0., 0, 0., 0, 0., 0, 0., 0, 0., 0, 0., 11, 0.5223171889838556, 0, 0., 0, 0., 0, 0., 0, 0., 0, 0., 0, 0., 0, 0., 0, 0., 0, 0., 2089, 99.19278252611586, 0, 0., 0, 0., 0, 0., 0, 0., 0, 0., 0, 0., 198, 2304, 2502, 2106, 0.841726618705036
, generated\gt\sample_000318.krn, generated\xml_scaled\sample_000318.xml, 0, 0., 0, 0., 0, 0., 0, 0., 0, 0., 0, 0., 1, 0.04948045522018803, 0, 0., 0, 0., 0, 0., 4, 0.1979218208807521, 0, 0., 0, 0., 0, 0., 0, 0., 0, 0., 0, 0., 3, 0.14844136566056407, 0, 0., 0, 0., 0, 0., 0, 0., 6, 0.29688273132112813, 0, 0., 0, 0., 0, 0., 0, 0., 0, 0., 0, 0., 0, 0., 0, 0., 0, 0., 2007, 99.30727362691736, 0, 0., 0, 0., 0, 0., 0, 0., 0, 0., 0, 0., 192, 2208, 2400, 2021, 0.8420833333333333
, generated\gt\sample_000054.krn, generated\xml_scaled\sample_000054.xml, 0, 0., 94, 17.870722433460077, 0, 0., 5, 0.9505703422053232, 8, 1.520912547528517, 0, 0., 0, 0., 0, 0., 0, 0., 2, 0.38022813688212925, 0, 0., 0, 0., 0, 0., 1, 0.19011406844106463, 2, 0.38022813688212925, 2, 0.38022813688212925, 0, 0., 0, 0., 4, 0.7604562737642585, 3, 0.5703422053231939, 0, 0., 0, 0., 4, 0.7604562737642585, 0, 0., 0, 0., 0, 0., 0, 0., 0, 0., 0, 0., 0, 0., 0, 0., 0, 0., 396, 75.2851711026616, 0, 0., 0, 0., 0, 0., 5, 0.9505703422053232, 0, 0., 0, 0., 121, 503, 624, 526, 0.842948717948718
, generated\gt\sample_000552.krn, generated\xml_scaled\sample_000552.xml, 0, 0., 56, 11.244979919678714, 6, 1.2048192771084338, 4, 0.8032128514056225, 3, 0.6024096385542169, 0, 0., 0, 0., 0, 0., 0, 0., 0, 0., 1, 0.20080321285140562, 0, 0., 0, 0., 0, 0., 4, 0.8032128514056225, 0, 0., 0, 0., 0, 0., 0, 0., 0, 0., 0, 0., 0, 0., 5, 1.0040160642570282, 0, 0., 0, 0., 0, 0., 0, 0., 0, 0., 0, 0., 0, 0., 0, 0., 0, 0., 414, 83.13253012048193, 0, 0., 0, 0., 0, 0., 5, 1.0040160642570282, 0, 0., 0, 0., 89, 501, 590, 498, 0.8440677966101695
, generated\gt\sample_000577.krn, generated\xml_scaled\sample_000577.xml, 0, 0., 120, 10.582010582010582, 0, 0., 24, 2.1164021164021163, 0, 0., 0, 0., 1, 0.08818342151675485, 0, 0., 0, 0., 0, 0., 2, 0.1763668430335097, 0, 0., 0, 0., 0, 0., 0, 0., 2, 0.1763668430335097, 0, 0., 0, 0., 0, 0., 2, 0.1763668430335097, 0, 0., 0, 0., 3, 0.26455026455026454, 0, 0., 0, 0., 0, 0., 0, 0., 0, 0., 0, 0., 0, 0., 0, 0., 0, 0., 975, 85.97883597883597, 0, 0., 0, 0., 0, 0., 5, 0.4409171075837742, 0, 0., 0, 0., 205, 1138, 1343, 1134, 0.8443782576321668
, generated\gt\sample_000010.krn, generated\xml_scaled\sample_000010.xml, 0, 0., 176, 10.244470314318976, 0, 0., 6, 0.3492433061699651, 3, 0.17462165308498254, 0, 0., 1, 0.05820721769499418, 0, 0., 0, 0., 0, 0., 1, 0.05820721769499418, 4, 0.23282887077997672, 0, 0., 0, 0., 4, 0.23282887077997672, 0, 0., 0, 0., 0, 0., 0, 0., 6, 0.3492433061699651, 0, 0., 0, 0., 10, 0.5820721769499418, 0, 0., 0, 0., 0, 0., 0, 0., 0, 0., 0, 0., 0, 0., 0, 0., 0, 0., 1502, 87.42724097788125, 0, 0., 0, 0., 0, 0., 5, 0.2910360884749709, 0, 0., 0, 0., 233, 1801, 2034, 1718, 0.8446411012782694
, generated\gt\sample_000514.krn, generated\xml_scaled\sample_000514.xml, 0, 0., 221, 18.728813559322035, 24, 2.0338983050847457, 11, 0.9322033898305084, 20, 1.694915254237288, 0, 0., 1, 0.0847457627118644, 0, 0., 0, 0., 1, 0.0847457627118644, 11, 0.9322033898305084, 0, 0., 0, 0., 0, 0., 8, 0.6779661016949152, 0, 0., 0, 0., 0, 0., 0, 0., 0, 0., 0, 0., 0, 0., 16, 1.3559322033898304, 0, 0., 0, 0., 0, 0., 0, 0., 0, 0., 0, 0., 0, 0., 0, 0., 0, 0., 863, 73.13559322033899, 0, 0., 0, 0., 4, 0.3389830508474576, 0, 0., 0, 0., 0, 0., 309, 1088, 1397, 1180, 0.8446671438797423
, generated\gt\sample_000128.krn, generated\xml_scaled\sample_000128.xml, 0, 0., 392, 58.074074074074076, 2, 0.2962962962962963, 22, 3.259259259259259, 0, 0., 0, 0., 0, 0., 0, 0., 0, 0., 0, 0., 1, 0.14814814814814814, 0, 0., 0, 0., 1, 0.14814814814814814, 2, 0.2962962962962963, 4, 0.5925925925925926, 0, 0., 2, 0.2962962962962963, 0, 0., 0, 0., 0, 0., 0, 0., 0, 0., 0, 0., 0, 0., 0, 0., 0, 0., 0, 0., 0, 0., 0, 0., 0, 0., 0, 0., 236, 34.96296296296296, 0, 0., 0, 0., 13, 1.9259259259259258, 0, 0., 0, 0., 0, 0., 464, 335, 799, 675, 0.8448060075093867
, generated\gt\sample_000061.krn, generated\xml_scaled\sample_000061.xml, 0, 0., 168, 17.31958762886598, 6, 0.6185567010309279, 0, 0., 19, 1.958762886597938, 0, 0., 1, 0.10309278350515463, 0, 0., 0, 0., 4, 0.41237113402061853, 3, 0.30927835051546393, 0, 0., 0, 0., 2, 0.20618556701030927, 4, 0.41237113402061853, 0, 0., 0, 0., 4, 0.41237113402061853, 0, 0., 0, 0., 0, 0., 0, 0., 4, 0.41237113402061853, 0, 0., 0, 0., 0, 0., 0, 0., 0, 0., 0, 0., 0, 0., 0, 0., 0, 0., 750, 77.31958762886597, 0, 0., 0, 0., 0, 0., 5, 0.5154639175257731, 0, 0., 0, 0., 202, 946, 1148, 970, 0.8449477351916377
, generated\gt\sample_000048.krn, generated\xml_scaled\sample_000048.xml, 0, 0., 341, 31.141552511415526, 2, 0.182648401826484, 10, 0.91324200913242, 2, 0.182648401826484, 0, 0., 1, 0.091324200913242, 0, 0., 0, 0., 1, 0.091324200913242, 2, 0.182648401826484, 0, 0., 0, 0., 0, 0., 4, 0.365296803652968, 2, 0.182648401826484, 0, 0., 0, 0., 0, 0., 0, 0., 0, 0., 0, 0., 12, 1.095890410958904, 0, 0., 0, 0., 0, 0., 0, 0., 0, 0., 0, 0., 0, 0., 0, 0., 0, 0., 714, 65.20547945205479, 0, 0., 0, 0., 4, 0.365296803652968, 0, 0., 0, 0., 0, 0., 324, 971, 1295, 1095, 0.8455598455598455
, generated\gt\sample_000127.krn, generated\xml_scaled\sample_000127.xml, 0, 0., 540, 38.488952245188884, 0, 0., 67, 4.775481111903065, 5, 0.3563791874554526, 0, 0., 2, 0.14255167498218105, 0, 0., 0, 0., 6, 0.4276550249465431, 3, 0.21382751247327156, 0, 0., 0, 0., 6, 0.4276550249465431, 12, 0.8553100498930862, 6, 0.4276550249465431, 0, 0., 0, 0., 0, 0., 1, 0.07127583749109052, 0, 0., 0, 0., 5, 0.3563791874554526, 0, 0., 0, 0., 0, 0., 0, 0., 0, 0., 0, 0., 0, 0., 0, 0., 0, 0., 737, 52.53029223093371, 0, 0., 0, 0., 13, 0.9265858873841768, 0, 0., 0, 0., 0, 0., 561, 1096, 1657, 1403, 0.8467109233554617
, generated\gt\sample_000189.krn, generated\xml_scaled\sample_000189.xml, 0, 0., 23, 2.6345933562428407, 0, 0., 1, 0.1145475372279496, 0, 0., 0, 0., 0, 0., 0, 0., 0, 0., 1, 0.1145475372279496, 1, 0.1145475372279496, 1, 0.1145475372279496, 0, 0., 0, 0., 0, 0., 0, 0., 0, 0., 1, 0.1145475372279496, 0, 0., 0, 0., 0, 0., 0, 0., 8, 0.9163802978235968, 0, 0., 0, 0., 0, 0., 0, 0., 0, 0., 0, 0., 0, 0., 0, 0., 0, 0., 837, 95.87628865979381, 0, 0., 0, 0., 0, 0., 0, 0., 0, 0., 0, 0., 101, 930, 1031, 873, 0.8467507274490785
, generated\gt\sample_000281.krn, generated\xml_scaled\sample_000281.xml, 0, 0., 112, 12.043010752688172, 0, 0., 0, 0., 0, 0., 0, 0., 0, 0., 0, 0., 0, 0., 0, 0., 9, 0.967741935483871, 0, 0., 0, 0., 3, 0.3225806451612903, 0, 0., 0, 0., 0, 0., 0, 0., 0, 0., 2, 0.21505376344086022, 0, 0., 0, 0., 12, 1.2903225806451613, 0, 0., 0, 0., 0, 0., 0, 0., 0, 0., 0, 0., 0, 0., 0, 0., 0, 0., 787, 84.6236559139785, 0, 0., 0, 0., 0, 0., 5, 0.5376344086021505, 0, 0., 0, 0., 163, 934, 1097, 930, 0.8477666362807658
, generated\gt\sample_000556.krn, generated\xml_scaled\sample_000556.xml, 0, 0., 13, 0.6871035940803383, 0, 0., 0, 0., 0, 0., 2, 0.10570824524312897, 0, 0., 0, 0., 0, 0., 0, 0., 2, 0.10570824524312897, 0, 0., 0, 0., 0, 0., 0, 0., 0, 0., 0, 0., 0, 0., 0, 0., 0, 0., 0, 0., 0, 0., 3, 0.15856236786469344, 0, 0., 0, 0., 0, 0., 0, 0., 0, 0., 0, 0., 0, 0., 0, 0., 0, 0., 1872, 98.94291754756871, 0, 0., 0, 0., 0, 0., 0, 0., 0, 0., 0, 0., 176, 2055, 2231, 1892, 0.848050201703272
, generated\gt\sample_000542.krn, generated\xml_scaled\sample_000542.xml, 0, 0., 261, 31.294964028776977, 0, 0., 2, 0.23980815347721823, 1, 0.11990407673860912, 0, 0., 0, 0., 0, 0., 0, 0., 1, 0.11990407673860912, 0, 0., 0, 0., 0, 0., 0, 0., 4, 0.47961630695443647, 0, 0., 0, 0., 0, 0., 0, 0., 1, 0.11990407673860912, 0, 0., 0, 0., 5, 0.5995203836930456, 0, 0., 0, 0., 0, 0., 0, 0., 0, 0., 0, 0., 0, 0., 0, 0., 0, 0., 554, 66.42685851318944, 0, 0., 0, 0., 0, 0., 5, 0.5995203836930456, 0, 0., 0, 0., 212, 771, 983, 834, 0.8484231943031536
, generated\gt\sample_000271.krn, generated\xml_scaled\sample_000271.xml, 0, 0., 302, 48.089171974522294, 0, 0., 10, 1.5923566878980893, 2, 0.3184713375796178, 0, 0., 1, 0.1592356687898089, 0, 0., 0, 0., 0, 0., 0, 0., 0, 0., 0, 0., 0, 0., 0, 0., 0, 0., 0, 0., 10, 1.5923566878980893, 0, 0., 2, 0.3184713375796178, 0, 0., 0, 0., 15, 2.388535031847134, 0, 0., 0, 0., 0, 0., 0, 0., 0, 0., 0, 0., 0, 0., 0, 0., 0, 0., 281, 44.745222929936304, 0, 0., 0, 0., 0, 0., 5, 0.7961783439490446, 0, 0., 0, 0., 324, 416, 740, 628, 0.8486486486486486
, generated\gt\sample_000277.krn, generated\xml_scaled\sample_000277.xml, 0, 0., 206, 23.25056433408578, 0, 0., 14, 1.580135440180587, 5, 0.5643340857787811, 0, 0., 0, 0., 0, 0., 0, 0., 0, 0., 1, 0.11286681715575621, 0, 0., 0, 0., 0, 0., 0, 0., 0, 0., 0, 0., 1, 0.11286681715575621, 0, 0., 2, 0.22573363431151242, 0, 0., 0, 0., 7, 0.7900677200902935, 0, 0., 0, 0., 0, 0., 0, 0., 0, 0., 0, 0., 0, 0., 0, 0., 0, 0., 645, 72.79909706546276, 0, 0., 0, 0., 0, 0., 5, 0.5643340857787811, 0, 0., 0, 0., 226, 818, 1044, 886, 0.8486590038314177
, generated\gt\sample_000293.krn, generated\xml_scaled\sample_000293.xml, 0, 0., 216, 18.66897147796024, 0, 0., 17, 1.4693171996542782, 0, 0., 0, 0., 7, 0.6050129645635264, 0, 0., 0, 0., 0, 0., 2, 0.17286084701815038, 0, 0., 0, 0., 2, 0.17286084701815038, 8, 0.6914433880726015, 0, 0., 0, 0., 0, 0., 0, 0., 0, 0., 0, 0., 0, 0., 6, 0.5185825410544511, 0, 0., 0, 0., 0, 0., 0, 0., 0, 0., 0, 0., 0, 0., 0, 0., 0, 0., 895, 77.3552290406223, 0, 0., 0, 0., 4, 0.34572169403630076, 0, 0., 0, 0., 0, 0., 254, 1107, 1361, 1157, 0.8501102130786187
, generated\gt\sample_000662.krn, generated\xml_scaled\sample_000662.xml, 0, 0., 112, 24.242424242424242, 0, 0., 4, 0.8658008658008658, 2, 0.4329004329004329, 0, 0., 0, 0., 0, 0., 0, 0., 0, 0., 3, 0.6493506493506493, 0, 0., 0, 0., 0, 0., 2, 0.4329004329004329, 0, 0., 0, 0., 0, 0., 0, 0., 0, 0., 0, 0., 0, 0., 8, 1.7316017316017316, 0, 0., 0, 0., 0, 0., 0, 0., 0, 0., 0, 0., 0, 0., 0, 0., 0, 0., 326, 70.56277056277057, 0, 0., 0, 0., 0, 0., 5, 1.0822510822510822, 0, 0., 0, 0., 125, 418, 543, 462, 0.850828729281768
, generated\gt\sample_000390.krn, generated\xml_scaled\sample_000390.xml, 0, 0., 300, 35.842293906810035, 0, 0., 6, 0.7168458781362007, 0, 0., 5, 0.5973715651135006, 0, 0., 0, 0., 0, 0., 0, 0., 2, 0.23894862604540024, 0, 0., 0, 0., 0, 0., 0, 0., 0, 0., 0, 0., 4, 0.4778972520908005, 0, 0., 2, 0.23894862604540024, 0, 0., 0, 0., 1, 0.11947431302270012, 0, 0., 0, 0., 0, 0., 0, 0., 0, 0., 0, 0., 0, 0., 0, 0., 0, 0., 512, 61.17084826762246, 0, 0., 0, 0., 0, 0., 5, 0.5973715651135006, 0, 0., 0, 0., 289, 694, 983, 837, 0.8514750762970499
, generated\gt\sample_000273.krn, generated\xml_scaled\sample_000273.xml, 0, 0., 351, 37.182203389830505, 0, 0., 18, 1.9067796610169492, 3, 0.3177966101694915, 0, 0., 0, 0., 0, 0., 0, 0., 0, 0., 1, 0.1059322033898305, 0, 0., 0, 0., 0, 0., 0, 0., 0, 0., 0, 0., 0, 0., 0, 0., 7, 0.7415254237288136, 1, 0.1059322033898305, 0, 0., 23, 2.4364406779661016, 0, 0., 0, 0., 0, 0., 0, 0., 0, 0., 0, 0., 0, 0., 0, 0., 0, 0., 535, 56.67372881355932, 0, 0., 0, 0., 0, 0., 5, 0.5296610169491526, 0, 0., 0, 0., 356, 752, 1108, 944, 0.851985559566787
, generated\gt\sample_000326.krn, generated\xml_scaled\sample_000326.xml, 0, 0., 179, 12.695035460992909, 0, 0., 9, 0.6382978723404256, 1, 0.07092198581560284, 0, 0., 0, 0., 0, 0., 0, 0., 2, 0.14184397163120568, 9, 0.6382978723404256, 1, 0.07092198581560284, 0, 0., 1, 0.07092198581560284, 4, 0.28368794326241137, 2, 0.14184397163120568, 0, 0., 0, 0., 0, 0., 3, 0.2127659574468085, 0, 0., 0, 0., 11, 0.7801418439716312, 0, 0., 0, 0., 0, 0., 0, 0., 0, 0., 0, 0., 0, 0., 0, 0., 0, 0., 1183, 83.90070921985816, 0, 0., 0, 0., 0, 0., 5, 0.3546099290780142, 0, 0., 0, 0., 178, 1474, 1652, 1410, 0.8535108958837773
, generated\gt\sample_000636.krn, generated\xml_scaled\sample_000636.xml, 0, 0., 169, 17.604166666666668, 0, 0., 12, 1.25, 1, 0.10416666666666667, 0, 0., 0, 0., 0, 0., 0, 0., 3, 0.3125, 2, 0.20833333333333334, 1, 0.10416666666666667, 0, 0., 2, 0.20833333333333334, 0, 0., 0, 0., 0, 0., 6, 0.625, 0, 0., 3, 0.3125, 0, 0., 0, 0., 2, 0.20833333333333334, 0, 0., 0, 0., 0, 0., 0, 0., 0, 0., 0, 0., 0, 0., 0, 0., 0, 0., 754, 78.54166666666667, 0, 0., 0, 0., 0, 0., 5, 0.5208333333333334, 0, 0., 0, 0., 207, 917, 1124, 960, 0.8540925266903915
, generated\gt\sample_000634.krn, generated\xml_scaled\sample_000634.xml, 0, 0., 194, 38.415841584158414, 4, 0.7920792079207921, 5, 0.9900990099009901, 14, 2.772277227722772, 2, 0.39603960396039606, 4, 0.7920792079207921, 0, 0., 0, 0., 0, 0., 2, 0.39603960396039606, 0, 0., 0, 0., 2, 0.39603960396039606, 8, 1.5841584158415842, 22, 4.356435643564357, 0, 0., 0, 0., 0, 0., 12, 2.376237623762376, 0, 0., 0, 0., 1, 0.19801980198019803, 0, 0., 0, 0., 0, 0., 0, 0., 0, 0., 0, 0., 0, 0., 0, 0., 0, 0., 231, 45.742574257425744, 0, 0., 0, 0., 4, 0.7920792079207921, 0, 0., 0, 0., 0, 0., 177, 414, 591, 505, 0.8544839255499154
, generated\gt\sample_000357.krn, generated\xml_scaled\sample_000357.xml, 0, 0., 86, 9.327548806941431, 0, 0., 9, 0.9761388286334056, 7, 0.7592190889370932, 4, 0.43383947939262474, 0, 0., 0, 0., 0, 0., 0, 0., 1, 0.10845986984815618, 1, 0.10845986984815618, 0, 0., 0, 0., 4, 0.43383947939262474, 2, 0.21691973969631237, 0, 0., 0, 0., 0, 0., 5, 0.5422993492407809, 0, 0., 0, 0., 5, 0.5422993492407809, 0, 0., 0, 0., 0, 0., 0, 0., 6, 0.6507592190889371, 0, 0., 0, 0., 0, 0., 0, 0., 787, 85.35791757049891, 0, 0., 0, 0., 0, 0., 5, 0.5422993492407809, 0, 0., 0, 0., 152, 927, 1079, 922, 0.8544949026876738
, generated\gt\sample_000091.krn, generated\xml_scaled\sample_000091.xml, 0, 0., 121, 8.126259234385493, 0, 0., 18, 1.2088650100738751, 0, 0., 0, 0., 0, 0., 0, 0., 0, 0., 2, 0.1343183344526528, 0, 0., 0, 0., 0, 0., 2, 0.1343183344526528, 4, 0.2686366689053056, 0, 0., 0, 0., 0, 0., 0, 0., 0, 0., 0, 0., 0, 0., 10, 0.6715916722632639, 0, 0., 0, 0., 0, 0., 0, 0., 0, 0., 0, 0., 0, 0., 0, 0., 0, 0., 1327, 89.12021490933512, 0, 0., 0, 0., 0, 0., 5, 0.33579583613163194, 0, 0., 0, 0., 225, 1517, 1742, 1489, 0.8547646383467279
, generated\gt\sample_000032.krn, generated\xml_scaled\sample_000032.xml, 0, 0., 260, 25.21823472356935, 6, 0.5819592628516004, 26, 2.521823472356935, 2, 0.19398642095053345, 2, 0.19398642095053345, 3, 0.2909796314258002, 0, 0., 0, 0., 0, 0., 17, 1.6488845780795345, 0, 0., 0, 0., 2, 0.19398642095053345, 0, 0., 0, 0., 0, 0., 0, 0., 0, 0., 0, 0., 0, 0., 0, 0., 5, 0.48496605237633367, 0, 0., 0, 0., 0, 0., 0, 0., 0, 0., 0, 0., 0, 0., 0, 0., 0, 0., 704, 68.28322017458778, 0, 0., 0, 0., 4, 0.3879728419010669, 0, 0., 0, 0., 0, 0., 348, 857, 1205, 1031, 0.8556016597510373
, generated\gt\sample_000145.krn, generated\xml_scaled\sample_000145.xml, 0, 0., 144, 19.27710843373494, 2, 0.2677376171352075, 15, 2.0080321285140563, 1, 0.13386880856760375, 0, 0., 2, 0.2677376171352075, 0, 0., 0, 0., 1, 0.13386880856760375, 5, 0.6693440428380187, 2, 0.2677376171352075, 0, 0., 0, 0., 0, 0., 2, 0.2677376171352075, 0, 0., 2, 0.2677376171352075, 0, 0., 2, 0.2677376171352075, 1, 0.13386880856760375, 1, 0.13386880856760375, 0, 0., 0, 0., 0, 0., 0, 0., 0, 0., 0, 0., 0, 0., 0, 0., 0, 0., 0, 0., 562, 75.2342704149933, 0, 0., 0, 0., 0, 0., 5, 0.6693440428380187, 0, 0., 0, 0., 193, 680, 873, 747, 0.8556701030927835
, generated\gt\sample_000204.krn, generated\xml_scaled\sample_000204.xml, 0, 0., 171, 13.593004769475357, 0, 0., 31, 2.46422893481717, 0, 0., 0, 0., 0, 0., 0, 0., 0, 0., 0, 0., 2, 0.1589825119236884, 0, 0., 0, 0., 0, 0., 4, 0.3179650238473768, 0, 0., 0, 0., 0, 0., 2, 0.1589825119236884, 4, 0.3179650238473768, 0, 0., 0, 0., 1, 0.0794912559618442, 0, 0., 0, 0., 0, 0., 0, 0., 0, 0., 0, 0., 0, 0., 0, 0., 0, 0., 1038, 82.51192368839428, 0, 0., 0, 0., 0, 0., 5, 0.397456279809221, 0, 0., 0, 0., 232, 1237, 1469, 1258, 0.8563648740639891
, generated\gt\sample_000464.krn, generated\xml_scaled\sample_000464.xml, 0, 0., 318, 20.306513409961685, 0, 0., 9, 0.5747126436781609, 4, 0.2554278416347382, 0, 0., 3, 0.19157088122605365, 0, 0., 0, 0., 0, 0., 9, 0.5747126436781609, 0, 0., 0, 0., 0, 0., 8, 0.5108556832694764, 4, 0.2554278416347382, 0, 0., 0, 0., 0, 0., 0, 0., 0, 0., 0, 0., 12, 0.7662835249042146, 0, 0., 0, 0., 0, 0., 0, 0., 0, 0., 0, 0., 0, 0., 0, 0., 0, 0., 1195, 76.30906768837804, 0, 0., 0, 0., 4, 0.2554278416347382, 0, 0., 0, 0., 0, 0., 390, 1438, 1828, 1566, 0.8566739606126915
, generated\gt\sample_000173.krn, generated\xml_scaled\sample_000173.xml, 0, 0., 22, 1.839464882943144, 2, 0.16722408026755853, 1, 0.08361204013377926, 1, 0.08361204013377926, 0, 0., 0, 0., 0, 0., 0, 0., 0, 0., 3, 0.2508361204013378, 0, 0., 0, 0., 0, 0., 4, 0.33444816053511706, 2, 0.16722408026755853, 0, 0., 0, 0., 0, 0., 0, 0., 0, 0., 0, 0., 4, 0.33444816053511706, 0, 0., 0, 0., 0, 0., 0, 0., 0, 0., 0, 0., 0, 0., 0, 0., 0, 0., 1152, 96.32107023411372, 0, 0., 0, 0., 0, 0., 5, 0.4180602006688963, 0, 0., 0, 0., 125, 1271, 1396, 1196, 0.8567335243553008
, generated\gt\sample_000436.krn, generated\xml_scaled\sample_000436.xml, 0, 0., 210, 15.555555555555555, 0, 0., 8, 0.5925925925925926, 1, 0.07407407407407407, 4, 0.2962962962962963, 1, 0.07407407407407407, 0, 0., 0, 0., 0, 0., 3, 0.2222222222222222, 0, 0., 0, 0., 0, 0., 4, 0.2962962962962963, 0, 0., 0, 0., 0, 0., 6, 0.4444444444444444, 1, 0.07407407407407407, 0, 0., 1, 0.07407407407407407, 11, 0.8148148148148148, 0, 0., 0, 0., 0, 0., 0, 0., 6, 0.4444444444444444, 0, 0., 0, 0., 0, 0., 0, 0., 1089, 80.66666666666667, 0, 0., 0, 0., 0, 0., 5, 0.37037037037037035, 0, 0., 0, 0., 248, 1327, 1575, 1350, 0.8571428571428571
, generated\gt\sample_000333.krn, generated\xml_scaled\sample_000333.xml, 0, 0., 266, 24.050632911392405, 0, 0., 33, 2.9837251356238697, 0, 0., 0, 0., 0, 0., 0, 0., 0, 0., 0, 0., 2, 0.18083182640144665, 0, 0., 0, 0., 0, 0., 4, 0.3616636528028933, 1, 0.09041591320072333, 0, 0., 10, 0.9041591320072333, 0, 0., 0, 0., 0, 0., 0, 0., 2, 0.18083182640144665, 0, 0., 0, 0., 0, 0., 0, 0., 12, 1.0849909584086799, 0, 0., 0, 0., 0, 0., 0, 0., 771, 69.71066907775769, 0, 0., 0, 0., 0, 0., 5, 0.45207956600361665, 0, 0., 0, 0., 312, 978, 1290, 1106, 0.8573643410852713
, generated\gt\sample_000540.krn, generated\xml_scaled\sample_000540.xml, 0, 0., 295, 22.553516819571865, 6, 0.45871559633027525, 19, 1.452599388379205, 0, 0., 0, 0., 0, 0., 0, 0., 0, 0., 2, 0.1529051987767584, 2, 0.1529051987767584, 0, 0., 0, 0., 0, 0., 4, 0.3058103975535168, 0, 0., 0, 0., 0, 0., 0, 0., 0, 0., 0, 0., 0, 0., 9, 0.6880733944954128, 0, 0., 0, 0., 0, 0., 0, 0., 0, 0., 0, 0., 0, 0., 0, 0., 0, 0., 966, 73.85321100917432, 0, 0., 0, 0., 0, 0., 5, 0.382262996941896, 0, 0., 0, 0., 297, 1228, 1525, 1308, 0.8577049180327869
, generated\gt\sample_000559.krn, generated\xml_scaled\sample_000559.xml, 0, 0., 104, 6.23875224955009, 0, 0., 0, 0., 0, 0., 0, 0., 3, 0.1799640071985603, 0, 0., 0, 0., 0, 0., 4, 0.23995200959808038, 1, 0.059988002399520096, 0, 0., 0, 0., 0, 0., 0, 0., 0, 0., 0, 0., 0, 0., 0, 0., 0, 0., 0, 0., 10, 0.5998800239952009, 0, 0., 0, 0., 0, 0., 0, 0., 0, 0., 0, 0., 0, 0., 0, 0., 0, 0., 1545, 92.68146370725854, 0, 0., 0, 0., 0, 0., 0, 0., 0, 0., 0, 0., 218, 1723, 1941, 1667, 0.8588356517259145
, generated\gt\sample_000555.krn, generated\xml_scaled\sample_000555.xml, 0, 0., 129, 18.859649122807017, 0, 0., 7, 1.023391812865497, 3, 0.43859649122807015, 0, 0., 2, 0.29239766081871343, 0, 0., 0, 0., 0, 0., 1, 0.14619883040935672, 1, 0.14619883040935672, 0, 0., 1, 0.14619883040935672, 4, 0.5847953216374269, 2, 0.29239766081871343, 0, 0., 0, 0., 0, 0., 1, 0.14619883040935672, 0, 0., 0, 0., 8, 1.1695906432748537, 0, 0., 0, 0., 0, 0., 0, 0., 0, 0., 0, 0., 0, 0., 0, 0., 0, 0., 520, 76.0233918128655, 0, 0., 0, 0., 0, 0., 5, 0.7309941520467836, 0, 0., 0, 0., 151, 645, 796, 684, 0.8592964824120602
, generated\gt\sample_000053.krn, generated\xml_scaled\sample_000053.xml, 0, 0., 0, 0., 0, 0., 0, 0., 0, 0., 0, 0., 0, 0., 0, 0., 0, 0., 0, 0., 5, 0.20644095788604458, 0, 0., 0, 0., 0, 0., 0, 0., 0, 0., 0, 0., 0, 0., 0, 0., 0, 0., 0, 0., 0, 0., 11, 0.4541701073492981, 0, 0., 0, 0., 0, 0., 0, 0., 0, 0., 0, 0., 0, 0., 0, 0., 0, 0., 2406, 99.33938893476466, 0, 0., 0, 0., 0, 0., 0, 0., 0, 0., 0, 0., 198, 2620, 2818, 2422, 0.8594748048261178
, generated\gt\sample_000342.krn, generated\xml_scaled\sample_000342.xml, 0, 0., 139, 16.087962962962962, 0, 0., 12, 1.3888888888888888, 5, 0.5787037037037037, 0, 0., 0, 0., 0, 0., 0, 0., 0, 0., 1, 0.11574074074074074, 0, 0., 0, 0., 2, 0.23148148148148148, 0, 0., 0, 0., 0, 0., 0, 0., 0, 0., 2, 0.23148148148148148, 0, 0., 0, 0., 8, 0.9259259259259259, 0, 0., 0, 0., 0, 0., 0, 0., 0, 0., 0, 0., 0, 0., 0, 0., 0, 0., 690, 79.86111111111111, 0, 0., 0, 0., 0, 0., 5, 0.5787037037037037, 0, 0., 0, 0., 170, 835, 1005, 864, 0.8597014925373134
, generated\gt\sample_000272.krn, generated\xml_scaled\sample_000272.xml, 0, 0., 559, 78.40112201963534, 0, 0., 18, 2.524544179523142, 0, 0., 0, 0., 0, 0., 0, 0., 0, 0., 0, 0., 1, 0.1402524544179523, 0, 0., 0, 0., 0, 0., 4, 0.5610098176718092, 0, 0., 0, 0., 0, 0., 0, 0., 3, 0.42075736325385693, 0, 0., 0, 0., 23, 3.225806451612903, 0, 0., 0, 0., 0, 0., 0, 0., 0, 0., 0, 0., 0, 0., 0, 0., 0, 0., 100, 14.025245441795231, 0, 0., 0, 0., 0, 0., 5, 0.7012622720897616, 0, 0., 0, 0., 439, 389, 828, 713, 0.8611111111111112
, generated\gt\sample_000049.krn, generated\xml_scaled\sample_000049.xml, 0, 0., 423, 35.60606060606061, 0, 0., 14, 1.1784511784511784, 2, 0.16835016835016836, 0, 0., 4, 0.3367003367003367, 0, 0., 0, 0., 0, 0., 5, 0.4208754208754209, 0, 0., 0, 0., 0, 0., 4, 0.3367003367003367, 4, 0.3367003367003367, 0, 0., 0, 0., 0, 0., 0, 0., 0, 0., 0, 0., 7, 0.5892255892255892, 0, 0., 0, 0., 0, 0., 0, 0., 0, 0., 0, 0., 0, 0., 0, 0., 0, 0., 721, 60.69023569023569, 0, 0., 0, 0., 4, 0.3367003367003367, 0, 0., 0, 0., 0, 0., 387, 992, 1379, 1188, 0.8614938361131255
, generated\gt\sample_000548.krn, generated\xml_scaled\sample_000548.xml, 0, 0., 221, 11.830835117773018, 0, 0., 9, 0.4817987152034261, 0, 0., 0, 0., 1, 0.05353319057815846, 0, 0., 0, 0., 0, 0., 2, 0.10706638115631692, 0, 0., 0, 0., 2, 0.10706638115631692, 4, 0.21413276231263384, 2, 0.10706638115631692, 0, 0., 0, 0., 0, 0., 0, 0., 0, 0., 0, 0., 4, 0.21413276231263384, 0, 0., 0, 0., 0, 0., 0, 0., 0, 0., 0, 0., 0, 0., 0, 0., 0, 0., 1618, 86.61670235546039, 0, 0., 0, 0., 0, 0., 5, 0.2676659528907923, 0, 0., 0, 0., 285, 1881, 2166, 1868, 0.8624192059095106
, generated\gt\sample_000644.krn, generated\xml_scaled\sample_000644.xml, 0, 0., 262, 16.202844774273345, 2, 0.12368583797155226, 36, 2.226345083487941, 4, 0.24737167594310452, 0, 0., 0, 0., 0, 0., 0, 0., 0, 0., 7, 0.4329004329004329, 1, 0.06184291898577613, 0, 0., 2, 0.12368583797155226, 4, 0.24737167594310452, 0, 0., 0, 0., 0, 0., 0, 0., 0, 0., 0, 0., 0, 0., 12, 0.7421150278293135, 0, 0., 0, 0., 0, 0., 0, 0., 0, 0., 0, 0., 0, 0., 0, 0., 0, 0., 1282, 79.282622139765, 0, 0., 0, 0., 0, 0., 5, 0.30921459492888065, 0, 0., 0, 0., 325, 1549, 1874, 1617, 0.8628601921024547
, generated\gt\sample_000344.krn, generated\xml_scaled\sample_000344.xml, 0, 0., 0, 0., 0, 0., 0, 0., 0, 0., 0, 0., 0, 0., 0, 0., 0, 0., 1, 0.0791765637371338, 0, 0., 0, 0., 0, 0., 0, 0., 0, 0., 1, 0.0791765637371338, 0, 0., 0, 0., 0, 0., 0, 0., 0, 0., 0, 0., 1, 0.0791765637371338, 0, 0., 0, 0., 0, 0., 0, 0., 0, 0., 0, 0., 0, 0., 0, 0., 0, 0., 1260, 99.7624703087886, 0, 0., 0, 0., 0, 0., 0, 0., 0, 0., 0, 0., 101, 1362, 1463, 1263, 0.8632946001367054
, generated\gt\sample_000633.krn, generated\xml_scaled\sample_000633.xml, 0, 0., 195, 23.353293413173652, 12, 1.437125748502994, 3, 0.3592814371257485, 10, 1.1976047904191616, 2, 0.23952095808383234, 0, 0., 0, 0., 0, 0., 0, 0., 0, 0., 0, 0., 0, 0., 4, 0.47904191616766467, 8, 0.9580838323353293, 17, 2.035928143712575, 0, 0., 1, 0.11976047904191617, 0, 0., 3, 0.3592814371257485, 0, 0., 0, 0., 0, 0., 0, 0., 0, 0., 0, 0., 0, 0., 0, 0., 0, 0., 0, 0., 0, 0., 0, 0., 576, 68.98203592814372, 0, 0., 0, 0., 4, 0.47904191616766467, 0, 0., 0, 0., 0, 0., 181, 786, 967, 835, 0.8634953464322648
, generated\gt\sample_000205.krn, generated\xml_scaled\sample_000205.xml, 0, 0., 147, 11.386522075910147, 0, 0., 9, 0.69713400464756, 8, 0.6196746707978311, 0, 0., 0, 0., 0, 0., 0, 0., 0, 0., 3, 0.23237800154918667, 0, 0., 0, 0., 1, 0.07745933384972889, 4, 0.30983733539891556, 1, 0.07745933384972889, 0, 0., 0, 0., 0, 0., 1, 0.07745933384972889, 0, 0., 0, 0., 0, 0., 0, 0., 0, 0., 0, 0., 0, 0., 0, 0., 0, 0., 0, 0., 0, 0., 0, 0., 1112, 86.13477924089852, 0, 0., 0, 0., 0, 0., 5, 0.3872966692486445, 0, 0., 0, 0., 226, 1269, 1495, 1291, 0.8635451505016722
, generated\gt\sample_000512.krn, generated\xml_scaled\sample_000512.xml, 0, 0., 413, 34.16046319272126, 2, 0.1654259718775848, 27, 2.2332506203473947, 0, 0., 0, 0., 1, 0.0827129859387924, 0, 0., 0, 0., 1, 0.0827129859387924, 0, 0., 0, 0., 0, 0., 2, 0.1654259718775848, 8, 0.6617038875103392, 2, 0.1654259718775848, 0, 0., 0, 0., 0, 0., 1, 0.0827129859387924, 0, 0., 0, 0., 8, 0.6617038875103392, 0, 0., 0, 0., 0, 0., 0, 0., 0, 0., 0, 0., 0, 0., 0, 0., 0, 0., 740, 61.20760959470637, 0, 0., 0, 0., 4, 0.3308519437551696, 0, 0., 0, 0., 0, 0., 387, 1011, 1398, 1209, 0.8648068669527897
, generated\gt\sample_000497.krn, generated\xml_scaled\sample_000497.xml, 0, 0., 0, 0., 0, 0., 0, 0., 0, 0., 0, 0., 0, 0., 0, 0., 0, 0., 0, 0., 1, 0.04880429477794046, 2, 0.09760858955588092, 0, 0., 0, 0., 0, 0., 0, 0., 0, 0., 0, 0., 0, 0., 0, 0., 0, 0., 0, 0., 4, 0.19521717911176184, 0, 0., 0, 0., 0, 0., 0, 0., 0, 0., 0, 0., 0, 0., 0, 0., 0, 0., 2042, 99.65836993655442, 0, 0., 0, 0., 0, 0., 0, 0., 0, 0., 0, 0., 162, 2207, 2369, 2049, 0.8649219079780498
, generated\gt\sample_000482.krn, generated\xml_scaled\sample_000482.xml, 0, 0., 99, 7.205240174672489, 0, 0., 5, 0.363901018922853, 1, 0.07278020378457059, 0, 0., 7, 0.5094614264919942, 0, 0., 0, 0., 0, 0., 1, 0.07278020378457059, 0, 0., 0, 0., 2, 0.14556040756914118, 0, 0., 4, 0.29112081513828236, 0, 0., 0, 0., 0, 0., 0, 0., 0, 0., 0, 0., 1, 0.07278020378457059, 0, 0., 0, 0., 0, 0., 0, 0., 0, 0., 0, 0., 0, 0., 0, 0., 0, 0., 1249, 90.90247452692867, 0, 0., 0, 0., 0, 0., 5, 0.363901018922853, 0, 0., 0, 0., 186, 1400, 1586, 1374, 0.8663303909205549
, generated\gt\sample_000437.krn, generated\xml_scaled\sample_000437.xml, 0, 0., 0, 0., 0, 0., 0, 0., 0, 0., 0, 0., 1, 0.062421972534332085, 0, 0., 0, 0., 0, 0., 0, 0., 0, 0., 0, 0., 0, 0., 0, 0., 0, 0., 0, 0., 0, 0., 0, 0., 0, 0., 0, 0., 0, 0., 12, 0.7490636704119851, 0, 0., 0, 0., 0, 0., 0, 0., 0, 0., 0, 0., 0, 0., 0, 0., 0, 0., 1589, 99.18851435705368, 0, 0., 0, 0., 0, 0., 0, 0., 0, 0., 0, 0., 124, 1724, 1848, 1602, 0.8668831168831169
, generated\gt\sample_000249.krn, generated\xml_scaled\sample_000249.xml, 0, 0., 147, 12.219451371571072, 2, 0.1662510390689942, 0, 0., 15, 1.2468827930174564, 0, 0., 6, 0.49875311720698257, 0, 0., 0, 0., 3, 0.24937655860349128, 2, 0.1662510390689942, 0, 0., 0, 0., 5, 0.41562759767248547, 4, 0.3325020781379884, 0, 0., 0, 0., 0, 0., 0, 0., 3, 0.24937655860349128, 1, 0.0831255195344971, 1, 0.0831255195344971, 10, 0.8312551953449709, 0, 0., 0, 0., 0, 0., 0, 0., 0, 0., 0, 0., 0, 0., 0, 0., 0, 0., 999, 83.0423940149626, 0, 0., 0, 0., 0, 0., 5, 0.41562759767248547, 0, 0., 0, 0., 186, 1200, 1386, 1203, 0.8679653679653679
, generated\gt\sample_000460.krn, generated\xml_scaled\sample_000460.xml, 0, 0., 377, 32.08510638297872, 12, 1.0212765957446808, 13, 1.1063829787234043, 5, 0.425531914893617, 0, 0., 0, 0., 0, 0., 0, 0., 2, 0.1702127659574468, 5, 0.425531914893617, 1, 0.0851063829787234, 0, 0., 0, 0., 8, 0.6808510638297872, 7, 0.5957446808510638, 0, 0., 0, 0., 0, 0., 0, 0., 0, 0., 0, 0., 21, 1.7872340425531914, 0, 0., 0, 0., 0, 0., 0, 0., 0, 0., 0, 0., 0, 0., 0, 0., 0, 0., 720, 61.276595744680854, 0, 0., 0, 0., 4, 0.3404255319148936, 0, 0., 0, 0., 0, 0., 371, 982, 1353, 1175, 0.868440502586844
, generated\gt\sample_000676.krn, generated\xml_scaled\sample_000676.xml, 0, 0., 201, 20.552147239263803, 0, 0., 12, 1.2269938650306749, 4, 0.40899795501022496, 4, 0.40899795501022496, 0, 0., 0, 0., 0, 0., 0, 0., 2, 0.20449897750511248, 1, 0.10224948875255624, 0, 0., 1, 0.10224948875255624, 0, 0., 0, 0., 0, 0., 0, 0., 0, 0., 3, 0.3067484662576687, 0, 0., 0, 0., 11, 1.1247443762781186, 0, 0., 0, 0., 0, 0., 0, 0., 0, 0., 0, 0., 0, 0., 0, 0., 0, 0., 734, 75.05112474437628, 0, 0., 0, 0., 0, 0., 5, 0.5112474437627812, 0, 0., 0, 0., 213, 913, 1126, 978, 0.8685612788632326
, generated\gt\sample_000610.krn, generated\xml_scaled\sample_000610.xml, 0, 0., 147, 17.926829268292682, 0, 0., 7, 0.8536585365853658, 0, 0., 0, 0., 6, 0.7317073170731707, 0, 0., 0, 0., 0, 0., 0, 0., 0, 0., 0, 0., 0, 0., 4, 0.4878048780487805, 0, 0., 0, 0., 0, 0., 15, 1.829268292682927, 0, 0., 1, 0.12195121951219512, 2, 0.24390243902439024, 6, 0.7317073170731707, 0, 0., 0, 0., 0, 0., 0, 0., 0, 0., 0, 0., 0, 0., 0, 0., 0, 0., 627, 76.46341463414635, 0, 0., 0, 0., 0, 0., 5, 0.6097560975609756, 0, 0., 0, 0., 161, 783, 944, 820, 0.8686440677966102
, generated\gt\sample_000441.krn, generated\xml_scaled\sample_000441.xml, 0, 0., 112, 13.42925659472422, 0, 0., 4, 0.47961630695443647, 0, 0., 0, 0., 4, 0.47961630695443647, 0, 0., 0, 0., 0, 0., 1, 0.11990407673860912, 0, 0., 0, 0., 0, 0., 0, 0., 0, 0., 0, 0., 0, 0., 13, 1.5587529976019185, 2, 0.23980815347721823, 0, 0., 0, 0., 1, 0.11990407673860912, 0, 0., 0, 0., 0, 0., 0, 0., 0, 0., 0, 0., 0, 0., 0, 0., 0, 0., 692, 82.97362110311751, 0, 0., 0, 0., 0, 0., 5, 0.5995203836930456, 0, 0., 0, 0., 146, 814, 960, 834, 0.86875
, generated\gt\sample_000229.krn, generated\xml_scaled\sample_000229.xml, 0, 0., 270, 44.62809917355372, 2, 0.3305785123966942, 9, 1.487603305785124, 1, 0.1652892561983471, 0, 0., 1, 0.1652892561983471, 0, 0., 0, 0., 1, 0.1652892561983471, 0, 0., 0, 0., 0, 0., 3, 0.49586776859504134, 0, 0., 0, 0., 0, 0., 0, 0., 0, 0., 0, 0., 0, 0., 0, 0., 6, 0.9917355371900827, 0, 0., 0, 0., 0, 0., 0, 0., 0, 0., 0, 0., 0, 0., 0, 0., 0, 0., 307, 50.743801652892564, 0, 0., 0, 0., 0, 0., 5, 0.8264462809917356, 0, 0., 0, 0., 237, 459, 696, 605, 0.8692528735632183
, generated\gt\sample_000223.krn, generated\xml_scaled\sample_000223.xml, 0, 0., 140, 12.999071494893222, 2, 0.18570102135561745, 4, 0.3714020427112349, 12, 1.1142061281337048, 0, 0., 3, 0.2785515320334262, 0, 0., 0, 0., 0, 0., 3, 0.2785515320334262, 0, 0., 0, 0., 2, 0.18570102135561745, 4, 0.3714020427112349, 2, 0.18570102135561745, 0, 0., 1, 0.09285051067780872, 0, 0., 0, 0., 0, 0., 0, 0., 5, 0.46425255338904364, 0, 0., 0, 0., 0, 0., 0, 0., 0, 0., 0, 0., 0, 0., 0, 0., 0, 0., 894, 83.008356545961, 0, 0., 0, 0., 0, 0., 5, 0.46425255338904364, 0, 0., 0, 0., 206, 1031, 1237, 1077, 0.8706548100242523
, generated\gt\sample_000297.krn, generated\xml_scaled\sample_000297.xml, 0, 0., 169, 14.493996569468267, 18, 1.5437392795883362, 3, 0.25728987993138935, 3, 0.25728987993138935, 0, 0., 5, 0.4288164665523156, 0, 0., 0, 0., 3, 0.25728987993138935, 0, 0., 0, 0., 0, 0., 2, 0.17152658662092624, 8, 0.6861063464837049, 2, 0.17152658662092624, 0, 0., 0, 0., 0, 0., 0, 0., 0, 0., 0, 0., 8, 0.6861063464837049, 0, 0., 0, 0., 0, 0., 0, 0., 0, 0., 0, 0., 0, 0., 0, 0., 0, 0., 941, 80.7032590051458, 0, 0., 0, 0., 4, 0.34305317324185247, 0, 0., 0, 0., 0, 0., 198, 1140, 1338, 1166, 0.8714499252615845
, generated\gt\sample_000303.krn, generated\xml_scaled\sample_000303.xml, 0, 0., 185, 8.860153256704981, 2, 0.09578544061302682, 23, 1.1015325670498084, 3, 0.14367816091954022, 4, 0.19157088122605365, 2, 0.09578544061302682, 0, 0., 0, 0., 1, 0.04789272030651341, 3, 0.14367816091954022, 0, 0., 0, 0., 0, 0., 4, 0.19157088122605365, 0, 0., 0, 0., 0, 0., 0, 0., 1, 0.04789272030651341, 0, 0., 0, 0., 9, 0.43103448275862066, 0, 0., 0, 0., 0, 0., 0, 0., 0, 0., 0, 0., 0, 0., 0, 0., 0, 0., 1846, 88.40996168582376, 0, 0., 0, 0., 0, 0., 5, 0.23946360153256704, 0, 0., 0, 0., 307, 2085, 2392, 2088, 0.8729096989966555
, generated\gt\sample_000224.krn, generated\xml_scaled\sample_000224.xml, 0, 0., 212, 19.521178637200737, 6, 0.5524861878453039, 7, 0.6445672191528545, 3, 0.27624309392265195, 0, 0., 6, 0.5524861878453039, 0, 0., 0, 0., 0, 0., 0, 0., 0, 0., 0, 0., 2, 0.1841620626151013, 4, 0.3683241252302026, 2, 0.1841620626151013, 0, 0., 0, 0., 4, 0.3683241252302026, 0, 0., 0, 0., 0, 0., 3, 0.27624309392265195, 0, 0., 0, 0., 0, 0., 0, 0., 0, 0., 0, 0., 0, 0., 0, 0., 0, 0., 832, 76.61141804788214, 0, 0., 0, 0., 0, 0., 5, 0.4604051565377532, 0, 0., 0, 0., 208, 1036, 1244, 1086, 0.8729903536977492
, generated\gt\sample_000595.krn, generated\xml_scaled\sample_000595.xml, 0, 0., 270, 54.435483870967744, 2, 0.4032258064516129, 8, 1.6129032258064515, 0, 0., 0, 0., 0, 0., 0, 0., 0, 0., 0, 0., 0, 0., 0, 0., 0, 0., 0, 0., 0, 0., 0, 0., 0, 0., 0, 0., 0, 0., 1, 0.20161290322580644, 0, 0., 0, 0., 0, 0., 0, 0., 0, 0., 0, 0., 0, 0., 0, 0., 0, 0., 0, 0., 0, 0., 0, 0., 210, 42.33870967741935, 0, 0., 0, 0., 0, 0., 5, 1.0080645161290323, 0, 0., 0, 0., 280, 288, 568, 496, 0.8732394366197183
, generated\gt\sample_000350.krn, generated\xml_scaled\sample_000350.xml, 0, 0., 75, 3.3392698130008904, 0, 0., 8, 0.3561887800534283, 1, 0.04452359750667854, 4, 0.17809439002671415, 5, 0.2226179875333927, 0, 0., 0, 0., 0, 0., 10, 0.4452359750667854, 3, 0.13357079252003562, 0, 0., 0, 0., 0, 0., 0, 0., 0, 0., 0, 0., 0, 0., 0, 0., 0, 0., 0, 0., 32, 1.4247551202137132, 0, 0., 0, 0., 0, 0., 0, 0., 0, 0., 0, 0., 0, 0., 0, 0., 0, 0., 2108, 93.85574354407836, 0, 0., 0, 0., 0, 0., 0, 0., 0, 0., 0, 0., 193, 2379, 2572, 2246, 0.8732503888024883
, generated\gt\sample_000330.krn, generated\xml_scaled\sample_000330.xml, 0, 0., 242, 33.94109396914446, 0, 0., 18, 2.524544179523142, 0, 0., 2, 0.2805049088359046, 0, 0., 0, 0., 0, 0., 2, 0.2805049088359046, 0, 0., 0, 0., 0, 0., 0, 0., 0, 0., 2, 0.2805049088359046, 0, 0., 0, 0., 0, 0., 1, 0.1402524544179523, 0, 0., 0, 0., 10, 1.402524544179523, 0, 0., 0, 0., 0, 0., 0, 0., 0, 0., 0, 0., 0, 0., 0, 0., 0, 0., 431, 60.44880785413745, 0, 0., 0, 0., 0, 0., 5, 0.7012622720897616, 0, 0., 0, 0., 259, 557, 816, 713, 0.8737745098039216
, generated\gt\sample_000345.krn, generated\xml_scaled\sample_000345.xml, 0, 0., 34, 1.430374421539756, 0, 0., 3, 0.12620950778291964, 0, 0., 0, 0., 0, 0., 0, 0., 0, 0., 1, 0.04206983592763988, 1, 0.04206983592763988, 0, 0., 0, 0., 0, 0., 0, 0., 0, 0., 0, 0., 0, 0., 0, 0., 0, 0., 0, 0., 0, 0., 10, 0.4206983592763988, 0, 0., 0, 0., 0, 0., 0, 0., 0, 0., 0, 0., 0, 0., 0, 0., 0, 0., 2328, 97.93857803954565, 0, 0., 0, 0., 0, 0., 0, 0., 0, 0., 0, 0., 185, 2535, 2720, 2377, 0.8738970588235294
, generated\gt\sample_000524.krn, generated\xml_scaled\sample_000524.xml, 0, 0., 45, 1.8844221105527639, 0, 0., 0, 0., 2, 0.08375209380234507, 0, 0., 0, 0., 0, 0., 0, 0., 0, 0., 5, 0.20938023450586266, 1, 0.04187604690117253, 0, 0., 0, 0., 0, 0., 0, 0., 0, 0., 0, 0., 0, 0., 0, 0., 0, 0., 0, 0., 5, 0.20938023450586266, 0, 0., 0, 0., 0, 0., 0, 0., 0, 0., 0, 0., 0, 0., 0, 0., 0, 0., 2330, 97.571189279732, 0, 0., 0, 0., 0, 0., 0, 0., 0, 0., 0, 0., 196, 2536, 2732, 2388, 0.8740849194729137
, generated\gt\sample_000538.krn, generated\xml_scaled\sample_000538.xml, 0, 0., 215, 17.57972199509403, 0, 0., 3, 0.24529844644317253, 0, 0., 0, 0., 7, 0.5723630417007359, 0, 0., 0, 0., 0, 0., 11, 0.8994276369582993, 0, 0., 0, 0., 2, 0.1635322976287817, 6, 0.49059689288634506, 5, 0.4088307440719542, 0, 0., 0, 0., 0, 0., 3, 0.24529844644317253, 0, 0., 0, 0., 6, 0.49059689288634506, 0, 0., 0, 0., 0, 0., 0, 0., 0, 0., 0, 0., 0, 0., 0, 0., 0, 0., 961, 78.57726901062959, 0, 0., 0, 0., 4, 0.3270645952575634, 0, 0., 0, 0., 0, 0., 318, 1081, 1399, 1223, 0.8741958541815582
, generated\gt\sample_000456.krn, generated\xml_scaled\sample_000456.xml, 0, 0., 267, 44.5, 0, 0., 15, 2.5, 1, 0.16666666666666666, 0, 0., 0, 0., 0, 0., 0, 0., 0, 0., 1, 0.16666666666666666, 0, 0., 0, 0., 0, 0., 0, 0., 0, 0., 0, 0., 0, 0., 24, 4.0, 1, 0.16666666666666666, 0, 0., 0, 0., 7, 1.1666666666666667, 0, 0., 0, 0., 0, 0., 0, 0., 0, 0., 0, 0., 0, 0., 0, 0., 0, 0., 279, 46.5, 0, 0., 0, 0., 0, 0., 5, 0.8333333333333334, 0, 0., 0, 0., 314, 372, 686, 600, 0.8746355685131195
, generated\gt\sample_000587.krn, generated\xml_scaled\sample_000587.xml, 0, 0., 475, 24.185336048879837, 4, 0.20366598778004075, 13, 0.6619144602851323, 1, 0.05091649694501019, 32, 1.629327902240326, 2, 0.10183299389002037, 0, 0., 0, 0., 8, 0.4073319755600815, 2, 0.10183299389002037, 0, 0., 0, 0., 0, 0., 4, 0.20366598778004075, 2, 0.10183299389002037, 0, 0., 0, 0., 0, 0., 2, 0.10183299389002037, 0, 0., 0, 0., 5, 0.2545824847250509, 0, 0., 0, 0., 0, 0., 0, 0., 0, 0., 0, 0., 0, 0., 0, 0., 0, 0., 1409, 71.74134419551935, 0, 0., 0, 0., 0, 0., 5, 0.2545824847250509, 0, 0., 0, 0., 484, 1761, 2245, 1964, 0.8748329621380846
, generated\gt\sample_000181.krn, generated\xml_scaled\sample_000181.xml, 0, 0., 109, 15.728715728715729, 0, 0., 6, 0.8658008658008658, 2, 0.2886002886002886, 0, 0., 1, 0.1443001443001443, 0, 0., 0, 0., 0, 0., 1, 0.1443001443001443, 2, 0.2886002886002886, 0, 0., 1, 0.1443001443001443, 2, 0.2886002886002886, 0, 0., 0, 0., 0, 0., 3, 0.4329004329004329, 1, 0.1443001443001443, 0, 0., 0, 0., 6, 0.8658008658008658, 0, 0., 0, 0., 0, 0., 0, 0., 0, 0., 0, 0., 0, 0., 0, 0., 0, 0., 554, 79.94227994227994, 0, 0., 0, 0., 0, 0., 5, 0.7215007215007215, 0, 0., 0, 0., 147, 645, 792, 693, 0.875
, generated\gt\sample_000302.krn, generated\xml_scaled\sample_000302.xml, 0, 0., 292, 20.165745856353592, 0, 0., 13, 0.8977900552486188, 2, 0.13812154696132597, 0, 0., 1, 0.06906077348066299, 0, 0., 0, 0., 2, 0.13812154696132597, 2, 0.13812154696132597, 0, 0., 0, 0., 3, 0.20718232044198895, 4, 0.27624309392265195, 0, 0., 0, 0., 0, 0., 0, 0., 2, 0.13812154696132597, 0, 0., 0, 0., 17, 1.1740331491712708, 0, 0., 0, 0., 0, 0., 0, 0., 0, 0., 0, 0., 0, 0., 0, 0., 0, 0., 1105, 76.3121546961326, 0, 0., 0, 0., 0, 0., 5, 0.3453038674033149, 0, 0., 0, 0., 300, 1354, 1654, 1448, 0.875453446191052
, generated\gt\sample_000021.krn, generated\xml_scaled\sample_000021.xml, 0, 0., 149, 20.75208913649025, 0, 0., 0, 0., 0, 0., 4, 0.5571030640668524, 0, 0., 0, 0., 0, 0., 0, 0., 2, 0.2785515320334262, 0, 0., 0, 0., 2, 0.2785515320334262, 0, 0., 0, 0., 0, 0., 0, 0., 0, 0., 1, 0.1392757660167131, 0, 0., 0, 0., 28, 3.8997214484679668, 0, 0., 0, 0., 0, 0., 0, 0., 0, 0., 0, 0., 0, 0., 0, 0., 0, 0., 532, 74.09470752089136, 0, 0., 0, 0., 0, 0., 0, 0., 0, 0., 0, 0., 126, 694, 820, 718, 0.875609756097561
, generated\gt\sample_000543.krn, generated\xml_scaled\sample_000543.xml, 0, 0., 158, 36.74418604651163, 0, 0., 6, 1.3953488372093024, 1, 0.23255813953488372, 0, 0., 0, 0., 0, 0., 0, 0., 0, 0., 1, 0.23255813953488372, 0, 0., 0, 0., 0, 0., 0, 0., 0, 0., 0, 0., 0, 0., 0, 0., 1, 0.23255813953488372, 1, 0.23255813953488372, 0, 0., 3, 0.6976744186046512, 0, 0., 0, 0., 0, 0., 0, 0., 0, 0., 0, 0., 0, 0., 0, 0., 0, 0., 254, 59.06976744186046, 0, 0., 0, 0., 0, 0., 5, 1.1627906976744187, 0, 0., 0, 0., 146, 345, 491, 430, 0.8757637474541752
, generated\gt\sample_000489.krn, generated\xml_scaled\sample_000489.xml, 0, 0., 386, 48.12967581047381, 0, 0., 13, 1.6209476309226933, 1, 0.12468827930174564, 10, 1.2468827930174564, 0, 0., 0, 0., 0, 0., 0, 0., 3, 0.3740648379052369, 0, 0., 0, 0., 0, 0., 0, 0., 0, 0., 0, 0., 0, 0., 4, 0.49875311720698257, 3, 0.3740648379052369, 0, 0., 0, 0., 2, 0.24937655860349128, 0, 0., 0, 0., 0, 0., 0, 0., 0, 0., 0, 0., 0, 0., 0, 0., 0, 0., 375, 46.758104738154614, 0, 0., 0, 0., 0, 0., 5, 0.6234413965087282, 0, 0., 0, 0., 447, 468, 915, 802, 0.8765027322404372
, generated\gt\sample_000225.krn, generated\xml_scaled\sample_000225.xml, 0, 0., 122, 29.047619047619047, 0, 0., 7, 1.6666666666666667, 0, 0., 0, 0., 1, 0.23809523809523808, 0, 0., 0, 0., 0, 0., 1, 0.23809523809523808, 1, 0.23809523809523808, 0, 0., 1, 0.23809523809523808, 1, 0.23809523809523808, 2, 0.47619047619047616, 0, 0., 0, 0., 0, 0., 0, 0., 0, 0., 0, 0., 2, 0.47619047619047616, 0, 0., 0, 0., 0, 0., 0, 0., 0, 0., 0, 0., 0, 0., 0, 0., 0, 0., 277, 65.95238095238095, 0, 0., 0, 0., 0, 0., 5, 1.1904761904761905, 0, 0., 0, 0., 153, 326, 479, 420, 0.8768267223382046
, generated\gt\sample_000161.krn, generated\xml_scaled\sample_000161.xml, 0, 0., 63, 7.007786429365962, 2, 0.22246941045606228, 6, 0.6674082313681868, 1, 0.11123470522803114, 0, 0., 0, 0., 0, 0., 0, 0., 0, 0., 3, 0.3337041156840934, 0, 0., 0, 0., 0, 0., 2, 0.22246941045606228, 2, 0.22246941045606228, 0, 0., 0, 0., 0, 0., 0, 0., 0, 0., 0, 0., 5, 0.5561735261401557, 0, 0., 0, 0., 0, 0., 0, 0., 0, 0., 0, 0., 0, 0., 0, 0., 0, 0., 810, 90.10011123470522, 0, 0., 0, 0., 0, 0., 5, 0.5561735261401557, 0, 0., 0, 0., 136, 889, 1025, 899, 0.8770731707317073
, generated\gt\sample_000050.krn, generated\xml_scaled\sample_000050.xml, 0, 0., 397, 33.55874894336433, 8, 0.6762468300929839, 13, 1.098901098901099, 0, 0., 0, 0., 0, 0., 0, 0., 0, 0., 0, 0., 11, 0.9298393913778529, 1, 0.08453085376162299, 0, 0., 3, 0.25359256128486896, 4, 0.33812341504649196, 0, 0., 0, 0., 0, 0., 0, 0., 0, 0., 0, 0., 0, 0., 28, 2.366863905325444, 0, 0., 0, 0., 0, 0., 0, 0., 0, 0., 0, 0., 0, 0., 0, 0., 0, 0., 714, 60.35502958579882, 0, 0., 0, 0., 4, 0.33812341504649196, 0, 0., 0, 0., 0, 0., 339, 1009, 1348, 1183, 0.8775964391691394
, generated\gt\sample_000026.krn, generated\xml_scaled\sample_000026.xml, 0, 0., 21, 2.8532608695652173, 0, 0., 0, 0., 0, 0., 0, 0., 3, 0.4076086956521739, 0, 0., 0, 0., 0, 0., 2, 0.2717391304347826, 1, 0.1358695652173913, 0, 0., 0, 0., 0, 0., 0, 0., 0, 0., 0, 0., 0, 0., 2, 0.2717391304347826, 0, 0., 0, 0., 2, 0.2717391304347826, 0, 0., 0, 0., 0, 0., 0, 0., 0, 0., 0, 0., 0, 0., 0, 0., 0, 0., 700, 95.1086956521739, 0, 0., 0, 0., 0, 0., 5, 0.6793478260869565, 0, 0., 0, 0., 72, 766, 838, 736, 0.8782816229116945
, generated\gt\sample_000354.krn, generated\xml_scaled\sample_000354.xml, 0, 0., 12, 0.5274725274725275, 0, 0., 0, 0., 0, 0., 0, 0., 0, 0., 0, 0., 0, 0., 0, 0., 0, 0., 0, 0., 0, 0., 0, 0., 0, 0., 0, 0., 0, 0., 0, 0., 0, 0., 0, 0., 0, 0., 0, 0., 6, 0.26373626373626374, 0, 0., 0, 0., 0, 0., 0, 0., 0, 0., 0, 0., 0, 0., 0, 0., 0, 0., 2257, 99.20879120879121, 0, 0., 0, 0., 0, 0., 0, 0., 0, 0., 0, 0., 164, 2426, 2590, 2275, 0.8783783783783784
, generated\gt\sample_000576.krn, generated\xml_scaled\sample_000576.xml, 0, 0., 9, 0.6535947712418301, 0, 0., 2, 0.14524328249818447, 1, 0.07262164124909223, 0, 0., 1, 0.07262164124909223, 0, 0., 0, 0., 1, 0.07262164124909223, 2, 0.14524328249818447, 0, 0., 0, 0., 2, 0.14524328249818447, 0, 0., 0, 0., 0, 0., 0, 0., 0, 0., 0, 0., 0, 0., 0, 0., 2, 0.14524328249818447, 0, 0., 0, 0., 0, 0., 0, 0., 0, 0., 0, 0., 0, 0., 0, 0., 0, 0., 1357, 98.54756717501816, 0, 0., 0, 0., 0, 0., 0, 0., 0, 0., 0, 0., 108, 1459, 1567, 1377, 0.8787492022973835
, generated\gt\sample_000081.krn, generated\xml_scaled\sample_000081.xml, 0, 0., 341, 23.197278911564627, 0, 0., 11, 0.7482993197278912, 1, 0.06802721088435375, 4, 0.272108843537415, 1, 0.06802721088435375, 0, 0., 0, 0., 0, 0., 1, 0.06802721088435375, 1, 0.06802721088435375, 0, 0., 0, 0., 2, 0.1360544217687075, 0, 0., 0, 0., 0, 0., 0, 0., 1, 0.06802721088435375, 0, 0., 0, 0., 8, 0.54421768707483, 0, 0., 0, 0., 0, 0., 0, 0., 0, 0., 0, 0., 0, 0., 0, 0., 0, 0., 1094, 74.421768707483, 0, 0., 0, 0., 0, 0., 5, 0.3401360544217687, 0, 0., 0, 0., 343, 1329, 1672, 1470, 0.8791866028708134
, generated\gt\sample_000624.krn, generated\xml_scaled\sample_000624.xml, 0, 0., 560, 32.29527104959631, 2, 0.11534025374855825, 31, 1.7877739331026528, 2, 0.11534025374855825, 0, 0., 3, 0.17301038062283736, 0, 0., 0, 0., 0, 0., 5, 0.28835063437139563, 0, 0., 0, 0., 0, 0., 8, 0.461361014994233, 0, 0., 0, 0., 0, 0., 0, 0., 4, 0.2306805074971165, 0, 0., 0, 0., 17, 0.9803921568627451, 0, 0., 0, 0., 0, 0., 0, 0., 0, 0., 0, 0., 0, 0., 0, 0., 0, 0., 1098, 63.32179930795848, 0, 0., 0, 0., 4, 0.2306805074971165, 0, 0., 0, 0., 0, 0., 526, 1444, 1970, 1734, 0.8802030456852792
, generated\gt\sample_000256.krn, generated\xml_scaled\sample_000256.xml, 0, 0., 0, 0., 0, 0., 0, 0., 0, 0., 0, 0., 1, 0.041425020712510356, 0, 0., 0, 0., 0, 0., 3, 0.12427506213753108, 0, 0., 0, 0., 1, 0.041425020712510356, 0, 0., 0, 0., 0, 0., 0, 0., 0, 0., 0, 0., 0, 0., 0, 0., 13, 0.5385252692626347, 0, 0., 0, 0., 0, 0., 0, 0., 0, 0., 0, 0., 0, 0., 0, 0., 0, 0., 2396, 99.25434962717482, 0, 0., 0, 0., 0, 0., 0, 0., 0, 0., 0, 0., 182, 2560, 2742, 2414, 0.8803792851932896
, generated\gt\sample_000208.krn, generated\xml_scaled\sample_000208.xml, 0, 0., 97, 7.607843137254902, 10, 0.7843137254901961, 1, 0.0784313725490196, 4, 0.3137254901960784, 0, 0., 0, 0., 0, 0., 0, 0., 0, 0., 3, 0.23529411764705882, 0, 0., 0, 0., 1, 0.0784313725490196, 4, 0.3137254901960784, 6, 0.47058823529411764, 0, 0., 0, 0., 0, 0., 4, 0.3137254901960784, 0, 0., 0, 0., 0, 0., 0, 0., 0, 0., 0, 0., 0, 0., 0, 0., 0, 0., 0, 0., 0, 0., 0, 0., 1140, 89.41176470588235, 0, 0., 0, 0., 0, 0., 5, 0.39215686274509803, 0, 0., 0, 0., 153, 1295, 1448, 1275, 0.880524861878453
, generated\gt\sample_000016.krn, generated\xml_scaled\sample_000016.xml, 0, 0., 412, 31.117824773413897, 12, 0.9063444108761329, 9, 0.6797583081570997, 4, 0.3021148036253776, 2, 0.1510574018126888, 3, 0.22658610271903323, 0, 0., 0, 0., 0, 0., 7, 0.5287009063444109, 0, 0., 0, 0., 2, 0.1510574018126888, 8, 0.6042296072507553, 7, 0.5287009063444109, 0, 0., 4, 0.3021148036253776, 0, 0., 13, 0.9818731117824774, 0, 0., 0, 0., 1, 0.0755287009063444, 0, 0., 0, 0., 0, 0., 0, 0., 0, 0., 0, 0., 0, 0., 0, 0., 0, 0., 836, 63.141993957703924, 0, 0., 0, 0., 4, 0.3021148036253776, 0, 0., 0, 0., 0, 0., 317, 1185, 1502, 1324, 0.881491344873502
, generated\gt\sample_000466.krn, generated\xml_scaled\sample_000466.xml, 0, 0., 345, 26.31578947368421, 0, 0., 12, 0.9153318077803204, 9, 0.6864988558352403, 0, 0., 1, 0.07627765064836003, 0, 0., 0, 0., 2, 0.15255530129672007, 2, 0.15255530129672007, 0, 0., 0, 0., 0, 0., 8, 0.6102212051868803, 4, 0.30511060259344014, 0, 0., 0, 0., 0, 0., 0, 0., 0, 0., 0, 0., 25, 1.9069412662090008, 0, 0., 0, 0., 0, 0., 0, 0., 0, 0., 0, 0., 0, 0., 0, 0., 0, 0., 899, 68.57360793287567, 0, 0., 0, 0., 4, 0.30511060259344014, 0, 0., 0, 0., 0, 0., 380, 1107, 1487, 1311, 0.8816408876933423
, generated\gt\sample_000278.krn, generated\xml_scaled\sample_000278.xml, 0, 0., 266, 18.986438258386865, 0, 0., 16, 1.1420413990007139, 0, 0., 0, 0., 0, 0., 0, 0., 0, 0., 0, 0., 2, 0.14275517487508924, 0, 0., 0, 0., 1, 0.07137758743754462, 2, 0.14275517487508924, 0, 0., 0, 0., 0, 0., 0, 0., 1, 0.07137758743754462, 0, 0., 0, 0., 10, 0.7137758743754461, 0, 0., 0, 0., 0, 0., 0, 0., 0, 0., 0, 0., 0, 0., 0, 0., 0, 0., 1098, 78.37259100642399, 0, 0., 0, 0., 0, 0., 5, 0.35688793718772305, 0, 0., 0, 0., 223, 1366, 1589, 1401, 0.881686595342983
, generated\gt\sample_000296.krn, generated\xml_scaled\sample_000296.xml, 0, 0., 354, 26.940639269406393, 2, 0.15220700152207, 11, 0.837138508371385, 3, 0.228310502283105, 0, 0., 3, 0.228310502283105, 0, 0., 0, 0., 0, 0., 3, 0.228310502283105, 0, 0., 0, 0., 2, 0.15220700152207, 8, 0.60882800608828, 1, 0.076103500761035, 0, 0., 0, 0., 0, 0., 1, 0.076103500761035, 0, 0., 0, 0., 6, 0.45662100456621, 0, 0., 0, 0., 0, 0., 0, 0., 0, 0., 0, 0., 0, 0., 0, 0., 0, 0., 916, 69.71080669710807, 0, 0., 0, 0., 4, 0.30441400304414, 0, 0., 0, 0., 0, 0., 289, 1201, 1490, 1314, 0.8818791946308725
, generated\gt\sample_000358.krn, generated\xml_scaled\sample_000358.xml, 0, 0., 278, 38.3448275862069, 0, 0., 13, 1.793103448275862, 0, 0., 2, 0.27586206896551724, 0, 0., 0, 0., 0, 0., 0, 0., 2, 0.27586206896551724, 3, 0.41379310344827586, 0, 0., 0, 0., 0, 0., 0, 0., 0, 0., 0, 0., 0, 0., 1, 0.13793103448275862, 0, 0., 0, 0., 3, 0.41379310344827586, 0, 0., 0, 0., 0, 0., 0, 0., 0, 0., 0, 0., 0, 0., 0, 0., 0, 0., 418, 57.6551724137931, 0, 0., 0, 0., 0, 0., 5, 0.6896551724137931, 0, 0., 0, 0., 298, 524, 822, 725, 0.8819951338199513
, generated\gt\sample_000295.krn, generated\xml_scaled\sample_000295.xml, 0, 0., 277, 28.468653648509765, 6, 0.6166495375128469, 7, 0.7194244604316546, 3, 0.30832476875642345, 0, 0., 2, 0.20554984583761562, 0, 0., 0, 0., 0, 0., 2, 0.20554984583761562, 1, 0.10277492291880781, 0, 0., 2, 0.20554984583761562, 8, 0.8221993833504625, 0, 0., 0, 0., 0, 0., 0, 0., 0, 0., 0, 0., 0, 0., 5, 0.513874614594039, 0, 0., 0, 0., 0, 0., 0, 0., 0, 0., 0, 0., 0, 0., 0, 0., 0, 0., 656, 67.42034943473793, 0, 0., 0, 0., 4, 0.41109969167523125, 0, 0., 0, 0., 0, 0., 219, 884, 1103, 973, 0.8821396192203083
, generated\gt\sample_000478.krn, generated\xml_scaled\sample_000478.xml, 0, 0., 478, 32.73972602739726, 0, 0., 20, 1.36986301369863, 0, 0., 0, 0., 1, 0.0684931506849315, 0, 0., 0, 0., 0, 0., 3, 0.2054794520547945, 0, 0., 0, 0., 1, 0.0684931506849315, 2, 0.136986301369863, 0, 0., 0, 0., 0, 0., 0, 0., 0, 0., 0, 0., 0, 0., 12, 0.821917808219178, 0, 0., 0, 0., 0, 0., 0, 0., 0, 0., 0, 0., 0, 0., 0, 0., 0, 0., 938, 64.24657534246575, 0, 0., 0, 0., 0, 0., 5, 0.3424657534246575, 0, 0., 0, 0., 363, 1291, 1654, 1460, 0.8827085852478839
, generated\gt\sample_000222.krn, generated\xml_scaled\sample_000222.xml, 0, 0., 115, 12.004175365344468, 2, 0.20876826722338204, 4, 0.4175365344467641, 8, 0.8350730688935282, 1, 0.10438413361169102, 2, 0.20876826722338204, 0, 0., 0, 0., 0, 0., 2, 0.20876826722338204, 0, 0., 0, 0., 2, 0.20876826722338204, 0, 0., 2, 0.20876826722338204, 0, 0., 0, 0., 0, 0., 0, 0., 0, 0., 0, 0., 3, 0.31315240083507306, 0, 0., 0, 0., 0, 0., 0, 0., 0, 0., 0, 0., 0, 0., 0, 0., 0, 0., 710, 74.11273486430062, 102, 10.647181628392484, 0, 0., 0, 0., 5, 0.5219206680584552, 0, 0., 0, 0., 164, 921, 1085, 958, 0.8829493087557604
, generated\gt\sample_000214.krn, generated\xml_scaled\sample_000214.xml, 0, 0., 58, 6.791569086651054, 0, 0., 1, 0.117096018735363, 3, 0.351288056206089, 0, 0., 0, 0., 0, 0., 0, 0., 1, 0.117096018735363, 1, 0.117096018735363, 0, 0., 0, 0., 1, 0.117096018735363, 4, 0.468384074941452, 1, 0.117096018735363, 0, 0., 0, 0., 0, 0., 1, 0.117096018735363, 0, 0., 0, 0., 5, 0.585480093676815, 0, 0., 0, 0., 0, 0., 0, 0., 0, 0., 0, 0., 0, 0., 0, 0., 0, 0., 773, 90.5152224824356, 0, 0., 0, 0., 0, 0., 5, 0.585480093676815, 0, 0., 0, 0., 98, 869, 967, 854, 0.8831437435367114
, generated\gt\sample_000137.krn, generated\xml_scaled\sample_000137.xml, 0, 0., 202, 18.149146451033243, 0, 0., 23, 2.0664869721473496, 1, 0.08984725965858041, 0, 0., 1, 0.08984725965858041, 0, 0., 0, 0., 0, 0., 3, 0.2695417789757412, 0, 0., 0, 0., 0, 0., 4, 0.35938903863432164, 0, 0., 0, 0., 0, 0., 0, 0., 2, 0.17969451931716082, 0, 0., 0, 0., 12, 1.0781671159029649, 0, 0., 0, 0., 0, 0., 0, 0., 0, 0., 0, 0., 0, 0., 0, 0., 0, 0., 860, 77.26864330637916, 0, 0., 0, 0., 0, 0., 5, 0.44923629829290207, 0, 0., 0, 0., 226, 1033, 1259, 1113, 0.8840349483717236
, generated\gt\sample_000572.krn, generated\xml_scaled\sample_000572.xml, 0, 0., 6, 0.2952755905511811, 0, 0., 0, 0., 1, 0.04921259842519685, 0, 0., 0, 0., 0, 0., 0, 0., 1, 0.04921259842519685, 5, 0.24606299212598426, 0, 0., 0, 0., 0, 0., 0, 0., 0, 0., 0, 0., 0, 0., 0, 0., 0, 0., 0, 0., 0, 0., 6, 0.2952755905511811, 0, 0., 0, 0., 0, 0., 0, 0., 0, 0., 0, 0., 0, 0., 0, 0., 0, 0., 2013, 99.06496062992126, 0, 0., 0, 0., 0, 0., 0, 0., 0, 0., 0, 0., 139, 2159, 2298, 2032, 0.8842471714534378
, generated\gt\sample_000287.krn, generated\xml_scaled\sample_000287.xml, 0, 0., 27, 1.850582590815627, 0, 0., 1, 0.06854009595613433, 0, 0., 0, 0., 0, 0., 0, 0., 0, 0., 4, 0.27416038382453733, 3, 0.20562028786840303, 0, 0., 0, 0., 1, 0.06854009595613433, 0, 0., 0, 0., 0, 0., 0, 0., 0, 0., 0, 0., 0, 0., 0, 0., 9, 0.6168608636052091, 0, 0., 0, 0., 0, 0., 0, 0., 0, 0., 0, 0., 0, 0., 0, 0., 0, 0., 1414, 96.91569568197396, 0, 0., 0, 0., 0, 0., 0, 0., 0, 0., 0, 0., 113, 1536, 1649, 1459, 0.884778653729533
, generated\gt\sample_000487.krn, generated\xml_scaled\sample_000487.xml, 0, 0., 107, 14.439946018893387, 0, 0., 3, 0.4048582995951417, 1, 0.1349527665317139, 0, 0., 3, 0.4048582995951417, 0, 0., 0, 0., 0, 0., 3, 0.4048582995951417, 0, 0., 0, 0., 0, 0., 4, 0.5398110661268556, 0, 0., 0, 0., 0, 0., 0, 0., 1, 0.1349527665317139, 0, 0., 0, 0., 5, 0.6747638326585695, 0, 0., 0, 0., 0, 0., 0, 0., 0, 0., 0, 0., 0, 0., 0, 0., 0, 0., 609, 82.18623481781377, 0, 0., 0, 0., 0, 0., 5, 0.6747638326585695, 0, 0., 0, 0., 128, 709, 837, 741, 0.8853046594982079
, generated\gt\sample_000663.krn, generated\xml_scaled\sample_000663.xml, 0, 0., 82, 15.5893536121673, 0, 0., 2, 0.38022813688212925, 1, 0.19011406844106463, 0, 0., 0, 0., 0, 0., 0, 0., 0, 0., 2, 0.38022813688212925, 0, 0., 0, 0., 0, 0., 2, 0.38022813688212925, 0, 0., 0, 0., 0, 0., 0, 0., 0, 0., 0, 0., 0, 0., 7, 1.3307984790874525, 0, 0., 0, 0., 0, 0., 0, 0., 0, 0., 0, 0., 0, 0., 0, 0., 0, 0., 425, 80.79847908745248, 0, 0., 0, 0., 0, 0., 5, 0.9505703422053232, 0, 0., 0, 0., 121, 473, 594, 526, 0.8855218855218855
, generated\gt\sample_000259.krn, generated\xml_scaled\sample_000259.xml, 0, 0., 54, 2.745297407219115, 0, 0., 0, 0., 0, 0., 0, 0., 0, 0., 0, 0., 0, 0., 0, 0., 1, 0.05083884087442806, 0, 0., 0, 0., 0, 0., 0, 0., 0, 0., 0, 0., 0, 0., 0, 0., 0, 0., 0, 0., 0, 0., 8, 0.4067107269954245, 0, 0., 0, 0., 0, 0., 0, 0., 0, 0., 0, 0., 0, 0., 0, 0., 0, 0., 1904, 96.79715302491103, 0, 0., 0, 0., 0, 0., 0, 0., 0, 0., 0, 0., 183, 2038, 2221, 1967, 0.8856371004052229
, generated\gt\sample_000400.krn, generated\xml_scaled\sample_000400.xml, 0, 0., 207, 28.71012482662968, 0, 0., 9, 1.248266296809986, 0, 0., 0, 0., 2, 0.27739251040221913, 0, 0., 0, 0., 0, 0., 1, 0.13869625520110956, 0, 0., 0, 0., 0, 0., 0, 0., 0, 0., 0, 0., 2, 0.27739251040221913, 0, 0., 3, 0.4160887656033287, 0, 0., 0, 0., 6, 0.8321775312066574, 0, 0., 0, 0., 0, 0., 0, 0., 0, 0., 0, 0., 0, 0., 0, 0., 0, 0., 486, 67.40638002773925, 0, 0., 0, 0., 0, 0., 5, 0.6934812760055479, 0, 0., 0, 0., 192, 622, 814, 721, 0.8857493857493858
, generated\gt\sample_000612.krn, generated\xml_scaled\sample_000612.xml, 0, 0., 215, 21.6515609264854, 0, 0., 15, 1.5105740181268883, 2, 0.2014098690835851, 0, 0., 1, 0.10070493454179255, 0, 0., 0, 0., 0, 0., 3, 0.3021148036253776, 2, 0.2014098690835851, 0, 0., 1, 0.10070493454179255, 2, 0.2014098690835851, 0, 0., 0, 0., 0, 0., 0, 0., 2, 0.2014098690835851, 0, 0., 0, 0., 15, 1.5105740181268883, 0, 0., 0, 0., 0, 0., 0, 0., 0, 0., 0, 0., 0, 0., 0, 0., 0, 0., 730, 73.51460221550856, 0, 0., 0, 0., 0, 0., 5, 0.5035246727089627, 0, 0., 0, 0., 224, 897, 1121, 993, 0.8858162355040142
, generated\gt\sample_000185.krn, generated\xml_scaled\sample_000185.xml, 0, 0., 201, 28.47025495750708, 0, 0., 11, 1.5580736543909348, 1, 0.141643059490085, 0, 0., 0, 0., 0, 0., 0, 0., 0, 0., 2, 0.28328611898017, 0, 0., 0, 0., 0, 0., 2, 0.28328611898017, 0, 0., 0, 0., 0, 0., 7, 0.9915014164305949, 1, 0.141643059490085, 0, 0., 1, 0.141643059490085, 4, 0.56657223796034, 0, 0., 0, 0., 0, 0., 0, 0., 0, 0., 0, 0., 0, 0., 0, 0., 0, 0., 471, 66.71388101983003, 0, 0., 0, 0., 0, 0., 5, 0.7082152974504249, 0, 0., 0, 0., 161, 636, 797, 706, 0.8858218318695107
, generated\gt\sample_000315.krn, generated\xml_scaled\sample_000315.xml, 0, 0., 203, 16.423948220064727, 6, 0.4854368932038835, 6, 0.4854368932038835, 6, 0.4854368932038835, 0, 0., 3, 0.24271844660194175, 0, 0., 0, 0., 0, 0., 5, 0.4045307443365696, 0, 0., 0, 0., 3, 0.24271844660194175, 4, 0.32362459546925565, 4, 0.32362459546925565, 0, 0., 1, 0.08090614886731391, 19, 1.5372168284789645, 2, 0.16181229773462782, 1, 0.08090614886731391, 0, 0., 8, 0.6472491909385113, 0, 0., 0, 0., 0, 0., 0, 0., 0, 0., 0, 0., 0, 0., 0, 0., 0, 0., 960, 77.66990291262135, 0, 0., 0, 0., 0, 0., 5, 0.4045307443365696, 0, 0., 0, 0., 230, 1165, 1395, 1236, 0.886021505376344
, generated\gt\sample_000664.krn, generated\xml_scaled\sample_000664.xml, 0, 0., 114, 18.75, 2, 0.32894736842105265, 1, 0.16447368421052633, 0, 0., 0, 0., 2, 0.32894736842105265, 0, 0., 0, 0., 2, 0.32894736842105265, 6, 0.9868421052631579, 0, 0., 0, 0., 0, 0., 2, 0.32894736842105265, 0, 0., 0, 0., 0, 0., 0, 0., 2, 0.32894736842105265, 0, 0., 1, 0.16447368421052633, 8, 1.3157894736842106, 0, 0., 0, 0., 0, 0., 0, 0., 0, 0., 0, 0., 0, 0., 0, 0., 0, 0., 463, 76.15131578947368, 0, 0., 0, 0., 0, 0., 5, 0.8223684210526315, 0, 0., 0, 0., 130, 556, 686, 608, 0.8862973760932945
, generated\gt\sample_000661.krn, generated\xml_scaled\sample_000661.xml, 0, 0., 193, 32.546374367622256, 2, 0.3372681281618887, 3, 0.5059021922428331, 1, 0.16863406408094436, 0, 0., 0, 0., 0, 0., 0, 0., 0, 0., 3, 0.5059021922428331, 0, 0., 0, 0., 2, 0.3372681281618887, 2, 0.3372681281618887, 0, 0., 0, 0., 0, 0., 0, 0., 1, 0.16863406408094436, 0, 0., 0, 0., 10, 1.6863406408094435, 0, 0., 0, 0., 0, 0., 0, 0., 0, 0., 0, 0., 0, 0., 0, 0., 0, 0., 371, 62.563237774030355, 0, 0., 0, 0., 0, 0., 5, 0.8431703204047217, 0, 0., 0, 0., 147, 522, 669, 593, 0.8863976083707026
, generated\gt\sample_000331.krn, generated\xml_scaled\sample_000331.xml, 0, 0., 269, 30.498866213151928, 0, 0., 22, 2.494331065759637, 0, 0., 4, 0.45351473922902497, 0, 0., 0, 0., 0, 0., 0, 0., 1, 0.11337868480725624, 0, 0., 0, 0., 0, 0., 4, 0.45351473922902497, 2, 0.22675736961451248, 0, 0., 6, 0.6802721088435374, 0, 0., 3, 0.3401360544217687, 0, 0., 0, 0., 5, 0.5668934240362812, 0, 0., 0, 0., 0, 0., 0, 0., 0, 0., 0, 0., 0, 0., 0, 0., 0, 0., 561, 63.605442176870746, 0, 0., 0, 0., 0, 0., 5, 0.5668934240362812, 0, 0., 0, 0., 288, 707, 995, 882, 0.8864321608040201
, generated\gt\sample_000352.krn, generated\xml_scaled\sample_000352.xml, 0, 0., 116, 20.603907637655418, 0, 0., 0, 0., 0, 0., 0, 0., 0, 0., 0, 0., 0, 0., 2, 0.3552397868561279, 2, 0.3552397868561279, 0, 0., 0, 0., 0, 0., 0, 0., 0, 0., 0, 0., 0, 0., 0, 0., 0, 0., 0, 0., 0, 0., 10, 1.7761989342806395, 0, 0., 0, 0., 0, 0., 0, 0., 0, 0., 0, 0., 0, 0., 0, 0., 0, 0., 433, 76.90941385435168, 0, 0., 0, 0., 0, 0., 0, 0., 0, 0., 0, 0., 138, 497, 635, 563, 0.8866141732283465
, generated\gt\sample_000630.krn, generated\xml_scaled\sample_000630.xml, 0, 0., 27, 3.4394904458598727, 0, 0., 1, 0.12738853503184713, 0, 0., 0, 0., 1, 0.12738853503184713, 0, 0., 0, 0., 0, 0., 4, 0.5095541401273885, 0, 0., 0, 0., 1, 0.12738853503184713, 0, 0., 0, 0., 0, 0., 0, 0., 0, 0., 0, 0., 0, 0., 0, 0., 10, 1.2738853503184713, 0, 0., 0, 0., 0, 0., 0, 0., 0, 0., 0, 0., 0, 0., 0, 0., 0, 0., 741, 94.39490445859873, 0, 0., 0, 0., 0, 0., 0, 0., 0, 0., 0, 0., 65, 820, 885, 785, 0.8870056497175142
, generated\gt\sample_000217.krn, generated\xml_scaled\sample_000217.xml, 0, 0., 107, 17.656765676567655, 0, 0., 2, 0.33003300330033003, 0, 0., 4, 0.6600660066006601, 0, 0., 0, 0., 0, 0., 0, 0., 1, 0.16501650165016502, 0, 0., 0, 0., 2, 0.33003300330033003, 4, 0.6600660066006601, 0, 0., 0, 0., 0, 0., 0, 0., 2, 0.33003300330033003, 0, 0., 0, 0., 3, 0.49504950495049505, 0, 0., 0, 0., 0, 0., 0, 0., 0, 0., 0, 0., 0, 0., 0, 0., 0, 0., 476, 78.54785478547855, 0, 0., 0, 0., 0, 0., 5, 0.8250825082508251, 0, 0., 0, 0., 127, 556, 683, 606, 0.8872620790629575
, generated\gt\sample_000382.krn, generated\xml_scaled\sample_000382.xml, 0, 0., 298, 15.634837355718783, 2, 0.1049317943336831, 10, 0.5246589716684156, 1, 0.05246589716684155, 0, 0., 4, 0.2098635886673662, 0, 0., 0, 0., 0, 0., 1, 0.05246589716684155, 0, 0., 0, 0., 5, 0.2623294858342078, 2, 0.1049317943336831, 0, 0., 0, 0., 0, 0., 0, 0., 5, 0.2623294858342078, 0, 0., 0, 0., 34, 1.7838405036726128, 0, 0., 0, 0., 0, 0., 0, 0., 0, 0., 0, 0., 0, 0., 0, 0., 0, 0., 1539, 80.74501573976914, 0, 0., 0, 0., 0, 0., 5, 0.2623294858342078, 0, 0., 0, 0., 299, 1849, 2148, 1906, 0.8873370577281192
, generated\gt\sample_000113.krn, generated\xml_scaled\sample_000113.xml, 0, 0., 144, 10.925644916540213, 0, 0., 2, 0.15174506828528073, 3, 0.2276176024279211, 0, 0., 0, 0., 0, 0., 0, 0., 0, 0., 1, 0.07587253414264036, 0, 0., 0, 0., 0, 0., 4, 0.30349013657056145, 2, 0.15174506828528073, 0, 0., 0, 0., 0, 0., 2, 0.15174506828528073, 0, 0., 0, 0., 10, 0.7587253414264037, 0, 0., 0, 0., 0, 0., 0, 0., 0, 0., 0, 0., 0, 0., 0, 0., 0, 0., 1145, 86.87405159332322, 0, 0., 0, 0., 0, 0., 5, 0.37936267071320184, 0, 0., 0, 0., 206, 1279, 1485, 1318, 0.8875420875420875
, generated\gt\sample_000373.krn, generated\xml_scaled\sample_000373.xml, 0, 0., 185, 14.419329696024942, 0, 0., 4, 0.3117692907248636, 3, 0.2338269680436477, 0, 0., 1, 0.0779423226812159, 0, 0., 0, 0., 0, 0., 0, 0., 2, 0.1558846453624318, 0, 0., 4, 0.3117692907248636, 4, 0.3117692907248636, 2, 0.1558846453624318, 0, 0., 0, 0., 0, 0., 2, 0.1558846453624318, 0, 0., 0, 0., 14, 1.0911925175370225, 0, 0., 0, 0., 0, 0., 0, 0., 0, 0., 0, 0., 0, 0., 0, 0., 0, 0., 1057, 82.3850350740452, 0, 0., 0, 0., 0, 0., 5, 0.3897116134060795, 0, 0., 0, 0., 212, 1233, 1445, 1283, 0.8878892733564013
, generated\gt\sample_000626.krn, generated\xml_scaled\sample_000626.xml, 0, 0., 709, 37.9144385026738, 2, 0.10695187165775401, 72, 3.8502673796791442, 2, 0.10695187165775401, 0, 0., 0, 0., 0, 0., 0, 0., 0, 0., 2, 0.10695187165775401, 0, 0., 0, 0., 0, 0., 8, 0.42780748663101603, 2, 0.10695187165775401, 0, 0., 0, 0., 0, 0., 0, 0., 0, 0., 0, 0., 11, 0.5882352941176471, 0, 0., 0, 0., 0, 0., 0, 0., 0, 0., 0, 0., 0, 0., 0, 0., 0, 0., 1058, 56.57754010695187, 0, 0., 0, 0., 4, 0.21390374331550802, 0, 0., 0, 0., 0, 0., 615, 1491, 2106, 1870, 0.8879392212725546
, generated\gt\sample_000036.krn, generated\xml_scaled\sample_000036.xml, 0, 0., 348, 29.19463087248322, 6, 0.5033557046979866, 25, 2.097315436241611, 6, 0.5033557046979866, 0, 0., 1, 0.08389261744966443, 0, 0., 0, 0., 0, 0., 1, 0.08389261744966443, 0, 0., 0, 0., 3, 0.2516778523489933, 8, 0.6711409395973155, 1, 0.08389261744966443, 0, 0., 0, 0., 0, 0., 1, 0.08389261744966443, 0, 0., 0, 0., 3, 0.2516778523489933, 0, 0., 0, 0., 0, 0., 0, 0., 0, 0., 0, 0., 0, 0., 0, 0., 0, 0., 785, 65.85570469798658, 0, 0., 0, 0., 4, 0.33557046979865773, 0, 0., 0, 0., 0, 0., 275, 1067, 1342, 1192, 0.8882265275707899
, generated\gt\sample_000190.krn, generated\xml_scaled\sample_000190.xml, 0, 0., 10, 0.6035003017501509, 2, 0.12070006035003017, 0, 0., 0, 0., 0, 0., 0, 0., 0, 0., 0, 0., 0, 0., 0, 0., 0, 0., 0, 0., 0, 0., 0, 0., 1, 0.060350030175015085, 0, 0., 0, 0., 0, 0., 0, 0., 0, 0., 0, 0., 7, 0.4224502112251056, 0, 0., 0, 0., 0, 0., 0, 0., 0, 0., 0, 0., 0, 0., 0, 0., 0, 0., 1637, 98.7929993964997, 0, 0., 0, 0., 0, 0., 0, 0., 0, 0., 0, 0., 108, 1756, 1864, 1657, 0.8889484978540773
, generated\gt\sample_000494.krn, generated\xml_scaled\sample_000494.xml, 0, 0., 273, 31.27147766323024, 0, 0., 10, 1.145475372279496, 0, 0., 0, 0., 1, 0.1145475372279496, 0, 0., 0, 0., 1, 0.1145475372279496, 3, 0.3436426116838488, 0, 0., 0, 0., 0, 0., 0, 0., 0, 0., 0, 0., 0, 0., 0, 0., 1, 0.1145475372279496, 0, 0., 0, 0., 3, 0.3436426116838488, 0, 0., 0, 0., 0, 0., 0, 0., 0, 0., 0, 0., 0, 0., 0, 0., 0, 0., 576, 65.97938144329896, 0, 0., 0, 0., 0, 0., 5, 0.572737686139748, 0, 0., 0, 0., 263, 719, 982, 873, 0.8890020366598778
, generated\gt\sample_000037.krn, generated\xml_scaled\sample_000037.xml, 0, 0., 236, 14.33778857837181, 0, 0., 13, 0.7897934386391251, 12, 0.7290400972053463, 0, 0., 7, 0.425273390036452, 0, 0., 0, 0., 0, 0., 16, 0.9720534629404617, 0, 0., 0, 0., 2, 0.12150668286755771, 8, 0.48602673147023084, 0, 0., 0, 0., 1, 0.060753341433778855, 0, 0., 2, 0.12150668286755771, 0, 0., 0, 0., 10, 0.6075334143377886, 0, 0., 0, 0., 0, 0., 0, 0., 0, 0., 0, 0., 0, 0., 0, 0., 0, 0., 1335, 81.10571081409478, 0, 0., 0, 0., 4, 0.24301336573511542, 0, 0., 0, 0., 0, 0., 293, 1555, 1848, 1646, 0.8906926406926406
, generated\gt\sample_000243.krn, generated\xml_scaled\sample_000243.xml, 0, 0., 302, 21.388101983002834, 0, 0., 11, 0.7790368271954674, 0, 0., 0, 0., 0, 0., 0, 0., 0, 0., 0, 0., 1, 0.0708215297450425, 1, 0.0708215297450425, 0, 0., 0, 0., 4, 0.28328611898017, 1, 0.0708215297450425, 0, 0., 0, 0., 0, 0., 1, 0.0708215297450425, 0, 0., 0, 0., 7, 0.49575070821529743, 0, 0., 0, 0., 0, 0., 0, 0., 0, 0., 0, 0., 0, 0., 0, 0., 0, 0., 1079, 76.41643059490085, 0, 0., 0, 0., 0, 0., 5, 0.35410764872521244, 0, 0., 0, 0., 283, 1302, 1585, 1412, 0.8908517350157729
, generated\gt\sample_000082.krn, generated\xml_scaled\sample_000082.xml, 0, 0., 339, 20.43399638336347, 0, 0., 19, 1.1452682338758289, 0, 0., 0, 0., 0, 0., 0, 0., 0, 0., 0, 0., 2, 0.12055455093429777, 1, 0.06027727546714889, 0, 0., 0, 0., 2, 0.12055455093429777, 0, 0., 0, 0., 0, 0., 0, 0., 1, 0.06027727546714889, 0, 0., 0, 0., 15, 0.9041591320072333, 0, 0., 0, 0., 0, 0., 0, 0., 0, 0., 0, 0., 0, 0., 0, 0., 0, 0., 1275, 76.85352622061482, 0, 0., 0, 0., 0, 0., 5, 0.3013863773357444, 0, 0., 0, 0., 320, 1540, 1860, 1659, 0.8919354838709678
, generated\gt\sample_000461.krn, generated\xml_scaled\sample_000461.xml, 0, 0., 406, 27.395411605937923, 0, 0., 24, 1.6194331983805668, 5, 0.33738191632928477, 0, 0., 1, 0.06747638326585695, 0, 0., 0, 0., 0, 0., 4, 0.2699055330634278, 0, 0., 0, 0., 0, 0., 8, 0.5398110661268556, 1, 0.06747638326585695, 0, 0., 0, 0., 0, 0., 0, 0., 0, 0., 0, 0., 17, 1.147098515519568, 0, 0., 0, 0., 0, 0., 0, 0., 0, 0., 0, 0., 0, 0., 0, 0., 0, 0., 1012, 68.28609986504723, 0, 0., 0, 0., 4, 0.2699055330634278, 0, 0., 0, 0., 0, 0., 412, 1249, 1661, 1482, 0.8922335942203492
, generated\gt\sample_000028.krn, generated\xml_scaled\sample_000028.xml, 0, 0., 178, 23.086900129701686, 0, 0., 6, 0.7782101167315175, 0, 0., 0, 0., 2, 0.2594033722438392, 0, 0., 0, 0., 0, 0., 3, 0.38910505836575876, 0, 0., 0, 0., 0, 0., 2, 0.2594033722438392, 0, 0., 0, 0., 0, 0., 0, 0., 1, 0.1297016861219196, 0, 0., 0, 0., 4, 0.5188067444876784, 0, 0., 0, 0., 0, 0., 0, 0., 0, 0., 0, 0., 0, 0., 0, 0., 0, 0., 570, 73.92996108949416, 0, 0., 0, 0., 0, 0., 5, 0.648508430609598, 0, 0., 0, 0., 148, 716, 864, 771, 0.8923611111111112
, generated\gt\sample_000046.krn, generated\xml_scaled\sample_000046.xml, 0, 0., 407, 33.442892358258014, 0, 0., 4, 0.3286770747740345, 1, 0.08216926869350863, 0, 0., 1, 0.08216926869350863, 0, 0., 0, 0., 0, 0., 7, 0.5751848808545604, 0, 0., 0, 0., 0, 0., 4, 0.3286770747740345, 0, 0., 0, 0., 0, 0., 0, 0., 0, 0., 0, 0., 0, 0., 10, 0.8216926869350862, 0, 0., 0, 0., 0, 0., 0, 0., 0, 0., 0, 0., 0, 0., 0, 0., 0, 0., 779, 64.00986031224322, 0, 0., 0, 0., 4, 0.3286770747740345, 0, 0., 0, 0., 0, 0., 321, 1042, 1363, 1217, 0.8928833455612619
, generated\gt\sample_000220.krn, generated\xml_scaled\sample_000220.xml, 0, 0., 367, 22.640345465761875, 8, 0.4935225169648365, 17, 1.0487353485502775, 1, 0.061690314620604564, 0, 0., 2, 0.12338062924120913, 0, 0., 0, 0., 1, 0.061690314620604564, 3, 0.1850709438618137, 1, 0.061690314620604564, 0, 0., 0, 0., 4, 0.24676125848241826, 2, 0.12338062924120913, 0, 0., 0, 0., 28, 1.727328809376928, 3, 0.1850709438618137, 0, 0., 1, 0.061690314620604564, 8, 0.4935225169648365, 0, 0., 4, 0.24676125848241826, 0, 0., 0, 0., 0, 0., 0, 0., 0, 0., 0, 0., 0, 0., 1166, 71.93090684762493, 0, 0., 0, 0., 0, 0., 5, 0.30845157310302285, 0, 0., 0, 0., 379, 1436, 1815, 1621, 0.8931129476584022
, generated\gt\sample_000546.krn, generated\xml_scaled\sample_000546.xml, 0, 0., 183, 11.952971913781841, 0, 0., 0, 0., 0, 0., 2, 0.13063357282821686, 0, 0., 0, 0., 0, 0., 1, 0.06531678641410843, 2, 0.13063357282821686, 0, 0., 0, 0., 1, 0.06531678641410843, 0, 0., 0, 0., 0, 0., 0, 0., 0, 0., 0, 0., 0, 0., 0, 0., 2, 0.13063357282821686, 0, 0., 0, 0., 0, 0., 0, 0., 0, 0., 0, 0., 0, 0., 0, 0., 0, 0., 1335, 87.19790986283475, 0, 0., 0, 0., 0, 0., 5, 0.32658393207054215, 0, 0., 0, 0., 237, 1477, 1714, 1531, 0.8932322053675612
, generated\gt\sample_000430.krn, generated\xml_scaled\sample_000430.xml, 0, 0., 152, 28.78787878787879, 2, 0.3787878787878788, 2, 0.3787878787878788, 2, 0.3787878787878788, 0, 0., 0, 0., 0, 0., 0, 0., 0, 0., 1, 0.1893939393939394, 0, 0., 0, 0., 0, 0., 0, 0., 0, 0., 0, 0., 0, 0., 0, 0., 2, 0.3787878787878788, 0, 0., 0, 0., 7, 1.3257575757575757, 0, 0., 0, 0., 0, 0., 0, 0., 0, 0., 0, 0., 0, 0., 0, 0., 0, 0., 355, 67.23484848484848, 0, 0., 0, 0., 0, 0., 5, 0.946969696969697, 0, 0., 0, 0., 171, 420, 591, 528, 0.8934010152284264
, generated\gt\sample_000677.krn, generated\xml_scaled\sample_000677.xml, 0, 0., 348, 17.975206611570247, 0, 0., 19, 0.981404958677686, 2, 0.10330578512396695, 0, 0., 5, 0.25826446280991733, 0, 0., 0, 0., 1, 0.05165289256198347, 2, 0.10330578512396695, 0, 0., 0, 0., 0, 0., 4, 0.2066115702479339, 0, 0., 0, 0., 0, 0., 0, 0., 2, 0.10330578512396695, 0, 0., 0, 0., 20, 1.0330578512396693, 0, 0., 0, 0., 0, 0., 0, 0., 0, 0., 0, 0., 0, 0., 0, 0., 0, 0., 1528, 78.92561983471074, 0, 0., 0, 0., 0, 0., 5, 0.25826446280991733, 0, 0., 0, 0., 325, 1841, 2166, 1936, 0.8938134810710988
, generated\gt\sample_000439.krn, generated\xml_scaled\sample_000439.xml, 0, 0., 326, 17.24867724867725, 0, 0., 5, 0.26455026455026454, 2, 0.10582010582010581, 0, 0., 1, 0.05291005291005291, 0, 0., 0, 0., 0, 0., 0, 0., 0, 0., 0, 0., 3, 0.15873015873015872, 2, 0.10582010582010581, 0, 0., 0, 0., 0, 0., 0, 0., 5, 0.26455026455026454, 0, 0., 0, 0., 10, 0.5291005291005291, 0, 0., 0, 0., 0, 0., 0, 0., 0, 0., 0, 0., 0, 0., 0, 0., 0, 0., 1531, 81.005291005291, 0, 0., 0, 0., 0, 0., 5, 0.26455026455026454, 0, 0., 0, 0., 276, 1837, 2113, 1890, 0.8944628490298154
, generated\gt\sample_000385.krn, generated\xml_scaled\sample_000385.xml, 0, 0., 0, 0., 0, 0., 0, 0., 6, 0.2830188679245283, 0, 0., 3, 0.14150943396226415, 0, 0., 0, 0., 3, 0.14150943396226415, 2, 0.09433962264150944, 2, 0.09433962264150944, 0, 0., 0, 0., 0, 0., 0, 0., 0, 0., 0, 0., 0, 0., 0, 0., 0, 0., 0, 0., 15, 0.7075471698113207, 0, 0., 0, 0., 0, 0., 0, 0., 0, 0., 0, 0., 0, 0., 0, 0., 0, 0., 2089, 98.5377358490566, 0, 0., 0, 0., 0, 0., 0, 0., 0, 0., 0, 0., 150, 2220, 2370, 2120, 0.8945147679324894
, generated\gt\sample_000017.krn, generated\xml_scaled\sample_000017.xml, 0, 0., 325, 27.356902356902356, 18, 1.5151515151515151, 7, 0.5892255892255892, 3, 0.25252525252525254, 2, 0.16835016835016836, 6, 0.5050505050505051, 0, 0., 0, 0., 1, 0.08417508417508418, 5, 0.4208754208754209, 0, 0., 0, 0., 4, 0.3367003367003367, 8, 0.6734006734006734, 3, 0.25252525252525254, 0, 0., 0, 0., 0, 0., 3, 0.25252525252525254, 0, 0., 0, 0., 3, 0.25252525252525254, 0, 0., 0, 0., 0, 0., 0, 0., 0, 0., 0, 0., 0, 0., 0, 0., 0, 0., 796, 67.003367003367, 0, 0., 0, 0., 4, 0.3367003367003367, 0, 0., 0, 0., 0, 0., 263, 1065, 1328, 1188, 0.8945783132530121
, generated\gt\sample_000380.krn, generated\xml_scaled\sample_000380.xml, 0, 0., 191, 23.32112332112332, 2, 0.2442002442002442, 8, 0.9768009768009768, 0, 0., 0, 0., 0, 0., 0, 0., 0, 0., 0, 0., 0, 0., 0, 0., 0, 0., 3, 0.3663003663003663, 0, 0., 0, 0., 0, 0., 0, 0., 0, 0., 2, 0.2442002442002442, 0, 0., 0, 0., 14, 1.7094017094017093, 0, 0., 0, 0., 0, 0., 0, 0., 0, 0., 0, 0., 0, 0., 0, 0., 0, 0., 594, 72.52747252747253, 0, 0., 0, 0., 0, 0., 5, 0.6105006105006106, 0, 0., 0, 0., 160, 755, 915, 819, 0.8950819672131147
, generated\gt\sample_000034.krn, generated\xml_scaled\sample_000034.xml, 0, 0., 379, 26.01235415236788, 12, 0.8236101578586136, 33, 2.264927934111187, 1, 0.06863417982155114, 0, 0., 6, 0.4118050789293068, 0, 0., 0, 0., 0, 0., 12, 0.8236101578586136, 0, 0., 0, 0., 1, 0.06863417982155114, 8, 0.5490734385724091, 2, 0.13726835964310227, 0, 0., 11, 0.7549759780370625, 0, 0., 2, 0.13726835964310227, 0, 0., 0, 0., 9, 0.6177076183939602, 0, 0., 0, 0., 0, 0., 0, 0., 0, 0., 0, 0., 0, 0., 0, 0., 0, 0., 977, 67.05559368565545, 0, 0., 0, 0., 4, 0.27453671928620454, 0, 0., 0, 0., 0, 0., 379, 1248, 1627, 1457, 0.8955132145052244
, generated\gt\sample_000347.krn, generated\xml_scaled\sample_000347.xml, 0, 0., 214, 22.66949152542373, 0, 0., 16, 1.694915254237288, 1, 0.1059322033898305, 0, 0., 1, 0.1059322033898305, 0, 0., 0, 0., 0, 0., 1, 0.1059322033898305, 0, 0., 0, 0., 0, 0., 0, 0., 0, 0., 0, 0., 0, 0., 0, 0., 4, 0.423728813559322, 0, 0., 0, 0., 11, 1.1652542372881356, 0, 0., 0, 0., 0, 0., 0, 0., 0, 0., 0, 0., 0, 0., 0, 0., 0, 0., 691, 73.19915254237289, 0, 0., 0, 0., 0, 0., 5, 0.5296610169491526, 0, 0., 0, 0., 263, 790, 1053, 944, 0.8964862298195632
, generated\gt\sample_000547.krn, generated\xml_scaled\sample_000547.xml, 0, 0., 369, 19.278996865203762, 0, 0., 15, 0.7836990595611285, 0, 0., 0, 0., 4, 0.2089864158829676, 0, 0., 0, 0., 0, 0., 1, 0.0522466039707419, 0, 0., 0, 0., 2, 0.1044932079414838, 4, 0.2089864158829676, 0, 0., 0, 0., 0, 0., 0, 0., 0, 0., 0, 0., 0, 0., 1, 0.0522466039707419, 0, 0., 0, 0., 0, 0., 0, 0., 0, 0., 0, 0., 0, 0., 0, 0., 0, 0., 1513, 79.0491118077325, 0, 0., 0, 0., 0, 0., 5, 0.2612330198537095, 0, 0., 0, 0., 307, 1827, 2134, 1914, 0.8969072164948454
, generated\gt\sample_000485.krn, generated\xml_scaled\sample_000485.xml, 0, 0., 130, 19.402985074626866, 0, 0., 3, 0.44776119402985076, 0, 0., 0, 0., 1, 0.14925373134328357, 0, 0., 0, 0., 0, 0., 0, 0., 1, 0.14925373134328357, 0, 0., 2, 0.29850746268656714, 4, 0.5970149253731343, 2, 0.29850746268656714, 0, 0., 0, 0., 0, 0., 0, 0., 0, 0., 0, 0., 1, 0.14925373134328357, 0, 0., 0, 0., 0, 0., 0, 0., 0, 0., 0, 0., 0, 0., 0, 0., 0, 0., 521, 77.76119402985074, 0, 0., 0, 0., 0, 0., 5, 0.746268656716418, 0, 0., 0, 0., 134, 613, 747, 670, 0.8969210174029452
, generated\gt\sample_000459.krn, generated\xml_scaled\sample_000459.xml, 0, 0., 483, 36.23405851462866, 8, 0.6001500375093773, 22, 1.6504126031507877, 1, 0.07501875468867217, 4, 0.30007501875468867, 0, 0., 0, 0., 0, 0., 0, 0., 3, 0.2250562640660165, 0, 0., 0, 0., 1, 0.07501875468867217, 8, 0.6001500375093773, 4, 0.30007501875468867, 0, 0., 0, 0., 0, 0., 3, 0.2250562640660165, 0, 0., 0, 0., 27, 2.0255063765941483, 0, 0., 0, 0., 0, 0., 0, 0., 0, 0., 0, 0., 0, 0., 0, 0., 0, 0., 765, 57.389347336834206, 0, 0., 0, 0., 4, 0.30007501875468867, 0, 0., 0, 0., 0, 0., 391, 1095, 1486, 1333, 0.8970390309555855
, generated\gt\sample_000468.krn, generated\xml_scaled\sample_000468.xml, 0, 0., 329, 33.06532663316583, 2, 0.20100502512562815, 6, 0.6030150753768844, 4, 0.4020100502512563, 0, 0., 4, 0.4020100502512563, 0, 0., 0, 0., 2, 0.20100502512562815, 1, 0.10050251256281408, 0, 0., 0, 0., 0, 0., 8, 0.8040201005025126, 3, 0.3015075376884422, 0, 0., 0, 0., 0, 0., 0, 0., 0, 0., 0, 0., 19, 1.9095477386934674, 0, 0., 0, 0., 0, 0., 0, 0., 0, 0., 0, 0., 0, 0., 0, 0., 0, 0., 613, 61.608040201005025, 0, 0., 0, 0., 4, 0.4020100502512563, 0, 0., 0, 0., 0, 0., 337, 772, 1109, 995, 0.8972046889089269
, generated\gt\sample_000402.krn, generated\xml_scaled\sample_000402.xml, 0, 0., 190, 13.503909026297086, 2, 0.14214641080312723, 2, 0.14214641080312723, 8, 0.5685856432125089, 0, 0., 4, 0.28429282160625446, 0, 0., 0, 0., 1, 0.07107320540156362, 0, 0., 0, 0., 0, 0., 1, 0.07107320540156362, 4, 0.28429282160625446, 2, 0.14214641080312723, 0, 0., 1, 0.07107320540156362, 0, 0., 0, 0., 1, 0.07107320540156362, 0, 0., 1, 0.07107320540156362, 0, 0., 0, 0., 0, 0., 0, 0., 0, 0., 0, 0., 0, 0., 0, 0., 0, 0., 1185, 84.22174840085287, 0, 0., 0, 0., 0, 0., 5, 0.35536602700781805, 0, 0., 0, 0., 211, 1357, 1568, 1407, 0.8973214285714286
, generated\gt\sample_000033.krn, generated\xml_scaled\sample_000033.xml, 0, 0., 274, 19.228070175438596, 0, 0., 29, 2.0350877192982457, 1, 0.07017543859649122, 0, 0., 6, 0.42105263157894735, 0, 0., 0, 0., 0, 0., 9, 0.631578947368421, 0, 0., 0, 0., 2, 0.14035087719298245, 8, 0.5614035087719298, 0, 0., 0, 0., 0, 0., 0, 0., 10, 0.7017543859649122, 0, 0., 0, 0., 14, 0.9824561403508771, 0, 0., 0, 0., 0, 0., 0, 0., 0, 0., 0, 0., 0, 0., 0, 0., 0, 0., 1068, 74.94736842105263, 0, 0., 0, 0., 4, 0.2807017543859649, 0, 0., 0, 0., 0, 0., 294, 1293, 1587, 1425, 0.8979206049149339
, generated\gt\sample_000479.krn, generated\xml_scaled\sample_000479.xml, 0, 0., 71, 3.3038622615169846, 0, 0., 3, 0.13959981386691483, 1, 0.04653327128897161, 0, 0., 0, 0., 0, 0., 0, 0., 0, 0., 0, 0., 0, 0., 0, 0., 0, 0., 0, 0., 0, 0., 0, 0., 0, 0., 0, 0., 0, 0., 0, 0., 0, 0., 12, 0.5583992554676593, 0, 0., 0, 0., 0, 0., 0, 0., 0, 0., 0, 0., 0, 0., 0, 0., 0, 0., 2062, 95.95160539785947, 0, 0., 0, 0., 0, 0., 0, 0., 0, 0., 0, 0., 163, 2230, 2393, 2149, 0.8980359381529461
, generated\gt\sample_000155.krn, generated\xml_scaled\sample_000155.xml, 0, 0., 354, 22.504767959313416, 0, 0., 12, 0.7628734901462174, 1, 0.06357279084551812, 0, 0., 2, 0.12714558169103624, 0, 0., 0, 0., 0, 0., 1, 0.06357279084551812, 0, 0., 0, 0., 2, 0.12714558169103624, 4, 0.25429116338207247, 0, 0., 0, 0., 0, 0., 0, 0., 2, 0.12714558169103624, 0, 0., 0, 0., 4, 0.25429116338207247, 0, 0., 0, 0., 0, 0., 0, 0., 0, 0., 0, 0., 0, 0., 0, 0., 0, 0., 1186, 75.3973299427845, 0, 0., 0, 0., 0, 0., 5, 0.3178639542275906, 0, 0., 0, 0., 286, 1464, 1750, 1573, 0.8988571428571429
, generated\gt\sample_000682.krn, generated\xml_scaled\sample_000682.xml, 0, 0., 240, 17.89709172259508, 6, 0.44742729306487694, 16, 1.1931394481730053, 4, 0.29828486204325133, 0, 0., 1, 0.07457121551081283, 0, 0., 0, 0., 1, 0.07457121551081283, 2, 0.14914243102162567, 0, 0., 0, 0., 3, 0.22371364653243847, 4, 0.29828486204325133, 0, 0., 0, 0., 0, 0., 0, 0., 2, 0.14914243102162567, 0, 0., 0, 0., 16, 1.1931394481730053, 0, 0., 0, 0., 0, 0., 0, 0., 0, 0., 0, 0., 0, 0., 0, 0., 0, 0., 1041, 77.62863534675616, 0, 0., 0, 0., 0, 0., 5, 0.37285607755406414, 0, 0., 0, 0., 231, 1260, 1491, 1341, 0.8993963782696177
, generated\gt\sample_000332.krn, generated\xml_scaled\sample_000332.xml, 0, 0., 256, 25.523429710867397, 0, 0., 13, 1.296111665004985, 1, 0.09970089730807577, 4, 0.3988035892323031, 2, 0.19940179461615154, 0, 0., 0, 0., 0, 0., 0, 0., 0, 0., 0, 0., 2, 0.19940179461615154, 4, 0.3988035892323031, 2, 0.19940179461615154, 0, 0., 0, 0., 0, 0., 0, 0., 0, 0., 0, 0., 3, 0.29910269192422734, 0, 0., 0, 0., 0, 0., 0, 0., 0, 0., 0, 0., 0, 0., 0, 0., 0, 0., 711, 70.88733798604187, 0, 0., 0, 0., 0, 0., 5, 0.4985044865403789, 0, 0., 0, 0., 209, 906, 1115, 1003, 0.8995515695067264
, generated\gt\sample_000000.krn, generated\xml_scaled\sample_000000.xml, 0, 0., 197, 10.030549898167006, 2, 0.10183299389002037, 3, 0.15274949083503056, 1, 0.05091649694501019, 2, 0.10183299389002037, 0, 0., 0, 0., 0, 0., 0, 0., 1, 0.05091649694501019, 1, 0.05091649694501019, 0, 0., 4, 0.20366598778004075, 4, 0.20366598778004075, 8, 0.4073319755600815, 0, 0., 0, 0., 0, 0., 4, 0.20366598778004075, 0, 0., 0, 0., 11, 0.560081466395112, 0, 0., 0, 0., 0, 0., 0, 0., 0, 0., 0, 0., 0, 0., 0, 0., 0, 0., 1721, 87.62729124236253, 0, 0., 0, 0., 0, 0., 5, 0.2545824847250509, 0, 0., 0, 0., 286, 1897, 2183, 1964, 0.8996793403573065
, generated\gt\sample_000519.krn, generated\xml_scaled\sample_000519.xml, 0, 0., 44, 1.6975308641975309, 0, 0., 0, 0., 0, 0., 0, 0., 0, 0., 0, 0., 0, 0., 0, 0., 1, 0.038580246913580245, 0, 0., 0, 0., 2, 0.07716049382716049, 0, 0., 1, 0.038580246913580245, 0, 0., 0, 0., 0, 0., 0, 0., 0, 0., 0, 0., 6, 0.23148148148148148, 0, 0., 0, 0., 0, 0., 0, 0., 3, 0.11574074074074074, 0, 0., 0, 0., 0, 0., 0, 0., 2535, 97.80092592592592, 0, 0., 0, 0., 0, 0., 0, 0., 0, 0., 0, 0., 168, 2711, 2879, 2592, 0.9003126085446336
, generated\gt\sample_000614.krn, generated\xml_scaled\sample_000614.xml, 0, 0., 218, 22.708333333333332, 0, 0., 17, 1.7708333333333333, 0, 0., 0, 0., 1, 0.10416666666666667, 0, 0., 0, 0., 0, 0., 6, 0.625, 0, 0., 0, 0., 0, 0., 2, 0.20833333333333334, 0, 0., 0, 0., 0, 0., 0, 0., 1, 0.10416666666666667, 0, 0., 0, 0., 9, 0.9375, 0, 0., 0, 0., 0, 0., 0, 0., 0, 0., 0, 0., 0, 0., 0, 0., 0, 0., 701, 73.02083333333333, 0, 0., 0, 0., 0, 0., 5, 0.5208333333333334, 0, 0., 0, 0., 185, 880, 1065, 960, 0.9014084507042254
, generated\gt\sample_000142.krn, generated\xml_scaled\sample_000142.xml, 0, 0., 59, 2.5696864111498257, 0, 0., 0, 0., 0, 0., 2, 0.08710801393728224, 0, 0., 0, 0., 0, 0., 1, 0.04355400696864112, 6, 0.2613240418118467, 1, 0.04355400696864112, 0, 0., 0, 0., 0, 0., 0, 0., 0, 0., 0, 0., 0, 0., 0, 0., 0, 0., 0, 0., 12, 0.5226480836236934, 0, 0., 0, 0., 0, 0., 0, 0., 0, 0., 0, 0., 0, 0., 0, 0., 0, 0., 2215, 96.47212543554006, 0, 0., 0, 0., 0, 0., 0, 0., 0, 0., 0, 0., 156, 2391, 2547, 2296, 0.9014526894385552
, generated\gt\sample_000351.krn, generated\xml_scaled\sample_000351.xml, 0, 0., 5, 0.4789272030651341, 0, 0., 0, 0., 0, 0., 0, 0., 0, 0., 0, 0., 0, 0., 0, 0., 0, 0., 0, 0., 0, 0., 0, 0., 0, 0., 0, 0., 0, 0., 0, 0., 0, 0., 0, 0., 0, 0., 0, 0., 3, 0.28735632183908044, 0, 0., 0, 0., 0, 0., 0, 0., 0, 0., 0, 0., 0, 0., 0, 0., 0, 0., 1036, 99.23371647509579, 0, 0., 0, 0., 0, 0., 0, 0., 0, 0., 0, 0., 59, 1099, 1158, 1044, 0.9015544041450777
, generated\gt\sample_000368.krn, generated\xml_scaled\sample_000368.xml, 0, 0., 350, 19.718309859154928, 0, 0., 31, 1.7464788732394365, 3, 0.16901408450704225, 2, 0.11267605633802817, 4, 0.22535211267605634, 0, 0., 0, 0., 3, 0.16901408450704225, 0, 0., 0, 0., 0, 0., 0, 0., 4, 0.22535211267605634, 0, 0., 0, 0., 0, 0., 0, 0., 1, 0.056338028169014086, 0, 0., 0, 0., 7, 0.39436619718309857, 0, 0., 0, 0., 0, 0., 0, 0., 0, 0., 0, 0., 0, 0., 0, 0., 0, 0., 1365, 76.90140845070422, 0, 0., 0, 0., 0, 0., 5, 0.28169014084507044, 0, 0., 0, 0., 346, 1622, 1968, 1775, 0.9019308943089431
, generated\gt\sample_000613.krn, generated\xml_scaled\sample_000613.xml, 0, 0., 175, 15.66696508504924, 0, 0., 15, 1.3428827215756491, 0, 0., 0, 0., 2, 0.17905102954341987, 0, 0., 0, 0., 0, 0., 6, 0.5371530886302597, 0, 0., 0, 0., 0, 0., 2, 0.17905102954341987, 0, 0., 0, 0., 0, 0., 0, 0., 0, 0., 0, 0., 0, 0., 10, 0.8952551477170994, 0, 0., 0, 0., 0, 0., 0, 0., 0, 0., 0, 0., 0, 0., 0, 0., 0, 0., 902, 80.75201432408237, 0, 0., 0, 0., 0, 0., 5, 0.4476275738585497, 0, 0., 0, 0., 205, 1033, 1238, 1117, 0.9022617124394184
, generated\gt\sample_000680.krn, generated\xml_scaled\sample_000680.xml, 0, 0., 175, 14.656616415410385, 4, 0.33500837520938026, 15, 1.256281407035176, 5, 0.4187604690117253, 0, 0., 0, 0., 0, 0., 0, 0., 1, 0.08375209380234507, 2, 0.16750418760469013, 0, 0., 0, 0., 2, 0.16750418760469013, 4, 0.33500837520938026, 0, 0., 0, 0., 0, 0., 0, 0., 1, 0.08375209380234507, 0, 0., 0, 0., 10, 0.8375209380234506, 0, 0., 0, 0., 0, 0., 0, 0., 0, 0., 0, 0., 0, 0., 0, 0., 0, 0., 970, 81.23953098827471, 0, 0., 0, 0., 0, 0., 5, 0.4187604690117253, 0, 0., 0, 0., 176, 1147, 1323, 1194, 0.9024943310657596
, generated\gt\sample_000467.krn, generated\xml_scaled\sample_000467.xml, 0, 0., 549, 32.562277580071175, 8, 0.4744958481613286, 24, 1.4234875444839858, 4, 0.2372479240806643, 0, 0., 2, 0.11862396204033215, 0, 0., 0, 0., 0, 0., 4, 0.2372479240806643, 0, 0., 0, 0., 2, 0.11862396204033215, 8, 0.4744958481613286, 6, 0.35587188612099646, 0, 0., 0, 0., 0, 0., 0, 0., 0, 0., 0, 0., 28, 1.66073546856465, 0, 0., 0, 0., 0, 0., 0, 0., 0, 0., 0, 0., 0, 0., 0, 0., 0, 0., 1047, 62.09964412811388, 0, 0., 0, 0., 4, 0.2372479240806643, 0, 0., 0, 0., 0, 0., 413, 1455, 1868, 1686, 0.9025695931477516
, generated\gt\sample_000619.krn, generated\xml_scaled\sample_000619.xml, 0, 0., 268, 14.463032919589855, 0, 0., 12, 0.6475984889368591, 1, 0.053966540744738264, 0, 0., 2, 0.10793308148947653, 0, 0., 0, 0., 0, 0., 3, 0.16189962223421478, 0, 0., 0, 0., 3, 0.16189962223421478, 4, 0.21586616297895306, 0, 0., 0, 0., 0, 0., 0, 0., 3, 0.16189962223421478, 0, 0., 0, 0., 6, 0.32379924446842956, 0, 0., 0, 0., 0, 0., 0, 0., 0, 0., 0, 0., 0, 0., 0, 0., 0, 0., 1546, 83.43227199136535, 0, 0., 0, 0., 0, 0., 5, 0.26983270372369134, 0, 0., 0, 0., 267, 1784, 2051, 1853, 0.9034617259873232
, generated\gt\sample_000476.krn, generated\xml_scaled\sample_000476.xml, 0, 0., 119, 8.111792774369462, 2, 0.136332651670075, 13, 0.8861622358554874, 1, 0.0681663258350375, 0, 0., 2, 0.136332651670075, 0, 0., 0, 0., 1, 0.0681663258350375, 2, 0.136332651670075, 0, 0., 0, 0., 3, 0.20449897750511248, 2, 0.136332651670075, 0, 0., 0, 0., 0, 0., 0, 0., 1, 0.0681663258350375, 0, 0., 0, 0., 5, 0.34083162917518744, 0, 0., 0, 0., 0, 0., 0, 0., 0, 0., 0, 0., 0, 0., 0, 0., 0, 0., 1311, 89.36605316973416, 0, 0., 0, 0., 0, 0., 5, 0.34083162917518744, 0, 0., 0, 0., 159, 1461, 1620, 1467, 0.9055555555555556
, generated\gt\sample_000349.krn, generated\xml_scaled\sample_000349.xml, 0, 0., 593, 54.20475319926874, 0, 0., 21, 1.9195612431444242, 0, 0., 2, 0.18281535648994515, 0, 0., 0, 0., 0, 0., 0, 0., 1, 0.09140767824497258, 0, 0., 0, 0., 0, 0., 4, 0.3656307129798903, 0, 0., 0, 0., 0, 0., 0, 0., 3, 0.2742230347349177, 0, 0., 0, 0., 26, 2.376599634369287, 0, 0., 0, 0., 0, 0., 0, 0., 0, 0., 0, 0., 0, 0., 0, 0., 0, 0., 439, 40.12797074954296, 0, 0., 0, 0., 0, 0., 5, 0.4570383912248629, 0, 0., 0, 0., 402, 806, 1208, 1094, 0.9056291390728477
, generated\gt\sample_000307.krn, generated\xml_scaled\sample_000307.xml, 0, 0., 415, 21.56964656964657, 0, 0., 20, 1.0395010395010396, 0, 0., 0, 0., 0, 0., 0, 0., 0, 0., 0, 0., 1, 0.05197505197505198, 0, 0., 0, 0., 4, 0.2079002079002079, 4, 0.2079002079002079, 0, 0., 0, 0., 0, 0., 0, 0., 2, 0.10395010395010396, 0, 0., 0, 0., 8, 0.4158004158004158, 0, 0., 0, 0., 0, 0., 0, 0., 0, 0., 0, 0., 0, 0., 0, 0., 0, 0., 1465, 76.14345114345114, 0, 0., 0, 0., 0, 0., 5, 0.2598752598752599, 0, 0., 0, 0., 315, 1809, 2124, 1924, 0.9058380414312618
, generated\gt\sample_000495.krn, generated\xml_scaled\sample_000495.xml, 0, 0., 481, 31.25406107862248, 0, 0., 33, 2.1442495126705654, 0, 0., 0, 0., 3, 0.1949317738791423, 0, 0., 0, 0., 1, 0.0649772579597141, 1, 0.0649772579597141, 0, 0., 0, 0., 0, 0., 4, 0.2599090318388564, 0, 0., 0, 0., 0, 0., 0, 0., 4, 0.2599090318388564, 2, 0.1299545159194282, 1, 0.0649772579597141, 14, 0.9096816114359974, 0, 0., 0, 0., 0, 0., 0, 0., 0, 0., 0, 0., 0, 0., 0, 0., 0, 0., 990, 64.32748538011695, 0, 0., 0, 0., 0, 0., 5, 0.3248862897985705, 0, 0., 0, 0., 402, 1294, 1696, 1539, 0.9074292452830188
, generated\gt\sample_000045.krn, generated\xml_scaled\sample_000045.xml, 0, 0., 366, 27.131208302446257, 6, 0.4447739065974796, 15, 1.111934766493699, 2, 0.14825796886582654, 2, 0.14825796886582654, 3, 0.2223869532987398, 0, 0., 0, 0., 2, 0.14825796886582654, 0, 0., 0, 0., 0, 0., 1, 0.07412898443291327, 4, 0.2965159377316531, 0, 0., 0, 0., 0, 0., 0, 0., 1, 0.07412898443291327, 0, 0., 0, 0., 23, 1.704966641957005, 0, 0., 0, 0., 0, 0., 0, 0., 0, 0., 0, 0., 0, 0., 0, 0., 0, 0., 920, 68.19866567828021, 0, 0., 0, 0., 4, 0.2965159377316531, 0, 0., 0, 0., 0, 0., 288, 1198, 1486, 1349, 0.9078061911170928
, generated\gt\sample_000643.krn, generated\xml_scaled\sample_000643.xml, 0, 0., 467, 32.88732394366197, 2, 0.14084507042253522, 26, 1.8309859154929577, 1, 0.07042253521126761, 0, 0., 0, 0., 0, 0., 0, 0., 1, 0.07042253521126761, 0, 0., 0, 0., 0, 0., 0, 0., 4, 0.28169014084507044, 0, 0., 0, 0., 0, 0., 0, 0., 2, 0.14084507042253522, 0, 0., 0, 0., 1, 0.07042253521126761, 0, 0., 0, 0., 0, 0., 0, 0., 0, 0., 0, 0., 0, 0., 0, 0., 0, 0., 911, 64.15492957746478, 0, 0., 0, 0., 0, 0., 5, 0.352112676056338, 0, 0., 0, 0., 358, 1206, 1564, 1420, 0.907928388746803
, generated\gt\sample_000241.krn, generated\xml_scaled\sample_000241.xml, 0, 0., 217, 20.111214087117702, 0, 0., 14, 1.2974976830398517, 1, 0.09267840593141798, 0, 0., 1, 0.09267840593141798, 0, 0., 0, 0., 0, 0., 4, 0.3707136237256719, 0, 0., 0, 0., 0, 0., 0, 0., 4, 0.3707136237256719, 0, 0., 0, 0., 0, 0., 2, 0.18535681186283595, 0, 0., 0, 0., 16, 1.4828544949026876, 0, 0., 0, 0., 0, 0., 0, 0., 0, 0., 0, 0., 0, 0., 0, 0., 0, 0., 815, 75.53290083410565, 0, 0., 0, 0., 0, 0., 5, 0.4633920296570899, 0, 0., 0, 0., 215, 973, 1188, 1079, 0.9082491582491582
, generated\gt\sample_000057.krn, generated\xml_scaled\sample_000057.xml, 0, 0., 153, 6.591986212839293, 0, 0., 0, 0., 0, 0., 0, 0., 0, 0., 0, 0., 0, 0., 0, 0., 5, 0.2154243860404998, 0, 0., 0, 0., 3, 0.12925463162429987, 2, 0.08616975441619991, 1, 0.043084877208099955, 0, 0., 0, 0., 0, 0., 0, 0., 0, 0., 0, 0., 9, 0.38776389487289964, 0, 0., 0, 0., 0, 0., 0, 0., 0, 0., 0, 0., 0, 0., 0, 0., 0, 0., 2148, 92.54631624299871, 0, 0., 0, 0., 0, 0., 0, 0., 0, 0., 0, 0., 198, 2355, 2553, 2321, 0.90912651782217
, generated\gt\sample_000395.krn, generated\xml_scaled\sample_000395.xml, 0, 0., 192, 14.964925954793452, 0, 0., 6, 0.4676539360872954, 0, 0., 0, 0., 0, 0., 0, 0., 0, 0., 1, 0.0779423226812159, 1, 0.0779423226812159, 2, 0.1558846453624318, 0, 0., 1, 0.0779423226812159, 4, 0.3117692907248636, 0, 0., 0, 0., 0, 0., 0, 0., 2, 0.1558846453624318, 0, 0., 0, 0., 16, 1.2470771628994544, 0, 0., 0, 0., 0, 0., 0, 0., 0, 0., 0, 0., 0, 0., 0, 0., 0, 0., 1053, 82.07326578332034, 0, 0., 0, 0., 0, 0., 5, 0.3897116134060795, 0, 0., 0, 0., 219, 1192, 1411, 1283, 0.9092841956059532
, generated\gt\sample_000135.krn, generated\xml_scaled\sample_000135.xml, 0, 0., 250, 19.654088050314467, 2, 0.15723270440251572, 19, 1.4937106918238994, 1, 0.07861635220125786, 0, 0., 0, 0., 0, 0., 0, 0., 0, 0., 2, 0.15723270440251572, 0, 0., 0, 0., 0, 0., 4, 0.31446540880503143, 0, 0., 0, 0., 0, 0., 0, 0., 1, 0.07861635220125786, 0, 0., 0, 0., 9, 0.7075471698113207, 0, 0., 0, 0., 0, 0., 0, 0., 0, 0., 0, 0., 0, 0., 0, 0., 0, 0., 979, 76.96540880503144, 0, 0., 0, 0., 0, 0., 5, 0.39308176100628933, 0, 0., 0, 0., 234, 1164, 1398, 1272, 0.9098712446351931
, generated\gt\sample_000014.krn, generated\xml_scaled\sample_000014.xml, 0, 0., 605, 30.883103624298112, 2, 0.10209290454313426, 22, 1.1230219499744767, 1, 0.05104645227156713, 6, 0.30627871362940273, 6, 0.30627871362940273, 0, 0., 0, 0., 1, 0.05104645227156713, 10, 0.5104645227156712, 0, 0., 0, 0., 2, 0.10209290454313426, 8, 0.40837161817253703, 3, 0.15313935681470137, 0, 0., 0, 0., 0, 0., 2, 0.10209290454313426, 0, 0., 0, 0., 7, 0.3573251659009699, 0, 0., 0, 0., 0, 0., 0, 0., 0, 0., 0, 0., 0, 0., 0, 0., 0, 0., 1280, 65.33945890760592, 0, 0., 0, 0., 4, 0.20418580908626852, 0, 0., 0, 0., 0, 0., 390, 1761, 2151, 1959, 0.9107391910739191
, generated\gt\sample_000055.krn, generated\xml_scaled\sample_000055.xml, 0, 0., 136, 15.060908084163898, 0, 0., 4, 0.4429678848283499, 1, 0.11074197120708748, 2, 0.22148394241417496, 0, 0., 0, 0., 0, 0., 2, 0.22148394241417496, 1, 0.11074197120708748, 0, 0., 0, 0., 0, 0., 4, 0.4429678848283499, 0, 0., 0, 0., 0, 0., 2, 0.22148394241417496, 2, 0.22148394241417496, 0, 0., 0, 0., 9, 0.9966777408637874, 0, 0., 0, 0., 0, 0., 0, 0., 0, 0., 0, 0., 0, 0., 0, 0., 0, 0., 735, 81.3953488372093, 0, 0., 0, 0., 0, 0., 5, 0.5537098560354374, 0, 0., 0, 0., 174, 817, 991, 903, 0.9112008072653885
, generated\gt\sample_000683.krn, generated\xml_scaled\sample_000683.xml, 0, 0., 184, 11.630847029077117, 12, 0.7585335018963337, 16, 1.011378002528445, 4, 0.2528445006321112, 0, 0., 3, 0.18963337547408343, 0, 0., 0, 0., 0, 0., 4, 0.2528445006321112, 0, 0., 0, 0., 0, 0., 4, 0.2528445006321112, 0, 0., 0, 0., 0, 0., 0, 0., 2, 0.1264222503160556, 0, 0., 0, 0., 9, 0.5689001264222503, 0, 0., 0, 0., 0, 0., 0, 0., 0, 0., 0, 0., 0, 0., 0, 0., 0, 0., 1339, 84.63969658659924, 0, 0., 0, 0., 0, 0., 5, 0.31605562579013907, 0, 0., 0, 0., 208, 1526, 1734, 1582, 0.9123414071510957
, generated\gt\sample_000148.krn, generated\xml_scaled\sample_000148.xml, 0, 0., 341, 20.566948130277442, 0, 0., 13, 0.7840772014475271, 0, 0., 0, 0., 1, 0.06031363088057901, 0, 0., 0, 0., 2, 0.12062726176115803, 3, 0.18094089264173704, 0, 0., 0, 0., 0, 0., 4, 0.24125452352231605, 0, 0., 0, 0., 0, 0., 0, 0., 0, 0., 0, 0., 0, 0., 3, 0.18094089264173704, 0, 0., 0, 0., 0, 0., 0, 0., 0, 0., 0, 0., 0, 0., 0, 0., 0, 0., 1286, 77.56332931242461, 0, 0., 0, 0., 0, 0., 5, 0.30156815440289503, 0, 0., 0, 0., 292, 1525, 1817, 1658, 0.9124931205283434
, generated\gt\sample_000162.krn, generated\xml_scaled\sample_000162.xml, 0, 0., 104, 9.96168582375479, 2, 0.19157088122605365, 0, 0., 2, 0.19157088122605365, 0, 0., 1, 0.09578544061302682, 0, 0., 0, 0., 0, 0., 4, 0.3831417624521073, 4, 0.3831417624521073, 0, 0., 0, 0., 2, 0.19157088122605365, 2, 0.19157088122605365, 0, 0., 0, 0., 0, 0., 3, 0.28735632183908044, 0, 0., 0, 0., 5, 0.4789272030651341, 0, 0., 0, 0., 0, 0., 0, 0., 0, 0., 0, 0., 0, 0., 0, 0., 0, 0., 910, 87.16475095785441, 0, 0., 0, 0., 0, 0., 5, 0.4789272030651341, 0, 0., 0, 0., 261, 883, 1144, 1044, 0.9125874125874126
, generated\gt\sample_000421.krn, generated\xml_scaled\sample_000421.xml, 0, 0., 388, 31.366208569118836, 0, 0., 26, 2.1018593371059016, 0, 0., 0, 0., 0, 0., 0, 0., 0, 0., 0, 0., 1, 0.08084074373484236, 0, 0., 0, 0., 1, 0.08084074373484236, 0, 0., 2, 0.16168148746968472, 0, 0., 0, 0., 0, 0., 2, 0.16168148746968472, 0, 0., 0, 0., 7, 0.5658852061438965, 0, 0., 0, 0., 0, 0., 0, 0., 0, 0., 0, 0., 0, 0., 0, 0., 0, 0., 805, 65.0767987065481, 0, 0., 0, 0., 0, 0., 5, 0.4042037186742118, 0, 0., 0, 0., 364, 991, 1355, 1237, 0.9129151291512915
, generated\gt\sample_000596.krn, generated\xml_scaled\sample_000596.xml, 0, 0., 257, 21.779661016949152, 0, 0., 9, 0.7627118644067796, 0, 0., 0, 0., 0, 0., 0, 0., 0, 0., 1, 0.0847457627118644, 2, 0.1694915254237288, 0, 0., 0, 0., 0, 0., 4, 0.3389830508474576, 0, 0., 0, 0., 0, 0., 0, 0., 0, 0., 0, 0., 0, 0., 16, 1.3559322033898304, 0, 0., 0, 0., 0, 0., 0, 0., 0, 0., 0, 0., 0, 0., 0, 0., 0, 0., 886, 75.08474576271186, 0, 0., 0, 0., 0, 0., 5, 0.423728813559322, 0, 0., 0, 0., 229, 1063, 1292, 1180, 0.913312693498452
, generated\gt\sample_000652.krn, generated\xml_scaled\sample_000652.xml, 0, 0., 230, 29.003783102143757, 0, 0., 9, 1.1349306431273645, 1, 0.12610340479192939, 0, 0., 1, 0.12610340479192939, 0, 0., 0, 0., 0, 0., 1, 0.12610340479192939, 1, 0.12610340479192939, 0, 0., 0, 0., 0, 0., 2, 0.25220680958385877, 0, 0., 0, 0., 0, 0., 2, 0.25220680958385877, 0, 0., 0, 0., 6, 0.7566204287515763, 0, 0., 0, 0., 0, 0., 0, 0., 0, 0., 0, 0., 0, 0., 0, 0., 0, 0., 535, 67.46532156368222, 0, 0., 0, 0., 0, 0., 5, 0.6305170239596469, 0, 0., 0, 0., 226, 642, 868, 793, 0.913594470046083
, generated\gt\sample_000232.krn, generated\xml_scaled\sample_000232.xml, 0, 0., 731, 71.24756335282652, 0, 0., 23, 2.2417153996101367, 0, 0., 0, 0., 0, 0., 0, 0., 0, 0., 0, 0., 0, 0., 0, 0., 0, 0., 0, 0., 4, 0.3898635477582846, 0, 0., 0, 0., 0, 0., 0, 0., 0, 0., 0, 0., 0, 0., 6, 0.5847953216374269, 0, 0., 0, 0., 0, 0., 0, 0., 0, 0., 0, 0., 0, 0., 0, 0., 0, 0., 257, 25.048732943469787, 0, 0., 0, 0., 0, 0., 5, 0.4873294346978557, 0, 0., 0, 0., 463, 659, 1122, 1026, 0.9144385026737968
, generated\gt\sample_000420.krn, generated\xml_scaled\sample_000420.xml, 0, 0., 69, 4.129263913824057, 0, 0., 0, 0., 0, 0., 0, 0., 0, 0., 0, 0., 0, 0., 0, 0., 0, 0., 0, 0., 0, 0., 1, 0.059844404548174746, 0, 0., 1, 0.059844404548174746, 0, 0., 0, 0., 0, 0., 0, 0., 0, 0., 0, 0., 5, 0.2992220227408737, 0, 0., 0, 0., 0, 0., 0, 0., 0, 0., 0, 0., 0, 0., 0, 0., 0, 0., 1595, 95.45182525433871, 0, 0., 0, 0., 0, 0., 0, 0., 0, 0., 0, 0., 141, 1684, 1825, 1671, 0.9156164383561644
, generated\gt\sample_000095.krn, generated\xml_scaled\sample_000095.xml, 0, 0., 340, 29.01023890784983, 0, 0., 16, 1.3651877133105803, 1, 0.08532423208191127, 2, 0.17064846416382254, 0, 0., 0, 0., 0, 0., 0, 0., 2, 0.17064846416382254, 0, 0., 0, 0., 0, 0., 2, 0.17064846416382254, 0, 0., 0, 0., 0, 0., 0, 0., 0, 0., 0, 0., 0, 0., 20, 1.7064846416382253, 0, 0., 0, 0., 0, 0., 0, 0., 0, 0., 0, 0., 0, 0., 0, 0., 0, 0., 784, 66.89419795221843, 0, 0., 0, 0., 0, 0., 5, 0.42662116040955633, 0, 0., 0, 0., 263, 1017, 1280, 1172, 0.915625
, generated\gt\sample_000031.krn, generated\xml_scaled\sample_000031.xml, 0, 0., 164, 20.372670807453417, 0, 0., 8, 0.9937888198757764, 0, 0., 0, 0., 0, 0., 0, 0., 0, 0., 0, 0., 0, 0., 0, 0., 0, 0., 0, 0., 2, 0.2484472049689441, 0, 0., 0, 0., 0, 0., 0, 0., 2, 0.2484472049689441, 0, 0., 0, 0., 7, 0.8695652173913043, 0, 0., 0, 0., 0, 0., 0, 0., 0, 0., 0, 0., 0, 0., 0, 0., 0, 0., 617, 76.64596273291926, 0, 0., 0, 0., 0, 0., 5, 0.6211180124223602, 0, 0., 0, 0., 128, 751, 879, 805, 0.9158134243458476
, generated\gt\sample_000160.krn, generated\xml_scaled\sample_000160.xml, 0, 0., 229, 26.90951821386604, 0, 0., 3, 0.3525264394829612, 1, 0.11750881316098707, 4, 0.4700352526439483, 0, 0., 0, 0., 0, 0., 0, 0., 3, 0.3525264394829612, 0, 0., 0, 0., 1, 0.11750881316098707, 2, 0.23501762632197415, 2, 0.23501762632197415, 0, 0., 0, 0., 3, 0.3525264394829612, 3, 0.3525264394829612, 0, 0., 0, 0., 7, 0.8225616921269095, 0, 0., 0, 0., 0, 0., 0, 0., 0, 0., 0, 0., 0, 0., 0, 0., 0, 0., 588, 69.0951821386604, 0, 0., 0, 0., 0, 0., 5, 0.5875440658049353, 0, 0., 0, 0., 187, 742, 929, 851, 0.9160387513455328
, generated\gt\sample_000404.krn, generated\xml_scaled\sample_000404.xml, 0, 0., 136, 5.51948051948052, 0, 0., 3, 0.12175324675324675, 0, 0., 0, 0., 1, 0.040584415584415584, 0, 0., 0, 0., 2, 0.08116883116883117, 1, 0.040584415584415584, 0, 0., 0, 0., 0, 0., 0, 0., 1, 0.040584415584415584, 0, 0., 0, 0., 0, 0., 0, 0., 0, 0., 0, 0., 9, 0.3652597402597403, 0, 0., 0, 0., 0, 0., 0, 0., 0, 0., 0, 0., 0, 0., 0, 0., 0, 0., 2311, 93.79058441558442, 0, 0., 0, 0., 0, 0., 0, 0., 0, 0., 0, 0., 230, 2459, 2689, 2464, 0.916325771662328
, generated\gt\sample_000678.krn, generated\xml_scaled\sample_000678.xml, 0, 0., 123, 6.9727891156462585, 0, 0., 7, 0.3968253968253968, 2, 0.11337868480725624, 0, 0., 0, 0., 0, 0., 0, 0., 1, 0.05668934240362812, 2, 0.11337868480725624, 0, 0., 0, 0., 0, 0., 2, 0.11337868480725624, 1, 0.05668934240362812, 0, 0., 0, 0., 0, 0., 0, 0., 0, 0., 0, 0., 19, 1.0770975056689343, 0, 0., 0, 0., 0, 0., 0, 0., 0, 0., 0, 0., 0, 0., 0, 0., 0, 0., 1607, 91.09977324263039, 0, 0., 0, 0., 0, 0., 0, 0., 0, 0., 0, 0., 147, 1778, 1925, 1764, 0.9163636363636364
, generated\gt\sample_000641.krn, generated\xml_scaled\sample_000641.xml, 0, 0., 434, 25.559481743227327, 4, 0.23557126030624265, 30, 1.7667844522968197, 0, 0., 0, 0., 5, 0.2944640753828033, 0, 0., 0, 0., 3, 0.17667844522968199, 7, 0.4122497055359246, 0, 0., 0, 0., 1, 0.05889281507656066, 4, 0.23557126030624265, 5, 0.2944640753828033, 0, 0., 0, 0., 0, 0., 3, 0.17667844522968199, 0, 0., 0, 0., 2, 0.11778563015312132, 0, 0., 0, 0., 0, 0., 0, 0., 0, 0., 0, 0., 0, 0., 0, 0., 0, 0., 1195, 70.37691401648999, 0, 0., 0, 0., 0, 0., 5, 0.2944640753828033, 0, 0., 0, 0., 335, 1515, 1850, 1698, 0.9178378378378378
, generated\gt\sample_000035.krn, generated\xml_scaled\sample_000035.xml, 0, 0., 436, 24.577226606538897, 8, 0.4509582863585118, 24, 1.3528748590755355, 3, 0.16910935738444194, 0, 0., 0, 0., 0, 0., 0, 0., 0, 0., 7, 0.3945885005636979, 0, 0., 0, 0., 2, 0.11273957158962795, 8, 0.4509582863585118, 1, 0.05636978579481398, 0, 0., 0, 0., 0, 0., 1, 0.05636978579481398, 0, 0., 0, 0., 6, 0.3382187147688839, 0, 0., 0, 0., 0, 0., 0, 0., 0, 0., 0, 0., 0, 0., 0, 0., 0, 0., 1274, 71.815107102593, 0, 0., 0, 0., 4, 0.2254791431792559, 0, 0., 0, 0., 0, 0., 378, 1554, 1932, 1774, 0.9182194616977226
, generated\gt\sample_000642.krn, generated\xml_scaled\sample_000642.xml, 0, 0., 365, 27.01702442635085, 0, 0., 15, 1.1102886750555145, 0, 0., 0, 0., 0, 0., 0, 0., 0, 0., 0, 0., 4, 0.29607698001480387, 0, 0., 0, 0., 1, 0.07401924500370097, 4, 0.29607698001480387, 0, 0., 0, 0., 0, 0., 0, 0., 3, 0.22205773501110287, 0, 0., 0, 0., 1, 0.07401924500370097, 0, 0., 0, 0., 0, 0., 0, 0., 0, 0., 0, 0., 0, 0., 0, 0., 0, 0., 953, 70.54034048852702, 0, 0., 0, 0., 0, 0., 5, 0.3700962250185048, 0, 0., 0, 0., 284, 1187, 1471, 1351, 0.9184228416043508
, generated\gt\sample_000625.krn, generated\xml_scaled\sample_000625.xml, 0, 0., 582, 30.218068535825545, 4, 0.20768431983385255, 17, 0.8826583592938733, 2, 0.10384215991692627, 0, 0., 2, 0.10384215991692627, 0, 0., 0, 0., 0, 0., 4, 0.20768431983385255, 0, 0., 0, 0., 0, 0., 8, 0.4153686396677051, 0, 0., 0, 0., 8, 0.4153686396677051, 0, 0., 0, 0., 0, 0., 0, 0., 3, 0.1557632398753894, 0, 0., 0, 0., 0, 0., 0, 0., 0, 0., 0, 0., 0, 0., 0, 0., 0, 0., 1292, 67.08203530633438, 0, 0., 0, 0., 4, 0.20768431983385255, 0, 0., 0, 0., 0, 0., 448, 1649, 2097, 1926, 0.9184549356223176
, generated\gt\sample_000463.krn, generated\xml_scaled\sample_000463.xml, 0, 0., 578, 37.97634691195795, 4, 0.2628120893561104, 18, 1.1826544021024967, 4, 0.2628120893561104, 2, 0.1314060446780552, 1, 0.0657030223390276, 0, 0., 0, 0., 2, 0.1314060446780552, 1, 0.0657030223390276, 0, 0., 0, 0., 6, 0.39421813403416556, 8, 0.5256241787122208, 9, 0.5913272010512484, 0, 0., 0, 0., 0, 0., 1, 0.0657030223390276, 0, 0., 0, 0., 24, 1.5768725361366622, 0, 0., 0, 0., 0, 0., 0, 0., 0, 0., 0, 0., 0, 0., 0, 0., 0, 0., 860, 56.50459921156373, 0, 0., 0, 0., 4, 0.2628120893561104, 0, 0., 0, 0., 0, 0., 492, 1165, 1657, 1522, 0.9185274592637296
, generated\gt\sample_000094.krn, generated\xml_scaled\sample_000094.xml, 0, 0., 285, 24.59016393442623, 0, 0., 13, 1.1216566005176876, 1, 0.08628127696289906, 0, 0., 6, 0.5176876617773943, 0, 0., 0, 0., 0, 0., 0, 0., 1, 0.08628127696289906, 0, 0., 0, 0., 2, 0.1725625539257981, 0, 0., 0, 0., 2, 0.1725625539257981, 0, 0., 2, 0.1725625539257981, 0, 0., 0, 0., 14, 1.2079378774805867, 0, 0., 0, 0., 0, 0., 0, 0., 0, 0., 0, 0., 0, 0., 0, 0., 0, 0., 828, 71.44089732528042, 0, 0., 0, 0., 0, 0., 5, 0.4314063848144953, 0, 0., 0, 0., 250, 1011, 1261, 1159, 0.9191118160190325
, generated\gt\sample_000070.krn, generated\xml_scaled\sample_000070.xml, 0, 0., 242, 19.50040290088638, 0, 0., 10, 0.8058017727639001, 3, 0.24174053182917002, 0, 0., 0, 0., 0, 0., 0, 0., 0, 0., 0, 0., 0, 0., 0, 0., 1, 0.08058017727639001, 4, 0.32232070910556004, 2, 0.16116035455278002, 0, 0., 0, 0., 0, 0., 5, 0.40290088638195004, 0, 0., 0, 0., 7, 0.5640612409347301, 0, 0., 0, 0., 0, 0., 0, 0., 0, 0., 0, 0., 0, 0., 0, 0., 0, 0., 962, 77.51813053988718, 0, 0., 0, 0., 0, 0., 5, 0.40290088638195004, 0, 0., 0, 0., 239, 1111, 1350, 1241, 0.9192592592592592
, generated\gt\sample_000193.krn, generated\xml_scaled\sample_000193.xml, 0, 0., 246, 24.723618090452263, 2, 0.20100502512562815, 3, 0.3015075376884422, 1, 0.10050251256281408, 2, 0.20100502512562815, 0, 0., 0, 0., 0, 0., 0, 0., 1, 0.10050251256281408, 0, 0., 0, 0., 4, 0.4020100502512563, 4, 0.4020100502512563, 4, 0.4020100502512563, 0, 0., 0, 0., 8, 0.8040201005025126, 2, 0.20100502512562815, 1, 0.10050251256281408, 0, 0., 9, 0.9045226130653267, 0, 0., 0, 0., 0, 0., 0, 0., 0, 0., 0, 0., 0, 0., 0, 0., 0, 0., 703, 70.65326633165829, 0, 0., 0, 0., 0, 0., 5, 0.5025125628140703, 0, 0., 0, 0., 220, 862, 1082, 995, 0.9195933456561922
, generated\gt\sample_000383.krn, generated\xml_scaled\sample_000383.xml, 0, 0., 290, 15.31959852086635, 0, 0., 9, 0.4754358161648177, 0, 0., 4, 0.21130480718436345, 0, 0., 0, 0., 0, 0., 0, 0., 0, 0., 1, 0.05282620179609086, 0, 0., 0, 0., 2, 0.10565240359218173, 0, 0., 0, 0., 0, 0., 0, 0., 1, 0.05282620179609086, 0, 0., 0, 0., 12, 0.6339144215530903, 0, 0., 0, 0., 0, 0., 0, 0., 0, 0., 0, 0., 0, 0., 0, 0., 0, 0., 1569, 82.88431061806656, 0, 0., 0, 0., 0, 0., 5, 0.26413100898045433, 0, 0., 0, 0., 271, 1786, 2057, 1893, 0.9202722411278561
, generated\gt\sample_000323.krn, generated\xml_scaled\sample_000323.xml, 0, 0., 390, 24.088943792464484, 0, 0., 11, 0.679431747992588, 2, 0.12353304508956146, 0, 0., 1, 0.06176652254478073, 0, 0., 0, 0., 0, 0., 0, 0., 0, 0., 0, 0., 4, 0.24706609017912293, 4, 0.24706609017912293, 2, 0.12353304508956146, 0, 0., 0, 0., 0, 0., 5, 0.30883261272390367, 1, 0.06176652254478073, 0, 0., 19, 1.173563928350834, 0, 0., 0, 0., 0, 0., 0, 0., 0, 0., 0, 0., 0, 0., 0, 0., 0, 0., 1175, 72.57566399011736, 0, 0., 0, 0., 0, 0., 5, 0.30883261272390367, 0, 0., 0, 0., 319, 1440, 1759, 1619, 0.9204093234792495
, generated\gt\sample_000356.krn, generated\xml_scaled\sample_000356.xml, 0, 0., 146, 12.706701479547432, 0, 0., 13, 1.1314186248912097, 2, 0.17406440382941687, 0, 0., 0, 0., 0, 0., 0, 0., 0, 0., 3, 0.26109660574412535, 1, 0.08703220191470844, 0, 0., 0, 0., 4, 0.34812880765883375, 2, 0.17406440382941687, 0, 0., 0, 0., 0, 0., 6, 0.5221932114882507, 0, 0., 0, 0., 13, 1.1314186248912097, 0, 0., 0, 0., 0, 0., 0, 0., 0, 0., 0, 0., 0, 0., 0, 0., 0, 0., 954, 83.02872062663185, 0, 0., 0, 0., 0, 0., 5, 0.4351610095735422, 0, 0., 0, 0., 172, 1076, 1248, 1149, 0.9206730769230769
, generated\gt\sample_000628.krn, generated\xml_scaled\sample_000628.xml, 0, 0., 747, 39.06903765690377, 2, 0.10460251046025104, 31, 1.6213389121338913, 0, 0., 0, 0., 0, 0., 0, 0., 0, 0., 0, 0., 7, 0.36610878661087864, 0, 0., 0, 0., 0, 0., 8, 0.41841004184100417, 3, 0.15690376569037656, 0, 0., 0, 0., 0, 0., 0, 0., 0, 0., 0, 0., 18, 0.9414225941422594, 0, 0., 0, 0., 0, 0., 0, 0., 0, 0., 0, 0., 0, 0., 0, 0., 0, 0., 1092, 57.11297071129707, 0, 0., 0, 0., 4, 0.20920502092050208, 0, 0., 0, 0., 0, 0., 590, 1486, 2076, 1912, 0.9210019267822736
, generated\gt\sample_000150.krn, generated\xml_scaled\sample_000150.xml, 0, 0., 437, 27.50157331655129, 0, 0., 21, 1.3215859030837005, 0, 0., 0, 0., 0, 0., 0, 0., 0, 0., 0, 0., 2, 0.12586532410320955, 0, 0., 0, 0., 0, 0., 4, 0.2517306482064191, 0, 0., 0, 0., 0, 0., 0, 0., 2, 0.12586532410320955, 0, 0., 0, 0., 0, 0., 0, 0., 0, 0., 0, 0., 0, 0., 0, 0., 0, 0., 0, 0., 0, 0., 0, 0., 1118, 70.35871617369415, 0, 0., 0, 0., 0, 0., 5, 0.3146633102580239, 0, 0., 0, 0., 389, 1336, 1725, 1589, 0.9211594202898551
, generated\gt\sample_000159.krn, generated\xml_scaled\sample_000159.xml, 0, 0., 211, 20.953326713008938, 0, 0., 4, 0.3972194637537239, 3, 0.29791459781529295, 1, 0.09930486593843098, 0, 0., 0, 0., 0, 0., 0, 0., 2, 0.19860973187686196, 1, 0.09930486593843098, 0, 0., 4, 0.3972194637537239, 2, 0.19860973187686196, 2, 0.19860973187686196, 0, 0., 0, 0., 0, 0., 3, 0.29791459781529295, 0, 0., 0, 0., 6, 0.5958291956305859, 0, 0., 0, 0., 0, 0., 0, 0., 0, 0., 0, 0., 0, 0., 0, 0., 0, 0., 763, 75.76961271102284, 0, 0., 0, 0., 0, 0., 5, 0.49652432969215493, 0, 0., 0, 0., 168, 925, 1093, 1007, 0.9213174748398902
, generated\gt\sample_000182.krn, generated\xml_scaled\sample_000182.xml, 0, 0., 125, 20.064205457463885, 0, 0., 5, 0.8025682182985554, 0, 0., 0, 0., 0, 0., 0, 0., 0, 0., 0, 0., 0, 0., 0, 0., 0, 0., 2, 0.32102728731942215, 2, 0.32102728731942215, 0, 0., 0, 0., 0, 0., 0, 0., 2, 0.32102728731942215, 0, 0., 0, 0., 4, 0.6420545746388443, 0, 0., 0, 0., 0, 0., 0, 0., 0, 0., 0, 0., 0, 0., 0, 0., 0, 0., 478, 76.72552166934189, 0, 0., 0, 0., 0, 0., 5, 0.8025682182985554, 0, 0., 0, 0., 136, 539, 675, 623, 0.922962962962963
, generated\gt\sample_000219.krn, generated\xml_scaled\sample_000219.xml, 0, 0., 91, 9.238578680203046, 0, 0., 5, 0.5076142131979695, 0, 0., 0, 0., 0, 0., 0, 0., 0, 0., 0, 0., 0, 0., 0, 0., 0, 0., 0, 0., 0, 0., 0, 0., 0, 0., 0, 0., 0, 0., 2, 0.20304568527918782, 0, 0., 0, 0., 7, 0.7106598984771574, 0, 0., 0, 0., 0, 0., 0, 0., 0, 0., 0, 0., 0, 0., 0, 0., 0, 0., 875, 88.83248730964468, 0, 0., 0, 0., 0, 0., 5, 0.5076142131979695, 0, 0., 0, 0., 114, 953, 1067, 985, 0.9231490159325211
, generated\gt\sample_000018.krn, generated\xml_scaled\sample_000018.xml, 0, 0., 315, 20.29639175257732, 6, 0.3865979381443299, 11, 0.7087628865979382, 1, 0.06443298969072164, 0, 0., 0, 0., 0, 0., 0, 0., 0, 0., 5, 0.32216494845360827, 0, 0., 0, 0., 3, 0.19329896907216496, 8, 0.5154639175257731, 0, 0., 0, 0., 0, 0., 0, 0., 0, 0., 0, 0., 0, 0., 2, 0.12886597938144329, 0, 0., 0, 0., 0, 0., 0, 0., 0, 0., 0, 0., 0, 0., 0, 0., 0, 0., 1197, 77.12628865979381, 0, 0., 0, 0., 4, 0.25773195876288657, 0, 0., 0, 0., 0, 0., 300, 1381, 1681, 1552, 0.9232599643069601
, generated\gt\sample_000298.krn, generated\xml_scaled\sample_000298.xml, 0, 0., 345, 34.67336683417086, 2, 0.20100502512562815, 12, 1.2060301507537687, 1, 0.10050251256281408, 0, 0., 0, 0., 0, 0., 0, 0., 1, 0.10050251256281408, 1, 0.10050251256281408, 0, 0., 0, 0., 2, 0.20100502512562815, 8, 0.8040201005025126, 2, 0.20100502512562815, 0, 0., 0, 0., 0, 0., 0, 0., 0, 0., 0, 0., 16, 1.6080402010050252, 0, 0., 0, 0., 0, 0., 0, 0., 0, 0., 0, 0., 0, 0., 0, 0., 0, 0., 601, 60.402010050251256, 0, 0., 0, 0., 4, 0.4020100502512563, 0, 0., 0, 0., 0, 0., 245, 832, 1077, 995, 0.9238625812441968
, generated\gt\sample_000592.krn, generated\xml_scaled\sample_000592.xml, 0, 0., 494, 25.255623721881392, 8, 0.40899795501022496, 37, 1.8916155419222904, 0, 0., 0, 0., 3, 0.15337423312883436, 0, 0., 0, 0., 0, 0., 1, 0.05112474437627812, 0, 0., 0, 0., 5, 0.2556237218813906, 4, 0.20449897750511248, 2, 0.10224948875255624, 0, 0., 0, 0., 0, 0., 2, 0.10224948875255624, 0, 0., 0, 0., 2, 0.10224948875255624, 0, 0., 0, 0., 0, 0., 0, 0., 0, 0., 0, 0., 0, 0., 0, 0., 0, 0., 1393, 71.21676891615542, 0, 0., 0, 0., 0, 0., 5, 0.2556237218813906, 0, 0., 0, 0., 450, 1666, 2116, 1956, 0.9243856332703214
, generated\gt\sample_000640.krn, generated\xml_scaled\sample_000640.xml, 0, 0., 334, 21.39654067905189, 0, 0., 18, 1.1531069827033953, 0, 0., 0, 0., 1, 0.06406149903907751, 0, 0., 0, 0., 0, 0., 9, 0.5765534913516976, 0, 0., 0, 0., 0, 0., 4, 0.25624599615631005, 2, 0.12812299807815503, 0, 0., 0, 0., 0, 0., 2, 0.12812299807815503, 0, 0., 0, 0., 1, 0.06406149903907751, 0, 0., 0, 0., 0, 0., 0, 0., 0, 0., 0, 0., 0, 0., 0, 0., 0, 0., 1185, 75.91287636130686, 0, 0., 0, 0., 0, 0., 5, 0.3203074951953876, 0, 0., 0, 0., 288, 1400, 1688, 1561, 0.9247630331753555
, generated\gt\sample_000483.krn, generated\xml_scaled\sample_000483.xml, 0, 0., 260, 15.873015873015873, 2, 0.1221001221001221, 6, 0.3663003663003663, 4, 0.2442002442002442, 0, 0., 3, 0.18315018315018314, 0, 0., 0, 0., 1, 0.06105006105006105, 0, 0., 0, 0., 0, 0., 5, 0.3052503052503053, 4, 0.2442002442002442, 0, 0., 0, 0., 0, 0., 0, 0., 0, 0., 0, 0., 0, 0., 4, 0.2442002442002442, 0, 0., 0, 0., 0, 0., 0, 0., 0, 0., 0, 0., 0, 0., 0, 0., 0, 0., 1344, 82.05128205128206, 0, 0., 0, 0., 0, 0., 5, 0.3052503052503053, 0, 0., 0, 0., 194, 1576, 1770, 1638, 0.9254237288135593
, generated\gt\sample_000030.krn, generated\xml_scaled\sample_000030.xml, 0, 0., 264, 25.482625482625483, 0, 0., 8, 0.7722007722007722, 0, 0., 0, 0., 0, 0., 0, 0., 0, 0., 2, 0.19305019305019305, 1, 0.09652509652509653, 1, 0.09652509652509653, 0, 0., 1, 0.09652509652509653, 2, 0.19305019305019305, 0, 0., 0, 0., 0, 0., 0, 0., 1, 0.09652509652509653, 0, 0., 0, 0., 6, 0.5791505791505791, 0, 0., 0, 0., 0, 0., 0, 0., 0, 0., 0, 0., 0, 0., 0, 0., 0, 0., 745, 71.91119691119691, 0, 0., 0, 0., 0, 0., 5, 0.4826254826254826, 0, 0., 0, 0., 201, 918, 1119, 1036, 0.9258266309204647
, generated\gt\sample_000015.krn, generated\xml_scaled\sample_000015.xml, 0, 0., 606, 36.72727272727273, 10, 0.6060606060606061, 21, 1.2727272727272727, 4, 0.24242424242424243, 0, 0., 1, 0.06060606060606061, 0, 0., 0, 0., 0, 0., 5, 0.30303030303030304, 0, 0., 0, 0., 1, 0.06060606060606061, 8, 0.48484848484848486, 5, 0.30303030303030304, 0, 0., 1, 0.06060606060606061, 0, 0., 1, 0.06060606060606061, 0, 0., 0, 0., 6, 0.36363636363636365, 0, 0., 0, 0., 0, 0., 0, 0., 0, 0., 0, 0., 0, 0., 0, 0., 0, 0., 977, 59.21212121212121, 0, 0., 0, 0., 4, 0.24242424242424243, 0, 0., 0, 0., 0, 0., 397, 1385, 1782, 1650, 0.9259259259259259
, generated\gt\sample_000585.krn, generated\xml_scaled\sample_000585.xml, 0, 0., 438, 26.102502979737782, 0, 0., 28, 1.66865315852205, 0, 0., 0, 0., 1, 0.05959475566150179, 0, 0., 0, 0., 0, 0., 2, 0.11918951132300358, 0, 0., 0, 0., 4, 0.23837902264600716, 4, 0.23837902264600716, 2, 0.11918951132300358, 0, 0., 0, 0., 0, 0., 1, 0.05959475566150179, 0, 0., 0, 0., 5, 0.29797377830750893, 0, 0., 0, 0., 0, 0., 0, 0., 0, 0., 0, 0., 0, 0., 0, 0., 0, 0., 1188, 70.79856972586413, 0, 0., 0, 0., 0, 0., 5, 0.29797377830750893, 0, 0., 0, 0., 319, 1493, 1812, 1678, 0.9260485651214128
, generated\gt\sample_000659.krn, generated\xml_scaled\sample_000659.xml, 0, 0., 244, 15.127092374457533, 0, 0., 6, 0.3719776813391196, 0, 0., 0, 0., 0, 0., 0, 0., 0, 0., 0, 0., 1, 0.06199628022318661, 0, 0., 0, 0., 0, 0., 4, 0.24798512089274644, 0, 0., 0, 0., 0, 0., 0, 0., 0, 0., 0, 0., 0, 0., 3, 0.1859888406695598, 0, 0., 0, 0., 0, 0., 0, 0., 0, 0., 0, 0., 0, 0., 0, 0., 0, 0., 1350, 83.69497830130192, 0, 0., 0, 0., 0, 0., 5, 0.30998140111593303, 0, 0., 0, 0., 302, 1439, 1741, 1613, 0.9264790350373349
, generated\gt\sample_000203.krn, generated\xml_scaled\sample_000203.xml, 0, 0., 226, 14.116177389131792, 0, 0., 12, 0.749531542785759, 2, 0.12492192379762648, 0, 0., 2, 0.12492192379762648, 0, 0., 0, 0., 0, 0., 0, 0., 0, 0., 0, 0., 4, 0.24984384759525297, 4, 0.24984384759525297, 0, 0., 0, 0., 0, 0., 2, 0.12492192379762648, 3, 0.18738288569643974, 0, 0., 0, 0., 0, 0., 0, 0., 0, 0., 0, 0., 0, 0., 0, 0., 0, 0., 0, 0., 0, 0., 0, 0., 1341, 83.76014990630856, 0, 0., 0, 0., 0, 0., 5, 0.3123048094940662, 0, 0., 0, 0., 187, 1541, 1728, 1601, 0.9265046296296297
, generated\gt\sample_000027.krn, generated\xml_scaled\sample_000027.xml, 0, 0., 156, 19.00121802679659, 2, 0.243605359317905, 7, 0.8526187576126675, 0, 0., 0, 0., 0, 0., 0, 0., 0, 0., 0, 0., 1, 0.1218026796589525, 0, 0., 0, 0., 0, 0., 2, 0.243605359317905, 0, 0., 0, 0., 0, 0., 0, 0., 0, 0., 0, 0., 1, 0.1218026796589525, 2, 0.243605359317905, 0, 0., 0, 0., 0, 0., 0, 0., 0, 0., 0, 0., 0, 0., 0, 0., 0, 0., 645, 78.56272838002437, 0, 0., 0, 0., 0, 0., 5, 0.6090133982947625, 0, 0., 0, 0., 167, 719, 886, 821, 0.9266365688487584
, generated\gt\sample_000481.krn, generated\xml_scaled\sample_000481.xml, 0, 0., 268, 18.444597384721266, 0, 0., 16, 1.1011699931176875, 1, 0.06882312456985547, 0, 0., 0, 0., 0, 0., 0, 0., 0, 0., 2, 0.13764624913971094, 0, 0., 0, 0., 3, 0.20646937370956642, 4, 0.27529249827942187, 0, 0., 0, 0., 0, 0., 0, 0., 0, 0., 0, 0., 0, 0., 1, 0.06882312456985547, 0, 0., 0, 0., 0, 0., 0, 0., 0, 0., 0, 0., 0, 0., 0, 0., 0, 0., 1153, 79.35306262904336, 0, 0., 0, 0., 0, 0., 5, 0.3441156228492774, 0, 0., 0, 0., 238, 1330, 1568, 1453, 0.9266581632653061
, generated\gt\sample_000257.krn, generated\xml_scaled\sample_000257.xml, 0, 0., 31, 1.9720101781170483, 2, 0.1272264631043257, 0, 0., 0, 0., 0, 0., 0, 0., 0, 0., 0, 0., 1, 0.06361323155216285, 0, 0., 0, 0., 0, 0., 0, 0., 0, 0., 1, 0.06361323155216285, 0, 0., 0, 0., 0, 0., 0, 0., 0, 0., 0, 0., 2, 0.1272264631043257, 0, 0., 0, 0., 0, 0., 0, 0., 0, 0., 0, 0., 0, 0., 0, 0., 0, 0., 1535, 97.64631043256998, 0, 0., 0, 0., 0, 0., 0, 0., 0, 0., 0, 0., 88, 1608, 1696, 1572, 0.9268867924528302
, generated\gt\sample_000627.krn, generated\xml_scaled\sample_000627.xml, 0, 0., 941, 42.046470062555855, 2, 0.08936550491510277, 47, 2.1000893655049153, 1, 0.044682752457551385, 2, 0.08936550491510277, 0, 0., 0, 0., 0, 0., 0, 0., 2, 0.08936550491510277, 0, 0., 0, 0., 0, 0., 8, 0.3574620196604111, 1, 0.044682752457551385, 0, 0., 0, 0., 0, 0., 0, 0., 0, 0., 0, 0., 8, 0.3574620196604111, 0, 0., 0, 0., 0, 0., 0, 0., 0, 0., 0, 0., 0, 0., 0, 0., 0, 0., 1222, 54.60232350312779, 0, 0., 0, 0., 4, 0.17873100983020554, 0, 0., 0, 0., 0, 0., 663, 1751, 2414, 2238, 0.9270919635459818
, generated\gt\sample_000102.krn, generated\xml_scaled\sample_000102.xml, 0, 0., 213, 15.301724137931034, 2, 0.14367816091954022, 1, 0.07183908045977011, 1, 0.07183908045977011, 2, 0.14367816091954022, 4, 0.28735632183908044, 0, 0., 0, 0., 0, 0., 0, 0., 1, 0.07183908045977011, 0, 0., 0, 0., 4, 0.28735632183908044, 0, 0., 0, 0., 0, 0., 0, 0., 2, 0.14367816091954022, 0, 0., 0, 0., 1, 0.07183908045977011, 0, 0., 0, 0., 0, 0., 0, 0., 0, 0., 0, 0., 0, 0., 0, 0., 0, 0., 1156, 83.04597701149426, 0, 0., 0, 0., 0, 0., 5, 0.35919540229885055, 0, 0., 0, 0., 155, 1346, 1501, 1392, 0.927381745502998
, generated\gt\sample_000157.krn, generated\xml_scaled\sample_000157.xml, 0, 0., 466, 29.271356783919597, 2, 0.12562814070351758, 32, 2.0100502512562812, 0, 0., 0, 0., 0, 0., 0, 0., 0, 0., 3, 0.1884422110552764, 2, 0.12562814070351758, 0, 0., 0, 0., 0, 0., 4, 0.25125628140703515, 0, 0., 0, 0., 0, 0., 0, 0., 5, 0.314070351758794, 0, 0., 0, 0., 11, 0.6909547738693468, 0, 0., 0, 0., 0, 0., 0, 0., 0, 0., 0, 0., 0, 0., 0, 0., 0, 0., 1062, 66.70854271356784, 0, 0., 0, 0., 0, 0., 5, 0.314070351758794, 0, 0., 0, 0., 329, 1387, 1716, 1592, 0.9277389277389277
, generated\gt\sample_000119.krn, generated\xml_scaled\sample_000119.xml, 0, 0., 338, 38.672768878718536, 0, 0., 8, 0.9153318077803204, 2, 0.2288329519450801, 10, 1.1441647597254005, 1, 0.11441647597254005, 0, 0., 0, 0., 0, 0., 0, 0., 0, 0., 0, 0., 1, 0.11441647597254005, 0, 0., 1, 0.11441647597254005, 0, 0., 0, 0., 0, 0., 0, 0., 0, 0., 0, 0., 15, 1.7162471395881007, 0, 0., 0, 0., 0, 0., 0, 0., 0, 0., 0, 0., 0, 0., 0, 0., 0, 0., 498, 56.97940503432494, 0, 0., 0, 0., 0, 0., 0, 0., 0, 0., 0, 0., 263, 679, 942, 874, 0.9278131634819533
, generated\gt\sample_000019.krn, generated\xml_scaled\sample_000019.xml, 0, 0., 591, 34.300638421358094, 8, 0.4643064422518862, 19, 1.10272780034823, 3, 0.17411491584445735, 4, 0.2321532211259431, 0, 0., 0, 0., 0, 0., 0, 0., 10, 0.5803830528148578, 0, 0., 0, 0., 3, 0.17411491584445735, 8, 0.4643064422518862, 11, 0.6384213580963436, 0, 0., 0, 0., 0, 0., 4, 0.2321532211259431, 0, 0., 0, 0., 4, 0.2321532211259431, 0, 0., 0, 0., 0, 0., 0, 0., 0, 0., 0, 0., 0, 0., 0, 0., 0, 0., 1054, 61.172373766686015, 0, 0., 0, 0., 4, 0.2321532211259431, 0, 0., 0, 0., 0, 0., 395, 1462, 1857, 1723, 0.9278406031233172
, generated\gt\sample_000369.krn, generated\xml_scaled\sample_000369.xml, 0, 0., 344, 20.53731343283582, 0, 0., 6, 0.3582089552238806, 1, 0.05970149253731343, 0, 0., 0, 0., 0, 0., 0, 0., 0, 0., 1, 0.05970149253731343, 1, 0.05970149253731343, 0, 0., 1, 0.05970149253731343, 4, 0.23880597014925373, 3, 0.1791044776119403, 0, 0., 0, 0., 0, 0., 0, 0., 0, 0., 0, 0., 8, 0.47761194029850745, 0, 0., 0, 0., 0, 0., 0, 0., 0, 0., 0, 0., 0, 0., 0, 0., 0, 0., 1301, 77.67164179104478, 0, 0., 0, 0., 0, 0., 5, 0.29850746268656714, 0, 0., 0, 0., 275, 1530, 1805, 1675, 0.9279778393351801
, generated\gt\sample_000469.krn, generated\xml_scaled\sample_000469.xml, 0, 0., 613, 34.457560427206296, 8, 0.44969083754918493, 22, 1.2366498032602586, 0, 0., 0, 0., 2, 0.11242270938729623, 0, 0., 0, 0., 0, 0., 0, 0., 0, 0., 0, 0., 2, 0.11242270938729623, 6, 0.3372681281618887, 7, 0.3934794828555368, 0, 0., 0, 0., 0, 0., 0, 0., 0, 0., 0, 0., 38, 2.1360314783586283, 0, 0., 0, 0., 0, 0., 0, 0., 0, 0., 0, 0., 0, 0., 0, 0., 0, 0., 1077, 60.53962900505902, 0, 0., 0, 0., 4, 0.22484541877459246, 0, 0., 0, 0., 0, 0., 478, 1438, 1916, 1779, 0.9284968684759917
, generated\gt\sample_000280.krn, generated\xml_scaled\sample_000280.xml, 0, 0., 284, 19.83240223463687, 0, 0., 14, 0.9776536312849162, 2, 0.13966480446927373, 0, 0., 1, 0.06983240223463687, 0, 0., 0, 0., 0, 0., 7, 0.4888268156424581, 0, 0., 0, 0., 0, 0., 2, 0.13966480446927373, 0, 0., 0, 0., 1, 0.06983240223463687, 0, 0., 0, 0., 0, 0., 0, 0., 12, 0.8379888268156425, 0, 0., 0, 0., 0, 0., 0, 0., 0, 0., 0, 0., 0, 0., 0, 0., 0, 0., 1104, 77.09497206703911, 0, 0., 0, 0., 0, 0., 5, 0.34916201117318435, 0, 0., 0, 0., 220, 1322, 1542, 1432, 0.9286640726329443
, generated\gt\sample_000513.krn, generated\xml_scaled\sample_000513.xml, 0, 0., 464, 37.09032773780975, 2, 0.15987210231814547, 15, 1.1990407673860912, 2, 0.15987210231814547, 0, 0., 1, 0.07993605115907274, 0, 0., 0, 0., 1, 0.07993605115907274, 0, 0., 0, 0., 0, 0., 1, 0.07993605115907274, 8, 0.6394884092725819, 4, 0.31974420463629094, 0, 0., 0, 0., 0, 0., 0, 0., 0, 0., 0, 0., 18, 1.4388489208633093, 0, 0., 0, 0., 0, 0., 0, 0., 0, 0., 0, 0., 0, 0., 0, 0., 0, 0., 731, 58.43325339728217, 0, 0., 0, 0., 4, 0.31974420463629094, 0, 0., 0, 0., 0, 0., 401, 946, 1347, 1251, 0.9287305122494433
, generated\gt\sample_000093.krn, generated\xml_scaled\sample_000093.xml, 0, 0., 269, 33.79396984924623, 2, 0.25125628140703515, 7, 0.8793969849246231, 3, 0.3768844221105528, 0, 0., 2, 0.25125628140703515, 0, 0., 0, 0., 2, 0.25125628140703515, 3, 0.3768844221105528, 0, 0., 0, 0., 1, 0.12562814070351758, 2, 0.25125628140703515, 1, 0.12562814070351758, 0, 0., 0, 0., 0, 0., 1, 0.12562814070351758, 0, 0., 0, 0., 15, 1.8844221105527639, 0, 0., 0, 0., 0, 0., 0, 0., 0, 0., 0, 0., 0, 0., 0, 0., 0, 0., 483, 60.678391959798994, 0, 0., 0, 0., 0, 0., 5, 0.628140703517588, 0, 0., 0, 0., 196, 661, 857, 796, 0.9288214702450408
, generated\gt\sample_000515.krn, generated\xml_scaled\sample_000515.xml, 0, 0., 314, 25.281803542673106, 0, 0., 12, 0.966183574879227, 3, 0.24154589371980675, 0, 0., 0, 0., 0, 0., 0, 0., 0, 0., 1, 0.08051529790660225, 0, 0., 0, 0., 0, 0., 8, 0.644122383252818, 3, 0.24154589371980675, 0, 0., 0, 0., 0, 0., 0, 0., 0, 0., 0, 0., 8, 0.644122383252818, 0, 0., 0, 0., 0, 0., 0, 0., 0, 0., 0, 0., 0, 0., 0, 0., 0, 0., 889, 71.57809983896941, 0, 0., 0, 0., 4, 0.322061191626409, 0, 0., 0, 0., 0, 0., 366, 971, 1337, 1242, 0.9289454001495886
, generated\gt\sample_000450.krn, generated\xml_scaled\sample_000450.xml, 0, 0., 333, 24.46730345334313, 0, 0., 5, 0.36737692872887584, 0, 0., 12, 0.881704628949302, 4, 0.29390154298310067, 0, 0., 0, 0., 1, 0.07347538574577517, 3, 0.2204261572373255, 1, 0.07347538574577517, 0, 0., 0, 0., 0, 0., 0, 0., 0, 0., 0, 0., 0, 0., 1, 0.07347538574577517, 0, 0., 0, 0., 29, 2.1307861866274798, 0, 0., 0, 0., 0, 0., 0, 0., 0, 0., 0, 0., 0, 0., 0, 0., 0, 0., 972, 71.41807494489346, 0, 0., 0, 0., 0, 0., 0, 0., 0, 0., 0, 0., 277, 1188, 1465, 1361, 0.9290102389078498
, generated\gt\sample_000484.krn, generated\xml_scaled\sample_000484.xml, 0, 0., 295, 33.108866442199776, 0, 0., 11, 1.2345679012345678, 0, 0., 0, 0., 2, 0.2244668911335578, 0, 0., 0, 0., 0, 0., 0, 0., 0, 0., 0, 0., 1, 0.1122334455667789, 4, 0.4489337822671156, 2, 0.2244668911335578, 0, 0., 0, 0., 0, 0., 0, 0., 0, 0., 0, 0., 0, 0., 0, 0., 0, 0., 0, 0., 0, 0., 0, 0., 0, 0., 0, 0., 0, 0., 0, 0., 571, 64.08529741863074, 0, 0., 0, 0., 0, 0., 5, 0.5611672278338945, 0, 0., 0, 0., 202, 757, 959, 891, 0.9290928050052137
, generated\gt\sample_000239.krn, generated\xml_scaled\sample_000239.xml, 0, 0., 87, 3.745157124408093, 0, 0., 1, 0.04304778303917348, 3, 0.12914334911752046, 2, 0.08609556607834697, 0, 0., 0, 0., 0, 0., 0, 0., 6, 0.2582866982350409, 0, 0., 0, 0., 0, 0., 0, 0., 0, 0., 0, 0., 0, 0., 0, 0., 0, 0., 0, 0., 0, 0., 18, 0.7748600947051227, 0, 0., 0, 0., 0, 0., 0, 0., 0, 0., 0, 0., 0, 0., 0, 0., 0, 0., 2206, 94.9634093844167, 0, 0., 0, 0., 0, 0., 0, 0., 0, 0., 0, 0., 132, 2367, 2499, 2323, 0.9295718287314926
, generated\gt\sample_000639.krn, generated\xml_scaled\sample_000639.xml, 0, 0., 353, 24.079126875852662, 0, 0., 16, 1.0914051841746248, 0, 0., 0, 0., 1, 0.06821282401091405, 0, 0., 0, 0., 3, 0.20463847203274216, 4, 0.2728512960436562, 0, 0., 0, 0., 1, 0.06821282401091405, 4, 0.2728512960436562, 2, 0.1364256480218281, 0, 0., 0, 0., 0, 0., 3, 0.20463847203274216, 0, 0., 0, 0., 0, 0., 0, 0., 0, 0., 0, 0., 0, 0., 0, 0., 0, 0., 0, 0., 0, 0., 0, 0., 1074, 73.26057298772169, 0, 0., 0, 0., 0, 0., 5, 0.34106412005457026, 0, 0., 0, 0., 267, 1309, 1576, 1466, 0.9302030456852792
, generated\gt\sample_000163.krn, generated\xml_scaled\sample_000163.xml, 0, 0., 183, 21.428571428571427, 0, 0., 3, 0.351288056206089, 3, 0.351288056206089, 6, 0.702576112412178, 0, 0., 0, 0., 0, 0., 0, 0., 1, 0.117096018735363, 1, 0.117096018735363, 0, 0., 1, 0.117096018735363, 2, 0.234192037470726, 2, 0.234192037470726, 0, 0., 0, 0., 0, 0., 1, 0.117096018735363, 0, 0., 0, 0., 6, 0.702576112412178, 0, 0., 0, 0., 0, 0., 0, 0., 0, 0., 0, 0., 0, 0., 0, 0., 0, 0., 640, 74.94145199063232, 0, 0., 0, 0., 0, 0., 5, 0.585480093676815, 0, 0., 0, 0., 162, 756, 918, 854, 0.9302832244008714
, generated\gt\sample_000110.krn, generated\xml_scaled\sample_000110.xml, 0, 0., 299, 21.130742049469966, 0, 0., 8, 0.5653710247349824, 7, 0.49469964664310956, 0, 0., 0, 0., 0, 0., 0, 0., 0, 0., 1, 0.0706713780918728, 0, 0., 0, 0., 0, 0., 4, 0.2826855123674912, 2, 0.1413427561837456, 0, 0., 0, 0., 0, 0., 0, 0., 0, 0., 0, 0., 1, 0.0706713780918728, 0, 0., 0, 0., 0, 0., 0, 0., 0, 0., 0, 0., 0, 0., 0, 0., 0, 0., 1088, 76.8904593639576, 0, 0., 0, 0., 0, 0., 5, 0.35335689045936397, 0, 0., 0, 0., 268, 1252, 1520, 1415, 0.930921052631579
, generated\gt\sample_000083.krn, generated\xml_scaled\sample_000083.xml, 0, 0., 343, 21.6403785488959, 2, 0.12618296529968454, 11, 0.694006309148265, 0, 0., 2, 0.12618296529968454, 4, 0.25236593059936907, 0, 0., 0, 0., 0, 0., 0, 0., 0, 0., 0, 0., 1, 0.06309148264984227, 2, 0.12618296529968454, 0, 0., 0, 0., 0, 0., 0, 0., 1, 0.06309148264984227, 0, 0., 0, 0., 6, 0.3785488958990536, 0, 0., 0, 0., 0, 0., 0, 0., 0, 0., 0, 0., 0, 0., 0, 0., 0, 0., 1208, 76.21451104100946, 0, 0., 0, 0., 0, 0., 5, 0.31545741324921134, 0, 0., 0, 0., 289, 1413, 1702, 1585, 0.9312573443008225
, generated\gt\sample_000251.krn, generated\xml_scaled\sample_000251.xml, 0, 0., 225, 17.428350116189, 10, 0.774593338497289, 1, 0.07745933384972889, 9, 0.69713400464756, 0, 0., 5, 0.3872966692486445, 0, 0., 0, 0., 0, 0., 2, 0.15491866769945778, 0, 0., 0, 0., 3, 0.23237800154918667, 4, 0.30983733539891556, 2, 0.15491866769945778, 0, 0., 0, 0., 0, 0., 2, 0.15491866769945778, 0, 0., 0, 0., 12, 0.9295120061967467, 0, 0., 0, 0., 0, 0., 0, 0., 0, 0., 0, 0., 0, 0., 0, 0., 0, 0., 694, 53.756777691711854, 317, 24.55460883036406, 0, 0., 0, 0., 5, 0.3872966692486445, 0, 0., 0, 0., 213, 1173, 1386, 1291, 0.9314574314574314
, generated\gt\sample_000058.krn, generated\xml_scaled\sample_000058.xml, 0, 0., 94, 11.032863849765258, 0, 0., 0, 0., 1, 0.11737089201877934, 0, 0., 2, 0.2347417840375587, 0, 0., 0, 0., 0, 0., 0, 0., 0, 0., 0, 0., 0, 0., 4, 0.4694835680751174, 0, 0., 0, 0., 2, 0.2347417840375587, 0, 0., 1, 0.11737089201877934, 0, 0., 0, 0., 0, 0., 0, 0., 0, 0., 4, 0.4694835680751174, 0, 0., 0, 0., 0, 0., 0, 0., 0, 0., 0, 0., 739, 86.73708920187794, 0, 0., 0, 0., 0, 0., 5, 0.5868544600938967, 0, 0., 0, 0., 101, 813, 914, 852, 0.9321663019693655
, generated\gt\sample_000118.krn, generated\xml_scaled\sample_000118.xml, 0, 0., 546, 34.10368519675203, 0, 0., 21, 1.311680199875078, 1, 0.06246096189881324, 0, 0., 4, 0.24984384759525297, 0, 0., 0, 0., 0, 0., 6, 0.3747657713928795, 0, 0., 0, 0., 0, 0., 4, 0.24984384759525297, 2, 0.12492192379762648, 0, 0., 0, 0., 0, 0., 2, 0.12492192379762648, 0, 0., 0, 0., 0, 0., 0, 0., 0, 0., 0, 0., 0, 0., 0, 0., 0, 0., 0, 0., 0, 0., 0, 0., 1010, 63.08557151780138, 0, 0., 0, 0., 0, 0., 5, 0.3123048094940662, 0, 0., 0, 0., 430, 1286, 1716, 1601, 0.932983682983683
, generated\gt\sample_000667.krn, generated\xml_scaled\sample_000667.xml, 0, 0., 282, 21.4123006833713, 0, 0., 26, 1.974183750949127, 0, 0., 0, 0., 0, 0., 0, 0., 0, 0., 0, 0., 1, 0.07593014426727411, 0, 0., 0, 0., 2, 0.15186028853454822, 4, 0.30372057706909644, 2, 0.15186028853454822, 0, 0., 1, 0.07593014426727411, 8, 0.6074411541381929, 1, 0.07593014426727411, 0, 0., 0, 0., 6, 0.45558086560364464, 0, 0., 0, 0., 0, 0., 0, 0., 0, 0., 0, 0., 0, 0., 0, 0., 0, 0., 979, 74.33561123766135, 0, 0., 0, 0., 0, 0., 5, 0.37965072133637057, 0, 0., 0, 0., 221, 1189, 1410, 1317, 0.9340425531914893
, generated\gt\sample_000246.krn, generated\xml_scaled\sample_000246.xml, 0, 0., 417, 30.173661360347324, 0, 0., 13, 0.9406657018813314, 0, 0., 4, 0.2894356005788712, 3, 0.2170767004341534, 0, 0., 0, 0., 0, 0., 3, 0.2170767004341534, 1, 0.0723589001447178, 0, 0., 0, 0., 4, 0.2894356005788712, 1, 0.0723589001447178, 0, 0., 1, 0.0723589001447178, 0, 0., 4, 0.2894356005788712, 0, 0., 0, 0., 8, 0.5788712011577424, 0, 0., 0, 0., 0, 0., 0, 0., 0, 0., 0, 0., 0, 0., 0, 0., 0, 0., 918, 66.42547033285094, 0, 0., 0, 0., 0, 0., 5, 0.361794500723589, 0, 0., 0, 0., 293, 1186, 1479, 1382, 0.9344151453684922
, generated\gt\sample_000080.krn, generated\xml_scaled\sample_000080.xml, 0, 0., 300, 20.21563342318059, 0, 0., 14, 0.9433962264150944, 1, 0.0673854447439353, 2, 0.1347708894878706, 1, 0.0673854447439353, 0, 0., 0, 0., 0, 0., 0, 0., 0, 0., 0, 0., 4, 0.2695417789757412, 2, 0.1347708894878706, 0, 0., 0, 0., 2, 0.1347708894878706, 0, 0., 1, 0.0673854447439353, 0, 0., 0, 0., 6, 0.40431266846361186, 0, 0., 0, 0., 0, 0., 0, 0., 0, 0., 0, 0., 0, 0., 0, 0., 0, 0., 1146, 77.22371967654986, 0, 0., 0, 0., 0, 0., 5, 0.33692722371967654, 0, 0., 0, 0., 247, 1341, 1588, 1484, 0.9345088161209067
, generated\gt\sample_000170.krn, generated\xml_scaled\sample_000170.xml, 0, 0., 40, 3.1545741324921135, 6, 0.47318611987381703, 1, 0.07886435331230283, 3, 0.23659305993690852, 0, 0., 0, 0., 0, 0., 0, 0., 2, 0.15772870662460567, 1, 0.07886435331230283, 0, 0., 0, 0., 0, 0., 0, 0., 0, 0., 0, 0., 0, 0., 0, 0., 0, 0., 0, 0., 0, 0., 7, 0.5520504731861199, 0, 0., 0, 0., 0, 0., 0, 0., 3, 0.23659305993690852, 0, 0., 0, 0., 0, 0., 0, 0., 1205, 95.03154574132492, 0, 0., 0, 0., 0, 0., 0, 0., 0, 0., 0, 0., 75, 1281, 1356, 1268, 0.9351032448377581
, generated\gt\sample_000001.krn, generated\xml_scaled\sample_000001.xml, 0, 0., 376, 17.08314402544298, 0, 0., 7, 0.31803725579282144, 0, 0., 0, 0., 2, 0.09086778736937756, 0, 0., 0, 0., 0, 0., 4, 0.18173557473875512, 0, 0., 0, 0., 2, 0.09086778736937756, 4, 0.18173557473875512, 1, 0.04543389368468878, 0, 0., 0, 0., 0, 0., 1, 0.04543389368468878, 1, 0.04543389368468878, 0, 0., 15, 0.6815084052703316, 0, 0., 0, 0., 0, 0., 0, 0., 0, 0., 0, 0., 0, 0., 0, 0., 0, 0., 1151, 52.294411631076784, 632, 28.714220808723308, 0, 0., 0, 0., 5, 0.22716946842344388, 0, 0., 0, 0., 294, 2059, 2353, 2201, 0.935401614959626
, generated\gt\sample_000279.krn, generated\xml_scaled\sample_000279.xml, 0, 0., 258, 19.724770642201836, 0, 0., 9, 0.6880733944954128, 1, 0.0764525993883792, 0, 0., 2, 0.1529051987767584, 0, 0., 0, 0., 0, 0., 3, 0.22935779816513763, 0, 0., 0, 0., 0, 0., 2, 0.1529051987767584, 0, 0., 0, 0., 0, 0., 0, 0., 1, 0.0764525993883792, 0, 0., 0, 0., 3, 0.22935779816513763, 0, 0., 0, 0., 0, 0., 0, 0., 0, 0., 0, 0., 0, 0., 0, 0., 0, 0., 1024, 78.2874617737003, 0, 0., 0, 0., 0, 0., 5, 0.382262996941896, 0, 0., 0, 0., 173, 1225, 1398, 1308, 0.9356223175965666
, generated\gt\sample_000156.krn, generated\xml_scaled\sample_000156.xml, 0, 0., 350, 17.685699848408287, 4, 0.20212228398180898, 19, 0.9600808489135927, 0, 0., 0, 0., 1, 0.050530570995452245, 0, 0., 0, 0., 0, 0., 1, 0.050530570995452245, 0, 0., 0, 0., 1, 0.050530570995452245, 4, 0.20212228398180898, 0, 0., 0, 0., 4, 0.20212228398180898, 0, 0., 2, 0.10106114199090449, 0, 0., 0, 0., 0, 0., 0, 0., 0, 0., 0, 0., 0, 0., 9, 0.45477513895907024, 0, 0., 0, 0., 0, 0., 0, 0., 1579, 79.7877716018191, 0, 0., 0, 0., 0, 0., 5, 0.25265285497726125, 0, 0., 0, 0., 359, 1756, 2115, 1979, 0.9356973995271868
, generated\gt\sample_000554.krn, generated\xml_scaled\sample_000554.xml, 0, 0., 152, 18.6046511627907, 0, 0., 5, 0.6119951040391677, 0, 0., 0, 0., 1, 0.12239902080783353, 0, 0., 0, 0., 0, 0., 3, 0.3671970624235006, 0, 0., 0, 0., 4, 0.48959608323133413, 4, 0.48959608323133413, 2, 0.24479804161566707, 0, 0., 5, 0.6119951040391677, 0, 0., 0, 0., 0, 0., 0, 0., 5, 0.6119951040391677, 0, 0., 0, 0., 0, 0., 0, 0., 0, 0., 0, 0., 0, 0., 0, 0., 0, 0., 631, 77.23378212974296, 0, 0., 0, 0., 0, 0., 5, 0.6119951040391677, 0, 0., 0, 0., 150, 723, 873, 817, 0.9358533791523482
, generated\gt\sample_000532.krn, generated\xml_scaled\sample_000532.xml, 0, 0., 375, 25.016677785190126, 0, 0., 15, 1.0006671114076051, 2, 0.133422281521014, 4, 0.266844563042028, 2, 0.133422281521014, 0, 0., 0, 0., 1, 0.066711140760507, 2, 0.133422281521014, 0, 0., 0, 0., 3, 0.200133422281521, 6, 0.400266844563042, 3, 0.200133422281521, 0, 0., 0, 0., 0, 0., 2, 0.133422281521014, 0, 0., 0, 0., 10, 0.66711140760507, 0, 0., 0, 0., 0, 0., 0, 0., 0, 0., 0, 0., 0, 0., 0, 0., 0, 0., 1070, 71.38092061374249, 0, 0., 0, 0., 4, 0.266844563042028, 0, 0., 0, 0., 0, 0., 253, 1348, 1601, 1499, 0.9362898188632105
, generated\gt\sample_000637.krn, generated\xml_scaled\sample_000637.xml, 0, 0., 308, 17.61006289308176, 0, 0., 15, 0.8576329331046312, 1, 0.05717552887364208, 2, 0.11435105774728416, 0, 0., 0, 0., 0, 0., 0, 0., 1, 0.05717552887364208, 0, 0., 0, 0., 1, 0.05717552887364208, 4, 0.22870211549456831, 0, 0., 0, 0., 0, 0., 0, 0., 2, 0.11435105774728416, 0, 0., 0, 0., 0, 0., 0, 0., 0, 0., 0, 0., 0, 0., 0, 0., 0, 0., 0, 0., 0, 0., 0, 0., 1410, 80.61749571183533, 0, 0., 0, 0., 0, 0., 5, 0.2858776443682104, 0, 0., 0, 0., 246, 1622, 1868, 1749, 0.9362955032119914
, generated\gt\sample_000653.krn, generated\xml_scaled\sample_000653.xml, 0, 0., 370, 20.705092333519865, 0, 0., 4, 0.2238388360380526, 0, 0., 0, 0., 0, 0., 0, 0., 0, 0., 0, 0., 0, 0., 0, 0., 0, 0., 2, 0.1119194180190263, 2, 0.1119194180190263, 2, 0.1119194180190263, 0, 0., 0, 0., 0, 0., 1, 0.05595970900951315, 0, 0., 0, 0., 7, 0.39171796306659207, 0, 0., 0, 0., 0, 0., 0, 0., 0, 0., 0, 0., 0, 0., 0, 0., 0, 0., 1394, 78.00783435926134, 0, 0., 0, 0., 0, 0., 5, 0.27979854504756574, 0, 0., 0, 0., 261, 1646, 1907, 1787, 0.9370739381227058
, generated\gt\sample_000492.krn, generated\xml_scaled\sample_000492.xml, 0, 0., 566, 46.815550041356495, 0, 0., 13, 1.075268817204301, 0, 0., 8, 0.6617038875103392, 0, 0., 0, 0., 0, 0., 0, 0., 0, 0., 1, 0.0827129859387924, 0, 0., 0, 0., 4, 0.3308519437551696, 0, 0., 0, 0., 0, 0., 0, 0., 2, 0.1654259718775848, 0, 0., 0, 0., 10, 0.8271298593879239, 0, 0., 0, 0., 0, 0., 0, 0., 0, 0., 0, 0., 0, 0., 0, 0., 0, 0., 600, 49.62779156327544, 0, 0., 0, 0., 0, 0., 5, 0.41356492969396197, 0, 0., 0, 0., 415, 874, 1289, 1209, 0.9379363847944143
, generated\gt\sample_000063.krn, generated\xml_scaled\sample_000063.xml, 0, 0., 413, 39.48374760994264, 0, 0., 11, 1.0516252390057361, 0, 0., 0, 0., 1, 0.09560229445506692, 0, 0., 0, 0., 0, 0., 0, 0., 0, 0., 0, 0., 0, 0., 0, 0., 0, 0., 0, 0., 0, 0., 0, 0., 3, 0.28680688336520077, 0, 0., 0, 0., 15, 1.4340344168260037, 0, 0., 0, 0., 0, 0., 0, 0., 0, 0., 0, 0., 0, 0., 0, 0., 0, 0., 598, 57.170172084130016, 0, 0., 0, 0., 0, 0., 5, 0.4780114722753346, 0, 0., 0, 0., 375, 739, 1114, 1046, 0.9389587073608617
, generated\gt\sample_000620.krn, generated\xml_scaled\sample_000620.xml, 0, 0., 299, 13.535536441828881, 2, 0.09053870529651425, 21, 0.9506564056133997, 2, 0.09053870529651425, 0, 0., 2, 0.09053870529651425, 0, 0., 0, 0., 6, 0.27161611588954276, 4, 0.1810774105930285, 1, 0.04526935264825713, 0, 0., 1, 0.04526935264825713, 4, 0.1810774105930285, 0, 0., 0, 0., 1, 0.04526935264825713, 0, 0., 0, 0., 0, 0., 0, 0., 7, 0.3168854685377999, 0, 0., 0, 0., 0, 0., 0, 0., 0, 0., 0, 0., 0, 0., 0, 0., 0, 0., 1854, 83.92937980986872, 0, 0., 0, 0., 0, 0., 5, 0.22634676324128564, 0, 0., 0, 0., 282, 2068, 2350, 2209, 0.94
, generated\gt\sample_000069.krn, generated\xml_scaled\sample_000069.xml, 0, 0., 403, 30.20989505247376, 0, 0., 4, 0.29985007496251875, 0, 0., 8, 0.5997001499250375, 0, 0., 0, 0., 0, 0., 2, 0.14992503748125938, 0, 0., 0, 0., 0, 0., 0, 0., 4, 0.29985007496251875, 0, 0., 0, 0., 0, 0., 0, 0., 1, 0.07496251874062969, 0, 0., 0, 0., 4, 0.29985007496251875, 0, 0., 0, 0., 0, 0., 0, 0., 0, 0., 0, 0., 0, 0., 0, 0., 0, 0., 903, 67.6911544227886, 0, 0., 0, 0., 0, 0., 5, 0.3748125937031484, 0, 0., 0, 0., 291, 1128, 1419, 1334, 0.9400986610288936
, generated\gt\sample_000228.krn, generated\xml_scaled\sample_000228.xml, 0, 0., 258, 22.513089005235603, 0, 0., 7, 0.6108202443280978, 1, 0.08726003490401396, 0, 0., 0, 0., 0, 0., 0, 0., 0, 0., 0, 0., 0, 0., 0, 0., 1, 0.08726003490401396, 2, 0.17452006980802792, 2, 0.17452006980802792, 0, 0., 0, 0., 0, 0., 0, 0., 0, 0., 0, 0., 0, 0., 0, 0., 0, 0., 0, 0., 0, 0., 0, 0., 0, 0., 0, 0., 0, 0., 0, 0., 870, 75.91623036649214, 0, 0., 0, 0., 0, 0., 5, 0.4363001745200698, 0, 0., 0, 0., 196, 1022, 1218, 1146, 0.9408866995073891
, generated\gt\sample_000431.krn, generated\xml_scaled\sample_000431.xml, 0, 0., 518, 29.052159282108807, 0, 0., 11, 0.6169377453729669, 0, 0., 21, 1.1777902411665733, 2, 0.11217049915872125, 0, 0., 0, 0., 2, 0.11217049915872125, 0, 0., 0, 0., 0, 0., 0, 0., 2, 0.11217049915872125, 0, 0., 0, 0., 0, 0., 0, 0., 0, 0., 0, 0., 0, 0., 3, 0.16825574873808188, 0, 0., 0, 0., 0, 0., 0, 0., 0, 0., 0, 0., 0, 0., 0, 0., 0, 0., 1219, 68.3679192372406, 0, 0., 0, 0., 0, 0., 5, 0.28042624789680315, 0, 0., 0, 0., 429, 1466, 1895, 1783, 0.9408970976253298
, generated\gt\sample_000245.krn, generated\xml_scaled\sample_000245.xml, 0, 0., 357, 24.55295735900963, 2, 0.1375515818431912, 7, 0.4814305364511692, 0, 0., 14, 0.9628610729023384, 1, 0.0687757909215956, 0, 0., 0, 0., 0, 0., 3, 0.2063273727647868, 0, 0., 0, 0., 0, 0., 4, 0.2751031636863824, 0, 0., 0, 0., 0, 0., 0, 0., 2, 0.1375515818431912, 0, 0., 0, 0., 1, 0.0687757909215956, 0, 0., 0, 0., 0, 0., 0, 0., 0, 0., 0, 0., 0, 0., 0, 0., 0, 0., 1058, 72.76478679504814, 0, 0., 0, 0., 0, 0., 5, 0.343878954607978, 0, 0., 0, 0., 304, 1241, 1545, 1454, 0.9411003236245955
, generated\gt\sample_000490.krn, generated\xml_scaled\sample_000490.xml, 0, 0., 518, 31.14852675886951, 2, 0.12026458208057728, 11, 0.6614552014431749, 0, 0., 8, 0.4810583283223091, 2, 0.12026458208057728, 0, 0., 0, 0., 0, 0., 6, 0.3607937462417318, 0, 0., 0, 0., 0, 0., 4, 0.24052916416115455, 0, 0., 0, 0., 0, 0., 8, 0.4810583283223091, 0, 0., 0, 0., 0, 0., 14, 0.8418520745640409, 0, 0., 0, 0., 0, 0., 0, 0., 0, 0., 0, 0., 0, 0., 0, 0., 0, 0., 1085, 65.24353577871317, 0, 0., 0, 0., 0, 0., 5, 0.30066145520144316, 0, 0., 0, 0., 428, 1339, 1767, 1663, 0.9411431805319751
, generated\gt\sample_000392.krn, generated\xml_scaled\sample_000392.xml, 0, 0., 430, 29.88186240444753, 4, 0.27797081306462823, 9, 0.6254343293954134, 0, 0., 16, 1.111883252258513, 0, 0., 0, 0., 0, 0., 0, 0., 3, 0.20847810979847117, 0, 0., 0, 0., 0, 0., 4, 0.27797081306462823, 0, 0., 0, 0., 2, 0.13898540653231412, 0, 0., 3, 0.20847810979847117, 0, 0., 0, 0., 4, 0.27797081306462823, 0, 0., 0, 0., 0, 0., 0, 0., 3, 0.20847810979847117, 0, 0., 0, 0., 0, 0., 0, 0., 956, 66.43502432244614, 0, 0., 0, 0., 0, 0., 5, 0.34746351633078526, 0, 0., 0, 0., 326, 1202, 1528, 1439, 0.9417539267015707
, generated\gt\sample_000591.krn, generated\xml_scaled\sample_000591.xml, 0, 0., 514, 31.76761433868974, 2, 0.12360939431396786, 28, 1.73053152039555, 0, 0., 0, 0., 4, 0.24721878862793573, 0, 0., 0, 0., 0, 0., 4, 0.24721878862793573, 0, 0., 0, 0., 0, 0., 4, 0.24721878862793573, 2, 0.12360939431396786, 0, 0., 0, 0., 0, 0., 2, 0.12360939431396786, 0, 0., 0, 0., 1, 0.06180469715698393, 0, 0., 0, 0., 0, 0., 0, 0., 0, 0., 0, 0., 0, 0., 0, 0., 0, 0., 1052, 65.01854140914709, 0, 0., 0, 0., 0, 0., 5, 0.30902348578491967, 0, 0., 0, 0., 422, 1296, 1718, 1618, 0.9417927823050058
, generated\gt\sample_000154.krn, generated\xml_scaled\sample_000154.xml, 0, 0., 278, 18.265440210249672, 0, 0., 6, 0.39421813403416556, 0, 0., 0, 0., 0, 0., 0, 0., 0, 0., 0, 0., 4, 0.2628120893561104, 0, 0., 0, 0., 1, 0.0657030223390276, 4, 0.2628120893561104, 0, 0., 0, 0., 0, 0., 0, 0., 4, 0.2628120893561104, 0, 0., 0, 0., 1, 0.0657030223390276, 0, 0., 0, 0., 0, 0., 0, 0., 0, 0., 0, 0., 0, 0., 0, 0., 0, 0., 1219, 80.09198423127464, 0, 0., 0, 0., 0, 0., 5, 0.328515111695138, 0, 0., 0, 0., 237, 1378, 1615, 1522, 0.9424148606811146
, generated\gt\sample_000391.krn, generated\xml_scaled\sample_000391.xml, 0, 0., 461, 29.608220937700708, 0, 0., 9, 0.5780346820809249, 0, 0., 16, 1.027617212588311, 0, 0., 0, 0., 0, 0., 0, 0., 0, 0., 0, 0., 0, 0., 0, 0., 4, 0.25690430314707774, 0, 0., 0, 0., 0, 0., 0, 0., 0, 0., 0, 0., 0, 0., 3, 0.1926782273603083, 0, 0., 0, 0., 0, 0., 0, 0., 0, 0., 0, 0., 0, 0., 0, 0., 0, 0., 1059, 68.01541425818883, 0, 0., 0, 0., 0, 0., 5, 0.32113037893384716, 0, 0., 0, 0., 390, 1262, 1652, 1557, 0.9424939467312349
, generated\gt\sample_000348.krn, generated\xml_scaled\sample_000348.xml, 0, 0., 646, 31.374453618261292, 0, 0., 23, 1.117047110247693, 1, 0.04856726566294318, 2, 0.09713453132588636, 5, 0.24283632831471588, 0, 0., 0, 0., 0, 0., 2, 0.09713453132588636, 0, 0., 0, 0., 2, 0.09713453132588636, 4, 0.1942690626517727, 0, 0., 0, 0., 0, 0., 0, 0., 4, 0.1942690626517727, 0, 0., 0, 0., 19, 0.9227780475959203, 0, 0., 0, 0., 0, 0., 0, 0., 0, 0., 0, 0., 0, 0., 0, 0., 0, 0., 1346, 65.37153958232152, 0, 0., 0, 0., 0, 0., 5, 0.24283632831471588, 0, 0., 0, 0., 434, 1749, 2183, 2059, 0.9431974347228584
, generated\gt\sample_000221.krn, generated\xml_scaled\sample_000221.xml, 0, 0., 174, 18.335089567966282, 8, 0.8429926238145417, 3, 0.31612223393045313, 4, 0.4214963119072708, 0, 0., 1, 0.1053740779768177, 0, 0., 0, 0., 0, 0., 4, 0.4214963119072708, 0, 0., 0, 0., 0, 0., 4, 0.4214963119072708, 3, 0.31612223393045313, 0, 0., 0, 0., 0, 0., 2, 0.2107481559536354, 0, 0., 0, 0., 12, 1.2644889357218125, 0, 0., 0, 0., 0, 0., 0, 0., 0, 0., 0, 0., 0, 0., 0, 0., 0, 0., 729, 76.8177028451001, 0, 0., 0, 0., 0, 0., 5, 0.5268703898840885, 0, 0., 0, 0., 137, 869, 1006, 949, 0.9433399602385686
, generated\gt\sample_000597.krn, generated\xml_scaled\sample_000597.xml, 0, 0., 437, 32.88186606471031, 2, 0.1504890895410083, 10, 0.7524454477050414, 1, 0.07524454477050414, 0, 0., 2, 0.1504890895410083, 0, 0., 0, 0., 0, 0., 0, 0., 0, 0., 0, 0., 3, 0.22573363431151242, 4, 0.3009781790820166, 0, 0., 0, 0., 0, 0., 0, 0., 6, 0.45146726862302483, 0, 0., 0, 0., 18, 1.3544018058690745, 0, 0., 0, 0., 0, 0., 0, 0., 0, 0., 0, 0., 0, 0., 0, 0., 0, 0., 841, 63.28066215199398, 0, 0., 0, 0., 0, 0., 5, 0.3762227238525207, 0, 0., 0, 0., 366, 1042, 1408, 1329, 0.9438920454545454
, generated\gt\sample_000324.krn, generated\xml_scaled\sample_000324.xml, 0, 0., 369, 24.007807417046195, 0, 0., 11, 0.715679895901106, 1, 0.06506180871828236, 2, 0.13012361743656473, 0, 0., 0, 0., 0, 0., 0, 0., 0, 0., 0, 0., 0, 0., 0, 0., 4, 0.26024723487312945, 0, 0., 0, 0., 0, 0., 0, 0., 6, 0.3903708523096942, 0, 0., 0, 0., 9, 0.5855562784645413, 0, 0., 0, 0., 0, 0., 0, 0., 0, 0., 0, 0., 0, 0., 0, 0., 0, 0., 1130, 73.51984385165908, 0, 0., 0, 0., 0, 0., 5, 0.32530904359141183, 0, 0., 0, 0., 308, 1320, 1628, 1537, 0.9441031941031941
, generated\gt\sample_000099.krn, generated\xml_scaled\sample_000099.xml, 0, 0., 237, 16.80851063829787, 12, 0.851063829787234, 2, 0.14184397163120568, 0, 0., 0, 0., 2, 0.14184397163120568, 0, 0., 0, 0., 0, 0., 1, 0.07092198581560284, 0, 0., 0, 0., 3, 0.2127659574468085, 4, 0.28368794326241137, 2, 0.14184397163120568, 0, 0., 0, 0., 0, 0., 2, 0.14184397163120568, 0, 0., 0, 0., 6, 0.425531914893617, 0, 0., 0, 0., 0, 0., 0, 0., 0, 0., 0, 0., 0, 0., 0, 0., 0, 0., 814, 57.730496453900706, 320, 22.69503546099291, 0, 0., 0, 0., 5, 0.3546099290780142, 0, 0., 0, 0., 227, 1266, 1493, 1410, 0.9444072337575352
, generated\gt\sample_000669.krn, generated\xml_scaled\sample_000669.xml, 0, 0., 423, 25.935009196811773, 0, 0., 15, 0.9196811771919068, 0, 0., 0, 0., 2, 0.12262415695892091, 0, 0., 0, 0., 0, 0., 2, 0.12262415695892091, 1, 0.061312078479460456, 0, 0., 0, 0., 4, 0.24524831391784183, 2, 0.12262415695892091, 0, 0., 0, 0., 0, 0., 3, 0.18393623543838136, 0, 0., 0, 0., 8, 0.49049662783568365, 0, 0., 0, 0., 0, 0., 0, 0., 0, 0., 0, 0., 0, 0., 0, 0., 0, 0., 1166, 71.48988350705089, 0, 0., 0, 0., 0, 0., 5, 0.30656039239730226, 0, 0., 0, 0., 283, 1444, 1727, 1631, 0.9444122756224667
, generated\gt\sample_000496.krn, generated\xml_scaled\sample_000496.xml, 0, 0., 473, 27.468060394889662, 0, 0., 10, 0.5807200929152149, 2, 0.11614401858304298, 2, 0.11614401858304298, 0, 0., 0, 0., 0, 0., 0, 0., 0, 0., 0, 0., 0, 0., 0, 0., 4, 0.23228803716608595, 0, 0., 0, 0., 0, 0., 0, 0., 1, 0.05807200929152149, 0, 0., 0, 0., 9, 0.5226480836236934, 0, 0., 0, 0., 0, 0., 0, 0., 0, 0., 0, 0., 0, 0., 0, 0., 0, 0., 1216, 70.61556329849013, 0, 0., 0, 0., 0, 0., 5, 0.29036004645760743, 0, 0., 0, 0., 318, 1505, 1823, 1722, 0.9445968184311574
, generated\gt\sample_000396.krn, generated\xml_scaled\sample_000396.xml, 0, 0., 459, 30.538922155688624, 0, 0., 7, 0.4657351962741184, 0, 0., 11, 0.7318695941450433, 0, 0., 0, 0., 0, 0., 0, 0., 2, 0.1330671989354624, 0, 0., 0, 0., 0, 0., 4, 0.2661343978709248, 0, 0., 0, 0., 0, 0., 0, 0., 1, 0.0665335994677312, 0, 0., 0, 0., 7, 0.4657351962741184, 0, 0., 0, 0., 0, 0., 0, 0., 0, 0., 0, 0., 0, 0., 0, 0., 0, 0., 1007, 66.99933466400532, 0, 0., 0, 0., 0, 0., 5, 0.33266799733865604, 0, 0., 0, 0., 332, 1259, 1591, 1503, 0.944688874921433
, generated\gt\sample_000149.krn, generated\xml_scaled\sample_000149.xml, 0, 0., 343, 20.637785800240675, 0, 0., 3, 0.18050541516245489, 1, 0.06016847172081829, 0, 0., 0, 0., 0, 0., 0, 0., 0, 0., 0, 0., 0, 0., 0, 0., 2, 0.12033694344163658, 4, 0.24067388688327315, 0, 0., 0, 0., 0, 0., 0, 0., 1, 0.06016847172081829, 0, 0., 0, 0., 7, 0.42117930204572807, 0, 0., 0, 0., 0, 0., 0, 0., 0, 0., 0, 0., 0, 0., 0, 0., 0, 0., 1296, 77.9783393501805, 0, 0., 0, 0., 0, 0., 5, 0.3008423586040915, 0, 0., 0, 0., 278, 1481, 1759, 1662, 0.9448550312677658
, generated\gt\sample_000285.krn, generated\xml_scaled\sample_000285.xml, 0, 0., 73, 4.3067846607669615, 0, 0., 1, 0.058997050147492625, 0, 0., 0, 0., 0, 0., 0, 0., 0, 0., 0, 0., 0, 0., 0, 0., 0, 0., 6, 0.35398230088495575, 0, 0., 0, 0., 0, 0., 0, 0., 0, 0., 0, 0., 0, 0., 0, 0., 8, 0.471976401179941, 0, 0., 0, 0., 0, 0., 0, 0., 0, 0., 0, 0., 0, 0., 0, 0., 0, 0., 1607, 94.80825958702064, 0, 0., 0, 0., 0, 0., 0, 0., 0, 0., 0, 0., 79, 1714, 1793, 1695, 0.9453430005577245
, generated\gt\sample_000209.krn, generated\xml_scaled\sample_000209.xml, 0, 0., 168, 14.035087719298245, 0, 0., 0, 0., 0, 0., 0, 0., 1, 0.0835421888053467, 0, 0., 0, 0., 0, 0., 2, 0.1670843776106934, 0, 0., 0, 0., 1, 0.0835421888053467, 4, 0.3341687552213868, 5, 0.4177109440267335, 0, 0., 0, 0., 0, 0., 1, 0.0835421888053467, 0, 0., 0, 0., 4, 0.3341687552213868, 0, 0., 0, 0., 0, 0., 0, 0., 0, 0., 0, 0., 0, 0., 0, 0., 0, 0., 1006, 84.04344193817877, 0, 0., 0, 0., 0, 0., 5, 0.4177109440267335, 0, 0., 0, 0., 156, 1110, 1266, 1197, 0.9454976303317536
, generated\gt\sample_000212.krn, generated\xml_scaled\sample_000212.xml, 0, 0., 88, 8.413001912045889, 2, 0.19120458891013384, 1, 0.09560229445506692, 7, 0.6692160611854685, 0, 0., 5, 0.4780114722753346, 0, 0., 0, 0., 0, 0., 0, 0., 0, 0., 0, 0., 3, 0.28680688336520077, 0, 0., 1, 0.09560229445506692, 0, 0., 0, 0., 0, 0., 0, 0., 0, 0., 0, 0., 14, 1.338432122370937, 0, 0., 0, 0., 0, 0., 0, 0., 0, 0., 0, 0., 0, 0., 0, 0., 0, 0., 925, 88.43212237093691, 0, 0., 0, 0., 0, 0., 0, 0., 0, 0., 0, 0., 79, 1027, 1106, 1046, 0.945750452079566
, generated\gt\sample_000491.krn, generated\xml_scaled\sample_000491.xml, 0, 0., 600, 30.785017957927142, 0, 0., 12, 0.6157003591585428, 1, 0.051308363263211906, 8, 0.41046690610569525, 0, 0., 0, 0., 0, 0., 0, 0., 0, 0., 0, 0., 0, 0., 2, 0.10261672652642381, 4, 0.20523345305284763, 0, 0., 0, 0., 0, 0., 24, 1.2314007183170856, 3, 0.1539250897896357, 0, 0., 0, 0., 0, 0., 0, 0., 0, 0., 0, 0., 0, 0., 0, 0., 0, 0., 0, 0., 0, 0., 0, 0., 1290, 66.18778860954336, 0, 0., 0, 0., 0, 0., 5, 0.2565418163160595, 0, 0., 0, 0., 446, 1613, 2059, 1949, 0.9465760077707625
, generated\gt\sample_000429.krn, generated\xml_scaled\sample_000429.xml, 0, 0., 25, 2.270663033605813, 0, 0., 0, 0., 0, 0., 2, 0.18165304268846502, 0, 0., 0, 0., 0, 0., 4, 0.36330608537693004, 3, 0.2724795640326976, 1, 0.09082652134423251, 0, 0., 0, 0., 0, 0., 0, 0., 0, 0., 0, 0., 0, 0., 0, 0., 0, 0., 0, 0., 11, 0.9990917347865577, 0, 0., 0, 0., 0, 0., 0, 0., 0, 0., 0, 0., 0, 0., 0, 0., 0, 0., 1055, 95.8219800181653, 0, 0., 0, 0., 0, 0., 0, 0., 0, 0., 0, 0., 68, 1095, 1163, 1101, 0.9466895958727429
, generated\gt\sample_000152.krn, generated\xml_scaled\sample_000152.xml, 0, 0., 423, 28.95277207392197, 0, 0., 19, 1.3004791238877482, 0, 0., 0, 0., 1, 0.06844626967830253, 0, 0., 0, 0., 0, 0., 1, 0.06844626967830253, 0, 0., 0, 0., 3, 0.2053388090349076, 4, 0.2737850787132101, 0, 0., 0, 0., 0, 0., 4, 0.2737850787132101, 2, 0.13689253935660506, 0, 0., 0, 0., 0, 0., 0, 0., 0, 0., 0, 0., 0, 0., 0, 0., 0, 0., 0, 0., 0, 0., 0, 0., 999, 68.37782340862422, 0, 0., 0, 0., 0, 0., 5, 0.34223134839151265, 0, 0., 0, 0., 348, 1194, 1542, 1461, 0.9474708171206225
, generated\gt\sample_000337.krn, generated\xml_scaled\sample_000337.xml, 0, 0., 366, 21.74688057040998, 0, 0., 5, 0.29708853238265004, 2, 0.11883541295306001, 0, 0., 0, 0., 0, 0., 0, 0., 0, 0., 1, 0.059417706476530004, 0, 0., 0, 0., 0, 0., 4, 0.23767082590612001, 0, 0., 0, 0., 0, 0., 0, 0., 3, 0.17825311942959002, 0, 0., 0, 0., 14, 0.8318478906714201, 0, 0., 2, 0.11883541295306001, 0, 0., 0, 0., 0, 0., 0, 0., 0, 0., 0, 0., 0, 0., 1281, 76.11408199643493, 0, 0., 0, 0., 0, 0., 5, 0.29708853238265004, 0, 0., 0, 0., 243, 1533, 1776, 1683, 0.9476351351351351
, generated\gt\sample_000623.krn, generated\xml_scaled\sample_000623.xml, 0, 0., 904, 40.51994621246078, 2, 0.08964589870013447, 30, 1.344688480502017, 0, 0., 2, 0.08964589870013447, 1, 0.04482294935006723, 0, 0., 0, 0., 2, 0.08964589870013447, 3, 0.1344688480502017, 0, 0., 0, 0., 1, 0.04482294935006723, 8, 0.35858359480053786, 0, 0., 0, 0., 0, 0., 0, 0., 0, 0., 0, 0., 0, 0., 7, 0.31376064545047067, 0, 0., 0, 0., 0, 0., 0, 0., 0, 0., 0, 0., 0, 0., 0, 0., 0, 0., 1267, 56.79067682653518, 0, 0., 0, 0., 4, 0.17929179740026893, 0, 0., 0, 0., 0, 0., 583, 1770, 2353, 2231, 0.9481512962175945
, generated\gt\sample_000440.krn, generated\xml_scaled\sample_000440.xml, 0, 0., 524, 20.239474700656626, 0, 0., 12, 0.46349942062572425, 1, 0.03862495171881035, 0, 0., 5, 0.19312475859405176, 0, 0., 0, 0., 0, 0., 0, 0., 0, 0., 0, 0., 2, 0.0772499034376207, 2, 0.0772499034376207, 0, 0., 0, 0., 0, 0., 0, 0., 5, 0.19312475859405176, 0, 0., 0, 0., 29, 1.1201235998455001, 0, 0., 0, 0., 0, 0., 0, 0., 0, 0., 0, 0., 0, 0., 0, 0., 0, 0., 2004, 77.40440324449594, 0, 0., 0, 0., 0, 0., 5, 0.19312475859405176, 0, 0., 0, 0., 300, 2430, 2730, 2589, 0.9483516483516483
, generated\gt\sample_000578.krn, generated\xml_scaled\sample_000578.xml, 0, 0., 390, 18.301267010793055, 0, 0., 15, 0.7038948850305021, 1, 0.04692632566870014, 0, 0., 0, 0., 0, 0., 0, 0., 0, 0., 4, 0.18770530267480057, 0, 0., 0, 0., 0, 0., 4, 0.18770530267480057, 2, 0.09385265133740028, 0, 0., 0, 0., 0, 0., 1, 0.04692632566870014, 0, 0., 0, 0., 3, 0.14077897700610043, 0, 0., 0, 0., 0, 0., 0, 0., 0, 0., 0, 0., 0, 0., 0, 0., 0, 0., 1706, 80.05631159080244, 0, 0., 0, 0., 0, 0., 5, 0.2346316283435007, 0, 0., 0, 0., 261, 1986, 2247, 2131, 0.9483756119270138
, generated\gt\sample_000526.krn, generated\xml_scaled\sample_000526.xml, 0, 0., 558, 22.293248102277268, 0, 0., 19, 0.7590890930882941, 2, 0.07990411506192568, 10, 0.3995205753096284, 0, 0., 0, 0., 0, 0., 0, 0., 0, 0., 0, 0., 0, 0., 0, 0., 4, 0.15980823012385137, 0, 0., 0, 0., 0, 0., 0, 0., 2, 0.07990411506192568, 0, 0., 0, 0., 5, 0.1997602876548142, 0, 0., 0, 0., 0, 0., 0, 0., 0, 0., 0, 0., 0, 0., 0, 0., 0, 0., 1898, 75.82900519376749, 0, 0., 0, 0., 0, 0., 5, 0.1997602876548142, 0, 0., 0, 0., 427, 2208, 2635, 2503, 0.9499051233396585
, generated\gt\sample_000343.krn, generated\xml_scaled\sample_000343.xml, 0, 0., 396, 21.60392798690671, 0, 0., 10, 0.5455537370430987, 0, 0., 2, 0.10911074740861974, 0, 0., 0, 0., 0, 0., 0, 0., 2, 0.10911074740861974, 0, 0., 0, 0., 4, 0.2182214948172395, 4, 0.2182214948172395, 0, 0., 0, 0., 0, 0., 0, 0., 1, 0.05455537370430987, 0, 0., 0, 0., 8, 0.436442989634479, 0, 0., 0, 0., 0, 0., 0, 0., 0, 0., 0, 0., 0, 0., 0, 0., 0, 0., 1401, 76.43207855973813, 0, 0., 0, 0., 0, 0., 5, 0.27277686852154936, 0, 0., 0, 0., 241, 1688, 1929, 1833, 0.9502332814930016
, generated\gt\sample_000387.krn, generated\xml_scaled\sample_000387.xml, 0, 0., 493, 26.925177498634625, 0, 0., 15, 0.8192244675040962, 6, 0.3276897870016384, 0, 0., 4, 0.2184598580010923, 0, 0., 0, 0., 0, 0., 2, 0.10922992900054615, 0, 0., 0, 0., 0, 0., 6, 0.3276897870016384, 0, 0., 0, 0., 0, 0., 0, 0., 1, 0.054614964500273075, 0, 0., 0, 0., 22, 1.2015292190060076, 0, 0., 0, 0., 0, 0., 0, 0., 0, 0., 0, 0., 0, 0., 0, 0., 0, 0., 1278, 69.79792463134899, 0, 0., 0, 0., 4, 0.2184598580010923, 0, 0., 0, 0., 0, 0., 324, 1602, 1926, 1831, 0.95067497403946
, generated\gt\sample_000432.krn, generated\xml_scaled\sample_000432.xml, 0, 0., 304, 22.435424354243544, 0, 0., 6, 0.44280442804428044, 3, 0.22140221402214022, 0, 0., 0, 0., 0, 0., 0, 0., 0, 0., 0, 0., 0, 0., 0, 0., 2, 0.14760147601476015, 2, 0.14760147601476015, 7, 0.5166051660516605, 0, 0., 0, 0., 0, 0., 2, 0.14760147601476015, 1, 0.07380073800738007, 0, 0., 13, 0.959409594095941, 0, 0., 0, 0., 0, 0., 0, 0., 0, 0., 0, 0., 0, 0., 0, 0., 0, 0., 1010, 74.53874538745387, 0, 0., 0, 0., 0, 0., 5, 0.36900369003690037, 0, 0., 0, 0., 191, 1234, 1425, 1355, 0.9508771929824561
, generated\gt\sample_000598.krn, generated\xml_scaled\sample_000598.xml, 0, 0., 473, 29.054054054054053, 2, 0.12285012285012285, 22, 1.3513513513513513, 0, 0., 0, 0., 0, 0., 0, 0., 0, 0., 0, 0., 1, 0.06142506142506143, 0, 0., 0, 0., 0, 0., 4, 0.2457002457002457, 4, 0.2457002457002457, 0, 0., 0, 0., 0, 0., 1, 0.06142506142506143, 0, 0., 0, 0., 7, 0.42997542997543, 0, 0., 0, 0., 0, 0., 0, 0., 0, 0., 0, 0., 0, 0., 0, 0., 0, 0., 1109, 68.12039312039312, 0, 0., 0, 0., 0, 0., 5, 0.3071253071253071, 0, 0., 0, 0., 420, 1292, 1712, 1628, 0.9509345794392523
, generated\gt\sample_000151.krn, generated\xml_scaled\sample_000151.xml, 0, 0., 515, 27.43740010655301, 0, 0., 13, 0.6925945657964837, 1, 0.05327650506126798, 0, 0., 2, 0.10655301012253596, 0, 0., 0, 0., 1, 0.05327650506126798, 3, 0.15982951518380395, 0, 0., 0, 0., 4, 0.21310602024507191, 4, 0.21310602024507191, 0, 0., 0, 0., 0, 0., 0, 0., 3, 0.15982951518380395, 1, 0.05327650506126798, 0, 0., 4, 0.21310602024507191, 0, 0., 0, 0., 0, 0., 0, 0., 0, 0., 0, 0., 0, 0., 0, 0., 0, 0., 1321, 70.378263185935, 0, 0., 0, 0., 0, 0., 5, 0.2663825253063399, 0, 0., 0, 0., 410, 1563, 1973, 1877, 0.9513431322858591
, generated\gt\sample_000458.krn, generated\xml_scaled\sample_000458.xml, 0, 0., 350, 22.537025112685125, 0, 0., 8, 0.51513200257566, 0, 0., 0, 0., 1, 0.0643915003219575, 0, 0., 0, 0., 0, 0., 0, 0., 0, 0., 0, 0., 0, 0., 4, 0.25756600128783, 0, 0., 0, 0., 0, 0., 27, 1.7385705086928525, 0, 0., 0, 0., 0, 0., 6, 0.386349001931745, 0, 0., 0, 0., 0, 0., 0, 0., 0, 0., 0, 0., 0, 0., 0, 0., 0, 0., 1152, 74.17900837089505, 0, 0., 0, 0., 0, 0., 5, 0.32195750160978753, 0, 0., 0, 0., 290, 1342, 1632, 1553, 0.9515931372549019
, generated\gt\sample_000550.krn, generated\xml_scaled\sample_000550.xml, 0, 0., 86, 5.639344262295082, 0, 0., 0, 0., 0, 0., 0, 0., 0, 0., 0, 0., 0, 0., 0, 0., 0, 0., 0, 0., 0, 0., 3, 0.19672131147540983, 0, 0., 0, 0., 0, 0., 0, 0., 0, 0., 0, 0., 0, 0., 0, 0., 8, 0.5245901639344263, 0, 0., 0, 0., 0, 0., 0, 0., 0, 0., 0, 0., 0, 0., 0, 0., 0, 0., 1428, 93.63934426229508, 0, 0., 0, 0., 0, 0., 0, 0., 0, 0., 0, 0., 108, 1494, 1602, 1525, 0.9519350811485643
, generated\gt\sample_000210.krn, generated\xml_scaled\sample_000210.xml, 0, 0., 155, 12.015503875968992, 12, 0.9302325581395349, 8, 0.6201550387596899, 7, 0.5426356589147286, 2, 0.15503875968992248, 0, 0., 0, 0., 0, 0., 0, 0., 4, 0.31007751937984496, 0, 0., 0, 0., 1, 0.07751937984496124, 4, 0.31007751937984496, 2, 0.15503875968992248, 0, 0., 0, 0., 0, 0., 0, 0., 0, 0., 0, 0., 3, 0.23255813953488372, 0, 0., 0, 0., 0, 0., 0, 0., 0, 0., 0, 0., 0, 0., 0, 0., 0, 0., 1087, 84.26356589147287, 0, 0., 0, 0., 0, 0., 5, 0.3875968992248062, 0, 0., 0, 0., 119, 1236, 1355, 1290, 0.9520295202952029
, generated\gt\sample_000544.krn, generated\xml_scaled\sample_000544.xml, 0, 0., 239, 16.91436659589526, 0, 0., 9, 0.6369426751592356, 0, 0., 0, 0., 0, 0., 0, 0., 0, 0., 0, 0., 1, 0.07077140835102619, 0, 0., 0, 0., 2, 0.14154281670205238, 2, 0.14154281670205238, 1, 0.07077140835102619, 0, 0., 0, 0., 0, 0., 0, 0., 1, 0.07077140835102619, 0, 0., 8, 0.5661712668082095, 0, 0., 0, 0., 0, 0., 0, 0., 0, 0., 0, 0., 0, 0., 0, 0., 0, 0., 1145, 81.03326256192499, 0, 0., 0, 0., 0, 0., 5, 0.35385704175513094, 0, 0., 0, 0., 245, 1239, 1484, 1413, 0.9521563342318059
, generated\gt\sample_000670.krn, generated\xml_scaled\sample_000670.xml, 0, 0., 377, 23.086344151867728, 6, 0.3674219228413962, 9, 0.5511328842620943, 0, 0., 0, 0., 0, 0., 0, 0., 0, 0., 0, 0., 1, 0.0612369871402327, 2, 0.1224739742804654, 0, 0., 0, 0., 4, 0.2449479485609308, 2, 0.1224739742804654, 0, 0., 0, 0., 0, 0., 1, 0.0612369871402327, 0, 0., 0, 0., 10, 0.612369871402327, 0, 0., 0, 0., 0, 0., 0, 0., 0, 0., 0, 0., 0, 0., 0, 0., 0, 0., 1216, 74.46417636252296, 0, 0., 0, 0., 0, 0., 5, 0.3061849357011635, 0, 0., 0, 0., 225, 1490, 1715, 1633, 0.9521865889212828
, generated\gt\sample_000465.krn, generated\xml_scaled\sample_000465.xml, 0, 0., 270, 21.293375394321767, 8, 0.6309148264984227, 7, 0.5520504731861199, 9, 0.7097791798107256, 0, 0., 0, 0., 0, 0., 0, 0., 6, 0.47318611987381703, 0, 0., 0, 0., 0, 0., 0, 0., 8, 0.6309148264984227, 7, 0.5520504731861199, 0, 0., 0, 0., 0, 0., 0, 0., 0, 0., 0, 0., 7, 0.5520504731861199, 0, 0., 0, 0., 0, 0., 0, 0., 0, 0., 0, 0., 0, 0., 0, 0., 0, 0., 942, 74.29022082018928, 0, 0., 0, 0., 4, 0.31545741324921134, 0, 0., 0, 0., 0, 0., 332, 999, 1331, 1268, 0.9526671675432006
, generated\gt\sample_000255.krn, generated\xml_scaled\sample_000255.xml, 0, 0., 236, 14.805520702634881, 0, 0., 10, 0.6273525721455459, 0, 0., 0, 0., 0, 0., 0, 0., 0, 0., 0, 0., 2, 0.12547051442910917, 0, 0., 0, 0., 1, 0.06273525721455459, 4, 0.25094102885821834, 0, 0., 0, 0., 1, 0.06273525721455459, 0, 0., 2, 0.12547051442910917, 1, 0.06273525721455459, 1, 0.06273525721455459, 7, 0.43914680050188204, 0, 0., 0, 0., 0, 0., 0, 0., 0, 0., 0, 0., 0, 0., 0, 0., 0, 0., 1324, 83.06148055207026, 0, 0., 0, 0., 0, 0., 5, 0.3136762860727729, 0, 0., 0, 0., 185, 1487, 1672, 1594, 0.9533492822966507
, generated\gt\sample_000616.krn, generated\xml_scaled\sample_000616.xml, 0, 0., 329, 16.11165523996082, 2, 0.0979431929480901, 7, 0.3428011753183154, 2, 0.0979431929480901, 14, 0.6856023506366308, 2, 0.0979431929480901, 0, 0., 0, 0., 0, 0., 3, 0.14691478942213515, 1, 0.04897159647404505, 0, 0., 5, 0.24485798237022527, 4, 0.1958863858961802, 1, 0.04897159647404505, 0, 0., 0, 0., 0, 0., 0, 0., 0, 0., 0, 0., 17, 0.8325171400587659, 0, 0., 0, 0., 0, 0., 0, 0., 0, 0., 0, 0., 0, 0., 0, 0., 0, 0., 1650, 80.80313418217433, 0, 0., 0, 0., 0, 0., 5, 0.24485798237022527, 0, 0., 0, 0., 309, 1832, 2141, 2042, 0.9537599252685661
, generated\gt\sample_000242.krn, generated\xml_scaled\sample_000242.xml, 0, 0., 359, 23.587385019710908, 2, 0.1314060446780552, 3, 0.19710906701708278, 0, 0., 7, 0.45992115637319314, 2, 0.1314060446780552, 0, 0., 0, 0., 0, 0., 0, 0., 0, 0., 0, 0., 5, 0.328515111695138, 4, 0.2628120893561104, 0, 0., 0, 0., 0, 0., 0, 0., 1, 0.0657030223390276, 0, 0., 0, 0., 4, 0.2628120893561104, 0, 0., 0, 0., 0, 0., 0, 0., 0, 0., 0, 0., 0, 0., 0, 0., 0, 0., 1130, 74.24441524310119, 0, 0., 0, 0., 0, 0., 5, 0.328515111695138, 0, 0., 0, 0., 302, 1291, 1593, 1522, 0.9554300062774639
, generated\gt\sample_000117.krn, generated\xml_scaled\sample_000117.xml, 0, 0., 374, 27.35918068763716, 2, 0.14630577907827358, 11, 0.8046817849305048, 0, 0., 0, 0., 2, 0.14630577907827358, 0, 0., 0, 0., 0, 0., 4, 0.29261155815654716, 0, 0., 0, 0., 1, 0.07315288953913679, 4, 0.29261155815654716, 2, 0.14630577907827358, 0, 0., 0, 0., 0, 0., 1, 0.07315288953913679, 0, 0., 0, 0., 1, 0.07315288953913679, 0, 0., 0, 0., 0, 0., 0, 0., 0, 0., 0, 0., 0, 0., 0, 0., 0, 0., 696, 50.91441111923921, 264, 19.312362838332113, 0, 0., 0, 0., 5, 0.365764447695684, 0, 0., 0, 0., 245, 1185, 1430, 1367, 0.955944055944056
, generated\gt\sample_000227.krn, generated\xml_scaled\sample_000227.xml, 0, 0., 302, 31.295336787564768, 0, 0., 4, 0.41450777202072536, 0, 0., 0, 0., 0, 0., 0, 0., 0, 0., 0, 0., 0, 0., 0, 0., 0, 0., 3, 0.31088082901554404, 2, 0.20725388601036268, 2, 0.20725388601036268, 0, 0., 0, 0., 0, 0., 0, 0., 0, 0., 0, 0., 0, 0., 0, 0., 0, 0., 0, 0., 0, 0., 0, 0., 0, 0., 0, 0., 0, 0., 0, 0., 647, 67.04663212435233, 0, 0., 0, 0., 0, 0., 5, 0.5181347150259067, 0, 0., 0, 0., 233, 776, 1009, 965, 0.956392467789891
, generated\gt\sample_000590.krn, generated\xml_scaled\sample_000590.xml, 0, 0., 348, 21.065375302663437, 4, 0.24213075060532688, 5, 0.3026634382566586, 0, 0., 14, 0.847457627118644, 2, 0.12106537530266344, 0, 0., 0, 0., 0, 0., 2, 0.12106537530266344, 0, 0., 0, 0., 2, 0.12106537530266344, 4, 0.24213075060532688, 2, 0.12106537530266344, 0, 0., 0, 0., 0, 0., 2, 0.12106537530266344, 0, 0., 1, 0.06053268765133172, 4, 0.24213075060532688, 0, 0., 0, 0., 0, 0., 0, 0., 0, 0., 0, 0., 0, 0., 0, 0., 0, 0., 1257, 76.08958837772397, 0, 0., 0, 0., 0, 0., 5, 0.3026634382566586, 0, 0., 0, 0., 375, 1352, 1727, 1652, 0.9565720903300521
, generated\gt\sample_000328.krn, generated\xml_scaled\sample_000328.xml, 0, 0., 307, 19.64171465131158, 0, 0., 15, 0.9596928982725528, 1, 0.06397952655150352, 0, 0., 0, 0., 0, 0., 0, 0., 0, 0., 3, 0.19193857965451055, 0, 0., 0, 0., 0, 0., 4, 0.2559181062060141, 2, 0.12795905310300704, 0, 0., 1, 0.06397952655150352, 0, 0., 3, 0.19193857965451055, 0, 0., 0, 0., 15, 0.9596928982725528, 0, 0., 0, 0., 0, 0., 0, 0., 0, 0., 0, 0., 0, 0., 0, 0., 0, 0., 1207, 77.22328854766475, 0, 0., 0, 0., 0, 0., 5, 0.3198976327575176, 0, 0., 0, 0., 243, 1390, 1633, 1563, 0.9571341090018372
, generated\gt\sample_000153.krn, generated\xml_scaled\sample_000153.xml, 0, 0., 235, 15.889114266396213, 0, 0., 10, 0.676132521974307, 0, 0., 0, 0., 0, 0., 0, 0., 0, 0., 0, 0., 0, 0., 0, 0., 0, 0., 1, 0.0676132521974307, 4, 0.2704530087897228, 0, 0., 0, 0., 0, 0., 0, 0., 1, 0.0676132521974307, 0, 0., 0, 0., 0, 0., 0, 0., 0, 0., 0, 0., 0, 0., 0, 0., 0, 0., 0, 0., 0, 0., 0, 0., 1223, 82.69100743745774, 0, 0., 0, 0., 0, 0., 5, 0.3380662609871535, 0, 0., 0, 0., 254, 1291, 1545, 1479, 0.9572815533980582
, generated\gt\sample_000244.krn, generated\xml_scaled\sample_000244.xml, 0, 0., 361, 25.971223021582734, 0, 0., 1, 0.07194244604316546, 0, 0., 6, 0.4316546762589928, 0, 0., 0, 0., 0, 0., 0, 0., 4, 0.28776978417266186, 0, 0., 0, 0., 0, 0., 4, 0.28776978417266186, 0, 0., 0, 0., 0, 0., 0, 0., 2, 0.14388489208633093, 0, 0., 0, 0., 11, 0.7913669064748201, 0, 0., 0, 0., 0, 0., 0, 0., 0, 0., 0, 0., 0, 0., 0, 0., 0, 0., 996, 71.65467625899281, 0, 0., 0, 0., 0, 0., 5, 0.3597122302158273, 0, 0., 0, 0., 344, 1108, 1452, 1390, 0.9573002754820936
, generated\gt\sample_000457.krn, generated\xml_scaled\sample_000457.xml, 0, 0., 609, 36.163895486935864, 0, 0., 6, 0.35629453681710216, 0, 0., 0, 0., 3, 0.17814726840855108, 0, 0., 0, 0., 0, 0., 1, 0.05938242280285035, 1, 0.05938242280285035, 0, 0., 2, 0.1187648456057007, 4, 0.2375296912114014, 0, 0., 0, 0., 0, 0., 32, 1.9002375296912113, 7, 0.4156769596199525, 0, 0., 0, 0., 22, 1.3064133016627077, 0, 0., 0, 0., 0, 0., 0, 0., 0, 0., 0, 0., 0, 0., 0, 0., 0, 0., 992, 58.90736342042755, 0, 0., 0, 0., 0, 0., 5, 0.29691211401425177, 0, 0., 0, 0., 393, 1366, 1759, 1684, 0.9573621375781695
, generated\gt\sample_000103.krn, generated\xml_scaled\sample_000103.xml, 0, 0., 297, 20.0, 6, 0.40404040404040403, 0, 0., 0, 0., 0, 0., 0, 0., 0, 0., 0, 0., 2, 0.13468013468013468, 2, 0.13468013468013468, 0, 0., 0, 0., 3, 0.20202020202020202, 4, 0.26936026936026936, 2, 0.13468013468013468, 0, 0., 0, 0., 0, 0., 3, 0.20202020202020202, 0, 0., 0, 0., 7, 0.4713804713804714, 0, 0., 0, 0., 0, 0., 0, 0., 0, 0., 0, 0., 0, 0., 0, 0., 0, 0., 668, 44.98316498316498, 486, 32.72727272727273, 0, 0., 0, 0., 5, 0.3367003367003367, 0, 0., 0, 0., 238, 1313, 1551, 1485, 0.9574468085106383
, generated\gt\sample_000516.krn, generated\xml_scaled\sample_000516.xml, 0, 0., 263, 18.799142244460327, 2, 0.14295925661186562, 4, 0.28591851322373124, 1, 0.07147962830593281, 0, 0., 0, 0., 0, 0., 0, 0., 0, 0., 0, 0., 0, 0., 0, 0., 1, 0.07147962830593281, 8, 0.5718370264474625, 0, 0., 0, 0., 0, 0., 0, 0., 0, 0., 0, 0., 0, 0., 4, 0.28591851322373124, 0, 0., 0, 0., 0, 0., 0, 0., 0, 0., 0, 0., 0, 0., 0, 0., 0, 0., 1112, 79.48534667619728, 0, 0., 0, 0., 4, 0.28591851322373124, 0, 0., 0, 0., 0, 0., 399, 1062, 1461, 1399, 0.9575633127994524
, generated\gt\sample_000684.krn, generated\xml_scaled\sample_000684.xml, 0, 0., 334, 20.64276885043263, 0, 0., 18, 1.1124845488257107, 0, 0., 16, 0.9888751545117429, 0, 0., 0, 0., 0, 0., 0, 0., 0, 0., 0, 0., 0, 0., 4, 0.24721878862793573, 4, 0.24721878862793573, 1, 0.06180469715698393, 0, 0., 0, 0., 0, 0., 1, 0.06180469715698393, 0, 0., 0, 0., 3, 0.18541409147095178, 0, 0., 0, 0., 0, 0., 0, 0., 0, 0., 0, 0., 0, 0., 0, 0., 0, 0., 1232, 76.1433868974042, 0, 0., 0, 0., 0, 0., 5, 0.30902348578491967, 0, 0., 0, 0., 315, 1374, 1689, 1618, 0.9579632918886916
, generated\gt\sample_000541.krn, generated\xml_scaled\sample_000541.xml, 0, 0., 351, 20.78152753108348, 0, 0., 17, 1.0065127294256957, 0, 0., 0, 0., 0, 0., 0, 0., 0, 0., 0, 0., 1, 0.05920663114268798, 0, 0., 0, 0., 1, 0.05920663114268798, 4, 0.23682652457075193, 2, 0.11841326228537596, 0, 0., 0, 0., 0, 0., 5, 0.2960331557134399, 0, 0., 0, 0., 2, 0.11841326228537596, 0, 0., 0, 0., 0, 0., 0, 0., 0, 0., 0, 0., 0, 0., 0, 0., 0, 0., 1301, 77.02782711663707, 0, 0., 0, 0., 0, 0., 5, 0.2960331557134399, 0, 0., 0, 0., 281, 1482, 1763, 1689, 0.9580260918888258
, generated\gt\sample_000674.krn, generated\xml_scaled\sample_000674.xml, 0, 0., 331, 18.92510005717553, 0, 0., 10, 0.5717552887364208, 0, 0., 0, 0., 2, 0.11435105774728416, 0, 0., 0, 0., 0, 0., 2, 0.11435105774728416, 0, 0., 0, 0., 3, 0.17152658662092624, 4, 0.22870211549456831, 4, 0.22870211549456831, 0, 0., 0, 0., 0, 0., 5, 0.2858776443682104, 0, 0., 0, 0., 4, 0.22870211549456831, 0, 0., 0, 0., 0, 0., 0, 0., 0, 0., 0, 0., 0, 0., 0, 0., 0, 0., 1379, 78.84505431675242, 0, 0., 0, 0., 0, 0., 5, 0.2858776443682104, 0, 0., 0, 0., 316, 1509, 1825, 1749, 0.9583561643835616
, generated\gt\sample_000088.krn, generated\xml_scaled\sample_000088.xml, 0, 0., 43, 23.118279569892472, 0, 0., 0, 0., 0, 0., 0, 0., 0, 0., 0, 0., 0, 0., 0, 0., 1, 0.5376344086021505, 0, 0., 0, 0., 1, 0.5376344086021505, 2, 1.075268817204301, 1, 0.5376344086021505, 0, 0., 1, 0.5376344086021505, 0, 0., 0, 0., 0, 0., 0, 0., 0, 0., 0, 0., 0, 0., 0, 0., 0, 0., 0, 0., 0, 0., 0, 0., 0, 0., 0, 0., 76, 40.86021505376344, 57, 30.64516129032258, 0, 0., 4, 2.150537634408602, 0, 0., 0, 0., 0, 0., 115, 79, 194, 186, 0.9587628865979382
, generated\gt\sample_000477.krn, generated\xml_scaled\sample_000477.xml, 0, 0., 459, 34.851936218678816, 0, 0., 9, 0.683371298405467, 1, 0.07593014426727411, 0, 0., 0, 0., 0, 0., 0, 0., 0, 0., 1, 0.07593014426727411, 1, 0.07593014426727411, 0, 0., 2, 0.15186028853454822, 2, 0.15186028853454822, 0, 0., 0, 0., 4, 0.30372057706909644, 0, 0., 2, 0.15186028853454822, 0, 0., 0, 0., 12, 0.9111617312072893, 0, 0., 0, 0., 0, 0., 0, 0., 0, 0., 0, 0., 0, 0., 0, 0., 0, 0., 819, 62.18678815489749, 0, 0., 0, 0., 0, 0., 5, 0.37965072133637057, 0, 0., 0, 0., 354, 1019, 1373, 1317, 0.9592134013109979
, generated\gt\sample_000671.krn, generated\xml_scaled\sample_000671.xml, 0, 0., 569, 29.164531009738596, 0, 0., 10, 0.5125576627370579, 0, 0., 0, 0., 3, 0.15376729882111737, 0, 0., 0, 0., 0, 0., 0, 0., 0, 0., 0, 0., 1, 0.051255766273705795, 4, 0.20502306509482318, 3, 0.15376729882111737, 0, 0., 0, 0., 0, 0., 0, 0., 0, 0., 0, 0., 12, 0.6150691952844695, 0, 0., 0, 0., 0, 0., 0, 0., 0, 0., 0, 0., 0, 0., 0, 0., 0, 0., 1344, 68.88774987186058, 0, 0., 0, 0., 0, 0., 5, 0.25627883136852897, 0, 0., 0, 0., 404, 1629, 2033, 1951, 0.9596655189375307
, generated\gt\sample_000338.krn, generated\xml_scaled\sample_000338.xml, 0, 0., 383, 21.650650084793668, 0, 0., 5, 0.2826455624646693, 0, 0., 0, 0., 0, 0., 0, 0., 0, 0., 0, 0., 1, 0.05652911249293386, 1, 0.05652911249293386, 0, 0., 2, 0.11305822498586772, 4, 0.22611644997173544, 0, 0., 0, 0., 0, 0., 0, 0., 2, 0.11305822498586772, 0, 0., 0, 0., 15, 0.847936687394008, 0, 0., 0, 0., 0, 0., 0, 0., 0, 0., 0, 0., 0, 0., 0, 0., 0, 0., 1351, 76.37083097795364, 0, 0., 0, 0., 0, 0., 5, 0.2826455624646693, 0, 0., 0, 0., 301, 1542, 1843, 1769, 0.9598480737927293
, generated\gt\sample_000066.krn, generated\xml_scaled\sample_000066.xml, 0, 0., 583, 23.74745417515275, 0, 0., 14, 0.570264765784114, 0, 0., 0, 0., 0, 0., 0, 0., 0, 0., 0, 0., 2, 0.0814663951120163, 0, 0., 0, 0., 1, 0.04073319755600815, 2, 0.0814663951120163, 6, 0.24439918533604887, 0, 0., 0, 0., 0, 0., 0, 0., 0, 0., 0, 0., 26, 1.0590631364562118, 0, 0., 0, 0., 0, 0., 0, 0., 0, 0., 0, 0., 0, 0., 0, 0., 0, 0., 1816, 73.97148676171079, 0, 0., 0, 0., 0, 0., 5, 0.20366598778004075, 0, 0., 0, 0., 374, 2181, 2555, 2455, 0.9608610567514677
, generated\gt\sample_000381.krn, generated\xml_scaled\sample_000381.xml, 0, 0., 393, 20.74973600844773, 2, 0.10559662090813093, 6, 0.3167898627243928, 0, 0., 8, 0.42238648363252373, 3, 0.1583949313621964, 0, 0., 0, 0., 0, 0., 2, 0.10559662090813093, 1, 0.05279831045406547, 0, 0., 4, 0.21119324181626187, 2, 0.10559662090813093, 0, 0., 0, 0., 1, 0.05279831045406547, 0, 0., 2, 0.10559662090813093, 0, 0., 0, 0., 13, 0.6863780359028511, 0, 0., 0, 0., 0, 0., 0, 0., 0, 0., 0, 0., 0, 0., 0, 0., 0, 0., 1452, 76.66314677930306, 0, 0., 0, 0., 0, 0., 5, 0.26399155227032733, 0, 0., 0, 0., 314, 1657, 1971, 1894, 0.960933536276002
, generated\gt\sample_000101.krn, generated\xml_scaled\sample_000101.xml, 0, 0., 313, 17.794201250710632, 4, 0.2274019329164298, 13, 0.7390562819783968, 0, 0., 4, 0.2274019329164298, 5, 0.28425241614553726, 0, 0., 0, 0., 0, 0., 2, 0.1137009664582149, 0, 0., 0, 0., 2, 0.1137009664582149, 4, 0.2274019329164298, 1, 0.05685048322910745, 0, 0., 0, 0., 0, 0., 1, 0.05685048322910745, 0, 0., 0, 0., 12, 0.6822057987492893, 0, 0., 0, 0., 0, 0., 0, 0., 0, 0., 0, 0., 0, 0., 0, 0., 0, 0., 1043, 59.29505400795907, 350, 19.897669130187605, 0, 0., 0, 0., 5, 0.28425241614553726, 0, 0., 0, 0., 285, 1545, 1830, 1759, 0.9612021857923497
, generated\gt\sample_000111.krn, generated\xml_scaled\sample_000111.xml, 0, 0., 560, 35.874439461883405, 0, 0., 15, 0.9609224855861627, 0, 0., 0, 0., 2, 0.12812299807815503, 0, 0., 0, 0., 0, 0., 0, 0., 0, 0., 0, 0., 0, 0., 4, 0.25624599615631005, 2, 0.12812299807815503, 0, 0., 0, 0., 0, 0., 1, 0.06406149903907751, 0, 0., 0, 0., 2, 0.12812299807815503, 0, 0., 0, 0., 0, 0., 0, 0., 0, 0., 0, 0., 0, 0., 0, 0., 0, 0., 970, 62.13965406790519, 0, 0., 0, 0., 0, 0., 5, 0.3203074951953876, 0, 0., 0, 0., 341, 1282, 1623, 1561, 0.9617991373998768
, generated\gt\sample_000254.krn, generated\xml_scaled\sample_000254.xml, 0, 0., 199, 14.255014326647565, 0, 0., 7, 0.501432664756447, 1, 0.07163323782234957, 0, 0., 1, 0.07163323782234957, 0, 0., 0, 0., 0, 0., 0, 0., 0, 0., 0, 0., 2, 0.14326647564469913, 4, 0.28653295128939826, 0, 0., 0, 0., 7, 0.501432664756447, 0, 0., 1, 0.07163323782234957, 0, 0., 0, 0., 4, 0.28653295128939826, 0, 0., 0, 0., 0, 0., 0, 0., 0, 0., 0, 0., 0, 0., 0, 0., 0, 0., 1165, 83.45272206303724, 0, 0., 0, 0., 0, 0., 5, 0.35816618911174786, 0, 0., 0, 0., 191, 1260, 1451, 1396, 0.9620951068228808
, generated\gt\sample_000260.krn, generated\xml_scaled\sample_000260.xml, 0, 0., 328, 18.021978021978022, 0, 0., 4, 0.21978021978021978, 0, 0., 14, 0.7692307692307693, 0, 0., 0, 0., 0, 0., 0, 0., 0, 0., 0, 0., 0, 0., 0, 0., 2, 0.10989010989010989, 0, 0., 0, 0., 0, 0., 0, 0., 1, 0.054945054945054944, 0, 0., 0, 0., 9, 0.4945054945054945, 0, 0., 0, 0., 0, 0., 0, 0., 0, 0., 0, 0., 0, 0., 0, 0., 0, 0., 1462, 80.32967032967034, 0, 0., 0, 0., 0, 0., 0, 0., 0, 0., 0, 0., 252, 1639, 1891, 1820, 0.9624537281861449
, generated\gt\sample_000654.krn, generated\xml_scaled\sample_000654.xml, 0, 0., 218, 11.41959140911472, 0, 0., 11, 0.5762179151388162, 0, 0., 0, 0., 2, 0.10476689366160294, 0, 0., 0, 0., 0, 0., 0, 0., 0, 0., 0, 0., 0, 0., 2, 0.10476689366160294, 2, 0.10476689366160294, 0, 0., 0, 0., 0, 0., 0, 0., 0, 0., 0, 0., 1, 0.05238344683080147, 0, 0., 0, 0., 0, 0., 0, 0., 0, 0., 0, 0., 0, 0., 0, 0., 0, 0., 1668, 87.37558931377684, 0, 0., 0, 0., 0, 0., 5, 0.26191723415400736, 0, 0., 0, 0., 225, 1758, 1983, 1909, 0.9626828038325769
, generated\gt\sample_000147.krn, generated\xml_scaled\sample_000147.xml, 0, 0., 296, 18.39651957737725, 0, 0., 14, 0.870105655686762, 1, 0.062150403977625855, 0, 0., 0, 0., 0, 0., 0, 0., 0, 0., 1, 0.062150403977625855, 0, 0., 0, 0., 1, 0.062150403977625855, 4, 0.24860161591050342, 4, 0.24860161591050342, 0, 0., 0, 0., 0, 0., 2, 0.12430080795525171, 0, 0., 0, 0., 0, 0., 0, 0., 0, 0., 0, 0., 0, 0., 0, 0., 0, 0., 0, 0., 0, 0., 0, 0., 1281, 79.61466749533872, 0, 0., 0, 0., 0, 0., 5, 0.3107520198881293, 0, 0., 0, 0., 335, 1336, 1671, 1609, 0.9628964691801316
, generated\gt\sample_000583.krn, generated\xml_scaled\sample_000583.xml, 0, 0., 497, 28.74493927125506, 4, 0.2313475997686524, 4, 0.2313475997686524, 0, 0., 8, 0.4626951995373048, 5, 0.2891844997108155, 0, 0., 0, 0., 1, 0.0578368999421631, 1, 0.0578368999421631, 0, 0., 0, 0., 3, 0.1735106998264893, 4, 0.2313475997686524, 2, 0.1156737998843262, 0, 0., 0, 0., 0, 0., 1, 0.0578368999421631, 0, 0., 0, 0., 6, 0.3470213996529786, 0, 0., 0, 0., 0, 0., 0, 0., 0, 0., 0, 0., 0, 0., 0, 0., 0, 0., 1188, 68.71023713128976, 0, 0., 0, 0., 0, 0., 5, 0.2891844997108155, 0, 0., 0, 0., 344, 1451, 1795, 1729, 0.9632311977715877
, generated\gt\sample_000304.krn, generated\xml_scaled\sample_000304.xml, 0, 0., 439, 21.551300932744233, 0, 0., 21, 1.0309278350515463, 0, 0., 0, 0., 0, 0., 0, 0., 0, 0., 0, 0., 0, 0., 0, 0., 0, 0., 3, 0.14727540500736377, 4, 0.19636720667648502, 0, 0., 0, 0., 0, 0., 0, 0., 1, 0.049091801669121256, 0, 0., 0, 0., 8, 0.39273441335297005, 0, 0., 0, 0., 0, 0., 0, 0., 0, 0., 0, 0., 0, 0., 0, 0., 0, 0., 1556, 76.38684339715267, 0, 0., 0, 0., 0, 0., 5, 0.24545900834560627, 0, 0., 0, 0., 297, 1817, 2114, 2037, 0.9635761589403974
, generated\gt\sample_000545.krn, generated\xml_scaled\sample_000545.xml, 0, 0., 416, 29.030006978367062, 0, 0., 8, 0.5582693649685974, 0, 0., 0, 0., 0, 0., 0, 0., 0, 0., 0, 0., 1, 0.06978367062107467, 0, 0., 0, 0., 0, 0., 2, 0.13956734124214934, 0, 0., 0, 0., 0, 0., 0, 0., 0, 0., 0, 0., 0, 0., 9, 0.6280530355896721, 0, 0., 0, 0., 0, 0., 0, 0., 0, 0., 0, 0., 0, 0., 0, 0., 0, 0., 992, 69.22540125610607, 0, 0., 0, 0., 0, 0., 5, 0.34891835310537334, 0, 0., 0, 0., 264, 1223, 1487, 1433, 0.9636852723604573
, generated\gt\sample_000130.krn, generated\xml_scaled\sample_000130.xml, 0, 0., 227, 11.487854251012147, 0, 0., 0, 0., 0, 0., 0, 0., 0, 0., 0, 0., 0, 0., 0, 0., 0, 0., 0, 0., 0, 0., 2, 0.10121457489878542, 0, 0., 0, 0., 0, 0., 0, 0., 0, 0., 0, 0., 0, 0., 0, 0., 4, 0.20242914979757085, 0, 0., 0, 0., 0, 0., 0, 0., 0, 0., 0, 0., 0, 0., 0, 0., 0, 0., 1743, 88.2085020242915, 0, 0., 0, 0., 0, 0., 0, 0., 0, 0., 0, 0., 161, 1887, 2048, 1976, 0.96484375
, generated\gt\sample_000589.krn, generated\xml_scaled\sample_000589.xml, 0, 0., 563, 27.490234375, 0, 0., 27, 1.318359375, 0, 0., 0, 0., 1, 0.048828125, 0, 0., 0, 0., 0, 0., 3, 0.146484375, 0, 0., 0, 0., 1, 0.048828125, 4, 0.1953125, 2, 0.09765625, 0, 0., 0, 0., 0, 0., 1, 0.048828125, 0, 0., 0, 0., 3, 0.146484375, 0, 0., 0, 0., 0, 0., 0, 0., 0, 0., 0, 0., 0, 0., 0, 0., 0, 0., 1438, 70.21484375, 0, 0., 0, 0., 0, 0., 5, 0.244140625, 0, 0., 0, 0., 387, 1735, 2122, 2048, 0.9651272384542884
, generated\gt\sample_000586.krn, generated\xml_scaled\sample_000586.xml, 0, 0., 543, 30.60879368658399, 6, 0.3382187147688839, 8, 0.4509582863585118, 0, 0., 16, 0.9019165727170236, 2, 0.11273957158962795, 0, 0., 0, 0., 3, 0.16910935738444194, 4, 0.2254791431792559, 0, 0., 0, 0., 0, 0., 4, 0.2254791431792559, 2, 0.11273957158962795, 0, 0., 0, 0., 0, 0., 0, 0., 0, 0., 0, 0., 9, 0.5073280721533259, 0, 0., 0, 0., 0, 0., 0, 0., 0, 0., 0, 0., 0, 0., 0, 0., 0, 0., 1172, 66.06538895152198, 0, 0., 0, 0., 0, 0., 5, 0.2818489289740699, 0, 0., 0, 0., 466, 1370, 1836, 1774, 0.9662309368191722
, generated\gt\sample_000361.krn, generated\xml_scaled\sample_000361.xml, 0, 0., 473, 15.925925925925926, 0, 0., 15, 0.5050505050505051, 0, 0., 0, 0., 0, 0., 0, 0., 0, 0., 0, 0., 2, 0.06734006734006734, 0, 0., 0, 0., 2, 0.06734006734006734, 4, 0.13468013468013468, 0, 0., 0, 0., 0, 0., 0, 0., 2, 0.06734006734006734, 0, 0., 0, 0., 9, 0.30303030303030304, 0, 0., 0, 0., 0, 0., 0, 0., 0, 0., 0, 0., 0, 0., 0, 0., 0, 0., 2458, 82.76094276094275, 0, 0., 0, 0., 0, 0., 5, 0.16835016835016836, 0, 0., 0, 0., 398, 2675, 3073, 2970, 0.9664822648877318
, generated\gt\sample_000322.krn, generated\xml_scaled\sample_000322.xml, 0, 0., 284, 17.917981072555204, 2, 0.12618296529968454, 4, 0.25236593059936907, 2, 0.12618296529968454, 0, 0., 0, 0., 0, 0., 0, 0., 1, 0.06309148264984227, 0, 0., 1, 0.06309148264984227, 0, 0., 1, 0.06309148264984227, 4, 0.25236593059936907, 0, 0., 0, 0., 0, 0., 0, 0., 4, 0.25236593059936907, 0, 0., 0, 0., 15, 0.9463722397476341, 0, 0., 0, 0., 0, 0., 0, 0., 0, 0., 0, 0., 0, 0., 0, 0., 0, 0., 1029, 64.9211356466877, 233, 14.700315457413248, 0, 0., 0, 0., 5, 0.31545741324921134, 0, 0., 0, 0., 243, 1395, 1638, 1585, 0.9676434676434676
, generated\gt\sample_000226.krn, generated\xml_scaled\sample_000226.xml, 0, 0., 346, 33.988212180746565, 0, 0., 2, 0.19646365422396855, 0, 0., 0, 0., 1, 0.09823182711198428, 0, 0., 0, 0., 0, 0., 0, 0., 0, 0., 0, 0., 2, 0.19646365422396855, 2, 0.19646365422396855, 2, 0.19646365422396855, 0, 0., 1, 0.09823182711198428, 0, 0., 0, 0., 0, 0., 0, 0., 0, 0., 0, 0., 0, 0., 0, 0., 0, 0., 0, 0., 0, 0., 0, 0., 0, 0., 0, 0., 657, 64.53831041257368, 0, 0., 0, 0., 0, 0., 5, 0.4911591355599214, 0, 0., 0, 0., 228, 824, 1052, 1018, 0.967680608365019
, generated\gt\sample_000064.krn, generated\xml_scaled\sample_000064.xml, 0, 0., 793, 31.98870512303348, 0, 0., 8, 0.3227107704719645, 0, 0., 0, 0., 0, 0., 0, 0., 0, 0., 0, 0., 1, 0.04033884630899556, 0, 0., 0, 0., 0, 0., 2, 0.08067769261799113, 0, 0., 0, 0., 0, 0., 0, 0., 5, 0.20169423154497781, 0, 0., 0, 0., 23, 0.927793465106898, 0, 0., 0, 0., 0, 0., 0, 0., 0, 0., 0, 0., 0, 0., 0, 0., 0, 0., 1642, 66.23638563937071, 0, 0., 0, 0., 0, 0., 5, 0.20169423154497781, 0, 0., 0, 0., 472, 2088, 2560, 2479, 0.968359375
, generated\gt\sample_000433.krn, generated\xml_scaled\sample_000433.xml, 0, 0., 446, 25.735718407386035, 6, 0.3462204270051933, 6, 0.3462204270051933, 0, 0., 12, 0.6924408540103866, 8, 0.4616272360069244, 0, 0., 0, 0., 0, 0., 0, 0., 0, 0., 0, 0., 0, 0., 2, 0.1154068090017311, 0, 0., 0, 0., 0, 0., 0, 0., 1, 0.05770340450086555, 0, 0., 0, 0., 2, 0.1154068090017311, 0, 0., 0, 0., 0, 0., 0, 0., 0, 0., 0, 0., 0, 0., 0, 0., 0, 0., 1245, 71.8407386035776, 0, 0., 0, 0., 0, 0., 5, 0.28851702250432776, 0, 0., 0, 0., 301, 1488, 1789, 1733, 0.9686975964225825
, generated\gt\sample_000264.krn, generated\xml_scaled\sample_000264.xml, 0, 0., 246, 41.554054054054056, 0, 0., 0, 0., 0, 0., 0, 0., 0, 0., 0, 0., 0, 0., 0, 0., 0, 0., 0, 0., 0, 0., 1, 0.16891891891891891, 1, 0.16891891891891891, 1, 0.16891891891891891, 0, 0., 1, 0.16891891891891891, 2, 0.33783783783783783, 0, 0., 0, 0., 0, 0., 5, 0.8445945945945946, 0, 0., 0, 0., 0, 0., 0, 0., 0, 0., 0, 0., 0, 0., 0, 0., 0, 0., 182, 30.743243243243242, 148, 25.0, 0, 0., 0, 0., 5, 0.8445945945945946, 0, 0., 0, 0., 237, 374, 611, 592, 0.9689034369885434
, generated\gt\sample_000656.krn, generated\xml_scaled\sample_000656.xml, 0, 0., 479, 27.309007981755986, 0, 0., 9, 0.5131128848346637, 0, 0., 0, 0., 2, 0.11402508551881414, 0, 0., 0, 0., 0, 0., 1, 0.05701254275940707, 0, 0., 0, 0., 1, 0.05701254275940707, 4, 0.22805017103762829, 12, 0.6841505131128849, 0, 0., 0, 0., 0, 0., 2, 0.11402508551881414, 0, 0., 0, 0., 3, 0.17103762827822122, 0, 0., 0, 0., 0, 0., 0, 0., 0, 0., 0, 0., 0, 0., 0, 0., 0, 0., 1236, 70.46750285062714, 0, 0., 0, 0., 0, 0., 5, 0.28506271379703535, 0, 0., 0, 0., 374, 1436, 1810, 1754, 0.969060773480663
, generated\gt\sample_000617.krn, generated\xml_scaled\sample_000617.xml, 0, 0., 371, 15.614478114478114, 10, 0.4208754208754209, 6, 0.25252525252525254, 2, 0.08417508417508418, 0, 0., 2, 0.08417508417508418, 0, 0., 0, 0., 0, 0., 2, 0.08417508417508418, 0, 0., 0, 0., 0, 0., 4, 0.16835016835016836, 1, 0.04208754208754209, 0, 0., 0, 0., 0, 0., 3, 0.12626262626262627, 0, 0., 0, 0., 8, 0.3367003367003367, 0, 0., 0, 0., 0, 0., 0, 0., 0, 0., 0, 0., 0, 0., 0, 0., 0, 0., 244, 10.26936026936027, 1710, 71.96969696969697, 0, 0., 13, 0.5471380471380471, 0, 0., 0, 0., 0, 0., 327, 2121, 2448, 2376, 0.9705882352941176
, generated\gt\sample_000100.krn, generated\xml_scaled\sample_000100.xml, 0, 0., 216, 12.321734169994295, 0, 0., 0, 0., 0, 0., 0, 0., 1, 0.05704506560182544, 0, 0., 0, 0., 0, 0., 1, 0.05704506560182544, 0, 0., 0, 0., 0, 0., 4, 0.22818026240730177, 0, 0., 0, 0., 0, 0., 5, 0.2852253280091272, 2, 0.11409013120365089, 0, 0., 0, 0., 6, 0.34227039361095263, 0, 0., 0, 0., 0, 0., 0, 0., 0, 0., 0, 0., 0, 0., 0, 0., 0, 0., 1513, 86.30918425556189, 0, 0., 0, 0., 0, 0., 5, 0.2852253280091272, 0, 0., 0, 0., 263, 1543, 1806, 1753, 0.9706533776301218
, generated\gt\sample_000618.krn, generated\xml_scaled\sample_000618.xml, 0, 0., 312, 21.181262729124235, 4, 0.27155465037338766, 5, 0.3394433129667346, 0, 0., 10, 0.6788866259334692, 2, 0.13577732518669383, 0, 0., 0, 0., 0, 0., 3, 0.20366598778004075, 0, 0., 0, 0., 2, 0.13577732518669383, 4, 0.27155465037338766, 0, 0., 0, 0., 2, 0.13577732518669383, 0, 0., 0, 0., 0, 0., 0, 0., 10, 0.6788866259334692, 0, 0., 0, 0., 0, 0., 0, 0., 0, 0., 0, 0., 0, 0., 0, 0., 0, 0., 861, 58.45213849287169, 253, 17.17583163611677, 0, 0., 0, 0., 5, 0.3394433129667346, 0, 0., 0, 0., 322, 1195, 1517, 1473, 0.970995385629532
, generated\gt\sample_000434.krn, generated\xml_scaled\sample_000434.xml, 0, 0., 398, 25.237793278376664, 2, 0.12682308180088775, 4, 0.2536461636017755, 1, 0.06341154090044387, 6, 0.3804692454026633, 1, 0.06341154090044387, 0, 0., 0, 0., 0, 0., 1, 0.06341154090044387, 1, 0.06341154090044387, 0, 0., 2, 0.12682308180088775, 2, 0.12682308180088775, 2, 0.12682308180088775, 0, 0., 0, 0., 0, 0., 1, 0.06341154090044387, 1, 0.06341154090044387, 0, 0., 9, 0.570703868103995, 0, 0., 0, 0., 0, 0., 0, 0., 0, 0., 0, 0., 0, 0., 0, 0., 0, 0., 1141, 72.35256816740647, 0, 0., 0, 0., 0, 0., 5, 0.31705770450221943, 0, 0., 0, 0., 243, 1381, 1624, 1577, 0.9710591133004927
, generated\gt\sample_000274.krn, generated\xml_scaled\sample_000274.xml, 0, 0., 437, 21.432074546346247, 0, 0., 3, 0.14713094654242276, 1, 0.04904364884747425, 0, 0., 0, 0., 0, 0., 0, 0., 0, 0., 0, 0., 0, 0., 0, 0., 4, 0.196174595389897, 4, 0.196174595389897, 2, 0.0980872976949485, 0, 0., 0, 0., 0, 0., 3, 0.14713094654242276, 0, 0., 0, 0., 8, 0.392349190779794, 0, 0., 0, 0., 0, 0., 0, 0., 0, 0., 0, 0., 0, 0., 0, 0., 0, 0., 1572, 77.09661598822953, 0, 0., 0, 0., 0, 0., 5, 0.24521824423737126, 0, 0., 0, 0., 355, 1744, 2099, 2039, 0.9714149595045259
, generated\gt\sample_000425.krn, generated\xml_scaled\sample_000425.xml, 0, 0., 493, 20.943075615972813, 2, 0.08496176720475786, 18, 0.7646559048428208, 0, 0., 0, 0., 0, 0., 0, 0., 0, 0., 0, 0., 0, 0., 0, 0., 0, 0., 0, 0., 4, 0.16992353440951571, 2, 0.08496176720475786, 0, 0., 0, 0., 0, 0., 1, 0.04248088360237893, 0, 0., 0, 0., 3, 0.1274426508071368, 0, 0., 0, 0., 0, 0., 0, 0., 0, 0., 0, 0., 0, 0., 0, 0., 0, 0., 1826, 77.57009345794393, 0, 0., 0, 0., 0, 0., 5, 0.21240441801189464, 0, 0., 0, 0., 291, 2132, 2423, 2354, 0.9715229054890632
, generated\gt\sample_000136.krn, generated\xml_scaled\sample_000136.xml, 0, 0., 188, 12.65993265993266, 0, 0., 7, 0.4713804713804714, 4, 0.26936026936026936, 0, 0., 1, 0.06734006734006734, 0, 0., 0, 0., 0, 0., 0, 0., 0, 0., 0, 0., 4, 0.26936026936026936, 4, 0.26936026936026936, 1, 0.06734006734006734, 0, 0., 0, 0., 0, 0., 0, 0., 0, 0., 0, 0., 7, 0.4713804713804714, 0, 0., 0, 0., 0, 0., 0, 0., 0, 0., 0, 0., 0, 0., 0, 0., 0, 0., 284, 19.124579124579125, 972, 65.45454545454545, 0, 0., 13, 0.8754208754208754, 0, 0., 0, 0., 0, 0., 231, 1297, 1528, 1485, 0.9718586387434555
, generated\gt\sample_000424.krn, generated\xml_scaled\sample_000424.xml, 0, 0., 502, 20.90795501874219, 0, 0., 21, 0.8746355685131195, 2, 0.08329862557267805, 0, 0., 1, 0.04164931278633902, 0, 0., 0, 0., 0, 0., 2, 0.08329862557267805, 0, 0., 0, 0., 0, 0., 4, 0.1665972511453561, 3, 0.12494793835901707, 0, 0., 0, 0., 0, 0., 1, 0.04164931278633902, 0, 0., 0, 0., 23, 0.9579341940857976, 0, 0., 0, 0., 0, 0., 0, 0., 0, 0., 0, 0., 0, 0., 0, 0., 0, 0., 1837, 76.50978758850479, 0, 0., 0, 0., 0, 0., 5, 0.20824656393169513, 0, 0., 0, 0., 396, 2074, 2470, 2401, 0.9720647773279352
, generated\gt\sample_000426.krn, generated\xml_scaled\sample_000426.xml, 0, 0., 419, 18.209474141677532, 0, 0., 17, 0.7388092133854846, 0, 0., 2, 0.0869187309865276, 0, 0., 0, 0., 0, 0., 0, 0., 0, 0., 0, 0., 0, 0., 0, 0., 4, 0.1738374619730552, 2, 0.0869187309865276, 0, 0., 0, 0., 0, 0., 1, 0.0434593654932638, 0, 0., 0, 0., 7, 0.3042155584528466, 0, 0., 0, 0., 0, 0., 0, 0., 0, 0., 0, 0., 0, 0., 0, 0., 0, 0., 1844, 80.13906996957844, 0, 0., 0, 0., 0, 0., 5, 0.21729682746631898, 0, 0., 0, 0., 302, 2065, 2367, 2301, 0.9721166032953105
, generated\gt\sample_000582.krn, generated\xml_scaled\sample_000582.xml, 0, 0., 571, 32.722063037249285, 2, 0.11461318051575932, 16, 0.9169054441260746, 0, 0., 0, 0., 0, 0., 0, 0., 0, 0., 0, 0., 2, 0.11461318051575932, 0, 0., 0, 0., 0, 0., 4, 0.22922636103151864, 2, 0.11461318051575932, 0, 0., 0, 0., 0, 0., 2, 0.11461318051575932, 0, 0., 0, 0., 1, 0.05730659025787966, 0, 0., 0, 0., 0, 0., 0, 0., 0, 0., 0, 0., 0, 0., 0, 0., 0, 0., 1140, 65.32951289398281, 0, 0., 0, 0., 0, 0., 5, 0.28653295128939826, 0, 0., 0, 0., 405, 1390, 1795, 1745, 0.9721448467966574
, generated\gt\sample_000529.krn, generated\xml_scaled\sample_000529.xml, 0, 0., 426, 27.734375, 6, 0.390625, 11, 0.7161458333333334, 0, 0., 0, 0., 0, 0., 0, 0., 0, 0., 0, 0., 3, 0.1953125, 1, 0.06510416666666667, 0, 0., 0, 0., 8, 0.5208333333333334, 4, 0.2604166666666667, 0, 0., 0, 0., 0, 0., 0, 0., 0, 0., 0, 0., 4, 0.2604166666666667, 0, 0., 0, 0., 0, 0., 0, 0., 0, 0., 0, 0., 0, 0., 0, 0., 0, 0., 1069, 69.59635416666667, 0, 0., 0, 0., 4, 0.2604166666666667, 0, 0., 0, 0., 0, 0., 332, 1248, 1580, 1536, 0.9721518987341772
, generated\gt\sample_000275.krn, generated\xml_scaled\sample_000275.xml, 0, 0., 599, 25.87473002159827, 0, 0., 13, 0.5615550755939525, 1, 0.04319654427645788, 0, 0., 1, 0.04319654427645788, 0, 0., 0, 0., 0, 0., 0, 0., 0, 0., 0, 0., 3, 0.12958963282937366, 4, 0.17278617710583152, 1, 0.04319654427645788, 0, 0., 0, 0., 0, 0., 1, 0.04319654427645788, 0, 0., 0, 0., 8, 0.34557235421166305, 0, 0., 0, 0., 0, 0., 0, 0., 0, 0., 0, 0., 0, 0., 0, 0., 0, 0., 1679, 72.52699784017278, 0, 0., 0, 0., 0, 0., 5, 0.2159827213822894, 0, 0., 0, 0., 372, 2009, 2381, 2315, 0.9722805543889123
, generated\gt\sample_000335.krn, generated\xml_scaled\sample_000335.xml, 0, 0., 537, 23.086844368013757, 0, 0., 13, 0.5588993981083406, 0, 0., 0, 0., 0, 0., 0, 0., 0, 0., 0, 0., 1, 0.04299226139294927, 1, 0.04299226139294927, 0, 0., 3, 0.1289767841788478, 4, 0.17196904557179707, 0, 0., 0, 0., 0, 0., 0, 0., 1, 0.04299226139294927, 0, 0., 0, 0., 8, 0.34393809114359414, 0, 0., 0, 0., 0, 0., 0, 0., 0, 0., 0, 0., 0, 0., 0, 0., 0, 0., 1753, 75.36543422184008, 0, 0., 0, 0., 0, 0., 5, 0.21496130696474636, 0, 0., 0, 0., 330, 2062, 2392, 2326, 0.9724080267558528
, generated\gt\sample_000341.krn, generated\xml_scaled\sample_000341.xml, 0, 0., 240, 12.295081967213115, 0, 0., 5, 0.25614754098360654, 0, 0., 0, 0., 1, 0.05122950819672131, 0, 0., 0, 0., 0, 0., 0, 0., 0, 0., 0, 0., 5, 0.25614754098360654, 4, 0.20491803278688525, 1, 0.05122950819672131, 0, 0., 0, 0., 0, 0., 1, 0.05122950819672131, 0, 0., 0, 0., 9, 0.4610655737704918, 0, 0., 0, 0., 0, 0., 0, 0., 0, 0., 0, 0., 0, 0., 0, 0., 0, 0., 160, 8.19672131147541, 1513, 77.51024590163935, 0, 0., 13, 0.6659836065573771, 0, 0., 0, 0., 0, 0., 245, 1762, 2007, 1952, 0.9725959142999502
, generated\gt\sample_000533.krn, generated\xml_scaled\sample_000533.xml, 0, 0., 600, 36.474164133738604, 2, 0.12158054711246201, 21, 1.2765957446808511, 0, 0., 0, 0., 0, 0., 0, 0., 0, 0., 0, 0., 0, 0., 0, 0., 0, 0., 1, 0.060790273556231005, 8, 0.48632218844984804, 4, 0.24316109422492402, 0, 0., 1, 0.060790273556231005, 0, 0., 0, 0., 0, 0., 0, 0., 1, 0.060790273556231005, 0, 0., 0, 0., 0, 0., 0, 0., 0, 0., 0, 0., 0, 0., 0, 0., 0, 0., 1003, 60.972644376899694, 0, 0., 0, 0., 4, 0.24316109422492402, 0, 0., 0, 0., 0, 0., 363, 1328, 1691, 1645, 0.9727971614429332
, generated\gt\sample_000336.krn, generated\xml_scaled\sample_000336.xml, 0, 0., 451, 18.513957307060757, 0, 0., 5, 0.20525451559934318, 0, 0., 4, 0.16420361247947454, 0, 0., 0, 0., 0, 0., 0, 0., 1, 0.041050903119868636, 0, 0., 0, 0., 0, 0., 4, 0.16420361247947454, 0, 0., 0, 0., 0, 0., 0, 0., 4, 0.16420361247947454, 0, 0., 0, 0., 16, 0.6568144499178982, 0, 0., 0, 0., 0, 0., 0, 0., 0, 0., 0, 0., 0, 0., 0, 0., 0, 0., 1946, 79.88505747126437, 0, 0., 0, 0., 0, 0., 5, 0.20525451559934318, 0, 0., 0, 0., 393, 2111, 2504, 2436, 0.9728434504792333
, generated\gt\sample_000528.krn, generated\xml_scaled\sample_000528.xml, 0, 0., 699, 38.72576177285318, 2, 0.11080332409972299, 24, 1.3296398891966759, 0, 0., 0, 0., 0, 0., 0, 0., 0, 0., 0, 0., 1, 0.055401662049861494, 0, 0., 0, 0., 1, 0.055401662049861494, 8, 0.44321329639889195, 4, 0.22160664819944598, 0, 0., 0, 0., 0, 0., 0, 0., 0, 0., 0, 0., 0, 0., 0, 0., 0, 0., 0, 0., 0, 0., 0, 0., 0, 0., 0, 0., 0, 0., 0, 0., 1062, 58.83656509695291, 0, 0., 0, 0., 4, 0.22160664819944598, 0, 0., 0, 0., 0, 0., 377, 1478, 1855, 1805, 0.9730458221024259
, generated\gt\sample_000065.krn, generated\xml_scaled\sample_000065.xml, 0, 0., 878, 30.970017636684304, 0, 0., 14, 0.49382716049382713, 0, 0., 0, 0., 2, 0.07054673721340388, 0, 0., 0, 0., 0, 0., 0, 0., 1, 0.03527336860670194, 0, 0., 0, 0., 2, 0.07054673721340388, 0, 0., 0, 0., 0, 0., 0, 0., 6, 0.21164021164021163, 0, 0., 0, 0., 16, 0.564373897707231, 0, 0., 0, 0., 0, 0., 0, 0., 0, 0., 0, 0., 0, 0., 0, 0., 0, 0., 1911, 67.4074074074074, 0, 0., 0, 0., 0, 0., 5, 0.1763668430335097, 0, 0., 0, 0., 449, 2463, 2912, 2835, 0.9735576923076923
, generated\gt\sample_000658.krn, generated\xml_scaled\sample_000658.xml, 0, 0., 443, 30.115567641060505, 2, 0.13596193065941536, 10, 0.6798096532970768, 3, 0.20394289598912305, 0, 0., 6, 0.4078857919782461, 0, 0., 0, 0., 0, 0., 0, 0., 1, 0.06798096532970768, 0, 0., 0, 0., 4, 0.27192386131883073, 8, 0.5438477226376615, 0, 0., 0, 0., 0, 0., 2, 0.13596193065941536, 0, 0., 1, 0.06798096532970768, 4, 0.27192386131883073, 0, 0., 0, 0., 0, 0., 0, 0., 0, 0., 0, 0., 0, 0., 0, 0., 0, 0., 982, 66.75730795377294, 0, 0., 0, 0., 0, 0., 5, 0.3399048266485384, 0, 0., 0, 0., 314, 1196, 1510, 1471, 0.9741721854304636
, generated\gt\sample_000427.krn, generated\xml_scaled\sample_000427.xml, 0, 0., 563, 25.649202733485193, 2, 0.09111617312072894, 14, 0.6378132118451025, 0, 0., 0, 0., 0, 0., 0, 0., 0, 0., 0, 0., 0, 0., 0, 0., 0, 0., 0, 0., 4, 0.18223234624145787, 2, 0.09111617312072894, 0, 0., 0, 0., 0, 0., 3, 0.1366742596810934, 0, 0., 0, 0., 3, 0.1366742596810934, 0, 0., 0, 0., 0, 0., 0, 0., 0, 0., 0, 0., 0, 0., 0, 0., 0, 0., 1599, 72.84738041002278, 0, 0., 0, 0., 0, 0., 5, 0.22779043280182232, 0, 0., 0, 0., 360, 1893, 2253, 2195, 0.9742565468264536
, generated\gt\sample_000588.krn, generated\xml_scaled\sample_000588.xml, 0, 0., 534, 29.34065934065934, 2, 0.10989010989010989, 10, 0.5494505494505495, 0, 0., 0, 0., 0, 0., 0, 0., 0, 0., 1, 0.054945054945054944, 3, 0.16483516483516483, 0, 0., 0, 0., 2, 0.10989010989010989, 4, 0.21978021978021978, 3, 0.16483516483516483, 0, 0., 0, 0., 0, 0., 4, 0.21978021978021978, 0, 0., 0, 0., 2, 0.10989010989010989, 0, 0., 0, 0., 0, 0., 0, 0., 0, 0., 0, 0., 0, 0., 0, 0., 0, 0., 1250, 68.68131868131869, 0, 0., 0, 0., 0, 0., 5, 0.27472527472527475, 0, 0., 0, 0., 391, 1475, 1866, 1820, 0.9753483386923901
, generated\gt\sample_000306.krn, generated\xml_scaled\sample_000306.xml, 0, 0., 455, 19.214527027027028, 0, 0., 13, 0.5489864864864865, 1, 0.04222972972972973, 2, 0.08445945945945946, 0, 0., 0, 0., 0, 0., 0, 0., 0, 0., 0, 0., 0, 0., 1, 0.04222972972972973, 4, 0.16891891891891891, 0, 0., 0, 0., 0, 0., 0, 0., 0, 0., 0, 0., 0, 0., 2, 0.08445945945945946, 0, 0., 0, 0., 0, 0., 0, 0., 0, 0., 0, 0., 0, 0., 0, 0., 0, 0., 1885, 79.60304054054055, 0, 0., 0, 0., 0, 0., 5, 0.21114864864864866, 0, 0., 0, 0., 284, 2143, 2427, 2368, 0.9756901524515863
, generated\gt\sample_000282.krn, generated\xml_scaled\sample_000282.xml, 0, 0., 142, 8.808933002481389, 2, 0.12406947890818859, 2, 0.12406947890818859, 0, 0., 0, 0., 3, 0.18610421836228289, 0, 0., 0, 0., 1, 0.062034739454094295, 3, 0.18610421836228289, 0, 0., 0, 0., 0, 0., 2, 0.12406947890818859, 0, 0., 0, 0., 0, 0., 0, 0., 1, 0.062034739454094295, 0, 0., 0, 0., 9, 0.5583126550868487, 0, 0., 0, 0., 0, 0., 0, 0., 0, 0., 0, 0., 0, 0., 0, 0., 0, 0., 311, 19.292803970223325, 1123, 69.6650124069479, 0, 0., 13, 0.8064516129032258, 0, 0., 0, 0., 0, 0., 228, 1423, 1651, 1612, 0.9763779527559056
, generated\gt\sample_000593.krn, generated\xml_scaled\sample_000593.xml, 0, 0., 354, 19.820828667413213, 4, 0.22396416573348266, 10, 0.5599104143337066, 0, 0., 0, 0., 1, 0.055991041433370664, 0, 0., 0, 0., 0, 0., 4, 0.22396416573348266, 0, 0., 0, 0., 1, 0.055991041433370664, 4, 0.22396416573348266, 2, 0.11198208286674133, 0, 0., 0, 0., 0, 0., 2, 0.11198208286674133, 0, 0., 0, 0., 7, 0.3919372900335946, 0, 0., 0, 0., 0, 0., 0, 0., 0, 0., 0, 0., 0, 0., 0, 0., 0, 0., 1392, 77.93952967525196, 0, 0., 0, 0., 0, 0., 5, 0.2799552071668533, 0, 0., 0, 0., 354, 1474, 1828, 1786, 0.9770240700218819
, generated\gt\sample_000367.krn, generated\xml_scaled\sample_000367.xml, 0, 0., 238, 10.7838695061169, 4, 0.18124150430448574, 6, 0.27186225645672857, 1, 0.045310376076121435, 2, 0.09062075215224287, 0, 0., 0, 0., 0, 0., 0, 0., 0, 0., 0, 0., 0, 0., 5, 0.22655188038060717, 4, 0.18124150430448574, 0, 0., 0, 0., 0, 0., 0, 0., 0, 0., 0, 0., 0, 0., 1, 0.045310376076121435, 0, 0., 0, 0., 0, 0., 0, 0., 0, 0., 0, 0., 0, 0., 0, 0., 0, 0., 557, 25.237879474399637, 1376, 62.34707748074309, 0, 0., 13, 0.5890348889895786, 0, 0., 0, 0., 0, 0., 313, 1944, 2257, 2207, 0.9778466991581746
, generated\gt\sample_000508.krn, generated\xml_scaled\sample_000508.xml, 0, 0., 25, 2.8312570781426953, 0, 0., 0, 0., 0, 0., 0, 0., 0, 0., 0, 0., 0, 0., 0, 0., 2, 0.22650056625141562, 0, 0., 0, 0., 3, 0.33975084937712347, 10, 1.1325028312570782, 3, 0.33975084937712347, 0, 0., 6, 0.6795016987542469, 0, 0., 2, 0.22650056625141562, 0, 0., 0, 0., 0, 0., 0, 0., 0, 0., 0, 0., 0, 0., 0, 0., 0, 0., 0, 0., 0, 0., 0, 0., 828, 93.77123442808607, 0, 0., 0, 0., 4, 0.45300113250283125, 0, 0., 0, 0., 0, 0., 365, 538, 903, 883, 0.9778516057585825
, generated\gt\sample_000531.krn, generated\xml_scaled\sample_000531.xml, 0, 0., 375, 20.695364238410598, 0, 0., 19, 1.0485651214128036, 0, 0., 0, 0., 0, 0., 0, 0., 0, 0., 0, 0., 2, 0.11037527593818984, 0, 0., 0, 0., 1, 0.05518763796909492, 8, 0.44150110375275936, 4, 0.22075055187637968, 0, 0., 0, 0., 0, 0., 1, 0.05518763796909492, 0, 0., 0, 0., 0, 0., 0, 0., 0, 0., 0, 0., 0, 0., 0, 0., 0, 0., 0, 0., 0, 0., 0, 0., 1398, 77.1523178807947, 0, 0., 0, 0., 4, 0.22075055187637968, 0, 0., 0, 0., 0, 0., 372, 1478, 1850, 1812, 0.9794594594594594
, generated\gt\sample_000360.krn, generated\xml_scaled\sample_000360.xml, 0, 0., 489, 17.14586255259467, 0, 0., 14, 0.4908835904628331, 0, 0., 0, 0., 0, 0., 0, 0., 0, 0., 0, 0., 0, 0., 0, 0., 0, 0., 2, 0.07012622720897616, 4, 0.1402524544179523, 0, 0., 0, 0., 0, 0., 0, 0., 1, 0.03506311360448808, 0, 0., 0, 0., 4, 0.1402524544179523, 0, 0., 0, 0., 0, 0., 0, 0., 0, 0., 0, 0., 0, 0., 0, 0., 0, 0., 2333, 81.80224403927069, 0, 0., 0, 0., 0, 0., 5, 0.1753155680224404, 0, 0., 0, 0., 316, 2592, 2908, 2852, 0.9807427785419532
, generated\gt\sample_000530.krn, generated\xml_scaled\sample_000530.xml, 0, 0., 591, 35.30465949820788, 0, 0., 11, 0.6571087216248507, 0, 0., 2, 0.11947431302270012, 0, 0., 0, 0., 0, 0., 2, 0.11947431302270012, 0, 0., 0, 0., 0, 0., 0, 0., 8, 0.4778972520908005, 4, 0.23894862604540024, 0, 0., 0, 0., 0, 0., 1, 0.05973715651135006, 0, 0., 0, 0., 3, 0.17921146953405018, 0, 0., 0, 0., 0, 0., 0, 0., 0, 0., 0, 0., 0, 0., 0, 0., 0, 0., 1048, 62.60454002389486, 0, 0., 0, 0., 4, 0.23894862604540024, 0, 0., 0, 0., 0, 0., 400, 1306, 1706, 1674, 0.981242672919109
, generated\gt\sample_000681.krn, generated\xml_scaled\sample_000681.xml, 0, 0., 280, 19.662921348314608, 0, 0., 0, 0., 0, 0., 0, 0., 1, 0.0702247191011236, 0, 0., 0, 0., 0, 0., 0, 0., 0, 0., 0, 0., 2, 0.1404494382022472, 4, 0.2808988764044944, 0, 0., 0, 0., 0, 0., 0, 0., 0, 0., 0, 0., 0, 0., 8, 0.5617977528089888, 0, 0., 0, 0., 0, 0., 0, 0., 3, 0.21067415730337077, 0, 0., 0, 0., 0, 0., 0, 0., 477, 33.497191011235955, 636, 44.662921348314605, 0, 0., 13, 0.9129213483146067, 0, 0., 0, 0., 0, 0., 256, 1194, 1450, 1424, 0.9820689655172414
, generated\gt\sample_000253.krn, generated\xml_scaled\sample_000253.xml, 0, 0., 291, 12.377711612079967, 2, 0.08507018290089324, 9, 0.38281582305401957, 0, 0., 0, 0., 0, 0., 0, 0., 0, 0., 0, 0., 2, 0.08507018290089324, 0, 0., 0, 0., 0, 0., 4, 0.1701403658017865, 0, 0., 0, 0., 4, 0.1701403658017865, 0, 0., 0, 0., 0, 0., 0, 0., 7, 0.2977456401531263, 0, 0., 0, 0., 0, 0., 0, 0., 0, 0., 0, 0., 0, 0., 0, 0., 0, 0., 300, 12.760527435133985, 1719, 73.11782220331774, 0, 0., 13, 0.552956188855806, 0, 0., 0, 0., 0, 0., 267, 2122, 2389, 2351, 0.9840937630807869
, generated\gt\sample_000406.krn, generated\xml_scaled\sample_000406.xml, 0, 0., 179, 15.391229578675839, 0, 0., 1, 0.08598452278589853, 0, 0., 0, 0., 2, 0.17196904557179707, 0, 0., 0, 0., 0, 0., 1, 0.08598452278589853, 0, 0., 0, 0., 0, 0., 4, 0.34393809114359414, 2, 0.17196904557179707, 0, 0., 0, 0., 0, 0., 3, 0.2579535683576956, 1, 0.08598452278589853, 0, 0., 6, 0.5159071367153912, 0, 0., 0, 0., 0, 0., 0, 0., 0, 0., 0, 0., 0, 0., 0, 0., 0, 0., 527, 45.31384350816853, 424, 36.45743766122098, 0, 0., 13, 1.117798796216681, 0, 0., 0, 0., 0, 0., 154, 1025, 1179, 1163, 0.9864291772688719
, generated\gt\sample_000305.krn, generated\xml_scaled\sample_000305.xml, 0, 0., 263, 13.98936170212766, 6, 0.3191489361702128, 0, 0., 0, 0., 0, 0., 0, 0., 0, 0., 0, 0., 0, 0., 0, 0., 0, 0., 0, 0., 2, 0.10638297872340426, 4, 0.2127659574468085, 0, 0., 0, 0., 0, 0., 0, 0., 2, 0.10638297872340426, 0, 0., 0, 0., 5, 0.26595744680851063, 0, 0., 0, 0., 0, 0., 0, 0., 0, 0., 0, 0., 0, 0., 0, 0., 0, 0., 305, 16.22340425531915, 1280, 68.08510638297872, 0, 0., 13, 0.6914893617021277, 0, 0., 0, 0., 0, 0., 301, 1596, 1897, 1880, 0.9910384818133896
, generated\gt\sample_000675.krn, generated\xml_scaled\sample_000675.xml, 0, 0., 203, 8.753773178094006, 2, 0.086244070720138, 1, 0.043122035360069, 0, 0., 0, 0., 0, 0., 0, 0., 0, 0., 0, 0., 0, 0., 0, 0., 0, 0., 2, 0.086244070720138, 4, 0.172488141440276, 1, 0.043122035360069, 0, 0., 0, 0., 0, 0., 0, 0., 0, 0., 0, 0., 13, 0.5605864596808969, 0, 0., 0, 0., 0, 0., 0, 0., 0, 0., 0, 0., 0, 0., 0, 0., 0, 0., 663, 28.589909443725745, 1417, 61.103924105217764, 0, 0., 13, 0.5605864596808969, 0, 0., 0, 0., 0, 0., 557, 1772, 2329, 2319, 0.995706311721769
, generated\gt\sample_000657.krn, generated\xml_scaled\sample_000657.xml, 0, 0., 42, 2.1649484536082473, 0, 0., 0, 0., 0, 0., 0, 0., 1, 0.05154639175257732, 0, 0., 0, 0., 0, 0., 0, 0., 0, 0., 0, 0., 1, 0.05154639175257732, 2, 0.10309278350515463, 0, 0., 0, 0., 0, 0., 0, 0., 1, 0.05154639175257732, 0, 0., 0, 0., 1, 0.05154639175257732, 0, 0., 0, 0., 0, 0., 0, 0., 0, 0., 0, 0., 0, 0., 0, 0., 0, 0., 993, 51.18556701030928, 886, 45.670103092783506, 0, 0., 13, 0.6701030927835051, 0, 0., 0, 0., 0, 0., 381, 1563, 1944, 1940, 0.9979423868312757
, generated\gt\sample_000013.krn, generated\xml_scaled\sample_000013.xml, 0, 0., 0, 0., 0, 0., 0, 0., 0, 0., 0, 0., 0, 0., 0, 0., 0, 0., 0, 0., 0, 0., 0, 0., 0, 0., 0, 0., 0, 0., 0, 0., 0, 0., 0, 0., 0, 0., 0, 0., 0, 0., 0, 0., 0, 0., 0, 0., 0, 0., 0, 0., 0, 0., 0, 0., 0, 0., 0, 0., 0, 0., 0, 0., 0, 0., 267, 98.5239852398524, 0, 0., 4, 1.4760147601476015, 0, 0., 0, 0., 0, 0., 271, 0, 271, 271, 1.0
Total:, , , 0, 0., 124660, 18.35372963804902, 698, 0.10276675186393565, 4975, 0.732470760061719, 819, 0.12058161859106489, 548, 0.08068220633443658, 626, 0.09216617000977609, 0, 0., 0, 0., 261, 0.03842710922132837, 1382, 0.20347227947845137, 132, 0.019434400065959177, 0, 0., 525, 0.07729590935324672, 1660, 0.24440230385978964, 621, 0.09143001849212612, 0, 0., 226, 0.03327404859777859, 400, 0.058892121411997504, 803, 0.11822593373458498, 31, 0.004564139409429806, 23, 0.0033862969811898564, 3934, 0.5792040140869954, 0, 0., 8, 0.0011778424282399501, 4, 0.0005889212141199751, 0, 0., 51, 0.007508745480029682, 0, 0., 0, 0., 0, 0., 0, 0., 517924, 76.25410772546849, 16497, 2.4288583173343072, 0, 0., 530, 0.07803206087089669, 1870, 0.2753206676010883, 0, 0., 0, 0., 137361, 639215, 776576, 679208, 0.8746188396241965
, gtpath, predpath, bad kern syntax OMR-ED, bad kern syntax % contribution to OMR-NED, wrong note OMR-ED, wrong note % contribution to OMR-NED, wrong note head OMR-ED, wrong note head % contribution to OMR-NED, wrong flag/beam OMR-ED, wrong flag/beam % contribution to OMR-NED, wrong dot OMR-ED, wrong dot % contribution to OMR-NED, wrong tuplet OMR-ED, wrong tuplet % contribution to OMR-NED, wrong accidental OMR-ED, wrong accidental % contribution to OMR-NED, wrong note stem OMR-ED, wrong note stem % contribution to OMR-NED, wrong graceness OMR-ED, wrong graceness % contribution to OMR-NED, wrong tie OMR-ED, wrong tie % contribution to OMR-NED, wrong articulation OMR-ED, wrong articulation % contribution to OMR-NED, wrong ornament OMR-ED, wrong ornament % contribution to OMR-NED, wrong lyric OMR-ED, wrong lyric % contribution to OMR-NED, wrong clef OMR-ED, wrong clef % contribution to OMR-NED, wrong timesig OMR-ED, wrong timesig % contribution to OMR-NED, wrong keysig OMR-ED, wrong keysig % contribution to OMR-NED, wrong tempo OMR-ED, wrong tempo % contribution to OMR-NED, wrong barline OMR-ED, wrong barline % contribution to OMR-NED, wrong direction OMR-ED, wrong direction % contribution to OMR-NED, wrong dynamic OMR-ED, wrong dynamic % contribution to OMR-NED, wrong crescendo OMR-ED, wrong crescendo % contribution to OMR-NED, wrong diminuendo OMR-ED, wrong diminuendo % contribution to OMR-NED, wrong slur OMR-ED, wrong slur % contribution to OMR-NED, wrong ottava OMR-ED, wrong ottava % contribution to OMR-NED, wrong multi-staff arpeggio OMR-ED, wrong multi-staff arpeggio % contribution to OMR-NED, wrong fingered tremolo OMR-ED, wrong fingered tremolo % contribution to OMR-NED, wrong chord symbol OMR-ED, wrong chord symbol % contribution to OMR-NED, wrong ending OMR-ED, wrong ending % contribution to OMR-NED, wrong staff info OMR-ED, wrong staff info % contribution to OMR-NED, wrong system break OMR-ED, wrong system break % contribution to OMR-NED, wrong page break OMR-ED, wrong page break % contribution to OMR-NED, wrong other object OMR-ED, wrong other object % contribution to OMR-NED, entire measure insert/delete OMR-ED, entire measure insert/delete % contribution to OMR-NED, entire staff insert/delete OMR-ED, entire staff insert/delete % contribution to OMR-NED, wrong metadata OMR-ED, wrong metadata % contribution to OMR-NED, wrong staff group OMR-ED, wrong staff group % contribution to OMR-NED, wrong staff group name/abbrev OMR-ED, wrong staff group name/abbrev % contribution to OMR-NED, wrong staff group brace OMR-ED, wrong staff group brace % contribution to OMR-NED, wrong staff group barline OMR-ED, wrong staff group barline % contribution to OMR-NED, gt numsyms, pred numsyms, total numsyms (in both scores), OMR-ED (OMR Edit Distance), OMR-NED (OMR-ED / total numsyms)
