, gtpath, predpath, bad kern syntax OMR-ED, bad kern syntax % contribution to OMR-NED, wrong note OMR-ED, wrong note % contribution to OMR-NED, wrong note head OMR-ED, wrong note head % contribution to OMR-NED, wrong flag/beam OMR-ED, wrong flag/beam % contribution to OMR-NED, wrong dot OMR-ED, wrong dot % contribution to OMR-NED, wrong tuplet OMR-ED, wrong tuplet % contribution to OMR-NED, wrong accidental OMR-ED, wrong accidental % contribution to OMR-NED, wrong note stem OMR-ED, wrong note stem % contribution to OMR-NED, wrong graceness OMR-ED, wrong graceness % contribution to OMR-NED, wrong tie OMR-ED, wrong tie % contribution to OMR-NED, wrong articulation OMR-ED, wrong articulation % contribution to OMR-NED, wrong ornament OMR-ED, wrong ornament % contribution to OMR-NED, wrong lyric OMR-ED, wrong lyric % contribution to OMR-NED, wrong clef OMR-ED, wrong clef % contribution to OMR-NED, wrong timesig OMR-ED, wrong timesig % contribution to OMR-NED, wrong keysig OMR-ED, wrong keysig % contribution to OMR-NED, wrong tempo OMR-ED, wrong tempo % contribution to OMR-NED, wrong barline OMR-ED, wrong barline % contribution to OMR-NED, wrong direction OMR-ED, wrong direction % contribution to OMR-NED, wrong dynamic OMR-ED, wrong dynamic % contribution to OMR-NED, wrong crescendo OMR-ED, wrong crescendo % contribution to OMR-NED, wrong diminuendo OMR-ED, wrong diminuendo % contribution to OMR-NED, wrong slur OMR-ED, wrong slur % contribution to OMR-NED, wrong ottava OMR-ED, wrong ottava % contribution to OMR-NED, wrong multi-staff arpeggio OMR-ED, wrong multi-staff arpeggio % contribution to OMR-NED, wrong fingered tremolo OMR-ED, wrong fingered tremolo % contribution to OMR-NED, wrong chord symbol OMR-ED, wrong chord symbol % contribution to OMR-NED, wrong ending OMR-ED, wrong ending % contribution to OMR-NED, wrong staff info OMR-ED, wrong staff info % contribution to OMR-NED, wrong system break OMR-ED, wrong system break % contribution to OMR-NED, wrong page break OMR-ED, wrong page break % contribution to OMR-NED, wrong other object OMR-ED, wrong other object % contribution to OMR-NED, entire measure insert/delete OMR-ED, entire measure insert/delete % contribution to OMR-NED, entire staff insert/delete OMR-ED, entire staff insert/delete % contribution to OMR-NED, wrong metadata OMR-ED, wrong metadata % contribution to OMR-NED, wrong staff group OMR-ED, wrong staff group % contribution to OMR-NED, wrong staff group name/abbrev OMR-ED, wrong staff group name/abbrev % contribution to OMR-NED, wrong staff group brace OMR-ED, wrong staff group brace % contribution to OMR-NED, wrong staff group barline OMR-ED, wrong staff group barline % contribution to OMR-NED, gt numsyms, pred numsyms, total numsyms (in both scores), OMR-ED (OMR Edit Distance), OMR-NED (OMR-ED / total numsyms)
, c:\Users\Me\CodeProjects\notes2tone\generated\gt\sample_000316.krn, c:\Users\Me\CodeProjects\notes2tone\generated\xml\sample_000316.xml, 0, 0., 41, 40.19607843137255, 0, 0., 4, 3.9215686274509802, 0, 0., 0, 0., 0, 0., 0, 0., 0, 0., 0, 0., 5, 4.901960784313726, 1, 0.9803921568627451, 0, 0., 0, 0., 9, 8.823529411764707, 0, 0., 0, 0., 0, 0., 0, 0., 11, 10.784313725490197, 0, 0., 0, 0., 3, 2.9411764705882355, 0, 0., 0, 0., 0, 0., 0, 0., 0, 0., 0, 0., 0, 0., 0, 0., 0, 0., 15, 14.705882352941176, 0, 0., 0, 0., 13, 12.745098039215685, 0, 0., 0, 0., 0, 0., 211, 193, 404, 102, 0.2524752475247525
, c:\Users\Me\CodeProjects\notes2tone\generated\gt\sample_000455.krn, c:\Users\Me\CodeProjects\notes2tone\generated\xml\sample_000455.xml, 0, 0., 61, 27.232142857142858, 0, 0., 2, 0.8928571428571429, 1, 0.44642857142857145, 0, 0., 1, 0.44642857142857145, 0, 0., 0, 0., 0, 0., 1, 0.44642857142857145, 0, 0., 0, 0., 0, 0., 2, 0.8928571428571429, 1, 0.44642857142857145, 0, 0., 6, 2.6785714285714284, 0, 0., 0, 0., 0, 0., 0, 0., 9, 4.017857142857143, 0, 0., 0, 0., 0, 0., 0, 0., 0, 0., 0, 0., 0, 0., 0, 0., 0, 0., 140, 62.5, 0, 0., 0, 0., 0, 0., 0, 0., 0, 0., 0, 0., 217, 350, 567, 224, 0.3950617283950617
, c:\Users\Me\CodeProjects\notes2tone\generated\gt\sample_000213.krn, c:\Users\Me\CodeProjects\notes2tone\generated\xml\sample_000213.xml, 0, 0., 26, 13.0, 0, 0., 2, 1.0, 0, 0., 0, 0., 0, 0., 0, 0., 0, 0., 0, 0., 0, 0., 0, 0., 0, 0., 0, 0., 0, 0., 0, 0., 0, 0., 0, 0., 0, 0., 0, 0., 0, 0., 0, 0., 2, 1.0, 0, 0., 0, 0., 0, 0., 0, 0., 0, 0., 0, 0., 0, 0., 0, 0., 0, 0., 170, 85.0, 0, 0., 0, 0., 0, 0., 0, 0., 0, 0., 0, 0., 139, 307, 446, 200, 0.4484304932735426
, c:\Users\Me\CodeProjects\notes2tone\generated\gt\sample_000311.krn, c:\Users\Me\CodeProjects\notes2tone\generated\xml\sample_000311.xml, 0, 0., 46, 16.370106761565836, 0, 0., 0, 0., 0, 0., 4, 1.4234875444839858, 0, 0., 0, 0., 0, 0., 2, 0.7117437722419929, 0, 0., 0, 0., 0, 0., 0, 0., 0, 0., 1, 0.35587188612099646, 0, 0., 0, 0., 0, 0., 0, 0., 0, 0., 0, 0., 9, 3.202846975088968, 0, 0., 0, 0., 0, 0., 0, 0., 0, 0., 0, 0., 0, 0., 0, 0., 0, 0., 219, 77.93594306049822, 0, 0., 0, 0., 0, 0., 0, 0., 0, 0., 0, 0., 163, 401, 564, 281, 0.49822695035460995
, c:\Users\Me\CodeProjects\notes2tone\generated\gt\sample_000261.krn, c:\Users\Me\CodeProjects\notes2tone\generated\xml\sample_000261.xml, 0, 0., 5, 1.5723270440251573, 0, 0., 0, 0., 0, 0., 0, 0., 0, 0., 0, 0., 0, 0., 0, 0., 1, 0.31446540880503143, 0, 0., 0, 0., 0, 0., 0, 0., 0, 0., 0, 0., 0, 0., 0, 0., 0, 0., 0, 0., 0, 0., 6, 1.8867924528301887, 0, 0., 0, 0., 0, 0., 0, 0., 0, 0., 0, 0., 0, 0., 0, 0., 0, 0., 306, 96.22641509433963, 0, 0., 0, 0., 0, 0., 0, 0., 0, 0., 0, 0., 146, 458, 604, 318, 0.5264900662251656
, c:\Users\Me\CodeProjects\notes2tone\generated\gt\sample_000120.krn, c:\Users\Me\CodeProjects\notes2tone\generated\xml\sample_000120.xml, 0, 0., 14, 2.536231884057971, 0, 0., 0, 0., 1, 0.18115942028985507, 0, 0., 0, 0., 0, 0., 0, 0., 0, 0., 5, 0.9057971014492754, 0, 0., 0, 0., 0, 0., 0, 0., 3, 0.5434782608695652, 0, 0., 0, 0., 0, 0., 7, 1.2681159420289856, 0, 0., 0, 0., 0, 0., 0, 0., 0, 0., 0, 0., 0, 0., 0, 0., 0, 0., 0, 0., 0, 0., 0, 0., 509, 92.21014492753623, 0, 0., 0, 0., 13, 2.3550724637681157, 0, 0., 0, 0., 0, 0., 243, 765, 1008, 552, 0.5476190476190477
, c:\Users\Me\CodeProjects\notes2tone\generated\gt\sample_000475.krn, c:\Users\Me\CodeProjects\notes2tone\generated\xml\sample_000475.xml, 0, 0., 29, 7.0559610705596105, 0, 0., 2, 0.48661800486618007, 0, 0., 0, 0., 3, 0.7299270072992701, 0, 0., 0, 0., 0, 0., 3, 0.7299270072992701, 0, 0., 0, 0., 0, 0., 0, 0., 0, 0., 0, 0., 0, 0., 0, 0., 0, 0., 0, 0., 0, 0., 11, 2.67639902676399, 0, 0., 0, 0., 0, 0., 0, 0., 0, 0., 0, 0., 0, 0., 0, 0., 0, 0., 363, 88.32116788321167, 0, 0., 0, 0., 0, 0., 0, 0., 0, 0., 0, 0., 223, 527, 750, 411, 0.548
, c:\Users\Me\CodeProjects\notes2tone\generated\gt\sample_000415.krn, c:\Users\Me\CodeProjects\notes2tone\generated\xml\sample_000415.xml, 0, 0., 0, 0., 0, 0., 0, 0., 0, 0., 0, 0., 0, 0., 0, 0., 0, 0., 0, 0., 3, 0.4032258064516129, 0, 0., 0, 0., 0, 0., 0, 0., 0, 0., 0, 0., 0, 0., 0, 0., 3, 0.4032258064516129, 0, 0., 0, 0., 1, 0.13440860215053763, 0, 0., 0, 0., 0, 0., 0, 0., 0, 0., 0, 0., 0, 0., 0, 0., 0, 0., 724, 97.31182795698925, 0, 0., 0, 0., 13, 1.7473118279569892, 0, 0., 0, 0., 0, 0., 272, 1008, 1280, 744, 0.58125
, c:\Users\Me\CodeProjects\notes2tone\generated\gt\sample_000179.krn, c:\Users\Me\CodeProjects\notes2tone\generated\xml\sample_000179.xml, 0, 0., 37, 7.613168724279835, 0, 0., 2, 0.411522633744856, 0, 0., 0, 0., 0, 0., 0, 0., 0, 0., 0, 0., 7, 1.440329218106996, 0, 0., 0, 0., 0, 0., 9, 1.8518518518518519, 0, 0., 0, 0., 0, 0., 0, 0., 16, 3.292181069958848, 0, 0., 0, 0., 2, 0.411522633744856, 0, 0., 0, 0., 0, 0., 0, 0., 0, 0., 0, 0., 0, 0., 0, 0., 0, 0., 400, 82.3045267489712, 0, 0., 0, 0., 13, 2.674897119341564, 0, 0., 0, 0., 0, 0., 196, 629, 825, 486, 0.5890909090909091
, c:\Users\Me\CodeProjects\notes2tone\generated\gt\sample_000194.krn, c:\Users\Me\CodeProjects\notes2tone\generated\xml\sample_000194.xml, 0, 0., 0, 0., 0, 0., 0, 0., 0, 0., 0, 0., 0, 0., 0, 0., 0, 0., 0, 0., 1, 0.4065040650406504, 0, 0., 0, 0., 0, 0., 0, 0., 1, 0.4065040650406504, 0, 0., 0, 0., 0, 0., 0, 0., 0, 0., 0, 0., 4, 1.6260162601626016, 0, 0., 0, 0., 0, 0., 0, 0., 0, 0., 0, 0., 0, 0., 0, 0., 0, 0., 240, 97.5609756097561, 0, 0., 0, 0., 0, 0., 0, 0., 0, 0., 0, 0., 84, 328, 412, 246, 0.5970873786407767
, c:\Users\Me\CodeProjects\notes2tone\generated\gt\sample_000076.krn, c:\Users\Me\CodeProjects\notes2tone\generated\xml\sample_000076.xml, 0, 0., 23, 3.18118948824343, 0, 0., 2, 0.2766251728907331, 0, 0., 0, 0., 0, 0., 0, 0., 0, 0., 0, 0., 7, 0.9681881051175657, 1, 0.13831258644536654, 0, 0., 0, 0., 0, 0., 0, 0., 0, 0., 2, 0.2766251728907331, 0, 0., 2, 0.2766251728907331, 1, 0.13831258644536654, 1, 0.13831258644536654, 2, 0.2766251728907331, 0, 0., 0, 0., 0, 0., 0, 0., 0, 0., 0, 0., 0, 0., 0, 0., 0, 0., 677, 93.63762102351313, 0, 0., 0, 0., 0, 0., 5, 0.6915629322268326, 0, 0., 0, 0., 264, 945, 1209, 723, 0.598014888337469
, c:\Users\Me\CodeProjects\notes2tone\generated\gt\sample_000365.krn, c:\Users\Me\CodeProjects\notes2tone\generated\xml\sample_000365.xml, 0, 0., 90, 16.071428571428573, 0, 0., 0, 0., 0, 0., 0, 0., 0, 0., 0, 0., 0, 0., 0, 0., 0, 0., 0, 0., 0, 0., 0, 0., 0, 0., 0, 0., 0, 0., 0, 0., 0, 0., 0, 0., 0, 0., 0, 0., 5, 0.8928571428571429, 0, 0., 0, 0., 0, 0., 0, 0., 0, 0., 0, 0., 0, 0., 0, 0., 0, 0., 465, 83.03571428571429, 0, 0., 0, 0., 0, 0., 0, 0., 0, 0., 0, 0., 219, 689, 908, 560, 0.6167400881057269
, c:\Users\Me\CodeProjects\notes2tone\generated\gt\sample_000416.krn, c:\Users\Me\CodeProjects\notes2tone\generated\xml\sample_000416.xml, 0, 0., 0, 0., 0, 0., 0, 0., 0, 0., 0, 0., 0, 0., 0, 0., 0, 0., 1, 0.11682242990654206, 3, 0.35046728971962615, 3, 0.35046728971962615, 0, 0., 0, 0., 6, 0.7009345794392523, 0, 0., 0, 0., 0, 0., 0, 0., 3, 0.35046728971962615, 0, 0., 0, 0., 0, 0., 0, 0., 0, 0., 0, 0., 0, 0., 0, 0., 0, 0., 0, 0., 0, 0., 0, 0., 827, 96.61214953271028, 0, 0., 0, 0., 13, 1.5186915887850467, 0, 0., 0, 0., 0, 0., 272, 1108, 1380, 856, 0.6202898550724638
, c:\Users\Me\CodeProjects\notes2tone\generated\gt\sample_000417.krn, c:\Users\Me\CodeProjects\notes2tone\generated\xml\sample_000417.xml, 0, 0., 8, 0.9400705052878966, 0, 0., 2, 0.23501762632197415, 0, 0., 0, 0., 0, 0., 0, 0., 0, 0., 1, 0.11750881316098707, 4, 0.4700352526439483, 1, 0.11750881316098707, 0, 0., 0, 0., 6, 0.7050528789659224, 0, 0., 0, 0., 0, 0., 0, 0., 0, 0., 0, 0., 0, 0., 0, 0., 0, 0., 0, 0., 0, 0., 0, 0., 0, 0., 0, 0., 0, 0., 0, 0., 0, 0., 816, 95.88719153936545, 0, 0., 0, 0., 13, 1.527614571092832, 0, 0., 0, 0., 0, 0., 274, 1093, 1367, 851, 0.6225310899780542
, c:\Users\Me\CodeProjects\notes2tone\generated\gt\sample_000438.krn, c:\Users\Me\CodeProjects\notes2tone\generated\xml\sample_000438.xml, 0, 0., 85, 41.06280193236715, 0, 0., 1, 0.4830917874396135, 1, 0.4830917874396135, 2, 0.966183574879227, 0, 0., 0, 0., 0, 0., 0, 0., 3, 1.4492753623188406, 0, 0., 0, 0., 0, 0., 0, 0., 0, 0., 0, 0., 0, 0., 0, 0., 0, 0., 1, 0.4830917874396135, 0, 0., 14, 6.763285024154589, 0, 0., 0, 0., 0, 0., 0, 0., 0, 0., 0, 0., 0, 0., 0, 0., 0, 0., 100, 48.309178743961354, 0, 0., 0, 0., 0, 0., 0, 0., 0, 0., 0, 0., 147, 185, 332, 207, 0.6234939759036144
, c:\Users\Me\CodeProjects\notes2tone\generated\gt\sample_000310.krn, c:\Users\Me\CodeProjects\notes2tone\generated\xml\sample_000310.xml, 0, 0., 73, 33.95348837209303, 0, 0., 3, 1.3953488372093024, 0, 0., 0, 0., 0, 0., 0, 0., 0, 0., 4, 1.8604651162790697, 0, 0., 0, 0., 0, 0., 0, 0., 0, 0., 1, 0.46511627906976744, 0, 0., 0, 0., 0, 0., 0, 0., 0, 0., 0, 0., 15, 6.976744186046512, 0, 0., 0, 0., 0, 0., 0, 0., 0, 0., 0, 0., 0, 0., 0, 0., 0, 0., 119, 55.348837209302324, 0, 0., 0, 0., 0, 0., 0, 0., 0, 0., 0, 0., 103, 241, 344, 215, 0.625
, c:\Users\Me\CodeProjects\notes2tone\generated\gt\sample_000352.krn, c:\Users\Me\CodeProjects\notes2tone\generated\xml\sample_000352.xml, 0, 0., 14, 3.111111111111111, 0, 0., 0, 0., 0, 0., 0, 0., 0, 0., 0, 0., 0, 0., 1, 0.2222222222222222, 0, 0., 0, 0., 0, 0., 0, 0., 0, 0., 0, 0., 0, 0., 0, 0., 0, 0., 0, 0., 0, 0., 0, 0., 8, 1.7777777777777777, 0, 0., 0, 0., 0, 0., 0, 0., 0, 0., 0, 0., 0, 0., 0, 0., 0, 0., 427, 94.88888888888889, 0, 0., 0, 0., 0, 0., 0, 0., 0, 0., 0, 0., 138, 558, 696, 450, 0.646551724137931
, c:\Users\Me\CodeProjects\notes2tone\generated\gt\sample_000309.krn, c:\Users\Me\CodeProjects\notes2tone\generated\xml\sample_000309.xml, 0, 0., 87, 18.471337579617835, 4, 0.8492569002123143, 6, 1.2738853503184713, 0, 0., 0, 0., 1, 0.21231422505307856, 0, 0., 0, 0., 0, 0., 1, 0.21231422505307856, 1, 0.21231422505307856, 0, 0., 0, 0., 0, 0., 3, 0.6369426751592356, 0, 0., 0, 0., 0, 0., 4, 0.8492569002123143, 1, 0.21231422505307856, 0, 0., 2, 0.42462845010615713, 0, 0., 0, 0., 0, 0., 0, 0., 0, 0., 0, 0., 0, 0., 0, 0., 0, 0., 348, 73.88535031847134, 0, 0., 0, 0., 13, 2.760084925690021, 0, 0., 0, 0., 0, 0., 186, 537, 723, 471, 0.6514522821576764
, c:\Users\Me\CodeProjects\notes2tone\generated\gt\sample_000195.krn, c:\Users\Me\CodeProjects\notes2tone\generated\xml\sample_000195.xml, 0, 0., 0, 0., 0, 0., 0, 0., 0, 0., 0, 0., 0, 0., 0, 0., 0, 0., 1, 0.10695187165775401, 6, 0.6417112299465241, 1, 0.10695187165775401, 0, 0., 0, 0., 0, 0., 0, 0., 0, 0., 0, 0., 0, 0., 12, 1.2834224598930482, 0, 0., 0, 0., 2, 0.21390374331550802, 0, 0., 0, 0., 0, 0., 0, 0., 0, 0., 0, 0., 0, 0., 0, 0., 0, 0., 900, 96.2566844919786, 0, 0., 0, 0., 13, 1.3903743315508021, 0, 0., 0, 0., 0, 0., 254, 1181, 1435, 935, 0.6515679442508711
, c:\Users\Me\CodeProjects\notes2tone\generated\gt\sample_000062.krn, c:\Users\Me\CodeProjects\notes2tone\generated\xml\sample_000062.xml, 0, 0., 40, 11.560693641618498, 0, 0., 1, 0.28901734104046245, 1, 0.28901734104046245, 0, 0., 0, 0., 0, 0., 0, 0., 0, 0., 0, 0., 0, 0., 0, 0., 0, 0., 0, 0., 0, 0., 0, 0., 0, 0., 0, 0., 0, 0., 0, 0., 0, 0., 4, 1.1560693641618498, 0, 0., 0, 0., 0, 0., 0, 0., 0, 0., 0, 0., 0, 0., 0, 0., 0, 0., 300, 86.70520231213872, 0, 0., 0, 0., 0, 0., 0, 0., 0, 0., 0, 0., 125, 404, 529, 346, 0.6540642722117203
, c:\Users\Me\CodeProjects\notes2tone\generated\gt\sample_000258.krn, c:\Users\Me\CodeProjects\notes2tone\generated\xml\sample_000258.xml, 0, 0., 3, 1.0869565217391304, 0, 0., 1, 0.36231884057971014, 0, 0., 0, 0., 0, 0., 0, 0., 0, 0., 4, 1.4492753623188406, 4, 1.4492753623188406, 0, 0., 0, 0., 0, 0., 0, 0., 0, 0., 0, 0., 0, 0., 0, 0., 0, 0., 0, 0., 0, 0., 4, 1.4492753623188406, 0, 0., 0, 0., 0, 0., 0, 0., 0, 0., 0, 0., 0, 0., 0, 0., 0, 0., 260, 94.20289855072464, 0, 0., 0, 0., 0, 0., 0, 0., 0, 0., 0, 0., 102, 319, 421, 276, 0.6555819477434679
, c:\Users\Me\CodeProjects\notes2tone\generated\gt\sample_000168.krn, c:\Users\Me\CodeProjects\notes2tone\generated\xml\sample_000168.xml, 0, 0., 9, 3.9473684210526314, 2, 0.8771929824561403, 1, 0.43859649122807015, 0, 0., 0, 0., 0, 0., 0, 0., 0, 0., 1, 0.43859649122807015, 0, 0., 0, 0., 0, 0., 0, 0., 0, 0., 1, 0.43859649122807015, 0, 0., 0, 0., 0, 0., 0, 0., 0, 0., 0, 0., 2, 0.8771929824561403, 0, 0., 0, 0., 0, 0., 0, 0., 0, 0., 0, 0., 0, 0., 0, 0., 0, 0., 212, 92.98245614035088, 0, 0., 0, 0., 0, 0., 0, 0., 0, 0., 0, 0., 80, 264, 344, 228, 0.6627906976744186
, c:\Users\Me\CodeProjects\notes2tone\generated\gt\sample_000551.krn, c:\Users\Me\CodeProjects\notes2tone\generated\xml\sample_000551.xml, 0, 0., 0, 0., 0, 0., 0, 0., 0, 0., 0, 0., 0, 0., 0, 0., 0, 0., 1, 0.42016806722689076, 0, 0., 0, 0., 0, 0., 0, 0., 0, 0., 0, 0., 0, 0., 0, 0., 0, 0., 0, 0., 0, 0., 0, 0., 5, 2.100840336134454, 0, 0., 0, 0., 0, 0., 0, 0., 0, 0., 0, 0., 0, 0., 0, 0., 0, 0., 232, 97.47899159663865, 0, 0., 0, 0., 0, 0., 0, 0., 0, 0., 0, 0., 60, 298, 358, 238, 0.664804469273743
, c:\Users\Me\CodeProjects\notes2tone\generated\gt\sample_000511.krn, c:\Users\Me\CodeProjects\notes2tone\generated\xml\sample_000511.xml, 0, 0., 26, 3.9877300613496933, 0, 0., 1, 0.15337423312883436, 0, 0., 0, 0., 0, 0., 0, 0., 0, 0., 1, 0.15337423312883436, 2, 0.3067484662576687, 2, 0.3067484662576687, 0, 0., 0, 0., 0, 0., 0, 0., 0, 0., 0, 0., 0, 0., 0, 0., 0, 0., 0, 0., 11, 1.687116564417178, 0, 0., 0, 0., 0, 0., 0, 0., 0, 0., 0, 0., 0, 0., 0, 0., 0, 0., 609, 93.40490797546012, 0, 0., 0, 0., 0, 0., 0, 0., 0, 0., 0, 0., 188, 784, 972, 652, 0.6707818930041153
, c:\Users\Me\CodeProjects\notes2tone\generated\gt\sample_000574.krn, c:\Users\Me\CodeProjects\notes2tone\generated\xml\sample_000574.xml, 0, 0., 0, 0., 0, 0., 0, 0., 0, 0., 0, 0., 0, 0., 0, 0., 0, 0., 0, 0., 0, 0., 0, 0., 0, 0., 0, 0., 0, 0., 3, 0.28790786948176583, 0, 0., 2, 0.19193857965451055, 0, 0., 3, 0.28790786948176583, 0, 0., 0, 0., 0, 0., 0, 0., 0, 0., 0, 0., 0, 0., 0, 0., 0, 0., 0, 0., 0, 0., 0, 0., 1029, 98.75239923224568, 0, 0., 0, 0., 0, 0., 5, 0.4798464491362764, 0, 0., 0, 0., 247, 1283, 1530, 1042, 0.681045751633987
, c:\Users\Me\CodeProjects\notes2tone\generated\gt\sample_000449.krn, c:\Users\Me\CodeProjects\notes2tone\generated\xml\sample_000449.xml, 0, 0., 16, 8.0, 0, 0., 0, 0., 0, 0., 0, 0., 0, 0., 0, 0., 0, 0., 2, 1.0, 0, 0., 0, 0., 0, 0., 0, 0., 0, 0., 0, 0., 0, 0., 0, 0., 0, 0., 0, 0., 0, 0., 0, 0., 3, 1.5, 0, 0., 0, 0., 0, 0., 0, 0., 0, 0., 0, 0., 0, 0., 0, 0., 0, 0., 179, 89.5, 0, 0., 0, 0., 0, 0., 0, 0., 0, 0., 0, 0., 51, 241, 292, 200, 0.684931506849315
, c:\Users\Me\CodeProjects\notes2tone\generated\gt\sample_000270.krn, c:\Users\Me\CodeProjects\notes2tone\generated\xml\sample_000270.xml, 0, 0., 118, 16.36615811373093, 0, 0., 16, 2.219140083217753, 0, 0., 0, 0., 1, 0.13869625520110956, 0, 0., 0, 0., 3, 0.4160887656033287, 0, 0., 0, 0., 0, 0., 0, 0., 4, 0.5547850208044383, 0, 0., 0, 0., 0, 0., 0, 0., 1, 0.13869625520110956, 0, 0., 0, 0., 3, 0.4160887656033287, 0, 0., 0, 0., 0, 0., 0, 0., 0, 0., 0, 0., 0, 0., 0, 0., 0, 0., 570, 79.05686546463245, 0, 0., 0, 0., 0, 0., 5, 0.6934812760055479, 0, 0., 0, 0., 246, 792, 1038, 721, 0.6946050096339114
, c:\Users\Me\CodeProjects\notes2tone\generated\gt\sample_000474.krn, c:\Users\Me\CodeProjects\notes2tone\generated\xml\sample_000474.xml, 0, 0., 0, 0., 0, 0., 0, 0., 0, 0., 0, 0., 1, 0.10070493454179255, 0, 0., 0, 0., 0, 0., 0, 0., 0, 0., 0, 0., 0, 0., 4, 0.4028197381671702, 0, 0., 0, 0., 0, 0., 0, 0., 1, 0.10070493454179255, 0, 0., 0, 0., 0, 0., 0, 0., 0, 0., 0, 0., 0, 0., 0, 0., 0, 0., 0, 0., 0, 0., 0, 0., 982, 98.89224572004028, 0, 0., 0, 0., 0, 0., 5, 0.5035246727089627, 0, 0., 0, 0., 220, 1203, 1423, 993, 0.6978215038650738
, c:\Users\Me\CodeProjects\notes2tone\generated\gt\sample_000176.krn, c:\Users\Me\CodeProjects\notes2tone\generated\xml\sample_000176.xml, 0, 0., 4, 0.3937007874015748, 0, 0., 0, 0., 0, 0., 0, 0., 0, 0., 0, 0., 0, 0., 1, 0.0984251968503937, 0, 0., 0, 0., 0, 0., 0, 0., 4, 0.3937007874015748, 0, 0., 0, 0., 0, 0., 0, 0., 2, 0.1968503937007874, 0, 0., 0, 0., 0, 0., 0, 0., 0, 0., 0, 0., 0, 0., 0, 0., 0, 0., 0, 0., 0, 0., 0, 0., 1000, 98.4251968503937, 0, 0., 0, 0., 0, 0., 5, 0.4921259842519685, 0, 0., 0, 0., 222, 1230, 1452, 1016, 0.699724517906336
, c:\Users\Me\CodeProjects\notes2tone\generated\gt\sample_000269.krn, c:\Users\Me\CodeProjects\notes2tone\generated\xml\sample_000269.xml, 0, 0., 54, 7.180851063829787, 0, 0., 11, 1.4627659574468086, 4, 0.5319148936170213, 0, 0., 1, 0.13297872340425532, 0, 0., 0, 0., 1, 0.13297872340425532, 1, 0.13297872340425532, 0, 0., 0, 0., 0, 0., 4, 0.5319148936170213, 0, 0., 0, 0., 0, 0., 0, 0., 0, 0., 2, 0.26595744680851063, 0, 0., 4, 0.5319148936170213, 0, 0., 0, 0., 0, 0., 0, 0., 0, 0., 0, 0., 0, 0., 0, 0., 0, 0., 665, 88.43085106382979, 0, 0., 0, 0., 0, 0., 5, 0.6648936170212766, 0, 0., 0, 0., 215, 859, 1074, 752, 0.7001862197392924
, c:\Users\Me\CodeProjects\notes2tone\generated\gt\sample_000363.krn, c:\Users\Me\CodeProjects\notes2tone\generated\xml\sample_000363.xml, 0, 0., 15, 0.8610792192881745, 0, 0., 5, 0.2870264064293915, 0, 0., 0, 0., 0, 0., 0, 0., 0, 0., 0, 0., 5, 0.2870264064293915, 0, 0., 0, 0., 0, 0., 0, 0., 0, 0., 0, 0., 0, 0., 0, 0., 6, 0.34443168771526983, 0, 0., 0, 0., 6, 0.34443168771526983, 0, 0., 0, 0., 0, 0., 0, 0., 0, 0., 0, 0., 0, 0., 0, 0., 0, 0., 1692, 97.12973593570608, 0, 0., 0, 0., 13, 0.746268656716418, 0, 0., 0, 0., 0, 0., 391, 2095, 2486, 1742, 0.7007240547063556
, c:\Users\Me\CodeProjects\notes2tone\generated\gt\sample_000605.krn, c:\Users\Me\CodeProjects\notes2tone\generated\xml\sample_000605.xml, 0, 0., 70, 7.3145245559038665, 0, 0., 7, 0.7314524555903866, 1, 0.1044932079414838, 0, 0., 1, 0.1044932079414838, 0, 0., 0, 0., 1, 0.1044932079414838, 1, 0.1044932079414838, 0, 0., 0, 0., 0, 0., 0, 0., 2, 0.2089864158829676, 0, 0., 1, 0.1044932079414838, 0, 0., 4, 0.4179728317659352, 0, 0., 0, 0., 5, 0.522466039707419, 0, 0., 0, 0., 0, 0., 0, 0., 0, 0., 0, 0., 0, 0., 0, 0., 0, 0., 859, 89.75966562173458, 0, 0., 0, 0., 0, 0., 5, 0.522466039707419, 0, 0., 0, 0., 239, 1124, 1363, 957, 0.7021276595744681
, c:\Users\Me\CodeProjects\notes2tone\generated\gt\sample_000267.krn, c:\Users\Me\CodeProjects\notes2tone\generated\xml\sample_000267.xml, 0, 0., 71, 10.441176470588236, 0, 0., 1, 0.14705882352941177, 0, 0., 0, 0., 0, 0., 0, 0., 0, 0., 0, 0., 1, 0.14705882352941177, 0, 0., 0, 0., 0, 0., 0, 0., 0, 0., 0, 0., 0, 0., 0, 0., 1, 0.14705882352941177, 0, 0., 0, 0., 5, 0.7352941176470589, 0, 0., 0, 0., 0, 0., 0, 0., 0, 0., 0, 0., 0, 0., 0, 0., 0, 0., 596, 87.6470588235294, 0, 0., 0, 0., 0, 0., 5, 0.7352941176470589, 0, 0., 0, 0., 178, 780, 958, 680, 0.7098121085594989
, c:\Users\Me\CodeProjects\notes2tone\generated\gt\sample_000286.krn, c:\Users\Me\CodeProjects\notes2tone\generated\xml\sample_000286.xml, 0, 0., 138, 63.30275229357798, 0, 0., 2, 0.9174311926605505, 0, 0., 0, 0., 0, 0., 0, 0., 0, 0., 1, 0.45871559633027525, 2, 0.9174311926605505, 0, 0., 0, 0., 0, 0., 0, 0., 0, 0., 0, 0., 0, 0., 0, 0., 0, 0., 0, 0., 0, 0., 4, 1.834862385321101, 0, 0., 0, 0., 0, 0., 0, 0., 0, 0., 0, 0., 0, 0., 0, 0., 0, 0., 71, 32.56880733944954, 0, 0., 0, 0., 0, 0., 0, 0., 0, 0., 0, 0., 151, 155, 306, 218, 0.7124183006535948
, c:\Users\Me\CodeProjects\notes2tone\generated\gt\sample_000329.krn, c:\Users\Me\CodeProjects\notes2tone\generated\xml\sample_000329.xml, 0, 0., 162, 15.48757170172084, 0, 0., 0, 0., 0, 0., 0, 0., 0, 0., 0, 0., 0, 0., 0, 0., 0, 0., 0, 0., 0, 0., 0, 0., 0, 0., 0, 0., 0, 0., 0, 0., 0, 0., 0, 0., 0, 0., 0, 0., 14, 1.338432122370937, 0, 0., 0, 0., 0, 0., 0, 0., 0, 0., 0, 0., 0, 0., 0, 0., 0, 0., 870, 83.17399617590821, 0, 0., 0, 0., 0, 0., 0, 0., 0, 0., 0, 0., 289, 1178, 1467, 1046, 0.7130197682344922
, c:\Users\Me\CodeProjects\notes2tone\generated\gt\sample_000498.krn, c:\Users\Me\CodeProjects\notes2tone\generated\xml\sample_000498.xml, 0, 0., 61, 17.732558139534884, 0, 0., 0, 0., 0, 0., 2, 0.5813953488372093, 1, 0.29069767441860467, 0, 0., 0, 0., 0, 0., 1, 0.29069767441860467, 0, 0., 0, 0., 0, 0., 0, 0., 0, 0., 0, 0., 0, 0., 0, 0., 0, 0., 0, 0., 0, 0., 15, 4.3604651162790695, 0, 0., 0, 0., 0, 0., 0, 0., 0, 0., 0, 0., 0, 0., 0, 0., 0, 0., 264, 76.74418604651163, 0, 0., 0, 0., 0, 0., 0, 0., 0, 0., 0, 0., 104, 375, 479, 344, 0.7181628392484343
, c:\Users\Me\CodeProjects\notes2tone\generated\gt\sample_000518.krn, c:\Users\Me\CodeProjects\notes2tone\generated\xml\sample_000518.xml, 0, 0., 0, 0., 0, 0., 29, 4.055944055944056, 0, 0., 0, 0., 0, 0., 0, 0., 0, 0., 0, 0., 0, 0., 0, 0., 0, 0., 0, 0., 0, 0., 0, 0., 0, 0., 0, 0., 0, 0., 0, 0., 0, 0., 0, 0., 1, 0.13986013986013987, 0, 0., 0, 0., 0, 0., 0, 0., 0, 0., 0, 0., 0, 0., 0, 0., 0, 0., 685, 95.8041958041958, 0, 0., 0, 0., 0, 0., 0, 0., 0, 0., 0, 0., 153, 839, 992, 715, 0.7207661290322581
, c:\Users\Me\CodeProjects\notes2tone\generated\gt\sample_000376.krn, c:\Users\Me\CodeProjects\notes2tone\generated\xml\sample_000376.xml, 0, 0., 16, 0.9535160905840286, 2, 0.11918951132300358, 0, 0., 2, 0.11918951132300358, 0, 0., 3, 0.17878426698450536, 0, 0., 0, 0., 1, 0.05959475566150179, 0, 0., 0, 0., 0, 0., 0, 0., 4, 0.23837902264600716, 0, 0., 0, 0., 0, 0., 0, 0., 0, 0., 0, 0., 0, 0., 0, 0., 0, 0., 0, 0., 0, 0., 0, 0., 0, 0., 0, 0., 0, 0., 0, 0., 0, 0., 1645, 98.03337306317044, 0, 0., 0, 0., 0, 0., 5, 0.29797377830750893, 0, 0., 0, 0., 340, 1986, 2326, 1678, 0.7214101461736887
, c:\Users\Me\CodeProjects\notes2tone\generated\gt\sample_000133.krn, c:\Users\Me\CodeProjects\notes2tone\generated\xml\sample_000133.xml, 0, 0., 14, 1.8018018018018018, 0, 0., 0, 0., 0, 0., 0, 0., 0, 0., 0, 0., 0, 0., 0, 0., 2, 0.2574002574002574, 0, 0., 0, 0., 1, 0.1287001287001287, 0, 0., 0, 0., 0, 0., 0, 0., 0, 0., 0, 0., 0, 0., 0, 0., 4, 0.5148005148005148, 0, 0., 0, 0., 0, 0., 0, 0., 0, 0., 0, 0., 0, 0., 0, 0., 0, 0., 756, 97.29729729729729, 0, 0., 0, 0., 0, 0., 0, 0., 0, 0., 0, 0., 156, 917, 1073, 777, 0.7241379310344828
, c:\Users\Me\CodeProjects\notes2tone\generated\gt\sample_000093.krn, c:\Users\Me\CodeProjects\notes2tone\generated\xml\sample_000093.xml, 0, 0., 80, 11.267605633802816, 0, 0., 10, 1.408450704225352, 1, 0.14084507042253522, 0, 0., 0, 0., 0, 0., 0, 0., 0, 0., 4, 0.5633802816901409, 0, 0., 0, 0., 0, 0., 0, 0., 0, 0., 0, 0., 0, 0., 0, 0., 1, 0.14084507042253522, 1, 0.14084507042253522, 0, 0., 3, 0.4225352112676056, 0, 0., 0, 0., 0, 0., 0, 0., 0, 0., 0, 0., 0, 0., 0, 0., 0, 0., 605, 85.21126760563381, 0, 0., 0, 0., 0, 0., 5, 0.704225352112676, 0, 0., 0, 0., 196, 784, 980, 710, 0.7244897959183674
, c:\Users\Me\CodeProjects\notes2tone\generated\gt\sample_000178.krn, c:\Users\Me\CodeProjects\notes2tone\generated\xml\sample_000178.xml, 0, 0., 80, 4.43213296398892, 0, 0., 9, 0.4986149584487535, 2, 0.11080332409972299, 0, 0., 0, 0., 0, 0., 0, 0., 2, 0.11080332409972299, 1, 0.055401662049861494, 0, 0., 0, 0., 0, 0., 4, 0.22160664819944598, 0, 0., 0, 0., 0, 0., 0, 0., 1, 0.055401662049861494, 1, 0.055401662049861494, 0, 0., 4, 0.22160664819944598, 0, 0., 0, 0., 0, 0., 0, 0., 0, 0., 0, 0., 0, 0., 0, 0., 0, 0., 1696, 93.9612188365651, 0, 0., 0, 0., 0, 0., 5, 0.2770083102493075, 0, 0., 0, 0., 400, 2087, 2487, 1805, 0.725774024929634
, c:\Users\Me\CodeProjects\notes2tone\generated\gt\sample_000317.krn, c:\Users\Me\CodeProjects\notes2tone\generated\xml\sample_000317.xml, 0, 0., 68, 16.19047619047619, 0, 0., 6, 1.4285714285714286, 0, 0., 2, 0.47619047619047616, 0, 0., 0, 0., 0, 0., 0, 0., 3, 0.7142857142857143, 2, 0.47619047619047616, 0, 0., 2, 0.47619047619047616, 6, 1.4285714285714286, 2, 0.47619047619047616, 0, 0., 4, 0.9523809523809523, 0, 0., 2, 0.47619047619047616, 0, 0., 0, 0., 11, 2.619047619047619, 0, 0., 0, 0., 0, 0., 0, 0., 0, 0., 0, 0., 0, 0., 0, 0., 0, 0., 287, 68.33333333333333, 12, 2.857142857142857, 0, 0., 13, 3.0952380952380953, 0, 0., 0, 0., 0, 0., 149, 428, 577, 420, 0.7279029462738301
, c:\Users\Me\CodeProjects\notes2tone\generated\gt\sample_000453.krn, c:\Users\Me\CodeProjects\notes2tone\generated\xml\sample_000453.xml, 0, 0., 103, 5.728587319243604, 0, 0., 12, 0.6674082313681868, 0, 0., 0, 0., 1, 0.05561735261401557, 0, 0., 0, 0., 3, 0.1668520578420467, 9, 0.5005561735261401, 0, 0., 0, 0., 0, 0., 4, 0.22246941045606228, 2, 0.11123470522803114, 0, 0., 2, 0.11123470522803114, 0, 0., 4, 0.22246941045606228, 1, 0.05561735261401557, 0, 0., 2, 0.11123470522803114, 0, 0., 0, 0., 0, 0., 0, 0., 0, 0., 0, 0., 0, 0., 0, 0., 0, 0., 1650, 91.7686318131257, 0, 0., 0, 0., 0, 0., 5, 0.27808676307007785, 0, 0., 0, 0., 421, 2049, 2470, 1798, 0.7279352226720648
, c:\Users\Me\CodeProjects\notes2tone\generated\gt\sample_000002.krn, c:\Users\Me\CodeProjects\notes2tone\generated\xml\sample_000002.xml, 0, 0., 71, 10.028248587570621, 0, 0., 0, 0., 0, 0., 0, 0., 0, 0., 0, 0., 0, 0., 0, 0., 1, 0.14124293785310735, 0, 0., 0, 0., 0, 0., 0, 0., 0, 0., 0, 0., 2, 0.2824858757062147, 0, 0., 0, 0., 0, 0., 0, 0., 16, 2.2598870056497176, 0, 0., 0, 0., 0, 0., 0, 0., 0, 0., 0, 0., 0, 0., 0, 0., 0, 0., 618, 87.28813559322033, 0, 0., 0, 0., 0, 0., 0, 0., 0, 0., 0, 0., 166, 806, 972, 708, 0.7283950617283951
, c:\Users\Me\CodeProjects\notes2tone\generated\gt\sample_000206.krn, c:\Users\Me\CodeProjects\notes2tone\generated\xml\sample_000206.xml, 0, 0., 0, 0., 0, 0., 0, 0., 0, 0., 0, 0., 0, 0., 0, 0., 0, 0., 0, 0., 1, 0.09066183136899365, 0, 0., 0, 0., 0, 0., 0, 0., 1, 0.09066183136899365, 0, 0., 0, 0., 0, 0., 0, 0., 0, 0., 0, 0., 5, 0.45330915684496825, 0, 0., 0, 0., 0, 0., 0, 0., 0, 0., 0, 0., 0, 0., 0, 0., 0, 0., 1096, 99.36536718041704, 0, 0., 0, 0., 0, 0., 0, 0., 0, 0., 0, 0., 204, 1305, 1509, 1103, 0.7309476474486415
, c:\Users\Me\CodeProjects\notes2tone\generated\gt\sample_000166.krn, c:\Users\Me\CodeProjects\notes2tone\generated\xml\sample_000166.xml, 0, 0., 175, 11.589403973509933, 0, 0., 0, 0., 0, 0., 0, 0., 9, 0.5960264900662252, 0, 0., 0, 0., 0, 0., 0, 0., 0, 0., 0, 0., 0, 0., 4, 0.26490066225165565, 4, 0.26490066225165565, 0, 0., 1, 0.06622516556291391, 0, 0., 0, 0., 0, 0., 0, 0., 0, 0., 0, 0., 0, 0., 0, 0., 0, 0., 0, 0., 0, 0., 0, 0., 0, 0., 0, 0., 1312, 86.88741721854305, 0, 0., 0, 0., 0, 0., 5, 0.33112582781456956, 0, 0., 0, 0., 429, 1627, 2056, 1510, 0.7344357976653697
, c:\Users\Me\CodeProjects\notes2tone\generated\gt\sample_000454.krn, c:\Users\Me\CodeProjects\notes2tone\generated\xml\sample_000454.xml, 0, 0., 42, 2.914642609299098, 4, 0.2775850104094379, 9, 0.6245662734212353, 0, 0., 0, 0., 1, 0.06939625260235947, 0, 0., 0, 0., 0, 0., 0, 0., 0, 0., 0, 0., 0, 0., 4, 0.2775850104094379, 0, 0., 0, 0., 0, 0., 0, 0., 0, 0., 0, 0., 0, 0., 1, 0.06939625260235947, 0, 0., 0, 0., 0, 0., 0, 0., 0, 0., 0, 0., 0, 0., 0, 0., 0, 0., 1375, 95.41984732824427, 0, 0., 0, 0., 0, 0., 5, 0.3469812630117974, 0, 0., 0, 0., 291, 1670, 1961, 1441, 0.7348291687914329
, c:\Users\Me\CodeProjects\notes2tone\generated\gt\sample_000078.krn, c:\Users\Me\CodeProjects\notes2tone\generated\xml\sample_000078.xml, 0, 0., 0, 0., 0, 0., 1, 0.10482180293501048, 0, 0., 0, 0., 0, 0., 0, 0., 0, 0., 0, 0., 0, 0., 0, 0., 0, 0., 0, 0., 4, 0.4192872117400419, 0, 0., 0, 0., 0, 0., 0, 0., 1, 0.10482180293501048, 0, 0., 0, 0., 3, 0.31446540880503143, 0, 0., 0, 0., 0, 0., 0, 0., 0, 0., 0, 0., 0, 0., 0, 0., 0, 0., 940, 98.53249475890985, 0, 0., 0, 0., 0, 0., 5, 0.5241090146750524, 0, 0., 0, 0., 174, 1116, 1290, 954, 0.7395348837209302
, c:\Users\Me\CodeProjects\notes2tone\generated\gt\sample_000407.krn, c:\Users\Me\CodeProjects\notes2tone\generated\xml\sample_000407.xml, 0, 0., 50, 3.9872408293460926, 2, 0.1594896331738437, 3, 0.23923444976076555, 0, 0., 0, 0., 0, 0., 0, 0., 0, 0., 0, 0., 3, 0.23923444976076555, 0, 0., 0, 0., 0, 0., 0, 0., 0, 0., 0, 0., 0, 0., 0, 0., 1, 0.07974481658692185, 0, 0., 0, 0., 3, 0.23923444976076555, 0, 0., 0, 0., 0, 0., 0, 0., 0, 0., 0, 0., 0, 0., 0, 0., 0, 0., 1187, 94.65709728867624, 0, 0., 0, 0., 0, 0., 5, 0.39872408293460926, 0, 0., 0, 0., 261, 1431, 1692, 1254, 0.7411347517730497
, c:\Users\Me\CodeProjects\notes2tone\generated\gt\sample_000288.krn, c:\Users\Me\CodeProjects\notes2tone\generated\xml\sample_000288.xml, 0, 0., 0, 0., 0, 0., 1, 0.2544529262086514, 0, 0., 0, 0., 0, 0., 0, 0., 0, 0., 3, 0.7633587786259542, 1, 0.2544529262086514, 0, 0., 0, 0., 0, 0., 0, 0., 0, 0., 0, 0., 0, 0., 0, 0., 0, 0., 0, 0., 0, 0., 9, 2.2900763358778624, 0, 0., 0, 0., 0, 0., 0, 0., 0, 0., 0, 0., 0, 0., 0, 0., 0, 0., 379, 96.43765903307889, 0, 0., 0, 0., 0, 0., 0, 0., 0, 0., 0, 0., 80, 450, 530, 393, 0.7415094339622641
, c:\Users\Me\CodeProjects\notes2tone\generated\gt\sample_000023.krn, c:\Users\Me\CodeProjects\notes2tone\generated\xml\sample_000023.xml, 0, 0., 51, 2.638385928608381, 0, 0., 0, 0., 0, 0., 0, 0., 34, 1.758923952405587, 0, 0., 0, 0., 0, 0., 1, 0.05173305742369374, 0, 0., 0, 0., 0, 0., 4, 0.20693222969477496, 8, 0.4138644593895499, 0, 0., 0, 0., 0, 0., 2, 0.10346611484738748, 0, 0., 0, 0., 0, 0., 0, 0., 0, 0., 0, 0., 0, 0., 0, 0., 0, 0., 0, 0., 0, 0., 0, 0., 1828, 94.56802897051216, 0, 0., 0, 0., 0, 0., 5, 0.2586652871184687, 0, 0., 0, 0., 397, 2200, 2597, 1933, 0.7443203696572969
, c:\Users\Me\CodeProjects\notes2tone\generated\gt\sample_000608.krn, c:\Users\Me\CodeProjects\notes2tone\generated\xml\sample_000608.xml, 0, 0., 56, 3.45679012345679, 0, 0., 0, 0., 1, 0.06172839506172839, 0, 0., 3, 0.18518518518518517, 0, 0., 0, 0., 0, 0., 5, 0.30864197530864196, 0, 0., 0, 0., 0, 0., 4, 0.24691358024691357, 0, 0., 0, 0., 0, 0., 0, 0., 0, 0., 0, 0., 0, 0., 1, 0.06172839506172839, 0, 0., 0, 0., 0, 0., 0, 0., 0, 0., 0, 0., 0, 0., 0, 0., 0, 0., 1545, 95.37037037037037, 0, 0., 0, 0., 0, 0., 5, 0.30864197530864196, 0, 0., 0, 0., 327, 1848, 2175, 1620, 0.7448275862068966
, c:\Users\Me\CodeProjects\notes2tone\generated\gt\sample_000568.krn, c:\Users\Me\CodeProjects\notes2tone\generated\xml\sample_000568.xml, 0, 0., 149, 37.25, 0, 0., 16, 4.0, 0, 0., 0, 0., 0, 0., 0, 0., 0, 0., 0, 0., 0, 0., 0, 0., 0, 0., 0, 0., 0, 0., 0, 0., 0, 0., 2, 0.5, 0, 0., 1, 0.25, 0, 0., 0, 0., 0, 0., 0, 0., 0, 0., 0, 0., 0, 0., 0, 0., 0, 0., 0, 0., 0, 0., 0, 0., 227, 56.75, 0, 0., 0, 0., 0, 0., 5, 1.25, 0, 0., 0, 0., 205, 329, 534, 400, 0.7490636704119851
, c:\Users\Me\CodeProjects\notes2tone\generated\gt\sample_000268.krn, c:\Users\Me\CodeProjects\notes2tone\generated\xml\sample_000268.xml, 0, 0., 42, 4.833141542002301, 0, 0., 1, 0.11507479861910241, 2, 0.23014959723820483, 0, 0., 0, 0., 0, 0., 0, 0., 2, 0.23014959723820483, 2, 0.23014959723820483, 0, 0., 0, 0., 0, 0., 4, 0.46029919447640966, 0, 0., 0, 0., 6, 0.6904487917146145, 0, 0., 1, 0.11507479861910241, 0, 0., 0, 0., 4, 0.46029919447640966, 0, 0., 0, 0., 0, 0., 0, 0., 0, 0., 0, 0., 0, 0., 0, 0., 0, 0., 800, 92.05983889528193, 0, 0., 0, 0., 0, 0., 5, 0.5753739930955121, 0, 0., 0, 0., 181, 977, 1158, 869, 0.7504317789291882
, c:\Users\Me\CodeProjects\notes2tone\generated\gt\sample_000284.krn, c:\Users\Me\CodeProjects\notes2tone\generated\xml\sample_000284.xml, 0, 0., 70, 7.43099787685775, 0, 0., 2, 0.21231422505307856, 0, 0., 0, 0., 0, 0., 0, 0., 0, 0., 0, 0., 12, 1.2738853503184713, 0, 0., 0, 0., 0, 0., 2, 0.21231422505307856, 0, 0., 0, 0., 0, 0., 0, 0., 1, 0.10615711252653928, 0, 0., 0, 0., 10, 1.0615711252653928, 0, 0., 0, 0., 0, 0., 0, 0., 0, 0., 0, 0., 0, 0., 0, 0., 0, 0., 840, 89.171974522293, 0, 0., 0, 0., 0, 0., 5, 0.5307855626326964, 0, 0., 0, 0., 212, 1037, 1249, 942, 0.7542033626901521
, c:\Users\Me\CodeProjects\notes2tone\generated\gt\sample_000021.krn, c:\Users\Me\CodeProjects\notes2tone\generated\xml\sample_000021.xml, 0, 0., 42, 6.60377358490566, 0, 0., 2, 0.31446540880503143, 0, 0., 0, 0., 0, 0., 0, 0., 0, 0., 0, 0., 0, 0., 0, 0., 0, 0., 2, 0.31446540880503143, 0, 0., 0, 0., 0, 0., 0, 0., 0, 0., 0, 0., 0, 0., 0, 0., 20, 3.1446540880503147, 0, 0., 0, 0., 0, 0., 0, 0., 0, 0., 0, 0., 0, 0., 0, 0., 0, 0., 570, 89.62264150943396, 0, 0., 0, 0., 0, 0., 0, 0., 0, 0., 0, 0., 126, 713, 839, 636, 0.7580452920143027
, c:\Users\Me\CodeProjects\notes2tone\generated\gt\sample_000501.krn, c:\Users\Me\CodeProjects\notes2tone\generated\xml\sample_000501.xml, 0, 0., 4, 0.31347962382445144, 0, 0., 0, 0., 4, 0.31347962382445144, 0, 0., 0, 0., 0, 0., 0, 0., 1, 0.07836990595611286, 2, 0.15673981191222572, 0, 0., 0, 0., 0, 0., 4, 0.31347962382445144, 0, 0., 0, 0., 0, 0., 0, 0., 0, 0., 0, 0., 0, 0., 3, 0.23510971786833856, 0, 0., 0, 0., 0, 0., 0, 0., 0, 0., 0, 0., 0, 0., 0, 0., 0, 0., 1253, 98.1974921630094, 0, 0., 0, 0., 0, 0., 5, 0.39184952978056425, 0, 0., 0, 0., 211, 1468, 1679, 1276, 0.7599761762954139
, c:\Users\Me\CodeProjects\notes2tone\generated\gt\sample_000471.krn, c:\Users\Me\CodeProjects\notes2tone\generated\xml\sample_000471.xml, 0, 0., 165, 17.133956386292834, 0, 0., 3, 0.3115264797507788, 0, 0., 0, 0., 1, 0.10384215991692627, 0, 0., 0, 0., 0, 0., 3, 0.3115264797507788, 0, 0., 0, 0., 0, 0., 0, 0., 0, 0., 0, 0., 1, 0.10384215991692627, 0, 0., 3, 0.3115264797507788, 1, 0.10384215991692627, 0, 0., 4, 0.4153686396677051, 0, 0., 0, 0., 0, 0., 0, 0., 0, 0., 0, 0., 0, 0., 0, 0., 0, 0., 777, 80.68535825545172, 0, 0., 0, 0., 0, 0., 5, 0.5192107995846313, 0, 0., 0, 0., 245, 1020, 1265, 963, 0.7612648221343874
, c:\Users\Me\CodeProjects\notes2tone\generated\gt\sample_000096.krn, c:\Users\Me\CodeProjects\notes2tone\generated\xml\sample_000096.xml, 0, 0., 158, 16.596638655462186, 2, 0.21008403361344538, 21, 2.2058823529411766, 0, 0., 0, 0., 2, 0.21008403361344538, 0, 0., 0, 0., 1, 0.10504201680672269, 12, 1.2605042016806722, 0, 0., 0, 0., 0, 0., 2, 0.21008403361344538, 0, 0., 0, 0., 0, 0., 0, 0., 2, 0.21008403361344538, 0, 0., 0, 0., 6, 0.6302521008403361, 0, 0., 0, 0., 0, 0., 0, 0., 0, 0., 0, 0., 0, 0., 0, 0., 0, 0., 741, 77.83613445378151, 0, 0., 0, 0., 0, 0., 5, 0.5252100840336135, 0, 0., 0, 0., 253, 992, 1245, 952, 0.7646586345381526
, c:\Users\Me\CodeProjects\notes2tone\generated\gt\sample_000022.krn, c:\Users\Me\CodeProjects\notes2tone\generated\xml\sample_000022.xml, 0, 0., 221, 40.77490774907749, 0, 0., 30, 5.535055350553505, 0, 0., 0, 0., 1, 0.18450184501845018, 0, 0., 0, 0., 0, 0., 1, 0.18450184501845018, 0, 0., 0, 0., 0, 0., 0, 0., 0, 0., 0, 0., 6, 1.1070110701107012, 0, 0., 2, 0.36900369003690037, 0, 0., 0, 0., 0, 0., 0, 0., 0, 0., 0, 0., 0, 0., 6, 1.1070110701107012, 0, 0., 0, 0., 0, 0., 0, 0., 270, 49.81549815498155, 0, 0., 0, 0., 0, 0., 5, 0.922509225092251, 0, 0., 0, 0., 297, 411, 708, 542, 0.7655367231638418
, c:\Users\Me\CodeProjects\notes2tone\generated\gt\sample_000412.krn, c:\Users\Me\CodeProjects\notes2tone\generated\xml\sample_000412.xml, 0, 0., 30, 1.9973368841544608, 0, 0., 6, 0.3994673768308921, 1, 0.06657789613848203, 0, 0., 1, 0.06657789613848203, 0, 0., 0, 0., 6, 0.3994673768308921, 4, 0.2663115845539281, 0, 0., 0, 0., 0, 0., 4, 0.2663115845539281, 2, 0.13315579227696406, 0, 0., 0, 0., 0, 0., 6, 0.3994673768308921, 0, 0., 0, 0., 4, 0.2663115845539281, 0, 0., 0, 0., 0, 0., 0, 0., 0, 0., 0, 0., 0, 0., 0, 0., 0, 0., 1433, 95.40612516644474, 0, 0., 0, 0., 0, 0., 5, 0.33288948069241014, 0, 0., 0, 0., 281, 1679, 1960, 1502, 0.7663265306122449
, c:\Users\Me\CodeProjects\notes2tone\generated\gt\sample_000452.krn, c:\Users\Me\CodeProjects\notes2tone\generated\xml\sample_000452.xml, 0, 0., 86, 4.956772334293948, 0, 0., 7, 0.4034582132564842, 0, 0., 0, 0., 0, 0., 0, 0., 0, 0., 2, 0.11527377521613832, 0, 0., 0, 0., 0, 0., 0, 0., 4, 0.23054755043227665, 2, 0.11527377521613832, 0, 0., 0, 0., 0, 0., 1, 0.05763688760806916, 1, 0.05763688760806916, 1, 0.05763688760806916, 1, 0.05763688760806916, 0, 0., 0, 0., 0, 0., 0, 0., 0, 0., 0, 0., 0, 0., 0, 0., 0, 0., 1625, 93.65994236311239, 0, 0., 0, 0., 0, 0., 5, 0.2881844380403458, 0, 0., 0, 0., 319, 1940, 2259, 1735, 0.7680389552899513
, c:\Users\Me\CodeProjects\notes2tone\generated\gt\sample_000520.krn, c:\Users\Me\CodeProjects\notes2tone\generated\xml\sample_000520.xml, 0, 0., 138, 8.041958041958042, 0, 0., 0, 0., 0, 0., 0, 0., 0, 0., 0, 0., 0, 0., 8, 0.4662004662004662, 5, 0.2913752913752914, 0, 0., 0, 0., 1, 0.05827505827505827, 1, 0.05827505827505827, 1, 0.05827505827505827, 0, 0., 0, 0., 0, 0., 0, 0., 0, 0., 0, 0., 8, 0.4662004662004662, 0, 0., 0, 0., 0, 0., 0, 0., 0, 0., 0, 0., 0, 0., 0, 0., 0, 0., 1554, 90.55944055944056, 0, 0., 0, 0., 0, 0., 0, 0., 0, 0., 0, 0., 339, 1887, 2226, 1716, 0.77088948787062
, c:\Users\Me\CodeProjects\notes2tone\generated\gt\sample_000282.krn, c:\Users\Me\CodeProjects\notes2tone\generated\xml\sample_000282.xml, 0, 0., 64, 5.57006092254134, 0, 0., 1, 0.08703220191470844, 0, 0., 0, 0., 0, 0., 0, 0., 0, 0., 0, 0., 14, 1.2184508268059182, 0, 0., 0, 0., 0, 0., 2, 0.17406440382941687, 0, 0., 0, 0., 0, 0., 0, 0., 1, 0.08703220191470844, 0, 0., 0, 0., 11, 0.9573542210617929, 0, 0., 0, 0., 0, 0., 0, 0., 0, 0., 0, 0., 0, 0., 0, 0., 0, 0., 1051, 91.47084421235857, 0, 0., 0, 0., 0, 0., 5, 0.4351610095735422, 0, 0., 0, 0., 228, 1262, 1490, 1149, 0.7711409395973154
, c:\Users\Me\CodeProjects\notes2tone\generated\gt\sample_000377.krn, c:\Users\Me\CodeProjects\notes2tone\generated\xml\sample_000377.xml, 0, 0., 15, 0.8445945945945946, 0, 0., 3, 0.16891891891891891, 0, 0., 0, 0., 0, 0., 0, 0., 0, 0., 0, 0., 0, 0., 0, 0., 0, 0., 0, 0., 4, 0.22522522522522523, 0, 0., 0, 0., 0, 0., 0, 0., 0, 0., 0, 0., 0, 0., 0, 0., 0, 0., 0, 0., 0, 0., 0, 0., 0, 0., 0, 0., 0, 0., 0, 0., 0, 0., 1749, 98.47972972972973, 0, 0., 0, 0., 0, 0., 5, 0.28153153153153154, 0, 0., 0, 0., 274, 2028, 2302, 1776, 0.7715030408340573
, c:\Users\Me\CodeProjects\notes2tone\generated\gt\sample_000564.krn, c:\Users\Me\CodeProjects\notes2tone\generated\xml\sample_000564.xml, 0, 0., 167, 14.236999147485081, 0, 0., 28, 2.3870417732310316, 0, 0., 0, 0., 0, 0., 0, 0., 0, 0., 0, 0., 10, 0.8525149190110827, 0, 0., 0, 0., 0, 0., 4, 0.3410059676044331, 0, 0., 0, 0., 0, 0., 0, 0., 0, 0., 0, 0., 0, 0., 4, 0.3410059676044331, 0, 0., 0, 0., 0, 0., 0, 0., 0, 0., 0, 0., 0, 0., 0, 0., 0, 0., 955, 81.41517476555839, 0, 0., 0, 0., 0, 0., 5, 0.42625745950554134, 0, 0., 0, 0., 292, 1225, 1517, 1173, 0.7732366512854317
, c:\Users\Me\CodeProjects\notes2tone\generated\gt\sample_000107.krn, c:\Users\Me\CodeProjects\notes2tone\generated\xml\sample_000107.xml, 0, 0., 101, 11.662817551963048, 0, 0., 17, 1.9630484988452657, 0, 0., 0, 0., 0, 0., 0, 0., 0, 0., 0, 0., 7, 0.8083140877598153, 0, 0., 0, 0., 2, 0.23094688221709006, 4, 0.4618937644341801, 0, 0., 0, 0., 0, 0., 0, 0., 0, 0., 0, 0., 0, 0., 6, 0.6928406466512702, 0, 0., 0, 0., 0, 0., 0, 0., 0, 0., 0, 0., 0, 0., 0, 0., 0, 0., 724, 83.60277136258661, 0, 0., 0, 0., 0, 0., 5, 0.5773672055427251, 0, 0., 0, 0., 197, 922, 1119, 866, 0.77390527256479
, c:\Users\Me\CodeProjects\notes2tone\generated\gt\sample_000106.krn, c:\Users\Me\CodeProjects\notes2tone\generated\xml\sample_000106.xml, 0, 0., 0, 0., 2, 0.22857142857142856, 0, 0., 5, 0.5714285714285714, 0, 0., 0, 0., 0, 0., 0, 0., 1, 0.11428571428571428, 6, 0.6857142857142857, 0, 0., 0, 0., 0, 0., 4, 0.45714285714285713, 0, 0., 0, 0., 0, 0., 6, 0.6857142857142857, 2, 0.22857142857142856, 0, 0., 0, 0., 1, 0.11428571428571428, 0, 0., 0, 0., 0, 0., 0, 0., 0, 0., 0, 0., 0, 0., 0, 0., 0, 0., 843, 96.34285714285714, 0, 0., 0, 0., 0, 0., 5, 0.5714285714285714, 0, 0., 0, 0., 144, 983, 1127, 875, 0.7763975155279503
, c:\Users\Me\CodeProjects\notes2tone\generated\gt\sample_000375.krn, c:\Users\Me\CodeProjects\notes2tone\generated\xml\sample_000375.xml, 0, 0., 20, 1.3054830287206267, 0, 0., 3, 0.195822454308094, 0, 0., 0, 0., 0, 0., 0, 0., 0, 0., 0, 0., 0, 0., 0, 0., 0, 0., 0, 0., 0, 0., 0, 0., 0, 0., 0, 0., 0, 0., 1, 0.06527415143603134, 0, 0., 0, 0., 0, 0., 0, 0., 0, 0., 0, 0., 0, 0., 0, 0., 0, 0., 0, 0., 0, 0., 0, 0., 1503, 98.1070496083551, 0, 0., 0, 0., 0, 0., 5, 0.3263707571801567, 0, 0., 0, 0., 233, 1735, 1968, 1532, 0.7784552845528455
, c:\Users\Me\CodeProjects\notes2tone\generated\gt\sample_000283.krn, c:\Users\Me\CodeProjects\notes2tone\generated\xml\sample_000283.xml, 0, 0., 58, 5.395348837209302, 0, 0., 0, 0., 1, 0.09302325581395349, 0, 0., 0, 0., 0, 0., 0, 0., 0, 0., 2, 0.18604651162790697, 0, 0., 0, 0., 0, 0., 2, 0.18604651162790697, 0, 0., 0, 0., 0, 0., 0, 0., 2, 0.18604651162790697, 0, 0., 0, 0., 6, 0.5581395348837209, 0, 0., 0, 0., 0, 0., 0, 0., 0, 0., 0, 0., 0, 0., 0, 0., 0, 0., 999, 92.93023255813954, 0, 0., 0, 0., 0, 0., 5, 0.46511627906976744, 0, 0., 0, 0., 186, 1189, 1375, 1075, 0.7818181818181819
, c:\Users\Me\CodeProjects\notes2tone\generated\gt\sample_000308.krn, c:\Users\Me\CodeProjects\notes2tone\generated\xml\sample_000308.xml, 0, 0., 31, 5.486725663716814, 0, 0., 2, 0.35398230088495575, 3, 0.5309734513274337, 0, 0., 0, 0., 0, 0., 0, 0., 3, 0.5309734513274337, 8, 1.415929203539823, 0, 0., 0, 0., 0, 0., 0, 0., 0, 0., 0, 0., 0, 0., 0, 0., 0, 0., 0, 0., 0, 0., 13, 2.3008849557522124, 0, 0., 0, 0., 0, 0., 0, 0., 0, 0., 0, 0., 0, 0., 0, 0., 0, 0., 505, 89.38053097345133, 0, 0., 0, 0., 0, 0., 0, 0., 0, 0., 0, 0., 96, 626, 722, 565, 0.7825484764542936
, c:\Users\Me\CodeProjects\notes2tone\generated\gt\sample_000561.krn, c:\Users\Me\CodeProjects\notes2tone\generated\xml\sample_000561.xml, 0, 0., 125, 21.514629948364888, 0, 0., 6, 1.0327022375215147, 0, 0., 0, 0., 2, 0.3442340791738382, 0, 0., 0, 0., 0, 0., 4, 0.6884681583476764, 0, 0., 0, 0., 0, 0., 2, 0.3442340791738382, 3, 0.5163511187607573, 0, 0., 0, 0., 0, 0., 2, 0.3442340791738382, 1, 0.1721170395869191, 1, 0.1721170395869191, 5, 0.8605851979345955, 0, 0., 0, 0., 0, 0., 0, 0., 0, 0., 0, 0., 0, 0., 0, 0., 0, 0., 425, 73.14974182444062, 0, 0., 0, 0., 0, 0., 5, 0.8605851979345955, 0, 0., 0, 0., 164, 576, 740, 581, 0.7851351351351351
, c:\Users\Me\CodeProjects\notes2tone\generated\gt\sample_000445.krn, c:\Users\Me\CodeProjects\notes2tone\generated\xml\sample_000445.xml, 0, 0., 152, 12.947189097103918, 0, 0., 22, 1.8739352640545144, 0, 0., 0, 0., 0, 0., 0, 0., 0, 0., 0, 0., 7, 0.596252129471891, 1, 0.08517887563884156, 0, 0., 0, 0., 4, 0.34071550255536626, 0, 0., 0, 0., 0, 0., 10, 0.8517887563884157, 2, 0.17035775127768313, 0, 0., 0, 0., 6, 0.5110732538330494, 0, 0., 0, 0., 0, 0., 0, 0., 0, 0., 0, 0., 0, 0., 0, 0., 0, 0., 965, 82.19761499148211, 0, 0., 0, 0., 0, 0., 5, 0.42589437819420783, 0, 0., 0, 0., 274, 1220, 1494, 1174, 0.785809906291834
, c:\Users\Me\CodeProjects\notes2tone\generated\gt\sample_000144.krn, c:\Users\Me\CodeProjects\notes2tone\generated\xml\sample_000144.xml, 0, 0., 58, 23.10756972111554, 6, 2.3904382470119523, 3, 1.1952191235059761, 0, 0., 0, 0., 0, 0., 0, 0., 0, 0., 2, 0.796812749003984, 0, 0., 0, 0., 0, 0., 0, 0., 0, 0., 1, 0.398406374501992, 0, 0., 0, 0., 0, 0., 0, 0., 0, 0., 0, 0., 10, 3.9840637450199203, 0, 0., 0, 0., 0, 0., 0, 0., 0, 0., 0, 0., 0, 0., 0, 0., 0, 0., 171, 68.12749003984064, 0, 0., 0, 0., 0, 0., 0, 0., 0, 0., 0, 0., 57, 262, 319, 251, 0.786833855799373
, c:\Users\Me\CodeProjects\notes2tone\generated\gt\sample_000174.krn, c:\Users\Me\CodeProjects\notes2tone\generated\xml\sample_000174.xml, 0, 0., 117, 10.209424083769633, 0, 0., 14, 1.2216404886561956, 1, 0.08726003490401396, 0, 0., 7, 0.6108202443280978, 0, 0., 0, 0., 0, 0., 6, 0.5235602094240838, 0, 0., 0, 0., 0, 0., 4, 0.34904013961605584, 6, 0.5235602094240838, 0, 0., 0, 0., 0, 0., 2, 0.17452006980802792, 0, 0., 0, 0., 11, 0.9598603839441536, 0, 0., 0, 0., 0, 0., 0, 0., 0, 0., 0, 0., 0, 0., 0, 0., 0, 0., 973, 84.90401396160559, 0, 0., 0, 0., 0, 0., 5, 0.4363001745200698, 0, 0., 0, 0., 254, 1202, 1456, 1146, 0.7870879120879121
, c:\Users\Me\CodeProjects\notes2tone\generated\gt\sample_000442.krn, c:\Users\Me\CodeProjects\notes2tone\generated\xml\sample_000442.xml, 0, 0., 60, 7.575757575757576, 0, 0., 1, 0.12626262626262627, 2, 0.25252525252525254, 0, 0., 0, 0., 0, 0., 0, 0., 0, 0., 2, 0.25252525252525254, 2, 0.25252525252525254, 0, 0., 1, 0.12626262626262627, 4, 0.5050505050505051, 2, 0.25252525252525254, 0, 0., 0, 0., 0, 0., 3, 0.3787878787878788, 0, 0., 1, 0.12626262626262627, 7, 0.8838383838383839, 0, 0., 0, 0., 0, 0., 0, 0., 0, 0., 0, 0., 0, 0., 0, 0., 0, 0., 702, 88.63636363636364, 0, 0., 0, 0., 0, 0., 5, 0.6313131313131313, 0, 0., 0, 0., 154, 840, 994, 792, 0.7967806841046278
, c:\Users\Me\CodeProjects\notes2tone\generated\gt\sample_000411.krn, c:\Users\Me\CodeProjects\notes2tone\generated\xml\sample_000411.xml, 0, 0., 126, 7.6225045372050815, 0, 0., 8, 0.4839685420447671, 0, 0., 0, 0., 1, 0.060496067755595885, 0, 0., 0, 0., 0, 0., 2, 0.12099213551119177, 2, 0.12099213551119177, 0, 0., 1, 0.060496067755595885, 4, 0.24198427102238354, 2, 0.12099213551119177, 0, 0., 0, 0., 0, 0., 0, 0., 0, 0., 0, 0., 4, 0.24198427102238354, 0, 0., 0, 0., 0, 0., 0, 0., 0, 0., 0, 0., 0, 0., 0, 0., 0, 0., 1498, 90.62310949788264, 0, 0., 0, 0., 0, 0., 5, 0.3024803387779794, 0, 0., 0, 0., 282, 1786, 2068, 1653, 0.7993230174081238
, c:\Users\Me\CodeProjects\notes2tone\generated\gt\sample_000165.krn, c:\Users\Me\CodeProjects\notes2tone\generated\xml\sample_000165.xml, 0, 0., 181, 11.298377028714107, 0, 0., 4, 0.24968789013732834, 0, 0., 0, 0., 0, 0., 0, 0., 0, 0., 0, 0., 0, 0., 0, 0., 0, 0., 0, 0., 4, 0.24968789013732834, 8, 0.4993757802746567, 0, 0., 0, 0., 0, 0., 1, 0.062421972534332085, 0, 0., 0, 0., 0, 0., 0, 0., 0, 0., 0, 0., 0, 0., 0, 0., 0, 0., 0, 0., 0, 0., 0, 0., 1399, 87.32833957553059, 0, 0., 0, 0., 0, 0., 5, 0.3121098626716604, 0, 0., 0, 0., 310, 1692, 2002, 1602, 0.8001998001998002
, c:\Users\Me\CodeProjects\notes2tone\generated\gt\sample_000216.krn, c:\Users\Me\CodeProjects\notes2tone\generated\xml\sample_000216.xml, 0, 0., 71, 8.372641509433961, 0, 0., 3, 0.35377358490566035, 2, 0.2358490566037736, 0, 0., 0, 0., 0, 0., 0, 0., 0, 0., 9, 1.0613207547169812, 0, 0., 0, 0., 0, 0., 4, 0.4716981132075472, 0, 0., 0, 0., 1, 0.1179245283018868, 0, 0., 1, 0.1179245283018868, 0, 0., 0, 0., 5, 0.589622641509434, 0, 0., 0, 0., 0, 0., 0, 0., 0, 0., 0, 0., 0, 0., 0, 0., 0, 0., 747, 88.08962264150944, 0, 0., 0, 0., 0, 0., 5, 0.589622641509434, 0, 0., 0, 0., 146, 912, 1058, 848, 0.8015122873345936
, c:\Users\Me\CodeProjects\notes2tone\generated\gt\sample_000662.krn, c:\Users\Me\CodeProjects\notes2tone\generated\xml\sample_000662.xml, 0, 0., 108, 21.25984251968504, 2, 0.3937007874015748, 7, 1.3779527559055118, 0, 0., 0, 0., 0, 0., 0, 0., 0, 0., 1, 0.1968503937007874, 2, 0.3937007874015748, 0, 0., 0, 0., 0, 0., 2, 0.3937007874015748, 0, 0., 0, 0., 0, 0., 0, 0., 1, 0.1968503937007874, 0, 0., 0, 0., 11, 2.1653543307086616, 0, 0., 0, 0., 0, 0., 0, 0., 0, 0., 0, 0., 0, 0., 0, 0., 0, 0., 369, 72.63779527559055, 0, 0., 0, 0., 0, 0., 5, 0.984251968503937, 0, 0., 0, 0., 125, 507, 632, 508, 0.8037974683544303
, c:\Users\Me\CodeProjects\notes2tone\generated\gt\sample_000177.krn, c:\Users\Me\CodeProjects\notes2tone\generated\xml\sample_000177.xml, 0, 0., 70, 4.536616979909268, 0, 0., 7, 0.45366169799092676, 1, 0.06480881399870382, 0, 0., 0, 0., 0, 0., 0, 0., 0, 0., 1, 0.06480881399870382, 0, 0., 0, 0., 0, 0., 4, 0.2592352559948153, 0, 0., 0, 0., 0, 0., 0, 0., 1, 0.06480881399870382, 0, 0., 0, 0., 5, 0.32404406999351915, 0, 0., 0, 0., 0, 0., 0, 0., 0, 0., 0, 0., 0, 0., 0, 0., 0, 0., 1449, 93.90797148412184, 0, 0., 0, 0., 0, 0., 5, 0.32404406999351915, 0, 0., 0, 0., 232, 1686, 1918, 1543, 0.8044838373305526
, c:\Users\Me\CodeProjects\notes2tone\generated\gt\sample_000346.krn, c:\Users\Me\CodeProjects\notes2tone\generated\xml\sample_000346.xml, 0, 0., 0, 0., 0, 0., 0, 0., 0, 0., 0, 0., 0, 0., 0, 0., 0, 0., 1, 0.052083333333333336, 1, 0.052083333333333336, 1, 0.052083333333333336, 0, 0., 0, 0., 0, 0., 1, 0.052083333333333336, 0, 0., 0, 0., 0, 0., 0, 0., 0, 0., 0, 0., 2, 0.10416666666666667, 0, 0., 0, 0., 0, 0., 0, 0., 0, 0., 0, 0., 0, 0., 0, 0., 0, 0., 1914, 99.6875, 0, 0., 0, 0., 0, 0., 0, 0., 0, 0., 0, 0., 234, 2148, 2382, 1920, 0.8060453400503779
, c:\Users\Me\CodeProjects\notes2tone\generated\gt\sample_000175.krn, c:\Users\Me\CodeProjects\notes2tone\generated\xml\sample_000175.xml, 0, 0., 8, 0.704225352112676, 0, 0., 1, 0.0880281690140845, 0, 0., 0, 0., 0, 0., 0, 0., 0, 0., 0, 0., 0, 0., 0, 0., 0, 0., 0, 0., 0, 0., 0, 0., 0, 0., 2, 0.176056338028169, 0, 0., 4, 0.352112676056338, 0, 0., 0, 0., 3, 0.2640845070422535, 0, 0., 0, 0., 0, 0., 0, 0., 0, 0., 0, 0., 0, 0., 0, 0., 0, 0., 1113, 97.97535211267606, 0, 0., 0, 0., 0, 0., 5, 0.44014084507042256, 0, 0., 0, 0., 166, 1243, 1409, 1136, 0.8062455642299503
, c:\Users\Me\CodeProjects\notes2tone\generated\gt\sample_000355.krn, c:\Users\Me\CodeProjects\notes2tone\generated\xml\sample_000355.xml, 0, 0., 110, 10.49618320610687, 0, 0., 2, 0.19083969465648856, 0, 0., 0, 0., 1, 0.09541984732824428, 0, 0., 0, 0., 3, 0.2862595419847328, 0, 0., 0, 0., 0, 0., 1, 0.09541984732824428, 2, 0.19083969465648856, 1, 0.09541984732824428, 0, 0., 2, 0.19083969465648856, 0, 0., 0, 0., 0, 0., 0, 0., 2, 0.19083969465648856, 0, 0., 0, 0., 0, 0., 0, 0., 0, 0., 0, 0., 0, 0., 0, 0., 0, 0., 924, 88.16793893129771, 0, 0., 0, 0., 0, 0., 0, 0., 0, 0., 0, 0., 320, 978, 1298, 1048, 0.8073959938366718
, c:\Users\Me\CodeProjects\notes2tone\generated\gt\sample_000281.krn, c:\Users\Me\CodeProjects\notes2tone\generated\xml\sample_000281.xml, 0, 0., 80, 9.422850412249705, 0, 0., 0, 0., 0, 0., 0, 0., 2, 0.23557126030624265, 0, 0., 0, 0., 0, 0., 8, 0.9422850412249706, 0, 0., 0, 0., 2, 0.23557126030624265, 0, 0., 0, 0., 0, 0., 0, 0., 0, 0., 4, 0.4711425206124853, 0, 0., 0, 0., 10, 1.1778563015312131, 0, 0., 0, 0., 0, 0., 0, 0., 0, 0., 0, 0., 0, 0., 0, 0., 0, 0., 738, 86.92579505300354, 0, 0., 0, 0., 0, 0., 5, 0.5889281507656066, 0, 0., 0, 0., 163, 888, 1051, 849, 0.807802093244529
, c:\Users\Me\CodeProjects\notes2tone\generated\gt\sample_000664.krn, c:\Users\Me\CodeProjects\notes2tone\generated\xml\sample_000664.xml, 0, 0., 47, 6.841339155749636, 0, 0., 0, 0., 0, 0., 0, 0., 0, 0., 0, 0., 0, 0., 1, 0.14556040756914118, 6, 0.8733624454148472, 0, 0., 0, 0., 2, 0.29112081513828236, 2, 0.29112081513828236, 0, 0., 0, 0., 0, 0., 0, 0., 1, 0.14556040756914118, 0, 0., 1, 0.14556040756914118, 4, 0.5822416302765647, 0, 0., 0, 0., 0, 0., 0, 0., 0, 0., 0, 0., 0, 0., 0, 0., 0, 0., 618, 89.95633187772926, 0, 0., 0, 0., 0, 0., 5, 0.727802037845706, 0, 0., 0, 0., 130, 720, 850, 687, 0.808235294117647
, c:\Users\Me\CodeProjects\notes2tone\generated\gt\sample_000055.krn, c:\Users\Me\CodeProjects\notes2tone\generated\xml\sample_000055.xml, 0, 0., 55, 5.920344456404736, 0, 0., 7, 0.7534983853606028, 0, 0., 2, 0.21528525296017223, 1, 0.10764262648008611, 0, 0., 0, 0., 1, 0.10764262648008611, 0, 0., 0, 0., 0, 0., 0, 0., 4, 0.43057050592034446, 0, 0., 0, 0., 0, 0., 7, 0.7534983853606028, 2, 0.21528525296017223, 0, 0., 0, 0., 7, 0.7534983853606028, 0, 0., 0, 0., 0, 0., 0, 0., 0, 0., 0, 0., 0, 0., 0, 0., 0, 0., 838, 90.20452099031216, 0, 0., 0, 0., 0, 0., 5, 0.5382131324004306, 0, 0., 0, 0., 174, 972, 1146, 929, 0.8106457242582897
, c:\Users\Me\CodeProjects\notes2tone\generated\gt\sample_000247.krn, c:\Users\Me\CodeProjects\notes2tone\generated\xml\sample_000247.xml, 0, 0., 32, 3.6488027366020526, 0, 0., 2, 0.22805017103762829, 1, 0.11402508551881414, 0, 0., 0, 0., 0, 0., 0, 0., 0, 0., 1, 0.11402508551881414, 0, 0., 0, 0., 0, 0., 0, 0., 2, 0.22805017103762829, 0, 0., 0, 0., 0, 0., 0, 0., 0, 0., 0, 0., 3, 0.34207525655644244, 0, 0., 0, 0., 0, 0., 0, 0., 0, 0., 0, 0., 0, 0., 0, 0., 0, 0., 836, 95.32497149372863, 0, 0., 0, 0., 0, 0., 0, 0., 0, 0., 0, 0., 220, 852, 1072, 877, 0.8180970149253731
, c:\Users\Me\CodeProjects\notes2tone\generated\gt\sample_000621.krn, c:\Users\Me\CodeProjects\notes2tone\generated\xml\sample_000621.xml, 0, 0., 86, 6.480783722682743, 2, 0.15071590052750566, 5, 0.37678975131876413, 1, 0.07535795026375283, 0, 0., 0, 0., 0, 0., 0, 0., 0, 0., 0, 0., 0, 0., 0, 0., 0, 0., 0, 0., 0, 0., 0, 0., 0, 0., 0, 0., 0, 0., 0, 0., 0, 0., 11, 0.8289374529012811, 0, 0., 0, 0., 0, 0., 0, 0., 0, 0., 0, 0., 0, 0., 0, 0., 0, 0., 1222, 92.08741522230595, 0, 0., 0, 0., 0, 0., 0, 0., 0, 0., 0, 0., 188, 1432, 1620, 1327, 0.8191358024691358
, c:\Users\Me\CodeProjects\notes2tone\generated\gt\sample_000020.krn, c:\Users\Me\CodeProjects\notes2tone\generated\xml\sample_000020.xml, 0, 0., 0, 0., 0, 0., 0, 0., 0, 0., 0, 0., 0, 0., 0, 0., 0, 0., 1, 0.06297229219143577, 7, 0.44080604534005036, 0, 0., 0, 0., 0, 0., 0, 0., 1, 0.06297229219143577, 0, 0., 0, 0., 0, 0., 0, 0., 0, 0., 0, 0., 15, 0.9445843828715366, 0, 0., 0, 0., 0, 0., 0, 0., 0, 0., 0, 0., 0, 0., 0, 0., 0, 0., 1564, 98.48866498740554, 0, 0., 0, 0., 0, 0., 0, 0., 0, 0., 0, 0., 178, 1756, 1934, 1588, 0.8210961737331954
, c:\Users\Me\CodeProjects\notes2tone\generated\gt\sample_000503.krn, c:\Users\Me\CodeProjects\notes2tone\generated\xml\sample_000503.xml, 0, 0., 60, 6.109979633401222, 0, 0., 0, 0., 0, 0., 2, 0.20366598778004075, 1, 0.10183299389002037, 0, 0., 0, 0., 0, 0., 2, 0.20366598778004075, 1, 0.10183299389002037, 0, 0., 0, 0., 4, 0.4073319755600815, 0, 0., 0, 0., 0, 0., 0, 0., 4, 0.4073319755600815, 0, 0., 0, 0., 2, 0.20366598778004075, 0, 0., 0, 0., 0, 0., 0, 0., 0, 0., 0, 0., 0, 0., 0, 0., 0, 0., 901, 91.75152749490834, 0, 0., 0, 0., 0, 0., 5, 0.5091649694501018, 0, 0., 0, 0., 184, 1010, 1194, 982, 0.8224455611390284
, c:\Users\Me\CodeProjects\notes2tone\generated\gt\sample_000485.krn, c:\Users\Me\CodeProjects\notes2tone\generated\xml\sample_000485.xml, 0, 0., 79, 9.729064039408867, 0, 0., 2, 0.24630541871921183, 0, 0., 0, 0., 0, 0., 0, 0., 0, 0., 0, 0., 4, 0.49261083743842365, 1, 0.12315270935960591, 0, 0., 1, 0.12315270935960591, 4, 0.49261083743842365, 2, 0.24630541871921183, 0, 0., 0, 0., 0, 0., 0, 0., 0, 0., 0, 0., 2, 0.24630541871921183, 0, 0., 0, 0., 0, 0., 0, 0., 0, 0., 0, 0., 0, 0., 0, 0., 0, 0., 712, 87.6847290640394, 0, 0., 0, 0., 0, 0., 5, 0.6157635467980296, 0, 0., 0, 0., 134, 849, 983, 812, 0.8260427263479145
, c:\Users\Me\CodeProjects\notes2tone\generated\gt\sample_000353.krn, c:\Users\Me\CodeProjects\notes2tone\generated\xml\sample_000353.xml, 0, 0., 0, 0., 0, 0., 0, 0., 0, 0., 0, 0., 0, 0., 0, 0., 0, 0., 0, 0., 1, 0.05243838489774515, 0, 0., 0, 0., 0, 0., 0, 0., 0, 0., 0, 0., 0, 0., 0, 0., 0, 0., 0, 0., 0, 0., 6, 0.3146303093864709, 0, 0., 0, 0., 0, 0., 0, 0., 0, 0., 0, 0., 0, 0., 0, 0., 0, 0., 1900, 99.63293130571579, 0, 0., 0, 0., 0, 0., 0, 0., 0, 0., 0, 0., 198, 2105, 2303, 1907, 0.8280503690838037
, c:\Users\Me\CodeProjects\notes2tone\generated\gt\sample_000056.krn, c:\Users\Me\CodeProjects\notes2tone\generated\xml\sample_000056.xml, 0, 0., 131, 14.37980241492865, 0, 0., 13, 1.4270032930845225, 2, 0.21953896816684962, 0, 0., 1, 0.10976948408342481, 0, 0., 0, 0., 1, 0.10976948408342481, 8, 0.8781558726673985, 0, 0., 0, 0., 0, 0., 4, 0.43907793633369924, 0, 0., 0, 0., 0, 0., 0, 0., 3, 0.32930845225027444, 0, 0., 0, 0., 10, 1.0976948408342482, 0, 0., 0, 0., 0, 0., 0, 0., 0, 0., 0, 0., 0, 0., 0, 0., 0, 0., 733, 80.46103183315039, 0, 0., 0, 0., 0, 0., 5, 0.5488474204171241, 0, 0., 0, 0., 191, 907, 1098, 911, 0.8296903460837887
, c:\Users\Me\CodeProjects\notes2tone\generated\gt\sample_000191.krn, c:\Users\Me\CodeProjects\notes2tone\generated\xml\sample_000191.xml, 0, 0., 103, 17.224080267558527, 0, 0., 5, 0.8361204013377926, 1, 0.16722408026755853, 0, 0., 2, 0.33444816053511706, 0, 0., 0, 0., 0, 0., 0, 0., 0, 0., 0, 0., 2, 0.33444816053511706, 0, 0., 0, 0., 0, 0., 0, 0., 0, 0., 0, 0., 0, 0., 0, 0., 5, 0.8361204013377926, 0, 0., 0, 0., 0, 0., 0, 0., 0, 0., 0, 0., 0, 0., 0, 0., 0, 0., 480, 80.2675585284281, 0, 0., 0, 0., 0, 0., 0, 0., 0, 0., 0, 0., 191, 526, 717, 598, 0.8340306834030683
, c:\Users\Me\CodeProjects\notes2tone\generated\gt\sample_000164.krn, c:\Users\Me\CodeProjects\notes2tone\generated\xml\sample_000164.xml, 0, 0., 202, 13.151041666666666, 0, 0., 8, 0.5208333333333334, 0, 0., 2, 0.13020833333333334, 0, 0., 0, 0., 0, 0., 2, 0.13020833333333334, 5, 0.3255208333333333, 0, 0., 0, 0., 1, 0.06510416666666667, 0, 0., 2, 0.13020833333333334, 0, 0., 0, 0., 0, 0., 0, 0., 0, 0., 0, 0., 4, 0.2604166666666667, 0, 0., 0, 0., 0, 0., 0, 0., 0, 0., 0, 0., 0, 0., 0, 0., 0, 0., 1305, 84.9609375, 0, 0., 0, 0., 0, 0., 5, 0.3255208333333333, 0, 0., 0, 0., 279, 1560, 1839, 1536, 0.835236541598695
, c:\Users\Me\CodeProjects\notes2tone\generated\gt\sample_000024.krn, c:\Users\Me\CodeProjects\notes2tone\generated\xml\sample_000024.xml, 0, 0., 260, 11.514614703277237, 0, 0., 36, 1.5943312666076173, 12, 0.5314437555358724, 0, 0., 3, 0.1328609388839681, 0, 0., 0, 0., 10, 0.4428697962798937, 1, 0.04428697962798937, 0, 0., 0, 0., 0, 0., 2, 0.08857395925597875, 0, 0., 0, 0., 4, 0.1771479185119575, 0, 0., 0, 0., 0, 0., 0, 0., 3, 0.1328609388839681, 0, 0., 0, 0., 0, 0., 0, 0., 3, 0.1328609388839681, 0, 0., 0, 0., 0, 0., 0, 0., 1919, 84.9867139061116, 0, 0., 0, 0., 0, 0., 5, 0.22143489813994685, 0, 0., 0, 0., 433, 2269, 2702, 2258, 0.8356772760917839
, c:\Users\Me\CodeProjects\notes2tone\generated\gt\sample_000318.krn, c:\Users\Me\CodeProjects\notes2tone\generated\xml\sample_000318.xml, 0, 0., 5, 0.2638522427440633, 0, 0., 1, 0.052770448548812667, 0, 0., 0, 0., 0, 0., 0, 0., 0, 0., 0, 0., 0, 0., 0, 0., 0, 0., 0, 0., 0, 0., 0, 0., 0, 0., 3, 0.158311345646438, 0, 0., 0, 0., 0, 0., 0, 0., 7, 0.36939313984168864, 0, 0., 0, 0., 0, 0., 0, 0., 0, 0., 0, 0., 0, 0., 0, 0., 0, 0., 1879, 99.15567282321899, 0, 0., 0, 0., 0, 0., 0, 0., 0, 0., 0, 0., 192, 2074, 2266, 1895, 0.8362753751103266
, c:\Users\Me\CodeProjects\notes2tone\generated\gt\sample_000488.krn, c:\Users\Me\CodeProjects\notes2tone\generated\xml\sample_000488.xml, 0, 0., 128, 17.72853185595568, 0, 0., 8, 1.10803324099723, 1, 0.13850415512465375, 0, 0., 0, 0., 0, 0., 0, 0., 0, 0., 0, 0., 0, 0., 0, 0., 1, 0.13850415512465375, 4, 0.554016620498615, 2, 0.2770083102493075, 0, 0., 2, 0.2770083102493075, 5, 0.6925207756232687, 1, 0.13850415512465375, 0, 0., 0, 0., 4, 0.554016620498615, 0, 0., 0, 0., 0, 0., 0, 0., 0, 0., 0, 0., 0, 0., 0, 0., 0, 0., 561, 77.70083102493075, 0, 0., 0, 0., 0, 0., 5, 0.6925207756232687, 0, 0., 0, 0., 166, 697, 863, 722, 0.8366164542294322
, c:\Users\Me\CodeProjects\notes2tone\generated\gt\sample_000487.krn, c:\Users\Me\CodeProjects\notes2tone\generated\xml\sample_000487.xml, 0, 0., 91, 12.762973352033661, 0, 0., 3, 0.42075736325385693, 0, 0., 0, 0., 1, 0.1402524544179523, 0, 0., 0, 0., 0, 0., 4, 0.5610098176718092, 0, 0., 0, 0., 2, 0.2805049088359046, 4, 0.5610098176718092, 0, 0., 0, 0., 0, 0., 0, 0., 2, 0.2805049088359046, 0, 0., 0, 0., 4, 0.5610098176718092, 0, 0., 0, 0., 0, 0., 0, 0., 0, 0., 0, 0., 0, 0., 0, 0., 0, 0., 597, 83.73071528751753, 0, 0., 0, 0., 0, 0., 5, 0.7012622720897616, 0, 0., 0, 0., 128, 723, 851, 713, 0.8378378378378378
, c:\Users\Me\CodeProjects\notes2tone\generated\gt\sample_000312.krn, c:\Users\Me\CodeProjects\notes2tone\generated\xml\sample_000312.xml, 0, 0., 149, 19.300518134715027, 0, 0., 2, 0.25906735751295334, 2, 0.25906735751295334, 0, 0., 1, 0.12953367875647667, 0, 0., 0, 0., 0, 0., 0, 0., 0, 0., 0, 0., 0, 0., 0, 0., 0, 0., 0, 0., 0, 0., 0, 0., 0, 0., 0, 0., 0, 0., 9, 1.16580310880829, 0, 0., 0, 0., 0, 0., 0, 0., 0, 0., 0, 0., 0, 0., 0, 0., 0, 0., 609, 78.88601036269431, 0, 0., 0, 0., 0, 0., 0, 0., 0, 0., 0, 0., 214, 707, 921, 772, 0.8382193268186754
, c:\Users\Me\CodeProjects\notes2tone\generated\gt\sample_000403.krn, c:\Users\Me\CodeProjects\notes2tone\generated\xml\sample_000403.xml, 0, 0., 0, 0., 0, 0., 0, 0., 0, 0., 0, 0., 4, 0.21505376344086022, 0, 0., 0, 0., 0, 0., 2, 0.10752688172043011, 0, 0., 0, 0., 0, 0., 0, 0., 1, 0.053763440860215055, 0, 0., 0, 0., 0, 0., 0, 0., 0, 0., 0, 0., 16, 0.8602150537634409, 0, 0., 0, 0., 0, 0., 0, 0., 0, 0., 0, 0., 0, 0., 0, 0., 0, 0., 1837, 98.76344086021506, 0, 0., 0, 0., 0, 0., 0, 0., 0, 0., 0, 0., 181, 2034, 2215, 1860, 0.8397291196388262
, c:\Users\Me\CodeProjects\notes2tone\generated\gt\sample_000629.krn, c:\Users\Me\CodeProjects\notes2tone\generated\xml\sample_000629.xml, 0, 0., 46, 2.866043613707165, 0, 0., 3, 0.18691588785046728, 0, 0., 0, 0., 2, 0.12461059190031153, 0, 0., 0, 0., 3, 0.18691588785046728, 4, 0.24922118380062305, 1, 0.06230529595015576, 0, 0., 0, 0., 0, 0., 0, 0., 0, 0., 0, 0., 0, 0., 0, 0., 0, 0., 0, 0., 19, 1.1838006230529594, 0, 0., 0, 0., 0, 0., 0, 0., 0, 0., 0, 0., 0, 0., 0, 0., 0, 0., 1527, 95.14018691588785, 0, 0., 0, 0., 0, 0., 0, 0., 0, 0., 0, 0., 180, 1723, 1903, 1605, 0.8434051497635313
, c:\Users\Me\CodeProjects\notes2tone\generated\gt\sample_000173.krn, c:\Users\Me\CodeProjects\notes2tone\generated\xml\sample_000173.xml, 0, 0., 20, 1.733102253032929, 2, 0.1733102253032929, 0, 0., 1, 0.08665511265164645, 0, 0., 0, 0., 0, 0., 0, 0., 1, 0.08665511265164645, 7, 0.6065857885615251, 0, 0., 0, 0., 0, 0., 4, 0.3466204506065858, 2, 0.1733102253032929, 0, 0., 0, 0., 0, 0., 1, 0.08665511265164645, 0, 0., 0, 0., 2, 0.1733102253032929, 0, 0., 0, 0., 0, 0., 0, 0., 0, 0., 0, 0., 0, 0., 0, 0., 0, 0., 1109, 96.10051993067592, 0, 0., 0, 0., 0, 0., 5, 0.43327556325823224, 0, 0., 0, 0., 125, 1243, 1368, 1154, 0.8435672514619883
, c:\Users\Me\CodeProjects\notes2tone\generated\gt\sample_000559.krn, c:\Users\Me\CodeProjects\notes2tone\generated\xml\sample_000559.xml, 0, 0., 58, 3.1746031746031744, 0, 0., 1, 0.05473453749315818, 1, 0.05473453749315818, 0, 0., 0, 0., 0, 0., 0, 0., 0, 0., 3, 0.16420361247947454, 0, 0., 0, 0., 0, 0., 0, 0., 0, 0., 0, 0., 0, 0., 0, 0., 0, 0., 0, 0., 0, 0., 10, 0.5473453749315819, 0, 0., 0, 0., 0, 0., 0, 0., 0, 0., 0, 0., 0, 0., 0, 0., 0, 0., 1754, 96.00437876299945, 0, 0., 0, 0., 0, 0., 0, 0., 0, 0., 0, 0., 218, 1947, 2165, 1827, 0.8438799076212471
, c:\Users\Me\CodeProjects\notes2tone\generated\gt\sample_000003.krn, c:\Users\Me\CodeProjects\notes2tone\generated\xml\sample_000003.xml, 0, 0., 62, 3.304904051172708, 0, 0., 4, 0.21321961620469082, 0, 0., 0, 0., 0, 0., 0, 0., 0, 0., 1, 0.053304904051172705, 0, 0., 0, 0., 0, 0., 0, 0., 0, 0., 0, 0., 0, 0., 0, 0., 0, 0., 0, 0., 0, 0., 0, 0., 6, 0.31982942430703626, 0, 0., 0, 0., 0, 0., 0, 0., 0, 0., 0, 0., 0, 0., 0, 0., 0, 0., 1803, 96.10874200426439, 0, 0., 0, 0., 0, 0., 0, 0., 0, 0., 0, 0., 232, 1989, 2221, 1876, 0.8446645655110311
, c:\Users\Me\CodeProjects\notes2tone\generated\gt\sample_000661.krn, c:\Users\Me\CodeProjects\notes2tone\generated\xml\sample_000661.xml, 0, 0., 149, 24.42622950819672, 0, 0., 6, 0.9836065573770492, 0, 0., 0, 0., 1, 0.16393442622950818, 0, 0., 0, 0., 0, 0., 3, 0.4918032786885246, 0, 0., 0, 0., 2, 0.32786885245901637, 2, 0.32786885245901637, 0, 0., 0, 0., 0, 0., 0, 0., 1, 0.16393442622950818, 0, 0., 0, 0., 9, 1.4754098360655739, 0, 0., 0, 0., 0, 0., 0, 0., 0, 0., 0, 0., 0, 0., 0, 0., 0, 0., 432, 70.81967213114754, 0, 0., 0, 0., 0, 0., 5, 0.819672131147541, 0, 0., 0, 0., 147, 575, 722, 610, 0.8448753462603878
, c:\Users\Me\CodeProjects\notes2tone\generated\gt\sample_000504.krn, c:\Users\Me\CodeProjects\notes2tone\generated\xml\sample_000504.xml, 0, 0., 52, 5.033881897386253, 0, 0., 0, 0., 9, 0.8712487899322362, 0, 0., 1, 0.0968054211035818, 0, 0., 0, 0., 0, 0., 3, 0.2904162633107454, 0, 0., 0, 0., 1, 0.0968054211035818, 4, 0.3872216844143272, 0, 0., 0, 0., 0, 0., 0, 0., 1, 0.0968054211035818, 1, 0.0968054211035818, 0, 0., 4, 0.3872216844143272, 0, 0., 0, 0., 0, 0., 0, 0., 3, 0.2904162633107454, 0, 0., 0, 0., 0, 0., 0, 0., 949, 91.86834462729912, 0, 0., 0, 0., 0, 0., 5, 0.484027105517909, 0, 0., 0, 0., 161, 1060, 1221, 1033, 0.846027846027846
, c:\Users\Me\CodeProjects\notes2tone\generated\gt\sample_000236.krn, c:\Users\Me\CodeProjects\notes2tone\generated\xml\sample_000236.xml, 0, 0., 237, 17.542561065877127, 4, 0.29607698001480387, 12, 0.8882309400444115, 3, 0.22205773501110287, 0, 0., 1, 0.07401924500370097, 0, 0., 0, 0., 0, 0., 0, 0., 0, 0., 0, 0., 0, 0., 4, 0.29607698001480387, 0, 0., 0, 0., 0, 0., 0, 0., 5, 0.3700962250185048, 0, 0., 0, 0., 32, 2.368615840118431, 0, 0., 0, 0., 0, 0., 0, 0., 0, 0., 0, 0., 0, 0., 0, 0., 0, 0., 1048, 77.57216876387861, 0, 0., 0, 0., 0, 0., 5, 0.3700962250185048, 0, 0., 0, 0., 287, 1309, 1596, 1351, 0.8464912280701754
, c:\Users\Me\CodeProjects\notes2tone\generated\gt\sample_000660.krn, c:\Users\Me\CodeProjects\notes2tone\generated\xml\sample_000660.xml, 0, 0., 37, 8.277404921700224, 0, 0., 3, 0.6711409395973155, 0, 0., 0, 0., 0, 0., 0, 0., 0, 0., 0, 0., 3, 0.6711409395973155, 0, 0., 0, 0., 0, 0., 0, 0., 0, 0., 0, 0., 0, 0., 0, 0., 3, 0.6711409395973155, 0, 0., 0, 0., 4, 0.8948545861297539, 0, 0., 0, 0., 0, 0., 0, 0., 0, 0., 0, 0., 0, 0., 0, 0., 0, 0., 392, 87.69574944071589, 0, 0., 0, 0., 0, 0., 5, 1.1185682326621924, 0, 0., 0, 0., 72, 456, 528, 447, 0.8465909090909091
, c:\Users\Me\CodeProjects\notes2tone\generated\gt\sample_000108.krn, c:\Users\Me\CodeProjects\notes2tone\generated\xml\sample_000108.xml, 0, 0., 179, 15.042016806722689, 0, 0., 10, 0.8403361344537815, 0, 0., 2, 0.16806722689075632, 5, 0.42016806722689076, 0, 0., 0, 0., 0, 0., 6, 0.5042016806722689, 2, 0.16806722689075632, 0, 0., 2, 0.16806722689075632, 4, 0.33613445378151263, 3, 0.25210084033613445, 0, 0., 0, 0., 0, 0., 1, 0.08403361344537816, 0, 0., 0, 0., 11, 0.9243697478991597, 0, 0., 0, 0., 0, 0., 0, 0., 0, 0., 0, 0., 0, 0., 0, 0., 0, 0., 960, 80.67226890756302, 0, 0., 0, 0., 0, 0., 5, 0.42016806722689076, 0, 0., 0, 0., 236, 1165, 1401, 1190, 0.8493932905067809
, c:\Users\Me\CodeProjects\notes2tone\generated\gt\sample_000502.krn, c:\Users\Me\CodeProjects\notes2tone\generated\xml\sample_000502.xml, 0, 0., 117, 13.0, 4, 0.4444444444444444, 4, 0.4444444444444444, 6, 0.6666666666666666, 0, 0., 4, 0.4444444444444444, 0, 0., 0, 0., 0, 0., 0, 0., 0, 0., 0, 0., 1, 0.1111111111111111, 4, 0.4444444444444444, 0, 0., 0, 0., 0, 0., 0, 0., 4, 0.4444444444444444, 0, 0., 0, 0., 2, 0.2222222222222222, 0, 0., 0, 0., 0, 0., 0, 0., 0, 0., 0, 0., 0, 0., 0, 0., 0, 0., 749, 83.22222222222223, 0, 0., 0, 0., 0, 0., 5, 0.5555555555555556, 0, 0., 0, 0., 207, 849, 1056, 900, 0.8522727272727273
, c:\Users\Me\CodeProjects\notes2tone\generated\gt\sample_000095.krn, c:\Users\Me\CodeProjects\notes2tone\generated\xml\sample_000095.xml, 0, 0., 252, 20.58823529411765, 0, 0., 21, 1.7156862745098038, 1, 0.08169934640522876, 0, 0., 2, 0.16339869281045752, 0, 0., 0, 0., 0, 0., 6, 0.49019607843137253, 0, 0., 0, 0., 0, 0., 2, 0.16339869281045752, 0, 0., 0, 0., 0, 0., 0, 0., 1, 0.08169934640522876, 0, 0., 0, 0., 18, 1.4705882352941178, 0, 0., 0, 0., 0, 0., 0, 0., 0, 0., 0, 0., 0, 0., 0, 0., 0, 0., 916, 74.83660130718954, 0, 0., 0, 0., 0, 0., 5, 0.4084967320261438, 0, 0., 0, 0., 263, 1172, 1435, 1224, 0.8529616724738676
, c:\Users\Me\CodeProjects\notes2tone\generated\gt\sample_000187.krn, c:\Users\Me\CodeProjects\notes2tone\generated\xml\sample_000187.xml, 0, 0., 28, 2.0573108008817047, 0, 0., 0, 0., 1, 0.07347538574577517, 0, 0., 0, 0., 0, 0., 0, 0., 1, 0.07347538574577517, 5, 0.36737692872887584, 0, 0., 0, 0., 1, 0.07347538574577517, 2, 0.14695077149155034, 2, 0.14695077149155034, 0, 0., 0, 0., 0, 0., 0, 0., 0, 0., 0, 0., 9, 0.6612784717119765, 0, 0., 0, 0., 0, 0., 0, 0., 0, 0., 0, 0., 0, 0., 0, 0., 0, 0., 1312, 96.39970609845702, 0, 0., 0, 0., 0, 0., 0, 0., 0, 0., 0, 0., 153, 1439, 1592, 1361, 0.8548994974874372
, c:\Users\Me\CodeProjects\notes2tone\generated\gt\sample_000238.krn, c:\Users\Me\CodeProjects\notes2tone\generated\xml\sample_000238.xml, 0, 0., 198, 20.266120777891505, 0, 0., 11, 1.1258955987717503, 0, 0., 4, 0.4094165813715456, 0, 0., 0, 0., 0, 0., 0, 0., 2, 0.2047082906857728, 0, 0., 0, 0., 0, 0., 4, 0.4094165813715456, 0, 0., 0, 0., 0, 0., 0, 0., 3, 0.3070624360286592, 0, 0., 0, 0., 1, 0.1023541453428864, 0, 0., 0, 0., 0, 0., 0, 0., 0, 0., 0, 0., 0, 0., 0, 0., 0, 0., 749, 76.6632548618219, 0, 0., 0, 0., 0, 0., 5, 0.5117707267144319, 0, 0., 0, 0., 213, 929, 1142, 977, 0.8555166374781086
, c:\Users\Me\CodeProjects\notes2tone\generated\gt\sample_000053.krn, c:\Users\Me\CodeProjects\notes2tone\generated\xml\sample_000053.xml, 0, 0., 0, 0., 0, 0., 0, 0., 0, 0., 0, 0., 0, 0., 0, 0., 0, 0., 0, 0., 5, 0.21213406873143828, 0, 0., 0, 0., 0, 0., 0, 0., 0, 0., 0, 0., 0, 0., 0, 0., 0, 0., 0, 0., 0, 0., 16, 0.6788290199406024, 0, 0., 0, 0., 0, 0., 0, 0., 0, 0., 0, 0., 0, 0., 0, 0., 0, 0., 2336, 99.10903691132796, 0, 0., 0, 0., 0, 0., 0, 0., 0, 0., 0, 0., 198, 2555, 2753, 2357, 0.8561569197239375
, c:\Users\Me\CodeProjects\notes2tone\generated\gt\sample_000189.krn, c:\Users\Me\CodeProjects\notes2tone\generated\xml\sample_000189.xml, 0, 0., 56, 6.87960687960688, 0, 0., 4, 0.4914004914004914, 2, 0.2457002457002457, 0, 0., 0, 0., 0, 0., 0, 0., 0, 0., 2, 0.2457002457002457, 0, 0., 0, 0., 0, 0., 0, 0., 0, 0., 0, 0., 0, 0., 0, 0., 0, 0., 0, 0., 0, 0., 8, 0.9828009828009828, 0, 0., 0, 0., 0, 0., 0, 0., 0, 0., 0, 0., 0, 0., 0, 0., 0, 0., 742, 91.15479115479116, 0, 0., 0, 0., 0, 0., 0, 0., 0, 0., 0, 0., 101, 848, 949, 814, 0.8577449947312961
, c:\Users\Me\CodeProjects\notes2tone\generated\gt\sample_000345.krn, c:\Users\Me\CodeProjects\notes2tone\generated\xml\sample_000345.xml, 0, 0., 0, 0., 0, 0., 0, 0., 0, 0., 0, 0., 0, 0., 0, 0., 0, 0., 0, 0., 2, 0.0894854586129754, 0, 0., 0, 0., 0, 0., 0, 0., 0, 0., 0, 0., 0, 0., 0, 0., 0, 0., 0, 0., 0, 0., 8, 0.3579418344519016, 0, 0., 0, 0., 0, 0., 0, 0., 0, 0., 0, 0., 0, 0., 0, 0., 0, 0., 2225, 99.55257270693512, 0, 0., 0, 0., 0, 0., 0, 0., 0, 0., 0, 0., 185, 2419, 2604, 2235, 0.8582949308755761
, c:\Users\Me\CodeProjects\notes2tone\generated\gt\sample_000556.krn, c:\Users\Me\CodeProjects\notes2tone\generated\xml\sample_000556.xml, 0, 0., 0, 0., 0, 0., 0, 0., 0, 0., 0, 0., 0, 0., 0, 0., 0, 0., 0, 0., 0, 0., 0, 0., 0, 0., 0, 0., 0, 0., 0, 0., 0, 0., 0, 0., 0, 0., 0, 0., 0, 0., 0, 0., 1, 0.05422993492407809, 0, 0., 0, 0., 0, 0., 0, 0., 0, 0., 0, 0., 0, 0., 0, 0., 0, 0., 1843, 99.94577006507592, 0, 0., 0, 0., 0, 0., 0, 0., 0, 0., 0, 0., 176, 1972, 2148, 1844, 0.8584729981378026
, c:\Users\Me\CodeProjects\notes2tone\generated\gt\sample_000105.krn, c:\Users\Me\CodeProjects\notes2tone\generated\xml\sample_000105.xml, 0, 0., 89, 9.368421052631579, 0, 0., 9, 0.9473684210526315, 1, 0.10526315789473684, 0, 0., 0, 0., 0, 0., 0, 0., 0, 0., 2, 0.21052631578947367, 2, 0.21052631578947367, 0, 0., 1, 0.10526315789473684, 4, 0.42105263157894735, 1, 0.10526315789473684, 0, 0., 0, 0., 0, 0., 1, 0.10526315789473684, 0, 0., 0, 0., 3, 0.3157894736842105, 0, 0., 0, 0., 0, 0., 0, 0., 0, 0., 0, 0., 0, 0., 0, 0., 0, 0., 832, 87.57894736842105, 0, 0., 0, 0., 0, 0., 5, 0.5263157894736842, 0, 0., 0, 0., 158, 948, 1106, 950, 0.8589511754068716
, c:\Users\Me\CodeProjects\notes2tone\generated\gt\sample_000344.krn, c:\Users\Me\CodeProjects\notes2tone\generated\xml\sample_000344.xml, 0, 0., 12, 1.0126582278481013, 0, 0., 0, 0., 0, 0., 0, 0., 0, 0., 0, 0., 0, 0., 0, 0., 1, 0.08438818565400844, 0, 0., 0, 0., 0, 0., 0, 0., 1, 0.08438818565400844, 0, 0., 4, 0.33755274261603374, 0, 0., 0, 0., 0, 0., 0, 0., 1, 0.08438818565400844, 0, 0., 0, 0., 0, 0., 0, 0., 0, 0., 0, 0., 0, 0., 0, 0., 0, 0., 1166, 98.39662447257383, 0, 0., 0, 0., 0, 0., 0, 0., 0, 0., 0, 0., 101, 1274, 1375, 1185, 0.8618181818181818
, c:\Users\Me\CodeProjects\notes2tone\generated\gt\sample_000437.krn, c:\Users\Me\CodeProjects\notes2tone\generated\xml\sample_000437.xml, 0, 0., 0, 0., 0, 0., 0, 0., 0, 0., 0, 0., 0, 0., 0, 0., 0, 0., 0, 0., 1, 0.0645577792123951, 0, 0., 0, 0., 0, 0., 0, 0., 0, 0., 0, 0., 0, 0., 0, 0., 0, 0., 0, 0., 0, 0., 5, 0.32278889606197547, 0, 0., 0, 0., 0, 0., 0, 0., 0, 0., 0, 0., 0, 0., 0, 0., 0, 0., 1543, 99.61265332472563, 0, 0., 0, 0., 0, 0., 0, 0., 0, 0., 0, 0., 124, 1673, 1797, 1549, 0.8619922092376182
, c:\Users\Me\CodeProjects\notes2tone\generated\gt\sample_000234.krn, c:\Users\Me\CodeProjects\notes2tone\generated\xml\sample_000234.xml, 0, 0., 109, 10.177404295051353, 0, 0., 10, 0.9337068160597572, 2, 0.18674136321195145, 0, 0., 0, 0., 0, 0., 0, 0., 2, 0.18674136321195145, 3, 0.2801120448179272, 0, 0., 0, 0., 0, 0., 4, 0.3734827264239029, 0, 0., 0, 0., 0, 0., 0, 0., 5, 0.4668534080298786, 0, 0., 1, 0.09337068160597572, 12, 1.1204481792717087, 0, 0., 0, 0., 0, 0., 0, 0., 0, 0., 0, 0., 0, 0., 0, 0., 0, 0., 918, 85.71428571428571, 0, 0., 0, 0., 0, 0., 5, 0.4668534080298786, 0, 0., 0, 0., 177, 1065, 1242, 1071, 0.8623188405797102
, c:\Users\Me\CodeProjects\notes2tone\generated\gt\sample_000130.krn, c:\Users\Me\CodeProjects\notes2tone\generated\xml\sample_000130.xml, 0, 0., 31, 1.9435736677115987, 0, 0., 9, 0.5642633228840125, 0, 0., 0, 0., 0, 0., 0, 0., 0, 0., 0, 0., 0, 0., 0, 0., 0, 0., 3, 0.18808777429467086, 2, 0.12539184952978055, 2, 0.12539184952978055, 0, 0., 0, 0., 0, 0., 0, 0., 0, 0., 0, 0., 7, 0.438871473354232, 0, 0., 0, 0., 0, 0., 0, 0., 0, 0., 0, 0., 0, 0., 0, 0., 0, 0., 1541, 96.61442006269593, 0, 0., 0, 0., 0, 0., 0, 0., 0, 0., 0, 0., 161, 1687, 1848, 1595, 0.8630952380952381
, c:\Users\Me\CodeProjects\notes2tone\generated\gt\sample_000535.krn, c:\Users\Me\CodeProjects\notes2tone\generated\xml\sample_000535.xml, 0, 0., 111, 6.7931456548347615, 0, 0., 0, 0., 7, 0.4283965728274174, 0, 0., 0, 0., 0, 0., 0, 0., 3, 0.1835985312117503, 3, 0.1835985312117503, 0, 0., 0, 0., 0, 0., 0, 0., 0, 0., 0, 0., 0, 0., 0, 0., 1, 0.06119951040391677, 0, 0., 0, 0., 11, 0.6731946144430845, 0, 0., 0, 0., 0, 0., 0, 0., 0, 0., 0, 0., 0, 0., 0, 0., 0, 0., 1498, 91.67686658506732, 0, 0., 0, 0., 0, 0., 0, 0., 0, 0., 0, 0., 192, 1694, 1886, 1634, 0.8663838812301167
, c:\Users\Me\CodeProjects\notes2tone\generated\gt\sample_000362.krn, c:\Users\Me\CodeProjects\notes2tone\generated\xml\sample_000362.xml, 0, 0., 273, 13.201160541586074, 0, 0., 16, 0.7736943907156673, 3, 0.1450676982591876, 0, 0., 0, 0., 0, 0., 0, 0., 0, 0., 0, 0., 0, 0., 0, 0., 1, 0.048355899419729204, 2, 0.09671179883945841, 2, 0.09671179883945841, 0, 0., 0, 0., 0, 0., 1, 0.048355899419729204, 0, 0., 0, 0., 3, 0.1450676982591876, 0, 0., 0, 0., 0, 0., 0, 0., 0, 0., 0, 0., 0, 0., 0, 0., 0, 0., 570, 27.562862669245646, 1184, 57.25338491295938, 0, 0., 13, 0.6286266924564797, 0, 0., 0, 0., 0, 0., 344, 2042, 2386, 2068, 0.8667225481978206
, c:\Users\Me\CodeProjects\notes2tone\generated\gt\sample_000497.krn, c:\Users\Me\CodeProjects\notes2tone\generated\xml\sample_000497.xml, 0, 0., 0, 0., 0, 0., 0, 0., 0, 0., 0, 0., 0, 0., 0, 0., 0, 0., 0, 0., 0, 0., 2, 0.09578544061302682, 0, 0., 0, 0., 0, 0., 0, 0., 0, 0., 0, 0., 0, 0., 0, 0., 0, 0., 0, 0., 1, 0.04789272030651341, 0, 0., 0, 0., 0, 0., 0, 0., 0, 0., 0, 0., 0, 0., 0, 0., 0, 0., 2085, 99.85632183908046, 0, 0., 0, 0., 0, 0., 0, 0., 0, 0., 0, 0., 162, 2246, 2408, 2088, 0.867109634551495
, c:\Users\Me\CodeProjects\notes2tone\generated\gt\sample_000354.krn, c:\Users\Me\CodeProjects\notes2tone\generated\xml\sample_000354.xml, 0, 0., 0, 0., 0, 0., 0, 0., 1, 0.046446818392940084, 0, 0., 0, 0., 0, 0., 0, 0., 0, 0., 3, 0.13934045517882024, 0, 0., 0, 0., 0, 0., 0, 0., 0, 0., 0, 0., 0, 0., 0, 0., 0, 0., 0, 0., 0, 0., 6, 0.2786809103576405, 0, 0., 0, 0., 0, 0., 0, 0., 0, 0., 0, 0., 0, 0., 0, 0., 0, 0., 2143, 99.5355318160706, 0, 0., 0, 0., 0, 0., 0, 0., 0, 0., 0, 0., 164, 2313, 2477, 2153, 0.8691966088009689
, c:\Users\Me\CodeProjects\notes2tone\generated\gt\sample_000486.krn, c:\Users\Me\CodeProjects\notes2tone\generated\xml\sample_000486.xml, 0, 0., 95, 10.16042780748663, 0, 0., 5, 0.5347593582887701, 2, 0.21390374331550802, 2, 0.21390374331550802, 1, 0.10695187165775401, 0, 0., 0, 0., 0, 0., 9, 0.9625668449197861, 1, 0.10695187165775401, 0, 0., 2, 0.21390374331550802, 4, 0.42780748663101603, 2, 0.21390374331550802, 0, 0., 0, 0., 0, 0., 1, 0.10695187165775401, 0, 0., 0, 0., 5, 0.5347593582887701, 0, 0., 0, 0., 0, 0., 0, 0., 0, 0., 0, 0., 0, 0., 0, 0., 0, 0., 801, 85.66844919786097, 0, 0., 0, 0., 0, 0., 5, 0.5347593582887701, 0, 0., 0, 0., 154, 920, 1074, 935, 0.8705772811918063
, c:\Users\Me\CodeProjects\notes2tone\generated\gt\sample_000569.krn, c:\Users\Me\CodeProjects\notes2tone\generated\xml\sample_000569.xml, 0, 0., 269, 21.923390383048083, 0, 0., 32, 2.6079869600651997, 0, 0., 0, 0., 1, 0.08149959250203749, 0, 0., 0, 0., 0, 0., 0, 0., 0, 0., 0, 0., 0, 0., 4, 0.32599837000814996, 0, 0., 0, 0., 6, 0.4889975550122249, 22, 1.7929910350448248, 0, 0., 0, 0., 0, 0., 0, 0., 0, 0., 0, 0., 0, 0., 0, 0., 3, 0.24449877750611246, 0, 0., 0, 0., 0, 0., 0, 0., 885, 72.12713936430318, 0, 0., 0, 0., 0, 0., 5, 0.40749796251018744, 0, 0., 0, 0., 297, 1110, 1407, 1227, 0.8720682302771855
, c:\Users\Me\CodeProjects\notes2tone\generated\gt\sample_000575.krn, c:\Users\Me\CodeProjects\notes2tone\generated\xml\sample_000575.xml, 0, 0., 83, 6.331045003813882, 0, 0., 3, 0.2288329519450801, 0, 0., 0, 0., 3, 0.2288329519450801, 0, 0., 0, 0., 1, 0.07627765064836003, 2, 0.15255530129672007, 0, 0., 0, 0., 0, 0., 0, 0., 0, 0., 0, 0., 0, 0., 0, 0., 0, 0., 0, 0., 0, 0., 20, 1.5255530129672006, 0, 0., 0, 0., 0, 0., 0, 0., 0, 0., 0, 0., 0, 0., 0, 0., 0, 0., 1199, 91.45690312738368, 0, 0., 0, 0., 0, 0., 0, 0., 0, 0., 0, 0., 158, 1343, 1501, 1311, 0.8734177215189873
, c:\Users\Me\CodeProjects\notes2tone\generated\gt\sample_000479.krn, c:\Users\Me\CodeProjects\notes2tone\generated\xml\sample_000479.xml, 0, 0., 18, 0.8823529411764706, 0, 0., 2, 0.09803921568627451, 0, 0., 0, 0., 0, 0., 0, 0., 0, 0., 0, 0., 0, 0., 0, 0., 0, 0., 0, 0., 0, 0., 0, 0., 0, 0., 0, 0., 0, 0., 1, 0.049019607843137254, 0, 0., 0, 0., 7, 0.3431372549019608, 0, 0., 0, 0., 0, 0., 0, 0., 0, 0., 0, 0., 0, 0., 0, 0., 0, 0., 2012, 98.62745098039215, 0, 0., 0, 0., 0, 0., 0, 0., 0, 0., 0, 0., 163, 2170, 2333, 2040, 0.8744106300900129
, c:\Users\Me\CodeProjects\notes2tone\generated\gt\sample_000214.krn, c:\Users\Me\CodeProjects\notes2tone\generated\xml\sample_000214.xml, 0, 0., 52, 5.6521739130434785, 2, 0.21739130434782608, 0, 0., 2, 0.21739130434782608, 0, 0., 0, 0., 0, 0., 0, 0., 2, 0.21739130434782608, 2, 0.21739130434782608, 0, 0., 0, 0., 0, 0., 4, 0.43478260869565216, 0, 0., 0, 0., 0, 0., 0, 0., 1, 0.10869565217391304, 0, 0., 0, 0., 6, 0.6521739130434783, 0, 0., 0, 0., 0, 0., 0, 0., 0, 0., 0, 0., 0, 0., 0, 0., 0, 0., 844, 91.73913043478261, 0, 0., 0, 0., 0, 0., 5, 0.5434782608695652, 0, 0., 0, 0., 98, 952, 1050, 920, 0.8761904761904762
, c:\Users\Me\CodeProjects\notes2tone\generated\gt\sample_000630.krn, c:\Users\Me\CodeProjects\notes2tone\generated\xml\sample_000630.xml, 0, 0., 25, 3.506311360448808, 0, 0., 0, 0., 0, 0., 0, 0., 1, 0.1402524544179523, 0, 0., 0, 0., 0, 0., 3, 0.42075736325385693, 0, 0., 0, 0., 1, 0.1402524544179523, 0, 0., 0, 0., 0, 0., 0, 0., 0, 0., 0, 0., 0, 0., 0, 0., 7, 0.9817671809256662, 0, 0., 0, 0., 0, 0., 0, 0., 0, 0., 0, 0., 0, 0., 0, 0., 0, 0., 676, 94.81065918653576, 0, 0., 0, 0., 0, 0., 0, 0., 0, 0., 0, 0., 65, 748, 813, 713, 0.8769987699876999
, c:\Users\Me\CodeProjects\notes2tone\generated\gt\sample_000259.krn, c:\Users\Me\CodeProjects\notes2tone\generated\xml\sample_000259.xml, 0, 0., 61, 3.4777651083238315, 0, 0., 1, 0.05701254275940707, 0, 0., 0, 0., 0, 0., 0, 0., 0, 0., 1, 0.05701254275940707, 3, 0.17103762827822122, 0, 0., 0, 0., 0, 0., 0, 0., 0, 0., 0, 0., 0, 0., 0, 0., 0, 0., 0, 0., 0, 0., 13, 0.7411630558722919, 0, 0., 0, 0., 0, 0., 0, 0., 0, 0., 0, 0., 0, 0., 0, 0., 0, 0., 1675, 95.49600912200684, 0, 0., 0, 0., 0, 0., 0, 0., 0, 0., 0, 0., 183, 1814, 1997, 1754, 0.8783174762143214
, c:\Users\Me\CodeProjects\notes2tone\generated\gt\sample_000572.krn, c:\Users\Me\CodeProjects\notes2tone\generated\xml\sample_000572.xml, 0, 0., 6, 0.3116883116883117, 0, 0., 0, 0., 1, 0.05194805194805195, 0, 0., 0, 0., 0, 0., 0, 0., 1, 0.05194805194805195, 1, 0.05194805194805195, 0, 0., 0, 0., 0, 0., 0, 0., 0, 0., 0, 0., 0, 0., 0, 0., 0, 0., 0, 0., 0, 0., 5, 0.2597402597402597, 0, 0., 0, 0., 0, 0., 0, 0., 0, 0., 0, 0., 0, 0., 0, 0., 0, 0., 1911, 99.27272727272727, 0, 0., 0, 0., 0, 0., 0, 0., 0, 0., 0, 0., 139, 2052, 2191, 1925, 0.8785942492012779
, c:\Users\Me\CodeProjects\notes2tone\generated\gt\sample_000524.krn, c:\Users\Me\CodeProjects\notes2tone\generated\xml\sample_000524.xml, 0, 0., 49, 2.03150912106136, 0, 0., 7, 0.2902155887230514, 2, 0.08291873963515754, 0, 0., 2, 0.08291873963515754, 0, 0., 0, 0., 1, 0.04145936981757877, 3, 0.12437810945273632, 0, 0., 0, 0., 0, 0., 0, 0., 0, 0., 0, 0., 0, 0., 0, 0., 0, 0., 0, 0., 0, 0., 13, 0.538971807628524, 0, 0., 0, 0., 0, 0., 0, 0., 0, 0., 0, 0., 0, 0., 0, 0., 0, 0., 2335, 96.80762852404644, 0, 0., 0, 0., 0, 0., 0, 0., 0, 0., 0, 0., 196, 2546, 2742, 2412, 0.8796498905908097
, c:\Users\Me\CodeProjects\notes2tone\generated\gt\sample_000444.krn, c:\Users\Me\CodeProjects\notes2tone\generated\xml\sample_000444.xml, 0, 0., 251, 17.016949152542374, 0, 0., 22, 1.4915254237288136, 0, 0., 0, 0., 2, 0.13559322033898305, 0, 0., 0, 0., 0, 0., 7, 0.4745762711864407, 0, 0., 0, 0., 0, 0., 4, 0.2711864406779661, 0, 0., 0, 0., 0, 0., 9, 0.6101694915254238, 2, 0.13559322033898305, 0, 0., 0, 0., 6, 0.4067796610169492, 0, 0., 0, 0., 0, 0., 0, 0., 0, 0., 0, 0., 0, 0., 0, 0., 0, 0., 1167, 79.11864406779661, 0, 0., 0, 0., 0, 0., 5, 0.3389830508474576, 0, 0., 0, 0., 252, 1424, 1676, 1475, 0.880071599045346
, c:\Users\Me\CodeProjects\notes2tone\generated\gt\sample_000562.krn, c:\Users\Me\CodeProjects\notes2tone\generated\xml\sample_000562.xml, 0, 0., 250, 19.054878048780488, 0, 0., 4, 0.3048780487804878, 0, 0., 0, 0., 1, 0.07621951219512195, 0, 0., 0, 0., 0, 0., 2, 0.1524390243902439, 0, 0., 0, 0., 0, 0., 4, 0.3048780487804878, 0, 0., 0, 0., 0, 0., 0, 0., 3, 0.22865853658536586, 0, 0., 0, 0., 7, 0.5335365853658537, 0, 0., 0, 0., 0, 0., 0, 0., 0, 0., 0, 0., 0, 0., 0, 0., 0, 0., 1036, 78.96341463414635, 0, 0., 0, 0., 0, 0., 5, 0.38109756097560976, 0, 0., 0, 0., 221, 1265, 1486, 1312, 0.882907133243607
, c:\Users\Me\CodeProjects\notes2tone\generated\gt\sample_000505.krn, c:\Users\Me\CodeProjects\notes2tone\generated\xml\sample_000505.xml, 0, 0., 264, 24.06563354603464, 0, 0., 21, 1.9143117593436645, 0, 0., 0, 0., 2, 0.18231540565177756, 0, 0., 0, 0., 0, 0., 2, 0.18231540565177756, 0, 0., 0, 0., 0, 0., 4, 0.3646308113035551, 0, 0., 0, 0., 0, 0., 0, 0., 1, 0.09115770282588878, 0, 0., 0, 0., 2, 0.18231540565177756, 0, 0., 0, 0., 0, 0., 0, 0., 0, 0., 0, 0., 0, 0., 0, 0., 0, 0., 796, 72.56153144940747, 0, 0., 0, 0., 0, 0., 5, 0.45578851412944393, 0, 0., 0, 0., 240, 1001, 1241, 1097, 0.8839645447219984
, c:\Users\Me\CodeProjects\notes2tone\generated\gt\sample_000054.krn, c:\Users\Me\CodeProjects\notes2tone\generated\xml\sample_000054.xml, 0, 0., 125, 16.129032258064516, 0, 0., 4, 0.5161290322580645, 6, 0.7741935483870968, 0, 0., 0, 0., 0, 0., 0, 0., 2, 0.25806451612903225, 0, 0., 0, 0., 0, 0., 0, 0., 4, 0.5161290322580645, 0, 0., 0, 0., 0, 0., 4, 0.5161290322580645, 3, 0.3870967741935484, 0, 0., 0, 0., 3, 0.3870967741935484, 0, 0., 0, 0., 0, 0., 0, 0., 0, 0., 0, 0., 0, 0., 0, 0., 0, 0., 619, 79.87096774193549, 0, 0., 0, 0., 0, 0., 5, 0.6451612903225806, 0, 0., 0, 0., 121, 753, 874, 775, 0.8867276887871853
, c:\Users\Me\CodeProjects\notes2tone\generated\gt\sample_000256.krn, c:\Users\Me\CodeProjects\notes2tone\generated\xml\sample_000256.xml, 0, 0., 76, 3.238176395398381, 0, 0., 2, 0.08521516829995739, 0, 0., 0, 0., 1, 0.04260758414997869, 0, 0., 0, 0., 0, 0., 0, 0., 0, 0., 0, 0., 2, 0.08521516829995739, 0, 0., 0, 0., 0, 0., 0, 0., 0, 0., 0, 0., 0, 0., 0, 0., 16, 0.6817213463996591, 0, 0., 0, 0., 0, 0., 0, 0., 0, 0., 0, 0., 0, 0., 0, 0., 0, 0., 2250, 95.86706433745206, 0, 0., 0, 0., 0, 0., 0, 0., 0, 0., 0, 0., 182, 2457, 2639, 2347, 0.8893520272830617
, c:\Users\Me\CodeProjects\notes2tone\generated\gt\sample_000678.krn, c:\Users\Me\CodeProjects\notes2tone\generated\xml\sample_000678.xml, 0, 0., 92, 8.156028368794326, 0, 0., 5, 0.4432624113475177, 0, 0., 0, 0., 0, 0., 0, 0., 0, 0., 3, 0.26595744680851063, 1, 0.08865248226950355, 0, 0., 0, 0., 0, 0., 0, 0., 0, 0., 0, 0., 0, 0., 0, 0., 0, 0., 0, 0., 0, 0., 20, 1.7730496453900708, 0, 0., 0, 0., 0, 0., 0, 0., 0, 0., 0, 0., 0, 0., 0, 0., 0, 0., 1007, 89.27304964539007, 0, 0., 0, 0., 0, 0., 0, 0., 0, 0., 0, 0., 147, 1120, 1267, 1128, 0.8902920284135754
, c:\Users\Me\CodeProjects\notes2tone\generated\gt\sample_000429.krn, c:\Users\Me\CodeProjects\notes2tone\generated\xml\sample_000429.xml, 0, 0., 4, 0.41025641025641024, 0, 0., 0, 0., 0, 0., 0, 0., 0, 0., 0, 0., 0, 0., 1, 0.10256410256410256, 1, 0.10256410256410256, 0, 0., 0, 0., 0, 0., 0, 0., 0, 0., 0, 0., 0, 0., 0, 0., 0, 0., 0, 0., 0, 0., 12, 1.2307692307692308, 0, 0., 0, 0., 0, 0., 0, 0., 0, 0., 0, 0., 0, 0., 0, 0., 0, 0., 957, 98.15384615384616, 0, 0., 0, 0., 0, 0., 0, 0., 0, 0., 0, 0., 68, 1027, 1095, 975, 0.8904109589041096
, c:\Users\Me\CodeProjects\notes2tone\generated\gt\sample_000207.krn, c:\Users\Me\CodeProjects\notes2tone\generated\xml\sample_000207.xml, 0, 0., 105, 32.11009174311926, 0, 0., 3, 0.9174311926605505, 0, 0., 0, 0., 0, 0., 0, 0., 0, 0., 0, 0., 0, 0., 0, 0., 0, 0., 2, 0.6116207951070336, 0, 0., 1, 0.3058103975535168, 0, 0., 0, 0., 0, 0., 0, 0., 0, 0., 0, 0., 8, 2.4464831804281344, 0, 0., 0, 0., 0, 0., 0, 0., 0, 0., 0, 0., 0, 0., 0, 0., 0, 0., 208, 63.608562691131496, 0, 0., 0, 0., 0, 0., 0, 0., 0, 0., 0, 0., 48, 319, 367, 327, 0.8910081743869209
, c:\Users\Me\CodeProjects\notes2tone\generated\gt\sample_000665.krn, c:\Users\Me\CodeProjects\notes2tone\generated\xml\sample_000665.xml, 0, 0., 265, 49.532710280373834, 0, 0., 15, 2.803738317757009, 1, 0.18691588785046728, 0, 0., 2, 0.37383177570093457, 0, 0., 0, 0., 0, 0., 1, 0.18691588785046728, 1, 0.18691588785046728, 0, 0., 1, 0.18691588785046728, 0, 0., 1, 0.18691588785046728, 0, 0., 0, 0., 0, 0., 0, 0., 0, 0., 0, 0., 23, 4.299065420560748, 0, 0., 0, 0., 0, 0., 0, 0., 0, 0., 0, 0., 0, 0., 0, 0., 0, 0., 225, 42.05607476635514, 0, 0., 0, 0., 0, 0., 0, 0., 0, 0., 0, 0., 113, 487, 600, 535, 0.8916666666666667
, c:\Users\Me\CodeProjects\notes2tone\generated\gt\sample_000119.krn, c:\Users\Me\CodeProjects\notes2tone\generated\xml\sample_000119.xml, 0, 0., 215, 24.88425925925926, 0, 0., 0, 0., 0, 0., 6, 0.6944444444444444, 2, 0.23148148148148148, 0, 0., 0, 0., 0, 0., 0, 0., 0, 0., 0, 0., 1, 0.11574074074074074, 0, 0., 1, 0.11574074074074074, 0, 0., 0, 0., 0, 0., 0, 0., 0, 0., 0, 0., 5, 0.5787037037037037, 0, 0., 0, 0., 0, 0., 0, 0., 0, 0., 0, 0., 0, 0., 0, 0., 0, 0., 634, 73.37962962962963, 0, 0., 0, 0., 0, 0., 0, 0., 0, 0., 0, 0., 263, 705, 968, 864, 0.8925619834710744
, c:\Users\Me\CodeProjects\notes2tone\generated\gt\sample_000351.krn, c:\Users\Me\CodeProjects\notes2tone\generated\xml\sample_000351.xml, 0, 0., 0, 0., 0, 0., 0, 0., 0, 0., 0, 0., 0, 0., 0, 0., 0, 0., 0, 0., 2, 0.2038735983690112, 0, 0., 0, 0., 0, 0., 0, 0., 0, 0., 0, 0., 0, 0., 0, 0., 0, 0., 0, 0., 0, 0., 6, 0.6116207951070336, 0, 0., 0, 0., 0, 0., 0, 0., 0, 0., 0, 0., 0, 0., 0, 0., 0, 0., 973, 99.18450560652396, 0, 0., 0, 0., 0, 0., 0, 0., 0, 0., 0, 0., 59, 1040, 1099, 981, 0.8926296633303002
, c:\Users\Me\CodeProjects\notes2tone\generated\gt\sample_000519.krn, c:\Users\Me\CodeProjects\notes2tone\generated\xml\sample_000519.xml, 0, 0., 26, 1.0297029702970297, 0, 0., 0, 0., 0, 0., 0, 0., 0, 0., 0, 0., 0, 0., 0, 0., 1, 0.039603960396039604, 0, 0., 0, 0., 2, 0.07920792079207921, 0, 0., 1, 0.039603960396039604, 0, 0., 0, 0., 0, 0., 0, 0., 0, 0., 0, 0., 4, 0.15841584158415842, 0, 0., 0, 0., 0, 0., 0, 0., 0, 0., 0, 0., 0, 0., 0, 0., 0, 0., 2491, 98.65346534653466, 0, 0., 0, 0., 0, 0., 0, 0., 0, 0., 0, 0., 168, 2657, 2825, 2525, 0.8938053097345132
, c:\Users\Me\CodeProjects\notes2tone\generated\gt\sample_000576.krn, c:\Users\Me\CodeProjects\notes2tone\generated\xml\sample_000576.xml, 0, 0., 27, 1.9794721407624634, 0, 0., 4, 0.2932551319648094, 2, 0.1466275659824047, 0, 0., 0, 0., 0, 0., 0, 0., 0, 0., 0, 0., 0, 0., 0, 0., 3, 0.21994134897360704, 0, 0., 0, 0., 0, 0., 0, 0., 0, 0., 0, 0., 0, 0., 0, 0., 4, 0.2932551319648094, 0, 0., 0, 0., 0, 0., 0, 0., 0, 0., 0, 0., 0, 0., 0, 0., 0, 0., 1324, 97.0674486803519, 0, 0., 0, 0., 0, 0., 0, 0., 0, 0., 0, 0., 108, 1418, 1526, 1364, 0.8938401048492791
, c:\Users\Me\CodeProjects\notes2tone\generated\gt\sample_000663.krn, c:\Users\Me\CodeProjects\notes2tone\generated\xml\sample_000663.xml, 0, 0., 73, 13.248638838475499, 4, 0.7259528130671506, 0, 0., 0, 0., 0, 0., 1, 0.18148820326678766, 0, 0., 0, 0., 0, 0., 4, 0.7259528130671506, 0, 0., 0, 0., 0, 0., 2, 0.3629764065335753, 0, 0., 0, 0., 0, 0., 0, 0., 0, 0., 0, 0., 0, 0., 6, 1.0889292196007259, 0, 0., 0, 0., 0, 0., 0, 0., 0, 0., 0, 0., 0, 0., 0, 0., 0, 0., 456, 82.75862068965517, 0, 0., 0, 0., 0, 0., 5, 0.9074410163339383, 0, 0., 0, 0., 121, 495, 616, 551, 0.8944805194805194
, c:\Users\Me\CodeProjects\notes2tone\generated\gt\sample_000142.krn, c:\Users\Me\CodeProjects\notes2tone\generated\xml\sample_000142.xml, 0, 0., 52, 2.504816955684008, 0, 0., 4, 0.1926782273603083, 0, 0., 0, 0., 0, 0., 0, 0., 0, 0., 0, 0., 3, 0.14450867052023122, 0, 0., 0, 0., 0, 0., 0, 0., 0, 0., 0, 0., 0, 0., 0, 0., 0, 0., 0, 0., 0, 0., 7, 0.3371868978805395, 0, 0., 0, 0., 0, 0., 0, 0., 0, 0., 0, 0., 0, 0., 0, 0., 0, 0., 2010, 96.82080924855491, 0, 0., 0, 0., 0, 0., 0, 0., 0, 0., 0, 0., 156, 2160, 2316, 2076, 0.8963730569948186
, c:\Users\Me\CodeProjects\notes2tone\generated\gt\sample_000534.krn, c:\Users\Me\CodeProjects\notes2tone\generated\xml\sample_000534.xml, 0, 0., 261, 16.466876971608833, 8, 0.5047318611987381, 12, 0.7570977917981072, 10, 0.6309148264984227, 0, 0., 0, 0., 0, 0., 0, 0., 6, 0.3785488958990536, 1, 0.06309148264984227, 0, 0., 0, 0., 1, 0.06309148264984227, 2, 0.12618296529968454, 2, 0.12618296529968454, 0, 0., 6, 0.3785488958990536, 0, 0., 4, 0.25236593059936907, 0, 0., 0, 0., 2, 0.12618296529968454, 0, 0., 0, 0., 0, 0., 0, 0., 0, 0., 0, 0., 0, 0., 0, 0., 0, 0., 748, 47.19242902208202, 509, 32.11356466876972, 0, 0., 13, 0.8201892744479495, 0, 0., 0, 0., 0, 0., 289, 1475, 1764, 1585, 0.8985260770975056
, c:\Users\Me\CodeProjects\notes2tone\generated\gt\sample_000385.krn, c:\Users\Me\CodeProjects\notes2tone\generated\xml\sample_000385.xml, 0, 0., 0, 0., 0, 0., 0, 0., 0, 0., 0, 0., 2, 0.09191176470588236, 0, 0., 0, 0., 0, 0., 1, 0.04595588235294118, 0, 0., 0, 0., 0, 0., 0, 0., 0, 0., 0, 0., 0, 0., 0, 0., 0, 0., 0, 0., 0, 0., 12, 0.5514705882352942, 0, 0., 0, 0., 0, 0., 0, 0., 0, 0., 0, 0., 0, 0., 0, 0., 0, 0., 2161, 99.31066176470588, 0, 0., 0, 0., 0, 0., 0, 0., 0, 0., 0, 0., 150, 2270, 2420, 2176, 0.8991735537190083
, c:\Users\Me\CodeProjects\notes2tone\generated\gt\sample_000199.krn, c:\Users\Me\CodeProjects\notes2tone\generated\xml\sample_000199.xml, 0, 0., 322, 19.975186104218363, 0, 0., 17, 1.054590570719603, 6, 0.37220843672456577, 0, 0., 3, 0.18610421836228289, 0, 0., 0, 0., 3, 0.18610421836228289, 4, 0.24813895781637718, 0, 0., 0, 0., 2, 0.12406947890818859, 4, 0.24813895781637718, 0, 0., 0, 0., 0, 0., 0, 0., 2, 0.12406947890818859, 0, 0., 1, 0.062034739454094295, 9, 0.5583126550868487, 0, 0., 0, 0., 0, 0., 0, 0., 0, 0., 0, 0., 0, 0., 0, 0., 0, 0., 1234, 76.55086848635236, 0, 0., 0, 0., 0, 0., 5, 0.31017369727047145, 0, 0., 0, 0., 315, 1475, 1790, 1612, 0.9005586592178771
, c:\Users\Me\CodeProjects\notes2tone\generated\gt\sample_000523.krn, c:\Users\Me\CodeProjects\notes2tone\generated\xml\sample_000523.xml, 0, 0., 51, 2.6180698151950716, 0, 0., 2, 0.1026694045174538, 1, 0.0513347022587269, 0, 0., 0, 0., 0, 0., 0, 0., 2, 0.1026694045174538, 2, 0.1026694045174538, 0, 0., 0, 0., 0, 0., 0, 0., 0, 0., 0, 0., 0, 0., 0, 0., 0, 0., 0, 0., 0, 0., 18, 0.9240246406570842, 0, 0., 0, 0., 0, 0., 0, 0., 0, 0., 0, 0., 0, 0., 0, 0., 0, 0., 1872, 96.09856262833675, 0, 0., 0, 0., 0, 0., 0, 0., 0, 0., 0, 0., 146, 2007, 2153, 1948, 0.9047840222944729
, c:\Users\Me\CodeProjects\notes2tone\generated\gt\sample_000472.krn, c:\Users\Me\CodeProjects\notes2tone\generated\xml\sample_000472.xml, 0, 0., 402, 32.2373696872494, 0, 0., 28, 2.245388933440257, 0, 0., 0, 0., 0, 0., 0, 0., 0, 0., 1, 0.08019246190858059, 1, 0.08019246190858059, 0, 0., 0, 0., 0, 0., 4, 0.32076984763432237, 0, 0., 0, 0., 4, 0.32076984763432237, 0, 0., 1, 0.08019246190858059, 2, 0.16038492381716118, 1, 0.08019246190858059, 10, 0.8019246190858059, 0, 0., 0, 0., 0, 0., 0, 0., 12, 0.9623095429029671, 0, 0., 0, 0., 0, 0., 0, 0., 776, 62.22935044105854, 0, 0., 0, 0., 0, 0., 5, 0.40096230954290296, 0, 0., 0, 0., 303, 1075, 1378, 1247, 0.9049346879535559
, c:\Users\Me\CodeProjects\notes2tone\generated\gt\sample_000606.krn, c:\Users\Me\CodeProjects\notes2tone\generated\xml\sample_000606.xml, 0, 0., 491, 37.85659213569777, 0, 0., 36, 2.7756360832690823, 2, 0.15420200462606015, 0, 0., 2, 0.15420200462606015, 0, 0., 0, 0., 1, 0.07710100231303008, 0, 0., 0, 0., 0, 0., 0, 0., 4, 0.3084040092521203, 2, 0.15420200462606015, 0, 0., 5, 0.3855050115651503, 0, 0., 2, 0.15420200462606015, 1, 0.07710100231303008, 0, 0., 9, 0.6939090208172706, 0, 0., 0, 0., 0, 0., 0, 0., 0, 0., 0, 0., 0, 0., 0, 0., 0, 0., 737, 56.823438704703165, 0, 0., 0, 0., 0, 0., 5, 0.3855050115651503, 0, 0., 0, 0., 416, 1017, 1433, 1297, 0.9050942079553385
, c:\Users\Me\CodeProjects\notes2tone\generated\gt\sample_000239.krn, c:\Users\Me\CodeProjects\notes2tone\generated\xml\sample_000239.xml, 0, 0., 10, 0.4833252779120348, 0, 0., 0, 0., 1, 0.04833252779120348, 0, 0., 0, 0., 0, 0., 0, 0., 0, 0., 2, 0.09666505558240696, 0, 0., 0, 0., 0, 0., 0, 0., 0, 0., 0, 0., 0, 0., 0, 0., 0, 0., 0, 0., 0, 0., 11, 0.5316578057032383, 0, 0., 0, 0., 0, 0., 0, 0., 0, 0., 0, 0., 0, 0., 0, 0., 0, 0., 2045, 98.84001933301111, 0, 0., 0, 0., 0, 0., 0, 0., 0, 0., 0, 0., 132, 2148, 2280, 2069, 0.9074561403508772
, c:\Users\Me\CodeProjects\notes2tone\generated\gt\sample_000287.krn, c:\Users\Me\CodeProjects\notes2tone\generated\xml\sample_000287.xml, 0, 0., 71, 5.017667844522968, 0, 0., 0, 0., 0, 0., 0, 0., 0, 0., 0, 0., 0, 0., 1, 0.0706713780918728, 1, 0.0706713780918728, 0, 0., 0, 0., 3, 0.21201413427561838, 0, 0., 0, 0., 0, 0., 0, 0., 0, 0., 0, 0., 0, 0., 0, 0., 9, 0.6360424028268551, 0, 0., 0, 0., 0, 0., 0, 0., 0, 0., 0, 0., 0, 0., 0, 0., 0, 0., 1330, 93.99293286219081, 0, 0., 0, 0., 0, 0., 0, 0., 0, 0., 0, 0., 113, 1444, 1557, 1415, 0.9087989723827874
, c:\Users\Me\CodeProjects\notes2tone\generated\gt\sample_000420.krn, c:\Users\Me\CodeProjects\notes2tone\generated\xml\sample_000420.xml, 0, 0., 66, 4.017041996348143, 0, 0., 0, 0., 0, 0., 0, 0., 0, 0., 0, 0., 0, 0., 0, 0., 0, 0., 0, 0., 0, 0., 1, 0.06086427267194157, 0, 0., 1, 0.06086427267194157, 0, 0., 0, 0., 0, 0., 0, 0., 0, 0., 0, 0., 5, 0.30432136335970783, 0, 0., 0, 0., 0, 0., 0, 0., 0, 0., 0, 0., 0, 0., 0, 0., 0, 0., 1570, 95.55690809494827, 0, 0., 0, 0., 0, 0., 0, 0., 0, 0., 0, 0., 141, 1662, 1803, 1643, 0.9112590127565169
, c:\Users\Me\CodeProjects\notes2tone\generated\gt\sample_000190.krn, c:\Users\Me\CodeProjects\notes2tone\generated\xml\sample_000190.xml, 0, 0., 54, 3.2628398791540785, 0, 0., 1, 0.06042296072507553, 1, 0.06042296072507553, 0, 0., 1, 0.06042296072507553, 0, 0., 0, 0., 0, 0., 0, 0., 0, 0., 0, 0., 1, 0.06042296072507553, 0, 0., 1, 0.06042296072507553, 0, 0., 0, 0., 0, 0., 0, 0., 0, 0., 0, 0., 4, 0.24169184290030213, 0, 0., 0, 0., 0, 0., 0, 0., 0, 0., 0, 0., 0, 0., 0, 0., 0, 0., 1592, 96.19335347432025, 0, 0., 0, 0., 0, 0., 0, 0., 0, 0., 0, 0., 108, 1703, 1811, 1655, 0.913859745996687
, c:\Users\Me\CodeProjects\notes2tone\generated\gt\sample_000646.krn, c:\Users\Me\CodeProjects\notes2tone\generated\xml\sample_000646.xml, 0, 0., 211, 25.05938242280285, 4, 0.4750593824228028, 13, 1.5439429928741093, 1, 0.1187648456057007, 0, 0., 0, 0., 0, 0., 0, 0., 0, 0., 2, 0.2375296912114014, 0, 0., 0, 0., 2, 0.2375296912114014, 0, 0., 0, 0., 0, 0., 1, 0.1187648456057007, 0, 0., 2, 0.2375296912114014, 0, 0., 0, 0., 6, 0.7125890736342043, 0, 0., 0, 0., 0, 0., 0, 0., 0, 0., 0, 0., 0, 0., 0, 0., 0, 0., 595, 70.66508313539192, 0, 0., 0, 0., 0, 0., 5, 0.5938242280285035, 0, 0., 0, 0., 246, 673, 919, 842, 0.9162132752992383
, c:\Users\Me\CodeProjects\notes2tone\generated\gt\sample_000356.krn, c:\Users\Me\CodeProjects\notes2tone\generated\xml\sample_000356.xml, 0, 0., 180, 15.293118096856414, 0, 0., 15, 1.274426508071368, 6, 0.5097706032285472, 0, 0., 0, 0., 0, 0., 0, 0., 0, 0., 3, 0.2548853016142736, 1, 0.08496176720475786, 0, 0., 0, 0., 4, 0.33984706881903143, 2, 0.16992353440951571, 0, 0., 0, 0., 0, 0., 5, 0.42480883602378927, 0, 0., 1, 0.08496176720475786, 14, 1.18946474086661, 0, 0., 0, 0., 0, 0., 0, 0., 0, 0., 0, 0., 0, 0., 0, 0., 0, 0., 941, 79.94902293967715, 0, 0., 0, 0., 0, 0., 5, 0.42480883602378927, 0, 0., 0, 0., 172, 1111, 1283, 1177, 0.9173811379579111
, c:\Users\Me\CodeProjects\notes2tone\generated\gt\sample_000237.krn, c:\Users\Me\CodeProjects\notes2tone\generated\xml\sample_000237.xml, 0, 0., 311, 25.182186234817813, 8, 0.6477732793522267, 7, 0.5668016194331984, 0, 0., 0, 0., 3, 0.242914979757085, 0, 0., 0, 0., 0, 0., 0, 0., 0, 0., 0, 0., 3, 0.242914979757085, 4, 0.32388663967611336, 0, 0., 0, 0., 0, 0., 0, 0., 4, 0.32388663967611336, 0, 0., 0, 0., 11, 0.8906882591093117, 0, 0., 0, 0., 0, 0., 0, 0., 0, 0., 0, 0., 0, 0., 0, 0., 0, 0., 879, 71.17408906882591, 0, 0., 0, 0., 0, 0., 5, 0.4048582995951417, 0, 0., 0, 0., 242, 1102, 1344, 1235, 0.9188988095238095
, c:\Users\Me\CodeProjects\notes2tone\generated\gt\sample_000645.krn, c:\Users\Me\CodeProjects\notes2tone\generated\xml\sample_000645.xml, 0, 0., 71, 5.87262200165426, 2, 0.1654259718775848, 0, 0., 0, 0., 0, 0., 0, 0., 0, 0., 0, 0., 0, 0., 0, 0., 0, 0., 0, 0., 2, 0.1654259718775848, 0, 0., 0, 0., 0, 0., 0, 0., 0, 0., 0, 0., 0, 0., 0, 0., 9, 0.7444168734491315, 0, 0., 0, 0., 0, 0., 0, 0., 0, 0., 0, 0., 0, 0., 0, 0., 0, 0., 1125, 93.05210918114143, 0, 0., 0, 0., 0, 0., 0, 0., 0, 0., 0, 0., 129, 1183, 1312, 1209, 0.9214939024390244
, c:\Users\Me\CodeProjects\notes2tone\generated\gt\sample_000473.krn, c:\Users\Me\CodeProjects\notes2tone\generated\xml\sample_000473.xml, 0, 0., 347, 30.518909410729993, 0, 0., 20, 1.7590149516270888, 0, 0., 2, 0.1759014951627089, 0, 0., 0, 0., 0, 0., 0, 0., 0, 0., 0, 0., 0, 0., 0, 0., 4, 0.3518029903254178, 0, 0., 0, 0., 6, 0.5277044854881267, 0, 0., 1, 0.08795074758135445, 0, 0., 0, 0., 4, 0.3518029903254178, 0, 0., 0, 0., 0, 0., 0, 0., 0, 0., 0, 0., 0, 0., 0, 0., 0, 0., 748, 65.78715919085312, 0, 0., 0, 0., 0, 0., 5, 0.4397537379067722, 0, 0., 0, 0., 256, 973, 1229, 1137, 0.9251423921887714
, c:\Users\Me\CodeProjects\notes2tone\generated\gt\sample_000410.krn, c:\Users\Me\CodeProjects\notes2tone\generated\xml\sample_000410.xml, 0, 0., 305, 22.710349962769918, 0, 0., 30, 2.2338049143708116, 0, 0., 0, 0., 1, 0.07446016381236038, 0, 0., 0, 0., 1, 0.07446016381236038, 1, 0.07446016381236038, 0, 0., 0, 0., 0, 0., 4, 0.29784065524944153, 2, 0.14892032762472077, 0, 0., 0, 0., 0, 0., 0, 0., 0, 0., 0, 0., 2, 0.14892032762472077, 0, 0., 0, 0., 0, 0., 0, 0., 0, 0., 0, 0., 0, 0., 0, 0., 0, 0., 992, 73.8644825018615, 0, 0., 0, 0., 0, 0., 5, 0.37230081906180196, 0, 0., 0, 0., 330, 1121, 1451, 1343, 0.9255685733976567
, c:\Users\Me\CodeProjects\notes2tone\generated\gt\sample_000570.krn, c:\Users\Me\CodeProjects\notes2tone\generated\xml\sample_000570.xml, 0, 0., 309, 22.787610619469028, 0, 0., 17, 1.2536873156342183, 0, 0., 0, 0., 0, 0., 0, 0., 0, 0., 0, 0., 0, 0., 0, 0., 0, 0., 0, 0., 4, 0.2949852507374631, 4, 0.2949852507374631, 0, 0., 0, 0., 0, 0., 1, 0.07374631268436578, 0, 0., 0, 0., 2, 0.14749262536873156, 0, 0., 0, 0., 0, 0., 0, 0., 0, 0., 0, 0., 0, 0., 0, 0., 0, 0., 1014, 74.77876106194691, 0, 0., 0, 0., 0, 0., 5, 0.3687315634218289, 0, 0., 0, 0., 245, 1219, 1464, 1356, 0.9262295081967213
, c:\Users\Me\CodeProjects\notes2tone\generated\gt\sample_000094.krn, c:\Users\Me\CodeProjects\notes2tone\generated\xml\sample_000094.xml, 0, 0., 310, 25.101214574898787, 0, 0., 11, 0.8906882591093117, 1, 0.08097165991902834, 0, 0., 5, 0.4048582995951417, 0, 0., 0, 0., 0, 0., 1, 0.08097165991902834, 0, 0., 0, 0., 0, 0., 2, 0.16194331983805668, 2, 0.16194331983805668, 0, 0., 2, 0.16194331983805668, 0, 0., 1, 0.08097165991902834, 0, 0., 0, 0., 15, 1.214574898785425, 0, 0., 0, 0., 0, 0., 0, 0., 0, 0., 0, 0., 0, 0., 0, 0., 0, 0., 880, 71.25506072874494, 0, 0., 0, 0., 0, 0., 5, 0.4048582995951417, 0, 0., 0, 0., 250, 1083, 1333, 1235, 0.9264816204051013
, c:\Users\Me\CodeProjects\notes2tone\generated\gt\sample_000607.krn, c:\Users\Me\CodeProjects\notes2tone\generated\xml\sample_000607.xml, 0, 0., 503, 30.558930741190764, 0, 0., 23, 1.3973268529769138, 2, 0.12150668286755771, 0, 0., 0, 0., 0, 0., 0, 0., 1, 0.060753341433778855, 2, 0.12150668286755771, 1, 0.060753341433778855, 0, 0., 1, 0.060753341433778855, 4, 0.24301336573511542, 2, 0.12150668286755771, 0, 0., 0, 0., 0, 0., 1, 0.060753341433778855, 0, 0., 0, 0., 16, 0.9720534629404617, 0, 0., 0, 0., 0, 0., 0, 0., 0, 0., 0, 0., 0, 0., 0, 0., 0, 0., 1085, 65.91737545565006, 0, 0., 0, 0., 0, 0., 5, 0.3037667071688943, 0, 0., 0, 0., 396, 1376, 1772, 1646, 0.9288939051918735
, c:\Users\Me\CodeProjects\notes2tone\generated\gt\sample_000404.krn, c:\Users\Me\CodeProjects\notes2tone\generated\xml\sample_000404.xml, 0, 0., 69, 3.050397877984085, 4, 0.1768346595932803, 2, 0.08841732979664015, 2, 0.08841732979664015, 0, 0., 2, 0.08841732979664015, 0, 0., 0, 0., 0, 0., 0, 0., 0, 0., 0, 0., 0, 0., 0, 0., 1, 0.04420866489832007, 0, 0., 0, 0., 0, 0., 0, 0., 0, 0., 0, 0., 4, 0.1768346595932803, 0, 0., 0, 0., 0, 0., 0, 0., 0, 0., 0, 0., 0, 0., 0, 0., 0, 0., 2178, 96.28647214854111, 0, 0., 0, 0., 0, 0., 0, 0., 0, 0., 0, 0., 230, 2204, 2434, 2262, 0.9293344289235825
, c:\Users\Me\CodeProjects\notes2tone\generated\gt\sample_000450.krn, c:\Users\Me\CodeProjects\notes2tone\generated\xml\sample_000450.xml, 0, 0., 295, 20.04076086956522, 0, 0., 0, 0., 0, 0., 8, 0.5434782608695652, 1, 0.06793478260869565, 0, 0., 0, 0., 0, 0., 0, 0., 0, 0., 0, 0., 0, 0., 0, 0., 0, 0., 0, 0., 0, 0., 0, 0., 0, 0., 0, 0., 0, 0., 28, 1.9021739130434783, 0, 0., 0, 0., 0, 0., 0, 0., 0, 0., 0, 0., 0, 0., 0, 0., 0, 0., 1140, 77.44565217391305, 0, 0., 0, 0., 0, 0., 0, 0., 0, 0., 0, 0., 277, 1303, 1580, 1472, 0.9316455696202531
, c:\Users\Me\CodeProjects\notes2tone\generated\gt\sample_000200.krn, c:\Users\Me\CodeProjects\notes2tone\generated\xml\sample_000200.xml, 0, 0., 392, 24.88888888888889, 4, 0.25396825396825395, 8, 0.5079365079365079, 1, 0.06349206349206349, 0, 0., 1, 0.06349206349206349, 0, 0., 0, 0., 1, 0.06349206349206349, 0, 0., 0, 0., 0, 0., 6, 0.38095238095238093, 4, 0.25396825396825395, 0, 0., 0, 0., 0, 0., 0, 0., 0, 0., 0, 0., 0, 0., 19, 1.2063492063492063, 0, 0., 0, 0., 0, 0., 0, 0., 0, 0., 0, 0., 0, 0., 0, 0., 0, 0., 1134, 72.0, 0, 0., 0, 0., 0, 0., 5, 0.31746031746031744, 0, 0., 0, 0., 325, 1353, 1678, 1575, 0.9386174016686532
, c:\Users\Me\CodeProjects\notes2tone\generated\gt\sample_000563.krn, c:\Users\Me\CodeProjects\notes2tone\generated\xml\sample_000563.xml, 0, 0., 236, 19.17140536149472, 0, 0., 14, 1.1372867587327375, 0, 0., 0, 0., 1, 0.08123476848090982, 0, 0., 0, 0., 0, 0., 0, 0., 0, 0., 0, 0., 1, 0.08123476848090982, 4, 0.3249390739236393, 0, 0., 0, 0., 4, 0.3249390739236393, 0, 0., 4, 0.3249390739236393, 0, 0., 0, 0., 7, 0.5686433793663688, 0, 0., 0, 0., 0, 0., 0, 0., 3, 0.2437043054427295, 0, 0., 0, 0., 0, 0., 0, 0., 811, 65.88139723801787, 141, 11.454102355808287, 0, 0., 0, 0., 5, 0.4061738424045491, 0, 0., 0, 0., 182, 1126, 1308, 1231, 0.941131498470948
, c:\Users\Me\CodeProjects\notes2tone\generated\gt\sample_000550.krn, c:\Users\Me\CodeProjects\notes2tone\generated\xml\sample_000550.xml, 0, 0., 119, 7.85997357992074, 0, 0., 0, 0., 0, 0., 0, 0., 1, 0.06605019815059446, 0, 0., 0, 0., 0, 0., 1, 0.06605019815059446, 0, 0., 0, 0., 3, 0.19815059445178335, 0, 0., 0, 0., 0, 0., 0, 0., 0, 0., 0, 0., 0, 0., 0, 0., 5, 0.33025099075297226, 0, 0., 0, 0., 0, 0., 0, 0., 0, 0., 0, 0., 0, 0., 0, 0., 0, 0., 1385, 91.47952443857332, 0, 0., 0, 0., 0, 0., 0, 0., 0, 0., 0, 0., 108, 1498, 1606, 1514, 0.9427148194271482
, c:\Users\Me\CodeProjects\notes2tone\generated\gt\sample_000285.krn, c:\Users\Me\CodeProjects\notes2tone\generated\xml\sample_000285.xml, 0, 0., 55, 3.264094955489614, 0, 0., 1, 0.05934718100890208, 0, 0., 0, 0., 0, 0., 0, 0., 0, 0., 0, 0., 0, 0., 0, 0., 0, 0., 6, 0.3560830860534125, 0, 0., 0, 0., 0, 0., 0, 0., 0, 0., 0, 0., 0, 0., 0, 0., 10, 0.5934718100890207, 0, 0., 0, 0., 0, 0., 0, 0., 0, 0., 0, 0., 0, 0., 0, 0., 0, 0., 1613, 95.72700296735906, 0, 0., 0, 0., 0, 0., 0, 0., 0, 0., 0, 0., 79, 1707, 1786, 1685, 0.9434490481522956
, c:\Users\Me\CodeProjects\notes2tone\generated\gt\sample_000571.krn, c:\Users\Me\CodeProjects\notes2tone\generated\xml\sample_000571.xml, 0, 0., 397, 23.435655253837073, 2, 0.1180637544273908, 18, 1.062573789846517, 0, 0., 0, 0., 5, 0.29515938606847697, 0, 0., 0, 0., 0, 0., 0, 0., 0, 0., 0, 0., 0, 0., 4, 0.2361275088547816, 0, 0., 0, 0., 0, 0., 0, 0., 0, 0., 0, 0., 0, 0., 2, 0.1180637544273908, 0, 0., 0, 0., 0, 0., 0, 0., 0, 0., 0, 0., 0, 0., 0, 0., 0, 0., 1261, 74.4391971664699, 0, 0., 0, 0., 0, 0., 5, 0.29515938606847697, 0, 0., 0, 0., 294, 1501, 1795, 1694, 0.943732590529248
, c:\Users\Me\CodeProjects\notes2tone\generated\gt\sample_000409.krn, c:\Users\Me\CodeProjects\notes2tone\generated\xml\sample_000409.xml, 0, 0., 337, 23.257418909592822, 4, 0.27605244996549344, 7, 0.4830917874396135, 0, 0., 6, 0.4140786749482402, 1, 0.06901311249137336, 0, 0., 0, 0., 0, 0., 2, 0.13802622498274672, 0, 0., 0, 0., 4, 0.27605244996549344, 4, 0.27605244996549344, 0, 0., 0, 0., 2, 0.13802622498274672, 0, 0., 2, 0.13802622498274672, 0, 0., 0, 0., 2, 0.13802622498274672, 0, 0., 0, 0., 0, 0., 0, 0., 0, 0., 0, 0., 0, 0., 0, 0., 0, 0., 1073, 74.05106970324361, 0, 0., 0, 0., 0, 0., 5, 0.3450655624568668, 0, 0., 0, 0., 312, 1221, 1533, 1449, 0.9452054794520548
, c:\Users\Me\CodeProjects\notes2tone\generated\gt\sample_000413.krn, c:\Users\Me\CodeProjects\notes2tone\generated\xml\sample_000413.xml, 0, 0., 282, 17.825537294563844, 0, 0., 8, 0.5056890012642224, 0, 0., 0, 0., 0, 0., 0, 0., 0, 0., 0, 0., 1, 0.0632111251580278, 0, 0., 0, 0., 0, 0., 4, 0.2528445006321112, 0, 0., 0, 0., 0, 0., 0, 0., 1, 0.0632111251580278, 0, 0., 0, 0., 3, 0.18963337547408343, 0, 0., 0, 0., 0, 0., 0, 0., 0, 0., 0, 0., 0, 0., 0, 0., 0, 0., 1278, 80.78381795195955, 0, 0., 0, 0., 0, 0., 5, 0.31605562579013907, 0, 0., 0, 0., 243, 1429, 1672, 1582, 0.9461722488038278
, c:\Users\Me\CodeProjects\notes2tone\generated\gt\sample_000443.krn, c:\Users\Me\CodeProjects\notes2tone\generated\xml\sample_000443.xml, 0, 0., 405, 32.47794707297514, 0, 0., 21, 1.6840417000801924, 0, 0., 0, 0., 0, 0., 0, 0., 0, 0., 0, 0., 2, 0.16038492381716118, 0, 0., 0, 0., 0, 0., 4, 0.32076984763432237, 2, 0.16038492381716118, 0, 0., 0, 0., 0, 0., 3, 0.24057738572574178, 0, 0., 0, 0., 9, 0.7217321571772254, 0, 0., 0, 0., 0, 0., 0, 0., 0, 0., 0, 0., 0, 0., 0, 0., 0, 0., 796, 63.833199679230155, 0, 0., 0, 0., 0, 0., 5, 0.40096230954290296, 0, 0., 0, 0., 266, 1051, 1317, 1247, 0.9468488990129081
, c:\Users\Me\CodeProjects\notes2tone\generated\gt\sample_000198.krn, c:\Users\Me\CodeProjects\notes2tone\generated\xml\sample_000198.xml, 0, 0., 530, 37.11484593837535, 0, 0., 7, 0.49019607843137253, 0, 0., 14, 0.9803921568627451, 1, 0.0700280112044818, 0, 0., 0, 0., 0, 0., 3, 0.21008403361344538, 0, 0., 0, 0., 0, 0., 4, 0.2801120448179272, 0, 0., 0, 0., 0, 0., 0, 0., 0, 0., 0, 0., 1, 0.0700280112044818, 12, 0.8403361344537815, 0, 0., 0, 0., 0, 0., 0, 0., 0, 0., 0, 0., 0, 0., 0, 0., 0, 0., 851, 59.593837535014, 0, 0., 0, 0., 0, 0., 5, 0.35014005602240894, 0, 0., 0, 0., 414, 1094, 1508, 1428, 0.946949602122016
, c:\Users\Me\CodeProjects\notes2tone\generated\gt\sample_000233.krn, c:\Users\Me\CodeProjects\notes2tone\generated\xml\sample_000233.xml, 0, 0., 140, 16.05504587155963, 0, 0., 3, 0.3440366972477064, 0, 0., 4, 0.45871559633027525, 2, 0.22935779816513763, 0, 0., 0, 0., 0, 0., 0, 0., 0, 0., 0, 0., 4, 0.45871559633027525, 0, 0., 0, 0., 0, 0., 0, 0., 0, 0., 4, 0.45871559633027525, 0, 0., 1, 0.11467889908256881, 6, 0.6880733944954128, 0, 0., 0, 0., 0, 0., 0, 0., 0, 0., 0, 0., 0, 0., 0, 0., 0, 0., 166, 19.03669724770642, 529, 60.6651376146789, 0, 0., 13, 1.4908256880733946, 0, 0., 0, 0., 0, 0., 238, 682, 920, 872, 0.9478260869565217
, c:\Users\Me\CodeProjects\notes2tone\generated\gt\sample_000212.krn, c:\Users\Me\CodeProjects\notes2tone\generated\xml\sample_000212.xml, 0, 0., 80, 7.226738934056007, 2, 0.18066847335140018, 1, 0.09033423667570009, 8, 0.7226738934056007, 0, 0., 3, 0.27100271002710025, 0, 0., 0, 0., 0, 0., 0, 0., 0, 0., 0, 0., 3, 0.27100271002710025, 0, 0., 0, 0., 0, 0., 0, 0., 0, 0., 0, 0., 0, 0., 0, 0., 14, 1.2646793134598013, 0, 0., 0, 0., 0, 0., 0, 0., 0, 0., 0, 0., 0, 0., 0, 0., 0, 0., 996, 89.97289972899729, 0, 0., 0, 0., 0, 0., 0, 0., 0, 0., 0, 0., 79, 1088, 1167, 1107, 0.9485861182519281
, c:\Users\Me\CodeProjects\notes2tone\generated\gt\sample_000235.krn, c:\Users\Me\CodeProjects\notes2tone\generated\xml\sample_000235.xml, 0, 0., 181, 14.620355411954765, 6, 0.48465266558966075, 1, 0.08077544426494346, 1, 0.08077544426494346, 0, 0., 3, 0.24232633279483037, 0, 0., 0, 0., 1, 0.08077544426494346, 3, 0.24232633279483037, 0, 0., 0, 0., 0, 0., 2, 0.16155088852988692, 0, 0., 0, 0., 0, 0., 0, 0., 1, 0.08077544426494346, 0, 0., 0, 0., 12, 0.9693053311793215, 0, 0., 0, 0., 0, 0., 0, 0., 0, 0., 0, 0., 0, 0., 0, 0., 0, 0., 707, 57.10823909531502, 315, 25.44426494345719, 0, 0., 0, 0., 5, 0.40387722132471726, 0, 0., 0, 0., 206, 1098, 1304, 1238, 0.9493865030674846
, c:\Users\Me\CodeProjects\notes2tone\generated\gt\sample_000446.krn, c:\Users\Me\CodeProjects\notes2tone\generated\xml\sample_000446.xml, 0, 0., 370, 41.06548279689234, 0, 0., 16, 1.7758046614872365, 0, 0., 0, 0., 0, 0., 0, 0., 0, 0., 0, 0., 1, 0.11098779134295228, 0, 0., 0, 0., 1, 0.11098779134295228, 4, 0.4439511653718091, 2, 0.22197558268590456, 0, 0., 0, 0., 0, 0., 1, 0.11098779134295228, 0, 0., 0, 0., 7, 0.7769145394006659, 0, 0., 0, 0., 0, 0., 0, 0., 0, 0., 0, 0., 0, 0., 0, 0., 0, 0., 494, 54.827968923418425, 0, 0., 0, 0., 0, 0., 5, 0.5549389567147613, 0, 0., 0, 0., 256, 693, 949, 901, 0.9494204425711275
, c:\Users\Me\CodeProjects\notes2tone\generated\gt\sample_000257.krn, c:\Users\Me\CodeProjects\notes2tone\generated\xml\sample_000257.xml, 0, 0., 65, 4.298941798941799, 0, 0., 6, 0.3968253968253968, 1, 0.06613756613756613, 0, 0., 1, 0.06613756613756613, 0, 0., 0, 0., 0, 0., 0, 0., 0, 0., 0, 0., 0, 0., 0, 0., 1, 0.06613756613756613, 0, 0., 0, 0., 0, 0., 0, 0., 0, 0., 0, 0., 8, 0.5291005291005291, 0, 0., 0, 0., 0, 0., 0, 0., 0, 0., 0, 0., 0, 0., 0, 0., 0, 0., 1430, 94.57671957671958, 0, 0., 0, 0., 0, 0., 0, 0., 0, 0., 0, 0., 88, 1502, 1590, 1512, 0.9509433962264151
, c:\Users\Me\CodeProjects\notes2tone\generated\gt\sample_000197.krn, c:\Users\Me\CodeProjects\notes2tone\generated\xml\sample_000197.xml, 0, 0., 876, 36.168455821635014, 0, 0., 26, 1.0734929810074318, 0, 0., 52, 2.1469859620148637, 10, 0.41288191577208916, 0, 0., 0, 0., 0, 0., 4, 0.16515276630883569, 0, 0., 0, 0., 1, 0.04128819157720892, 4, 0.16515276630883569, 1, 0.04128819157720892, 0, 0., 0, 0., 0, 0., 4, 0.16515276630883569, 0, 0., 0, 0., 1, 0.04128819157720892, 0, 0., 0, 0., 0, 0., 0, 0., 0, 0., 0, 0., 0, 0., 0, 0., 0, 0., 1438, 59.37241948802642, 0, 0., 0, 0., 0, 0., 5, 0.20644095788604458, 0, 0., 0, 0., 721, 1817, 2538, 2422, 0.9542947202521671
, c:\Users\Me\CodeProjects\notes2tone\generated\gt\sample_000650.krn, c:\Users\Me\CodeProjects\notes2tone\generated\xml\sample_000650.xml, 0, 0., 467, 22.248689852310623, 0, 0., 14, 0.6669842782277274, 0, 0., 0, 0., 3, 0.14292520247737017, 0, 0., 0, 0., 0, 0., 0, 0., 0, 0., 0, 0., 1, 0.04764173415912339, 4, 0.19056693663649357, 0, 0., 0, 0., 0, 0., 0, 0., 4, 0.19056693663649357, 0, 0., 0, 0., 2, 0.09528346831824679, 0, 0., 0, 0., 0, 0., 0, 0., 0, 0., 0, 0., 0, 0., 0, 0., 0, 0., 1599, 76.1791329204383, 0, 0., 0, 0., 0, 0., 5, 0.23820867079561697, 0, 0., 0, 0., 316, 1877, 2193, 2099, 0.9571363429092568
, c:\Users\Me\CodeProjects\notes2tone\generated\gt\sample_000651.krn, c:\Users\Me\CodeProjects\notes2tone\generated\xml\sample_000651.xml, 0, 0., 350, 18.636847710330137, 2, 0.10649627263045794, 10, 0.5324813631522897, 0, 0., 0, 0., 0, 0., 0, 0., 0, 0., 1, 0.05324813631522897, 2, 0.10649627263045794, 1, 0.05324813631522897, 0, 0., 0, 0., 4, 0.21299254526091588, 0, 0., 0, 0., 0, 0., 0, 0., 1, 0.05324813631522897, 0, 0., 0, 0., 4, 0.21299254526091588, 0, 0., 0, 0., 0, 0., 0, 0., 6, 0.3194888178913738, 0, 0., 0, 0., 0, 0., 0, 0., 1492, 79.44621938232162, 0, 0., 0, 0., 0, 0., 5, 0.26624068157614483, 0, 0., 0, 0., 313, 1645, 1958, 1878, 0.9591419816138917
, c:\Users\Me\CodeProjects\notes2tone\generated\gt\sample_000648.krn, c:\Users\Me\CodeProjects\notes2tone\generated\xml\sample_000648.xml, 0, 0., 538, 30.84862385321101, 0, 0., 22, 1.261467889908257, 0, 0., 0, 0., 1, 0.05733944954128441, 0, 0., 0, 0., 0, 0., 0, 0., 0, 0., 0, 0., 0, 0., 4, 0.22935779816513763, 0, 0., 0, 0., 0, 0., 0, 0., 4, 0.22935779816513763, 0, 0., 0, 0., 2, 0.11467889908256881, 0, 0., 0, 0., 0, 0., 0, 0., 0, 0., 0, 0., 0, 0., 0, 0., 0, 0., 1168, 66.97247706422019, 0, 0., 0, 0., 0, 0., 5, 0.286697247706422, 0, 0., 0, 0., 349, 1467, 1816, 1744, 0.960352422907489
, c:\Users\Me\CodeProjects\notes2tone\generated\gt\sample_000649.krn, c:\Users\Me\CodeProjects\notes2tone\generated\xml\sample_000649.xml, 0, 0., 510, 26.88455455983131, 0, 0., 22, 1.1597258829731154, 0, 0., 0, 0., 1, 0.05271481286241434, 0, 0., 0, 0., 0, 0., 0, 0., 0, 0., 0, 0., 1, 0.05271481286241434, 4, 0.21085925144965736, 0, 0., 0, 0., 0, 0., 0, 0., 1, 0.05271481286241434, 0, 0., 0, 0., 1, 0.05271481286241434, 0, 0., 0, 0., 0, 0., 0, 0., 0, 0., 0, 0., 0, 0., 0, 0., 0, 0., 1352, 71.27042698998419, 0, 0., 0, 0., 0, 0., 5, 0.2635740643120717, 0, 0., 0, 0., 291, 1678, 1969, 1897, 0.9634332148298629
, c:\Users\Me\CodeProjects\notes2tone\generated\gt\sample_000408.krn, c:\Users\Me\CodeProjects\notes2tone\generated\xml\sample_000408.xml, 0, 0., 91, 5.558949297495419, 4, 0.24434941967012827, 3, 0.1832620647525962, 0, 0., 0, 0., 2, 0.12217470983506414, 0, 0., 0, 0., 0, 0., 0, 0., 0, 0., 0, 0., 1, 0.06108735491753207, 4, 0.24434941967012827, 0, 0., 0, 0., 0, 0., 0, 0., 1, 0.06108735491753207, 0, 0., 0, 0., 4, 0.24434941967012827, 0, 0., 0, 0., 0, 0., 0, 0., 0, 0., 0, 0., 0, 0., 0, 0., 0, 0., 1220, 74.52657299938913, 302, 18.448381185094686, 0, 0., 0, 0., 5, 0.30543677458766033, 0, 0., 0, 0., 208, 1491, 1699, 1637, 0.9635079458505003
, c:\Users\Me\CodeProjects\notes2tone\generated\gt\sample_000201.krn, c:\Users\Me\CodeProjects\notes2tone\generated\xml\sample_000201.xml, 0, 0., 577, 28.507905138339922, 0, 0., 13, 0.642292490118577, 3, 0.1482213438735178, 8, 0.3952569169960474, 0, 0., 0, 0., 0, 0., 1, 0.04940711462450593, 0, 0., 1, 0.04940711462450593, 0, 0., 0, 0., 4, 0.1976284584980237, 0, 0., 0, 0., 0, 0., 0, 0., 0, 0., 1, 0.04940711462450593, 0, 0., 18, 0.8893280632411067, 0, 0., 0, 0., 0, 0., 0, 0., 0, 0., 0, 0., 0, 0., 0, 0., 0, 0., 1393, 68.82411067193677, 0, 0., 0, 0., 0, 0., 5, 0.24703557312252963, 0, 0., 0, 0., 448, 1652, 2100, 2024, 0.9638095238095238
, c:\Users\Me\CodeProjects\notes2tone\generated\gt\sample_000451.krn, c:\Users\Me\CodeProjects\notes2tone\generated\xml\sample_000451.xml, 0, 0., 159, 19.62962962962963, 0, 0., 1, 0.12345679012345678, 0, 0., 0, 0., 0, 0., 0, 0., 0, 0., 1, 0.12345679012345678, 0, 0., 0, 0., 0, 0., 0, 0., 0, 0., 2, 0.24691358024691357, 0, 0., 0, 0., 0, 0., 1, 0.12345679012345678, 1, 0.12345679012345678, 0, 0., 0, 0., 0, 0., 0, 0., 0, 0., 0, 0., 0, 0., 0, 0., 0, 0., 0, 0., 0, 0., 135, 16.666666666666668, 497, 61.358024691358025, 0, 0., 13, 1.6049382716049383, 0, 0., 0, 0., 0, 0., 248, 592, 840, 810, 0.9642857142857143
, c:\Users\Me\CodeProjects\notes2tone\generated\gt\sample_000500.krn, c:\Users\Me\CodeProjects\notes2tone\generated\xml\sample_000500.xml, 0, 0., 74, 6.613047363717605, 2, 0.17873100983020554, 0, 0., 1, 0.08936550491510277, 0, 0., 0, 0., 0, 0., 0, 0., 0, 0., 0, 0., 0, 0., 0, 0., 3, 0.2680965147453083, 0, 0., 0, 0., 0, 0., 0, 0., 0, 0., 0, 0., 0, 0., 0, 0., 2, 0.17873100983020554, 0, 0., 0, 0., 0, 0., 0, 0., 0, 0., 0, 0., 0, 0., 0, 0., 0, 0., 232, 20.73279714030384, 792, 70.77747989276139, 0, 0., 13, 1.161751563896336, 0, 0., 0, 0., 0, 0., 216, 943, 1159, 1119, 0.9654874892148404
, c:\Users\Me\CodeProjects\notes2tone\generated\gt\sample_000260.krn, c:\Users\Me\CodeProjects\notes2tone\generated\xml\sample_000260.xml, 0, 0., 281, 15.388828039430448, 0, 0., 6, 0.32858707557502737, 0, 0., 18, 0.9857612267250822, 4, 0.21905805038335158, 0, 0., 0, 0., 0, 0., 0, 0., 0, 0., 0, 0., 0, 0., 0, 0., 1, 0.054764512595837894, 0, 0., 0, 0., 0, 0., 0, 0., 0, 0., 0, 0., 12, 0.6571741511500547, 0, 0., 0, 0., 0, 0., 0, 0., 0, 0., 0, 0., 0, 0., 0, 0., 0, 0., 1504, 82.3658269441402, 0, 0., 0, 0., 0, 0., 0, 0., 0, 0., 0, 0., 252, 1639, 1891, 1826, 0.9656266525647805
, c:\Users\Me\CodeProjects\notes2tone\generated\gt\sample_000647.krn, c:\Users\Me\CodeProjects\notes2tone\generated\xml\sample_000647.xml, 0, 0., 464, 24.369747899159663, 2, 0.10504201680672269, 22, 1.1554621848739495, 0, 0., 0, 0., 0, 0., 0, 0., 0, 0., 0, 0., 0, 0., 0, 0., 0, 0., 1, 0.052521008403361345, 4, 0.21008403361344538, 0, 0., 0, 0., 0, 0., 0, 0., 3, 0.15756302521008403, 0, 0., 0, 0., 7, 0.36764705882352944, 0, 0., 0, 0., 0, 0., 0, 0., 0, 0., 0, 0., 0, 0., 0, 0., 0, 0., 1396, 73.31932773109244, 0, 0., 0, 0., 0, 0., 5, 0.26260504201680673, 0, 0., 0, 0., 318, 1648, 1966, 1904, 0.9684638860630722
, c:\Users\Me\CodeProjects\notes2tone\generated\gt\sample_000196.krn, c:\Users\Me\CodeProjects\notes2tone\generated\xml\sample_000196.xml, 0, 0., 27, 2.7162977867203217, 2, 0.2012072434607646, 1, 0.1006036217303823, 1, 0.1006036217303823, 0, 0., 0, 0., 0, 0., 0, 0., 0, 0., 0, 0., 0, 0., 0, 0., 1, 0.1006036217303823, 0, 0., 0, 0., 0, 0., 0, 0., 0, 0., 0, 0., 0, 0., 0, 0., 4, 0.4024144869215292, 0, 0., 0, 0., 0, 0., 0, 0., 0, 0., 0, 0., 0, 0., 0, 0., 0, 0., 257, 25.85513078470825, 688, 69.21529175050301, 0, 0., 13, 1.3078470824949697, 0, 0., 0, 0., 0, 0., 177, 848, 1025, 994, 0.9697560975609756
, c:\Users\Me\CodeProjects\notes2tone\generated\gt\sample_000084.krn, c:\Users\Me\CodeProjects\notes2tone\generated\xml\sample_000084.xml, 0, 0., 114, 6.329816768461965, 0, 0., 2, 0.1110494169905608, 0, 0., 0, 0., 0, 0., 0, 0., 0, 0., 0, 0., 1, 0.0555247084952804, 0, 0., 0, 0., 0, 0., 0, 0., 0, 0., 0, 0., 2, 0.1110494169905608, 0, 0., 0, 0., 0, 0., 0, 0., 3, 0.1665741254858412, 0, 0., 0, 0., 0, 0., 0, 0., 0, 0., 0, 0., 0, 0., 0, 0., 0, 0., 292, 16.213214880621877, 1374, 76.29094947251527, 0, 0., 13, 0.7218212104386452, 0, 0., 0, 0., 0, 0., 321, 1515, 1836, 1801, 0.9809368191721133
, c:\Users\Me\CodeProjects\notes2tone\generated\gt\sample_000215.krn, c:\Users\Me\CodeProjects\notes2tone\generated\xml\sample_000215.xml, 0, 0., 101, 7.193732193732194, 0, 0., 3, 0.21367521367521367, 2, 0.14245014245014245, 0, 0., 1, 0.07122507122507123, 0, 0., 0, 0., 0, 0., 1, 0.07122507122507123, 0, 0., 0, 0., 2, 0.14245014245014245, 4, 0.2849002849002849, 2, 0.14245014245014245, 0, 0., 0, 0., 0, 0., 1, 0.07122507122507123, 0, 0., 0, 0., 4, 0.2849002849002849, 0, 0., 0, 0., 0, 0., 0, 0., 0, 0., 0, 0., 0, 0., 0, 0., 0, 0., 311, 22.15099715099715, 959, 68.3048433048433, 0, 0., 13, 0.9259259259259259, 0, 0., 0, 0., 0, 0., 161, 1268, 1429, 1404, 0.9825052484254724
Total:, , , 0, 0., 23943, 10.064608878781637, 100, 0.04203570512793567, 1211, 0.509052389099301, 162, 0.06809784230725578, 142, 0.05969070128166865, 189, 0.07944748269179841, 0, 0., 0, 0., 126, 0.052964988461198945, 422, 0.17739067563988853, 33, 0.013871782692218771, 0, 0., 103, 0.04329677628177374, 371, 0.15595246602464133, 121, 0.05086320320480216, 0, 0., 91, 0.03825249166642146, 63, 0.026482494230599472, 245, 0.10298747756344238, 17, 0.007146069871749063, 11, 0.004623927564072924, 1331, 0.5594952352528237, 0, 0., 0, 0., 0, 0., 0, 0., 36, 0.01513285384605684, 0, 0., 0, 0., 0, 0., 0, 0., 201135, 84.54851550907341, 7302, 3.0694471884418624, 0, 0., 234, 0.09836354999936947, 505, 0.21228031089607513, 0, 0., 0, 0., 42356, 243308, 285664, 237893, 0.8327720678839475
, gtpath, predpath, bad kern syntax OMR-ED, bad kern syntax % contribution to OMR-NED, wrong note OMR-ED, wrong note % contribution to OMR-NED, wrong note head OMR-ED, wrong note head % contribution to OMR-NED, wrong flag/beam OMR-ED, wrong flag/beam % contribution to OMR-NED, wrong dot OMR-ED, wrong dot % contribution to OMR-NED, wrong tuplet OMR-ED, wrong tuplet % contribution to OMR-NED, wrong accidental OMR-ED, wrong accidental % contribution to OMR-NED, wrong note stem OMR-ED, wrong note stem % contribution to OMR-NED, wrong graceness OMR-ED, wrong graceness % contribution to OMR-NED, wrong tie OMR-ED, wrong tie % contribution to OMR-NED, wrong articulation OMR-ED, wrong articulation % contribution to OMR-NED, wrong ornament OMR-ED, wrong ornament % contribution to OMR-NED, wrong lyric OMR-ED, wrong lyric % contribution to OMR-NED, wrong clef OMR-ED, wrong clef % contribution to OMR-NED, wrong timesig OMR-ED, wrong timesig % contribution to OMR-NED, wrong keysig OMR-ED, wrong keysig % contribution to OMR-NED, wrong tempo OMR-ED, wrong tempo % contribution to OMR-NED, wrong barline OMR-ED, wrong barline % contribution to OMR-NED, wrong direction OMR-ED, wrong direction % contribution to OMR-NED, wrong dynamic OMR-ED, wrong dynamic % contribution to OMR-NED, wrong crescendo OMR-ED, wrong crescendo % contribution to OMR-NED, wrong diminuendo OMR-ED, wrong diminuendo % contribution to OMR-NED, wrong slur OMR-ED, wrong slur % contribution to OMR-NED, wrong ottava OMR-ED, wrong ottava % contribution to OMR-NED, wrong multi-staff arpeggio OMR-ED, wrong multi-staff arpeggio % contribution to OMR-NED, wrong fingered tremolo OMR-ED, wrong fingered tremolo % contribution to OMR-NED, wrong chord symbol OMR-ED, wrong chord symbol % contribution to OMR-NED, wrong ending OMR-ED, wrong ending % contribution to OMR-NED, wrong staff info OMR-ED, wrong staff info % contribution to OMR-NED, wrong system break OMR-ED, wrong system break % contribution to OMR-NED, wrong page break OMR-ED, wrong page break % contribution to OMR-NED, wrong other object OMR-ED, wrong other object % contribution to OMR-NED, entire measure insert/delete OMR-ED, entire measure insert/delete % contribution to OMR-NED, entire staff insert/delete OMR-ED, entire staff insert/delete % contribution to OMR-NED, wrong metadata OMR-ED, wrong metadata % contribution to OMR-NED, wrong staff group OMR-ED, wrong staff group % contribution to OMR-NED, wrong staff group name/abbrev OMR-ED, wrong staff group name/abbrev % contribution to OMR-NED, wrong staff group brace OMR-ED, wrong staff group brace % contribution to OMR-NED, wrong staff group barline OMR-ED, wrong staff group barline % contribution to OMR-NED, gt numsyms, pred numsyms, total numsyms (in both scores), OMR-ED (OMR Edit Distance), OMR-NED (OMR-ED / total numsyms)
