, gtpath, predpath, bad kern syntax OMR-ED, bad kern syntax % contribution to OMR-NED, wrong note OMR-ED, wrong note % contribution to OMR-NED, wrong note head OMR-ED, wrong note head % contribution to OMR-NED, wrong flag/beam OMR-ED, wrong flag/beam % contribution to OMR-NED, wrong dot OMR-ED, wrong dot % contribution to OMR-NED, wrong tuplet OMR-ED, wrong tuplet % contribution to OMR-NED, wrong accidental OMR-ED, wrong accidental % contribution to OMR-NED, wrong note stem OMR-ED, wrong note stem % contribution to OMR-NED, wrong graceness OMR-ED, wrong graceness % contribution to OMR-NED, wrong tie OMR-ED, wrong tie % contribution to OMR-NED, wrong articulation OMR-ED, wrong articulation % contribution to OMR-NED, wrong ornament OMR-ED, wrong ornament % contribution to OMR-NED, wrong lyric OMR-ED, wrong lyric % contribution to OMR-NED, wrong clef OMR-ED, wrong clef % contribution to OMR-NED, wrong timesig OMR-ED, wrong timesig % contribution to OMR-NED, wrong keysig OMR-ED, wrong keysig % contribution to OMR-NED, wrong tempo OMR-ED, wrong tempo % contribution to OMR-NED, wrong barline OMR-ED, wrong barline % contribution to OMR-NED, wrong direction OMR-ED, wrong direction % contribution to OMR-NED, wrong dynamic OMR-ED, wrong dynamic % contribution to OMR-NED, wrong crescendo OMR-ED, wrong crescendo % contribution to OMR-NED, wrong diminuendo OMR-ED, wrong diminuendo % contribution to OMR-NED, wrong slur OMR-ED, wrong slur % contribution to OMR-NED, wrong ottava OMR-ED, wrong ottava % contribution to OMR-NED, wrong multi-staff arpeggio OMR-ED, wrong multi-staff arpeggio % contribution to OMR-NED, wrong fingered tremolo OMR-ED, wrong fingered tremolo % contribution to OMR-NED, wrong chord symbol OMR-ED, wrong chord symbol % contribution to OMR-NED, wrong ending OMR-ED, wrong ending % contribution to OMR-NED, wrong staff info OMR-ED, wrong staff info % contribution to OMR-NED, wrong system break OMR-ED, wrong system break % contribution to OMR-NED, wrong page break OMR-ED, wrong page break % contribution to OMR-NED, wrong other object OMR-ED, wrong other object % contribution to OMR-NED, entire measure insert/delete OMR-ED, entire measure insert/delete % contribution to OMR-NED, entire staff insert/delete OMR-ED, entire staff insert/delete % contribution to OMR-NED, wrong metadata OMR-ED, wrong metadata % contribution to OMR-NED, wrong staff group OMR-ED, wrong staff group % contribution to OMR-NED, wrong staff group name/abbrev OMR-ED, wrong staff group name/abbrev % contribution to OMR-NED, wrong staff group brace OMR-ED, wrong staff group brace % contribution to OMR-NED, wrong staff group barline OMR-ED, wrong staff group barline % contribution to OMR-NED, gt numsyms, pred numsyms, total numsyms (in both scores), OMR-ED (OMR Edit Distance), OMR-NED (OMR-ED / total numsyms)
, generated\gt\sample_000262.krn, generated\xml_homr\sample_000262.xml, 0, 0., 15, 7.8125, 0, 0., 66, 34.375, 0, 0., 0, 0., 3, 1.5625, 0, 0., 0, 0., 0, 0., 0, 0., 0, 0., 0, 0., 0, 0., 0, 0., 0, 0., 0, 0., 0, 0., 0, 0., 0, 0., 0, 0., 0, 0., 4, 2.0833333333333335, 0, 0., 0, 0., 0, 0., 0, 0., 0, 0., 0, 0., 0, 0., 0, 0., 0, 0., 104, 54.166666666666664, 0, 0., 0, 0., 0, 0., 0, 0., 0, 0., 0, 0., 303, 401, 704, 192, 0.2727272727272727
, generated\gt\sample_000316.krn, generated\xml_homr\sample_000316.xml, 0, 0., 55, 37.16216216216216, 0, 0., 8, 5.405405405405405, 0, 0., 0, 0., 0, 0., 0, 0., 0, 0., 0, 0., 0, 0., 0, 0., 0, 0., 1, 0.6756756756756757, 2, 1.3513513513513513, 0, 0., 0, 0., 0, 0., 0, 0., 0, 0., 0, 0., 0, 0., 5, 3.3783783783783785, 0, 0., 0, 0., 0, 0., 0, 0., 0, 0., 0, 0., 0, 0., 0, 0., 0, 0., 9, 6.081081081081081, 64, 43.24324324324324, 0, 0., 4, 2.7027027027027026, 0, 0., 0, 0., 0, 0., 211, 185, 396, 148, 0.37373737373737376
, generated\gt\sample_000455.krn, generated\xml_homr\sample_000455.xml, 0, 0., 48, 21.91780821917808, 0, 0., 16, 7.30593607305936, 0, 0., 0, 0., 3, 1.36986301369863, 0, 0., 0, 0., 1, 0.45662100456621, 4, 1.82648401826484, 1, 0.45662100456621, 0, 0., 0, 0., 0, 0., 1, 0.45662100456621, 0, 0., 4, 1.82648401826484, 0, 0., 0, 0., 0, 0., 0, 0., 8, 3.65296803652968, 0, 0., 0, 0., 0, 0., 0, 0., 0, 0., 0, 0., 0, 0., 0, 0., 0, 0., 133, 60.730593607305934, 0, 0., 0, 0., 0, 0., 0, 0., 0, 0., 0, 0., 217, 336, 553, 219, 0.3960216998191682
, generated\gt\sample_000213.krn, generated\xml_homr\sample_000213.xml, 0, 0., 0, 0., 0, 0., 32, 16.41025641025641, 0, 0., 0, 0., 1, 0.5128205128205128, 0, 0., 0, 0., 0, 0., 0, 0., 0, 0., 0, 0., 0, 0., 0, 0., 0, 0., 0, 0., 0, 0., 0, 0., 0, 0., 0, 0., 0, 0., 2, 1.0256410256410255, 0, 0., 0, 0., 0, 0., 0, 0., 0, 0., 0, 0., 0, 0., 0, 0., 0, 0., 160, 82.05128205128206, 0, 0., 0, 0., 0, 0., 0, 0., 0, 0., 0, 0., 139, 292, 431, 195, 0.45243619489559167
, generated\gt\sample_000310.krn, generated\xml_homr\sample_000310.xml, 0, 0., 0, 0., 0, 0., 26, 17.80821917808219, 0, 0., 0, 0., 3, 2.0547945205479454, 0, 0., 0, 0., 0, 0., 0, 0., 0, 0., 0, 0., 0, 0., 0, 0., 1, 0.684931506849315, 0, 0., 0, 0., 0, 0., 0, 0., 0, 0., 0, 0., 5, 3.4246575342465753, 0, 0., 0, 0., 0, 0., 0, 0., 0, 0., 0, 0., 0, 0., 0, 0., 0, 0., 111, 76.02739726027397, 0, 0., 0, 0., 0, 0., 0, 0., 0, 0., 0, 0., 103, 205, 308, 146, 0.474025974025974
, generated\gt\sample_000286.krn, generated\xml_homr\sample_000286.xml, 0, 0., 0, 0., 0, 0., 50, 22.52252252252252, 0, 0., 0, 0., 1, 0.45045045045045046, 0, 0., 0, 0., 0, 0., 0, 0., 0, 0., 0, 0., 0, 0., 0, 0., 0, 0., 0, 0., 0, 0., 0, 0., 0, 0., 0, 0., 0, 0., 0, 0., 0, 0., 0, 0., 0, 0., 0, 0., 0, 0., 0, 0., 0, 0., 0, 0., 0, 0., 171, 77.02702702702703, 0, 0., 0, 0., 0, 0., 0, 0., 0, 0., 0, 0., 151, 317, 468, 222, 0.47435897435897434
, generated\gt\sample_000191.krn, generated\xml_homr\sample_000191.xml, 0, 0., 0, 0., 0, 0., 16, 4.610951008645533, 0, 0., 0, 0., 0, 0., 0, 0., 0, 0., 0, 0., 0, 0., 0, 0., 0, 0., 0, 0., 0, 0., 0, 0., 0, 0., 0, 0., 0, 0., 0, 0., 0, 0., 0, 0., 6, 1.7291066282420748, 0, 0., 0, 0., 0, 0., 0, 0., 0, 0., 0, 0., 0, 0., 0, 0., 0, 0., 325, 93.65994236311239, 0, 0., 0, 0., 0, 0., 0, 0., 0, 0., 0, 0., 191, 510, 701, 347, 0.4950071326676177
, generated\gt\sample_000276.krn, generated\xml_homr\sample_000276.xml, 0, 0., 106, 32.31707317073171, 0, 0., 72, 21.951219512195124, 0, 0., 4, 1.2195121951219512, 8, 2.4390243902439024, 0, 0., 0, 0., 0, 0., 5, 1.524390243902439, 0, 0., 0, 0., 1, 0.3048780487804878, 2, 0.6097560975609756, 0, 0., 0, 0., 2, 0.6097560975609756, 0, 0., 0, 0., 0, 0., 0, 0., 14, 4.2682926829268295, 0, 0., 0, 0., 0, 0., 0, 0., 0, 0., 0, 0., 0, 0., 0, 0., 0, 0., 0, 0., 110, 33.53658536585366, 0, 0., 4, 1.2195121951219512, 0, 0., 0, 0., 0, 0., 358, 300, 658, 328, 0.49848024316109424
, generated\gt\sample_000389.krn, generated\xml_homr\sample_000389.xml, 0, 0., 130, 40.247678018575854, 0, 0., 61, 18.88544891640867, 0, 0., 0, 0., 9, 2.7863777089783284, 0, 0., 0, 0., 0, 0., 0, 0., 2, 0.6191950464396285, 0, 0., 1, 0.30959752321981426, 4, 1.238390092879257, 0, 0., 0, 0., 4, 1.238390092879257, 0, 0., 0, 0., 0, 0., 0, 0., 10, 3.0959752321981426, 0, 0., 0, 0., 0, 0., 0, 0., 0, 0., 0, 0., 0, 0., 0, 0., 0, 0., 0, 0., 98, 30.340557275541794, 0, 0., 4, 1.238390092879257, 0, 0., 0, 0., 0, 0., 333, 301, 634, 323, 0.5094637223974764
, generated\gt\sample_000311.krn, generated\xml_homr\sample_000311.xml, 0, 0., 0, 0., 0, 0., 46, 16.370106761565836, 0, 0., 0, 0., 2, 0.7117437722419929, 0, 0., 0, 0., 0, 0., 0, 0., 0, 0., 0, 0., 0, 0., 0, 0., 0, 0., 0, 0., 0, 0., 0, 0., 0, 0., 0, 0., 0, 0., 3, 1.0676156583629892, 0, 0., 0, 0., 0, 0., 0, 0., 0, 0., 0, 0., 0, 0., 0, 0., 0, 0., 230, 81.85053380782918, 0, 0., 0, 0., 0, 0., 0, 0., 0, 0., 0, 0., 163, 388, 551, 281, 0.5099818511796733
, generated\gt\sample_000320.krn, generated\xml_homr\sample_000320.xml, 0, 0., 89, 40.45454545454545, 0, 0., 0, 0., 0, 0., 0, 0., 15, 6.818181818181818, 0, 0., 0, 0., 4, 1.8181818181818181, 0, 0., 0, 0., 0, 0., 1, 0.45454545454545453, 3, 1.3636363636363635, 0, 0., 0, 0., 2, 0.9090909090909091, 0, 0., 0, 0., 0, 0., 0, 0., 0, 0., 0, 0., 0, 0., 0, 0., 0, 0., 0, 0., 0, 0., 0, 0., 0, 0., 0, 0., 0, 0., 102, 46.36363636363637, 0, 0., 4, 1.8181818181818181, 0, 0., 0, 0., 0, 0., 240, 184, 424, 220, 0.5188679245283019
, generated\gt\sample_000475.krn, generated\xml_homr\sample_000475.xml, 0, 0., 0, 0., 0, 0., 21, 4.794520547945205, 0, 0., 0, 0., 8, 1.82648401826484, 0, 0., 0, 0., 0, 0., 0, 0., 0, 0., 0, 0., 0, 0., 0, 0., 0, 0., 0, 0., 0, 0., 0, 0., 0, 0., 0, 0., 0, 0., 12, 2.73972602739726, 0, 0., 0, 0., 0, 0., 0, 0., 0, 0., 0, 0., 0, 0., 0, 0., 0, 0., 397, 90.6392694063927, 0, 0., 0, 0., 0, 0., 0, 0., 0, 0., 0, 0., 223, 600, 823, 438, 0.5321992709599028
, generated\gt\sample_000272.krn, generated\xml_homr\sample_000272.xml, 0, 0., 185, 40.130151843817785, 0, 0., 83, 18.004338394793926, 0, 0., 0, 0., 6, 1.3015184381778742, 0, 0., 0, 0., 0, 0., 0, 0., 0, 0., 0, 0., 1, 0.21691973969631237, 2, 0.43383947939262474, 0, 0., 0, 0., 0, 0., 0, 0., 0, 0., 0, 0., 0, 0., 13, 2.819956616052061, 0, 0., 0, 0., 0, 0., 0, 0., 0, 0., 0, 0., 0, 0., 0, 0., 0, 0., 0, 0., 167, 36.22559652928417, 0, 0., 4, 0.8676789587852495, 0, 0., 0, 0., 0, 0., 439, 405, 844, 461, 0.5462085308056872
, generated\gt\sample_000109.krn, generated\xml_homr\sample_000109.xml, 0, 0., 62, 12.474849094567404, 0, 0., 53, 10.663983903420522, 0, 0., 0, 0., 2, 0.4024144869215292, 0, 0., 0, 0., 0, 0., 1, 0.2012072434607646, 1, 0.2012072434607646, 0, 0., 3, 0.6036217303822937, 0, 0., 0, 0., 0, 0., 0, 0., 0, 0., 0, 0., 0, 0., 0, 0., 0, 0., 0, 0., 0, 0., 0, 0., 0, 0., 0, 0., 0, 0., 0, 0., 0, 0., 0, 0., 301, 60.563380281690144, 70, 14.084507042253522, 0, 0., 4, 0.8048289738430584, 0, 0., 0, 0., 0, 0., 297, 587, 884, 497, 0.5622171945701357
, generated\gt\sample_000438.krn, generated\xml_homr\sample_000438.xml, 0, 0., 40, 20.304568527918782, 0, 0., 22, 11.16751269035533, 0, 0., 3, 1.5228426395939085, 5, 2.5380710659898478, 0, 0., 0, 0., 0, 0., 0, 0., 0, 0., 0, 0., 0, 0., 0, 0., 0, 0., 0, 0., 0, 0., 0, 0., 0, 0., 0, 0., 0, 0., 5, 2.5380710659898478, 0, 0., 0, 0., 0, 0., 0, 0., 0, 0., 0, 0., 0, 0., 0, 0., 0, 0., 122, 61.92893401015228, 0, 0., 0, 0., 0, 0., 0, 0., 0, 0., 0, 0., 147, 199, 346, 197, 0.569364161849711
, generated\gt\sample_000168.krn, generated\xml_homr\sample_000168.xml, 0, 0., 0, 0., 0, 0., 8, 4.49438202247191, 0, 0., 0, 0., 0, 0., 0, 0., 0, 0., 4, 2.247191011235955, 0, 0., 0, 0., 0, 0., 0, 0., 0, 0., 1, 0.5617977528089888, 0, 0., 0, 0., 0, 0., 0, 0., 0, 0., 0, 0., 4, 2.247191011235955, 0, 0., 0, 0., 0, 0., 0, 0., 0, 0., 0, 0., 0, 0., 0, 0., 0, 0., 161, 90.4494382022472, 0, 0., 0, 0., 0, 0., 0, 0., 0, 0., 0, 0., 80, 232, 312, 178, 0.5705128205128205
, generated\gt\sample_000365.krn, generated\xml_homr\sample_000365.xml, 0, 0., 12, 2.146690518783542, 0, 0., 28, 5.008944543828265, 0, 0., 0, 0., 4, 0.7155635062611807, 0, 0., 0, 0., 0, 0., 0, 0., 0, 0., 0, 0., 0, 0., 0, 0., 0, 0., 0, 0., 0, 0., 0, 0., 0, 0., 0, 0., 0, 0., 1, 0.17889087656529518, 0, 0., 0, 0., 0, 0., 0, 0., 0, 0., 0, 0., 0, 0., 0, 0., 0, 0., 514, 91.94991055456171, 0, 0., 0, 0., 0, 0., 0, 0., 0, 0., 0, 0., 219, 740, 959, 559, 0.5828988529718456
, generated\gt\sample_000386.krn, generated\xml_homr\sample_000386.xml, 0, 0., 167, 53.18471337579618, 0, 0., 44, 14.012738853503185, 0, 0., 0, 0., 4, 1.2738853503184713, 0, 0., 0, 0., 1, 0.3184713375796178, 0, 0., 1, 0.3184713375796178, 0, 0., 1, 0.3184713375796178, 0, 0., 0, 0., 0, 0., 0, 0., 0, 0., 0, 0., 0, 0., 0, 0., 9, 2.8662420382165603, 0, 0., 0, 0., 0, 0., 0, 0., 0, 0., 0, 0., 0, 0., 0, 0., 0, 0., 0, 0., 83, 26.43312101910828, 0, 0., 4, 1.2738853503184713, 0, 0., 0, 0., 0, 0., 275, 252, 527, 314, 0.5958254269449715
, generated\gt\sample_000194.krn, generated\xml_homr\sample_000194.xml, 0, 0., 0, 0., 0, 0., 16, 7.048458149779735, 0, 0., 0, 0., 0, 0., 0, 0., 0, 0., 0, 0., 0, 0., 0, 0., 0, 0., 0, 0., 0, 0., 0, 0., 0, 0., 0, 0., 0, 0., 0, 0., 0, 0., 0, 0., 2, 0.8810572687224669, 0, 0., 0, 0., 0, 0., 0, 0., 0, 0., 0, 0., 0, 0., 0, 0., 0, 0., 209, 92.0704845814978, 0, 0., 0, 0., 0, 0., 0, 0., 0, 0., 0, 0., 84, 291, 375, 227, 0.6053333333333333
, generated\gt\sample_000261.krn, generated\xml_homr\sample_000261.xml, 0, 0., 0, 0., 0, 0., 43, 11.780821917808218, 0, 0., 0, 0., 1, 0.273972602739726, 0, 0., 0, 0., 0, 0., 0, 0., 0, 0., 0, 0., 0, 0., 0, 0., 0, 0., 0, 0., 2, 0.547945205479452, 0, 0., 0, 0., 0, 0., 0, 0., 3, 0.821917808219178, 0, 0., 0, 0., 0, 0., 0, 0., 0, 0., 0, 0., 0, 0., 0, 0., 0, 0., 316, 86.57534246575342, 0, 0., 0, 0., 0, 0., 0, 0., 0, 0., 0, 0., 146, 456, 602, 365, 0.606312292358804
, generated\gt\sample_000594.krn, generated\xml_homr\sample_000594.xml, 0, 0., 177, 40.97222222222222, 0, 0., 53, 12.268518518518519, 0, 0., 0, 0., 1, 0.23148148148148148, 0, 0., 0, 0., 0, 0., 1, 0.23148148148148148, 0, 0., 0, 0., 1, 0.23148148148148148, 2, 0.46296296296296297, 0, 0., 0, 0., 2, 0.46296296296296297, 0, 0., 0, 0., 0, 0., 0, 0., 1, 0.23148148148148148, 0, 0., 0, 0., 0, 0., 0, 0., 0, 0., 0, 0., 0, 0., 0, 0., 0, 0., 0, 0., 190, 43.98148148148148, 0, 0., 4, 0.9259259259259259, 0, 0., 0, 0., 0, 0., 364, 345, 709, 432, 0.609308885754584
, generated\gt\sample_000580.krn, generated\xml_homr\sample_000580.xml, 0, 0., 197, 57.26744186046512, 0, 0., 21, 6.104651162790698, 0, 0., 0, 0., 4, 1.1627906976744187, 0, 0., 0, 0., 0, 0., 4, 1.1627906976744187, 0, 0., 0, 0., 1, 0.29069767441860467, 2, 0.5813953488372093, 0, 0., 0, 0., 0, 0., 0, 0., 0, 0., 0, 0., 0, 0., 2, 0.5813953488372093, 0, 0., 0, 0., 0, 0., 0, 0., 0, 0., 0, 0., 0, 0., 0, 0., 0, 0., 0, 0., 109, 31.686046511627907, 0, 0., 4, 1.1627906976744187, 0, 0., 0, 0., 0, 0., 292, 271, 563, 344, 0.61101243339254
, generated\gt\sample_000265.krn, generated\xml_homr\sample_000265.xml, 0, 0., 22, 6.586826347305389, 0, 0., 62, 18.562874251497007, 0, 0., 0, 0., 0, 0., 0, 0., 0, 0., 0, 0., 0, 0., 0, 0., 0, 0., 1, 0.2994011976047904, 3, 0.8982035928143712, 0, 0., 0, 0., 0, 0., 0, 0., 0, 0., 0, 0., 0, 0., 0, 0., 0, 0., 0, 0., 0, 0., 0, 0., 0, 0., 0, 0., 0, 0., 0, 0., 0, 0., 207, 61.97604790419162, 35, 10.479041916167665, 0, 0., 4, 1.1976047904191616, 0, 0., 0, 0., 0, 0., 175, 367, 542, 334, 0.6162361623616236
, generated\gt\sample_000498.krn, generated\xml_homr\sample_000498.xml, 0, 0., 2, 0.7662835249042146, 0, 0., 24, 9.195402298850574, 0, 0., 0, 0., 6, 2.2988505747126435, 0, 0., 0, 0., 0, 0., 1, 0.3831417624521073, 0, 0., 0, 0., 0, 0., 3, 1.1494252873563218, 0, 0., 0, 0., 0, 0., 0, 0., 0, 0., 0, 0., 0, 0., 4, 1.5325670498084292, 0, 0., 0, 0., 0, 0., 0, 0., 0, 0., 0, 0., 0, 0., 0, 0., 0, 0., 221, 84.67432950191571, 0, 0., 0, 0., 0, 0., 0, 0., 0, 0., 0, 0., 104, 317, 421, 261, 0.6199524940617577
, generated\gt\sample_000119.krn, generated\xml_homr\sample_000119.xml, 0, 0., 0, 0., 0, 0., 72, 10.588235294117647, 0, 0., 30, 4.411764705882353, 2, 0.29411764705882354, 0, 0., 0, 0., 0, 0., 0, 0., 0, 0., 0, 0., 0, 0., 0, 0., 1, 0.14705882352941177, 0, 0., 0, 0., 0, 0., 0, 0., 0, 0., 0, 0., 2, 0.29411764705882354, 0, 0., 0, 0., 0, 0., 0, 0., 0, 0., 0, 0., 0, 0., 0, 0., 0, 0., 573, 84.26470588235294, 0, 0., 0, 0., 0, 0., 0, 0., 0, 0., 0, 0., 263, 831, 1094, 680, 0.6215722120658135
, generated\gt\sample_000146.krn, generated\xml_homr\sample_000146.xml, 0, 0., 109, 25.46728971962617, 0, 0., 39, 9.11214953271028, 0, 0., 2, 0.4672897196261682, 6, 1.4018691588785046, 0, 0., 0, 0., 0, 0., 1, 0.2336448598130841, 0, 0., 0, 0., 1, 0.2336448598130841, 2, 0.4672897196261682, 0, 0., 0, 0., 0, 0., 0, 0., 0, 0., 0, 0., 0, 0., 0, 0., 0, 0., 0, 0., 0, 0., 0, 0., 0, 0., 0, 0., 0, 0., 0, 0., 0, 0., 156, 36.44859813084112, 108, 25.233644859813083, 0, 0., 4, 0.9345794392523364, 0, 0., 0, 0., 0, 0., 273, 413, 686, 428, 0.6239067055393586
, generated\gt\sample_000355.krn, generated\xml_homr\sample_000355.xml, 0, 0., 48, 5.357142857142857, 0, 0., 104, 11.607142857142858, 0, 0., 0, 0., 1, 0.11160714285714286, 0, 0., 0, 0., 0, 0., 0, 0., 0, 0., 0, 0., 2, 0.22321428571428573, 0, 0., 0, 0., 0, 0., 2, 0.22321428571428573, 0, 0., 0, 0., 0, 0., 0, 0., 0, 0., 0, 0., 0, 0., 0, 0., 0, 0., 0, 0., 0, 0., 0, 0., 0, 0., 0, 0., 739, 82.47767857142857, 0, 0., 0, 0., 0, 0., 0, 0., 0, 0., 0, 0., 320, 1102, 1422, 896, 0.630098452883263
, generated\gt\sample_000634.krn, generated\xml_homr\sample_000634.xml, 0, 0., 56, 16.470588235294116, 4, 1.1764705882352942, 0, 0., 2, 0.5882352941176471, 0, 0., 5, 1.4705882352941178, 0, 0., 0, 0., 0, 0., 2, 0.5882352941176471, 0, 0., 0, 0., 2, 0.5882352941176471, 4, 1.1764705882352942, 5, 1.4705882352941178, 0, 0., 1, 0.29411764705882354, 0, 0., 0, 0., 0, 0., 0, 0., 0, 0., 0, 0., 0, 0., 0, 0., 0, 0., 0, 0., 0, 0., 0, 0., 0, 0., 0, 0., 206, 60.588235294117645, 49, 14.411764705882353, 0, 0., 4, 1.1764705882352942, 0, 0., 0, 0., 0, 0., 177, 357, 534, 340, 0.6367041198501873
, generated\gt\sample_000266.krn, generated\xml_homr\sample_000266.xml, 0, 0., 0, 0., 0, 0., 27, 9.574468085106384, 0, 0., 0, 0., 0, 0., 0, 0., 0, 0., 0, 0., 0, 0., 0, 0., 0, 0., 0, 0., 0, 0., 0, 0., 0, 0., 0, 0., 0, 0., 0, 0., 0, 0., 0, 0., 0, 0., 0, 0., 0, 0., 0, 0., 0, 0., 0, 0., 0, 0., 0, 0., 0, 0., 0, 0., 255, 90.42553191489361, 0, 0., 0, 0., 0, 0., 0, 0., 0, 0., 0, 0., 92, 347, 439, 282, 0.642369020501139
, generated\gt\sample_000062.krn, generated\xml_homr\sample_000062.xml, 0, 0., 0, 0., 0, 0., 36, 10.140845070422536, 0, 0., 0, 0., 6, 1.6901408450704225, 0, 0., 0, 0., 0, 0., 0, 0., 0, 0., 0, 0., 0, 0., 0, 0., 0, 0., 0, 0., 0, 0., 0, 0., 0, 0., 0, 0., 0, 0., 3, 0.8450704225352113, 0, 0., 0, 0., 0, 0., 0, 0., 0, 0., 0, 0., 0, 0., 0, 0., 0, 0., 310, 87.32394366197182, 0, 0., 0, 0., 0, 0., 0, 0., 0, 0., 0, 0., 125, 426, 551, 355, 0.6442831215970962
, generated\gt\sample_000240.krn, generated\xml_homr\sample_000240.xml, 0, 0., 0, 0., 0, 0., 14, 2.8112449799196786, 0, 0., 0, 0., 0, 0., 0, 0., 0, 0., 2, 0.40160642570281124, 0, 0., 1, 0.20080321285140562, 0, 0., 0, 0., 0, 0., 0, 0., 0, 0., 0, 0., 0, 0., 0, 0., 0, 0., 0, 0., 11, 2.208835341365462, 0, 0., 0, 0., 0, 0., 0, 0., 0, 0., 0, 0., 0, 0., 0, 0., 0, 0., 470, 94.37751004016064, 0, 0., 0, 0., 0, 0., 0, 0., 0, 0., 0, 0., 151, 607, 758, 498, 0.6569920844327177
, generated\gt\sample_000128.krn, generated\xml_homr\sample_000128.xml, 0, 0., 198, 21.176470588235293, 0, 0., 90, 9.62566844919786, 0, 0., 0, 0., 0, 0., 0, 0., 0, 0., 3, 0.32085561497326204, 5, 0.5347593582887701, 0, 0., 0, 0., 3, 0.32085561497326204, 4, 0.42780748663101603, 2, 0.21390374331550802, 0, 0., 2, 0.21390374331550802, 0, 0., 0, 0., 0, 0., 0, 0., 0, 0., 0, 0., 0, 0., 0, 0., 0, 0., 0, 0., 0, 0., 0, 0., 0, 0., 0, 0., 498, 53.2620320855615, 126, 13.475935828877006, 0, 0., 4, 0.42780748663101603, 0, 0., 0, 0., 0, 0., 464, 959, 1423, 935, 0.657062543921293
, generated\gt\sample_000258.krn, generated\xml_homr\sample_000258.xml, 0, 0., 0, 0., 0, 0., 32, 10.062893081761006, 0, 0., 0, 0., 3, 0.9433962264150944, 0, 0., 0, 0., 0, 0., 0, 0., 0, 0., 0, 0., 0, 0., 3, 0.9433962264150944, 0, 0., 0, 0., 0, 0., 0, 0., 0, 0., 0, 0., 0, 0., 0, 0., 0, 0., 0, 0., 0, 0., 0, 0., 0, 0., 0, 0., 0, 0., 0, 0., 0, 0., 280, 88.0503144654088, 0, 0., 0, 0., 0, 0., 0, 0., 0, 0., 0, 0., 102, 380, 482, 318, 0.6597510373443983
, generated\gt\sample_000317.krn, generated\xml_homr\sample_000317.xml, 0, 0., 49, 13.101604278074866, 0, 0., 12, 3.2085561497326203, 0, 0., 0, 0., 2, 0.5347593582887701, 0, 0., 0, 0., 0, 0., 0, 0., 2, 0.5347593582887701, 0, 0., 2, 0.5347593582887701, 4, 1.0695187165775402, 2, 0.5347593582887701, 0, 0., 2, 0.5347593582887701, 0, 0., 0, 0., 0, 0., 0, 0., 7, 1.8716577540106951, 0, 0., 0, 0., 0, 0., 0, 0., 0, 0., 0, 0., 0, 0., 0, 0., 0, 0., 262, 70.05347593582887, 26, 6.951871657754011, 0, 0., 4, 1.0695187165775402, 0, 0., 0, 0., 0, 0., 149, 415, 564, 374, 0.6631205673758865
, generated\gt\sample_000126.krn, generated\xml_homr\sample_000126.xml, 0, 0., 390, 35.45454545454545, 0, 0., 137, 12.454545454545455, 2, 0.18181818181818182, 0, 0., 0, 0., 0, 0., 0, 0., 8, 0.7272727272727273, 7, 0.6363636363636364, 5, 0.45454545454545453, 0, 0., 3, 0.2727272727272727, 4, 0.36363636363636365, 2, 0.18181818181818182, 0, 0., 2, 0.18181818181818182, 0, 0., 0, 0., 0, 0., 0, 0., 0, 0., 0, 0., 0, 0., 0, 0., 0, 0., 0, 0., 0, 0., 0, 0., 0, 0., 0, 0., 325, 29.545454545454547, 211, 19.181818181818183, 0, 0., 4, 0.36363636363636365, 0, 0., 0, 0., 0, 0., 671, 975, 1646, 1100, 0.6682867557715675
, generated\gt\sample_000144.krn, generated\xml_homr\sample_000144.xml, 0, 0., 0, 0., 0, 0., 8, 4.278074866310161, 0, 0., 0, 0., 0, 0., 0, 0., 0, 0., 4, 2.1390374331550803, 0, 0., 0, 0., 0, 0., 0, 0., 0, 0., 1, 0.5347593582887701, 0, 0., 0, 0., 0, 0., 0, 0., 0, 0., 0, 0., 3, 1.6042780748663101, 0, 0., 0, 0., 0, 0., 0, 0., 0, 0., 0, 0., 0, 0., 0, 0., 0, 0., 171, 91.44385026737967, 0, 0., 0, 0., 0, 0., 0, 0., 0, 0., 0, 0., 57, 220, 277, 187, 0.6750902527075813
, generated\gt\sample_000025.krn, generated\xml_homr\sample_000025.xml, 0, 0., 30, 12.0, 0, 0., 0, 0., 0, 0., 0, 0., 1, 0.4, 0, 0., 0, 0., 1, 0.4, 0, 0., 0, 0., 0, 0., 1, 0.4, 3, 1.2, 0, 0., 0, 0., 0, 0., 0, 0., 0, 0., 0, 0., 0, 0., 3, 1.2, 0, 0., 0, 0., 0, 0., 0, 0., 0, 0., 0, 0., 0, 0., 0, 0., 0, 0., 211, 84.4, 0, 0., 0, 0., 0, 0., 0, 0., 0, 0., 0, 0., 75, 295, 370, 250, 0.6756756756756757
, generated\gt\sample_000179.krn, generated\xml_homr\sample_000179.xml, 0, 0., 51, 9.532710280373832, 0, 0., 8, 1.4953271028037383, 0, 0., 0, 0., 0, 0., 0, 0., 0, 0., 0, 0., 0, 0., 0, 0., 0, 0., 1, 0.18691588785046728, 0, 0., 0, 0., 0, 0., 0, 0., 0, 0., 0, 0., 0, 0., 0, 0., 5, 0.9345794392523364, 0, 0., 0, 0., 0, 0., 0, 0., 0, 0., 0, 0., 0, 0., 0, 0., 0, 0., 408, 76.26168224299066, 58, 10.841121495327103, 0, 0., 4, 0.7476635514018691, 0, 0., 0, 0., 0, 0., 196, 589, 785, 535, 0.6815286624203821
, generated\gt\sample_000415.krn, generated\xml_homr\sample_000415.xml, 0, 0., 41, 4.81786133960047, 0, 0., 60, 7.050528789659224, 0, 0., 0, 0., 0, 0., 0, 0., 0, 0., 0, 0., 0, 0., 0, 0., 0, 0., 1, 0.11750881316098707, 0, 0., 0, 0., 0, 0., 0, 0., 0, 0., 0, 0., 0, 0., 0, 0., 0, 0., 0, 0., 0, 0., 0, 0., 0, 0., 0, 0., 0, 0., 0, 0., 0, 0., 0, 0., 704, 82.7262044653349, 41, 4.81786133960047, 0, 0., 4, 0.4700352526439483, 0, 0., 0, 0., 0, 0., 272, 973, 1245, 851, 0.6835341365461848
, generated\gt\sample_000232.krn, generated\xml_homr\sample_000232.xml, 0, 0., 228, 32.11267605633803, 0, 0., 94, 13.23943661971831, 0, 0., 0, 0., 10, 1.408450704225352, 0, 0., 0, 0., 0, 0., 0, 0., 2, 0.28169014084507044, 0, 0., 1, 0.14084507042253522, 2, 0.28169014084507044, 0, 0., 0, 0., 0, 0., 0, 0., 0, 0., 0, 0., 0, 0., 3, 0.4225352112676056, 0, 0., 0, 0., 0, 0., 0, 0., 0, 0., 0, 0., 0, 0., 0, 0., 0, 0., 132, 18.591549295774648, 234, 32.95774647887324, 0, 0., 4, 0.5633802816901409, 0, 0., 0, 0., 0, 0., 463, 571, 1034, 710, 0.6866537717601547
, generated\gt\sample_000352.krn, generated\xml_homr\sample_000352.xml, 0, 0., 0, 0., 0, 0., 53, 11.546840958605664, 0, 0., 0, 0., 2, 0.4357298474945534, 0, 0., 0, 0., 0, 0., 0, 0., 0, 0., 0, 0., 0, 0., 3, 0.6535947712418301, 0, 0., 0, 0., 0, 0., 0, 0., 0, 0., 0, 0., 0, 0., 4, 0.8714596949891068, 0, 0., 0, 0., 0, 0., 0, 0., 0, 0., 0, 0., 0, 0., 0, 0., 0, 0., 397, 86.49237472766885, 0, 0., 0, 0., 0, 0., 0, 0., 0, 0., 0, 0., 138, 530, 668, 459, 0.687125748502994
, generated\gt\sample_000449.krn, generated\xml_homr\sample_000449.xml, 0, 0., 0, 0., 0, 0., 0, 0., 0, 0., 0, 0., 0, 0., 0, 0., 0, 0., 1, 0.4672897196261682, 0, 0., 0, 0., 0, 0., 0, 0., 0, 0., 0, 0., 0, 0., 0, 0., 0, 0., 0, 0., 0, 0., 0, 0., 2, 0.9345794392523364, 0, 0., 0, 0., 0, 0., 0, 0., 0, 0., 0, 0., 0, 0., 0, 0., 0, 0., 211, 98.59813084112149, 0, 0., 0, 0., 0, 0., 0, 0., 0, 0., 0, 0., 51, 259, 310, 214, 0.6903225806451613
, generated\gt\sample_000329.krn, generated\xml_homr\sample_000329.xml, 0, 0., 0, 0., 0, 0., 140, 13.738959764474975, 0, 0., 0, 0., 1, 0.09813542688910697, 0, 0., 0, 0., 0, 0., 0, 0., 0, 0., 0, 0., 0, 0., 0, 0., 0, 0., 0, 0., 0, 0., 0, 0., 0, 0., 0, 0., 0, 0., 2, 0.19627085377821393, 0, 0., 0, 0., 0, 0., 0, 0., 0, 0., 0, 0., 0, 0., 0, 0., 0, 0., 876, 85.9666339548577, 0, 0., 0, 0., 0, 0., 0, 0., 0, 0., 0, 0., 289, 1162, 1451, 1019, 0.7022742935906272
, generated\gt\sample_000339.krn, generated\xml_homr\sample_000339.xml, 0, 0., 91, 19.65442764578834, 0, 0., 27, 5.831533477321814, 0, 0., 0, 0., 4, 0.8639308855291576, 0, 0., 0, 0., 0, 0., 0, 0., 1, 0.2159827213822894, 0, 0., 1, 0.2159827213822894, 0, 0., 0, 0., 0, 0., 0, 0., 0, 0., 0, 0., 0, 0., 0, 0., 9, 1.9438444924406046, 0, 0., 0, 0., 0, 0., 0, 0., 0, 0., 0, 0., 0, 0., 0, 0., 0, 0., 264, 57.019438444924404, 62, 13.390928725701944, 0, 0., 4, 0.8639308855291576, 0, 0., 0, 0., 0, 0., 208, 450, 658, 463, 0.7036474164133738
, generated\gt\sample_000551.krn, generated\xml_homr\sample_000551.xml, 0, 0., 0, 0., 0, 0., 8, 3.007518796992481, 0, 0., 0, 0., 0, 0., 0, 0., 0, 0., 0, 0., 0, 0., 0, 0., 0, 0., 0, 0., 0, 0., 0, 0., 0, 0., 0, 0., 0, 0., 0, 0., 0, 0., 0, 0., 0, 0., 0, 0., 0, 0., 0, 0., 0, 0., 0, 0., 0, 0., 0, 0., 0, 0., 0, 0., 258, 96.99248120300751, 0, 0., 0, 0., 0, 0., 0, 0., 0, 0., 0, 0., 60, 318, 378, 266, 0.7037037037037037
, generated\gt\sample_000417.krn, generated\xml_homr\sample_000417.xml, 0, 0., 42, 4.525862068965517, 0, 0., 60, 6.4655172413793105, 0, 0., 0, 0., 0, 0., 0, 0., 0, 0., 0, 0., 0, 0., 0, 0., 0, 0., 1, 0.10775862068965517, 4, 0.43103448275862066, 0, 0., 0, 0., 0, 0., 0, 0., 0, 0., 0, 0., 0, 0., 0, 0., 0, 0., 0, 0., 0, 0., 0, 0., 0, 0., 0, 0., 0, 0., 0, 0., 0, 0., 776, 83.62068965517241, 41, 4.418103448275862, 0, 0., 4, 0.43103448275862066, 0, 0., 0, 0., 0, 0., 274, 1044, 1318, 928, 0.7040971168437026
, generated\gt\sample_000133.krn, generated\xml_homr\sample_000133.xml, 0, 0., 0, 0., 0, 0., 0, 0., 0, 0., 0, 0., 1, 0.1366120218579235, 0, 0., 0, 0., 0, 0., 0, 0., 0, 0., 0, 0., 1, 0.1366120218579235, 0, 0., 0, 0., 0, 0., 4, 0.546448087431694, 0, 0., 0, 0., 0, 0., 0, 0., 0, 0., 0, 0., 0, 0., 0, 0., 0, 0., 0, 0., 0, 0., 0, 0., 0, 0., 0, 0., 726, 99.18032786885246, 0, 0., 0, 0., 0, 0., 0, 0., 0, 0., 0, 0., 156, 882, 1038, 732, 0.7052023121387283
, generated\gt\sample_000416.krn, generated\xml_homr\sample_000416.xml, 0, 0., 41, 4.389721627408994, 0, 0., 60, 6.423982869379015, 0, 0., 0, 0., 0, 0., 0, 0., 0, 0., 0, 0., 0, 0., 0, 0., 0, 0., 1, 0.10706638115631692, 4, 0.4282655246252677, 0, 0., 0, 0., 0, 0., 0, 0., 0, 0., 0, 0., 0, 0., 0, 0., 0, 0., 0, 0., 0, 0., 0, 0., 0, 0., 0, 0., 0, 0., 0, 0., 0, 0., 783, 83.83297644539614, 41, 4.389721627408994, 0, 0., 4, 0.4282655246252677, 0, 0., 0, 0., 0, 0., 272, 1048, 1320, 934, 0.7075757575757575
, generated\gt\sample_000309.krn, generated\xml_homr\sample_000309.xml, 0, 0., 60, 10.849909584086799, 0, 0., 4, 0.7233273056057866, 0, 0., 0, 0., 0, 0., 0, 0., 0, 0., 0, 0., 0, 0., 0, 0., 0, 0., 1, 0.18083182640144665, 0, 0., 0, 0., 0, 0., 0, 0., 0, 0., 0, 0., 0, 0., 0, 0., 2, 0.3616636528028933, 0, 0., 0, 0., 0, 0., 0, 0., 0, 0., 0, 0., 0, 0., 0, 0., 0, 0., 418, 75.5877034358047, 64, 11.573236889692586, 0, 0., 4, 0.7233273056057866, 0, 0., 0, 0., 0, 0., 186, 595, 781, 553, 0.708066581306018
, generated\gt\sample_000088.krn, generated\xml_homr\sample_000088.xml, 0, 0., 22, 5.729166666666667, 0, 0., 0, 0., 0, 0., 0, 0., 2, 0.5208333333333334, 0, 0., 0, 0., 0, 0., 0, 0., 0, 0., 0, 0., 0, 0., 4, 1.0416666666666667, 0, 0., 0, 0., 0, 0., 0, 0., 0, 0., 0, 0., 0, 0., 0, 0., 0, 0., 0, 0., 0, 0., 0, 0., 0, 0., 0, 0., 0, 0., 0, 0., 0, 0., 325, 84.63541666666667, 27, 7.03125, 0, 0., 4, 1.0416666666666667, 0, 0., 0, 0., 0, 0., 115, 425, 540, 384, 0.7111111111111111
, generated\gt\sample_000518.krn, generated\xml_homr\sample_000518.xml, 0, 0., 0, 0., 0, 0., 36, 5.633802816901408, 0, 0., 0, 0., 3, 0.4694835680751174, 0, 0., 0, 0., 1, 0.1564945226917058, 0, 0., 0, 0., 0, 0., 0, 0., 3, 0.4694835680751174, 0, 0., 0, 0., 0, 0., 0, 0., 0, 0., 0, 0., 0, 0., 1, 0.1564945226917058, 0, 0., 0, 0., 0, 0., 0, 0., 0, 0., 0, 0., 0, 0., 0, 0., 0, 0., 595, 93.11424100156495, 0, 0., 0, 0., 0, 0., 0, 0., 0, 0., 0, 0., 153, 744, 897, 639, 0.7123745819397993
, generated\gt\sample_000418.krn, generated\xml_homr\sample_000418.xml, 0, 0., 10, 0.7593014426727411, 0, 0., 1, 0.07593014426727411, 1, 0.07593014426727411, 0, 0., 0, 0., 0, 0., 0, 0., 0, 0., 1, 0.07593014426727411, 0, 0., 0, 0., 0, 0., 0, 0., 2, 0.15186028853454822, 0, 0., 4, 0.30372057706909644, 0, 0., 0, 0., 0, 0., 0, 0., 0, 0., 0, 0., 0, 0., 0, 0., 0, 0., 0, 0., 0, 0., 0, 0., 0, 0., 0, 0., 1298, 98.55732725892179, 0, 0., 0, 0., 0, 0., 0, 0., 0, 0., 0, 0., 273, 1574, 1847, 1317, 0.7130481862479697
, generated\gt\sample_000288.krn, generated\xml_homr\sample_000288.xml, 0, 0., 0, 0., 0, 0., 8, 2.359882005899705, 0, 0., 0, 0., 1, 0.2949852507374631, 0, 0., 0, 0., 0, 0., 0, 0., 0, 0., 0, 0., 0, 0., 0, 0., 0, 0., 0, 0., 0, 0., 0, 0., 0, 0., 0, 0., 0, 0., 5, 1.4749262536873156, 0, 0., 0, 0., 0, 0., 0, 0., 0, 0., 0, 0., 0, 0., 0, 0., 0, 0., 325, 95.87020648967551, 0, 0., 0, 0., 0, 0., 0, 0., 0, 0., 0, 0., 80, 395, 475, 339, 0.7136842105263158
, generated\gt\sample_000493.krn, generated\xml_homr\sample_000493.xml, 0, 0., 0, 0., 0, 0., 38, 5.637982195845697, 0, 0., 4, 0.5934718100890207, 7, 1.0385756676557865, 0, 0., 0, 0., 0, 0., 0, 0., 0, 0., 0, 0., 0, 0., 3, 0.44510385756676557, 0, 0., 0, 0., 0, 0., 0, 0., 0, 0., 0, 0., 0, 0., 10, 1.4836795252225519, 0, 0., 0, 0., 0, 0., 0, 0., 0, 0., 0, 0., 0, 0., 0, 0., 0, 0., 612, 90.80118694362018, 0, 0., 0, 0., 0, 0., 0, 0., 0, 0., 0, 0., 174, 770, 944, 674, 0.7139830508474576
, generated\gt\sample_000002.krn, generated\xml_homr\sample_000002.xml, 0, 0., 0, 0., 0, 0., 80, 12.987012987012987, 0, 0., 0, 0., 0, 0., 0, 0., 0, 0., 0, 0., 0, 0., 0, 0., 0, 0., 0, 0., 3, 0.487012987012987, 0, 0., 0, 0., 2, 0.3246753246753247, 0, 0., 0, 0., 0, 0., 0, 0., 0, 0., 0, 0., 0, 0., 0, 0., 0, 0., 0, 0., 0, 0., 0, 0., 0, 0., 0, 0., 531, 86.2012987012987, 0, 0., 0, 0., 0, 0., 0, 0., 0, 0., 0, 0., 166, 696, 862, 616, 0.7146171693735499
, generated\gt\sample_000635.krn, generated\xml_homr\sample_000635.xml, 0, 0., 12, 4.166666666666667, 0, 0., 10, 3.4722222222222223, 0, 0., 0, 0., 2, 0.6944444444444444, 0, 0., 0, 0., 1, 0.3472222222222222, 0, 0., 0, 0., 0, 0., 0, 0., 0, 0., 0, 0., 0, 0., 0, 0., 0, 0., 0, 0., 0, 0., 0, 0., 4, 1.3888888888888888, 0, 0., 0, 0., 0, 0., 0, 0., 0, 0., 0, 0., 0, 0., 0, 0., 0, 0., 259, 89.93055555555556, 0, 0., 0, 0., 0, 0., 0, 0., 0, 0., 0, 0., 63, 331, 394, 288, 0.7309644670050761
, generated\gt\sample_000631.krn, generated\xml_homr\sample_000631.xml, 0, 0., 128, 22.614840989399294, 0, 0., 0, 0., 0, 0., 0, 0., 3, 0.5300353356890459, 0, 0., 0, 0., 0, 0., 3, 0.5300353356890459, 0, 0., 0, 0., 3, 0.5300353356890459, 0, 0., 0, 0., 0, 0., 2, 0.35335689045936397, 0, 0., 0, 0., 0, 0., 0, 0., 0, 0., 0, 0., 0, 0., 0, 0., 0, 0., 0, 0., 0, 0., 0, 0., 0, 0., 0, 0., 318, 56.18374558303887, 105, 18.551236749116608, 0, 0., 4, 0.7067137809187279, 0, 0., 0, 0., 0, 0., 283, 491, 774, 566, 0.7312661498708011
, generated\gt\sample_000127.krn, generated\xml_homr\sample_000127.xml, 0, 0., 201, 13.276089828269486, 0, 0., 136, 8.982826948480845, 1, 0.06605019815059446, 0, 0., 10, 0.6605019815059445, 0, 0., 0, 0., 8, 0.5284015852047557, 8, 0.5284015852047557, 0, 0., 0, 0., 4, 0.26420079260237783, 8, 0.5284015852047557, 4, 0.26420079260237783, 0, 0., 0, 0., 0, 0., 0, 0., 0, 0., 0, 0., 2, 0.13210039630118892, 0, 0., 0, 0., 0, 0., 0, 0., 0, 0., 0, 0., 0, 0., 0, 0., 0, 0., 991, 65.4557463672391, 137, 9.04887714663144, 0, 0., 4, 0.26420079260237783, 0, 0., 0, 0., 0, 0., 561, 1502, 2063, 1514, 0.7338826951042171
, generated\gt\sample_000086.krn, generated\xml_homr\sample_000086.xml, 0, 0., 2, 0.4975124378109453, 0, 0., 0, 0., 0, 0., 1, 0.24875621890547264, 3, 0.746268656716418, 0, 0., 0, 0., 0, 0., 0, 0., 0, 0., 0, 0., 0, 0., 0, 0., 0, 0., 0, 0., 0, 0., 0, 0., 0, 0., 0, 0., 0, 0., 0, 0., 0, 0., 0, 0., 0, 0., 0, 0., 0, 0., 0, 0., 0, 0., 0, 0., 0, 0., 364, 90.54726368159204, 28, 6.965174129353234, 0, 0., 4, 0.9950248756218906, 0, 0., 0, 0., 0, 0., 108, 439, 547, 402, 0.7349177330895795
, generated\gt\sample_000247.krn, generated\xml_homr\sample_000247.xml, 0, 0., 87, 10.714285714285714, 0, 0., 30, 3.6945812807881775, 2, 0.24630541871921183, 0, 0., 0, 0., 0, 0., 0, 0., 0, 0., 0, 0., 0, 0., 0, 0., 0, 0., 0, 0., 0, 0., 0, 0., 0, 0., 0, 0., 0, 0., 0, 0., 0, 0., 7, 0.8620689655172413, 0, 0., 0, 0., 0, 0., 0, 0., 0, 0., 0, 0., 0, 0., 0, 0., 0, 0., 686, 84.48275862068965, 0, 0., 0, 0., 0, 0., 0, 0., 0, 0., 0, 0., 220, 880, 1100, 812, 0.7381818181818182
, generated\gt\sample_000120.krn, generated\xml_homr\sample_000120.xml, 0, 0., 93, 13.135593220338983, 0, 0., 30, 4.237288135593221, 1, 0.14124293785310735, 0, 0., 1, 0.14124293785310735, 0, 0., 0, 0., 0, 0., 0, 0., 0, 0., 0, 0., 1, 0.14124293785310735, 0, 0., 0, 0., 0, 0., 0, 0., 0, 0., 0, 0., 0, 0., 0, 0., 0, 0., 0, 0., 0, 0., 0, 0., 0, 0., 0, 0., 0, 0., 0, 0., 0, 0., 0, 0., 483, 68.22033898305085, 95, 13.418079096045197, 0, 0., 4, 0.5649717514124294, 0, 0., 0, 0., 0, 0., 243, 715, 958, 708, 0.7390396659707724
, generated\gt\sample_000312.krn, generated\xml_homr\sample_000312.xml, 0, 0., 74, 9.499358151476251, 0, 0., 34, 4.364569961489089, 0, 0., 0, 0., 7, 0.8985879332477535, 0, 0., 0, 0., 0, 0., 0, 0., 0, 0., 0, 0., 0, 0., 0, 0., 0, 0., 0, 0., 0, 0., 0, 0., 0, 0., 0, 0., 0, 0., 12, 1.5404364569961488, 0, 0., 0, 0., 0, 0., 0, 0., 0, 0., 0, 0., 0, 0., 0, 0., 0, 0., 652, 83.69704749679076, 0, 0., 0, 0., 0, 0., 0, 0., 0, 0., 0, 0., 214, 839, 1053, 779, 0.7397910731244065
, generated\gt\sample_000374.krn, generated\xml_homr\sample_000374.xml, 0, 0., 0, 0., 0, 0., 70, 5.747126436781609, 0, 0., 0, 0., 0, 0., 0, 0., 0, 0., 0, 0., 0, 0., 0, 0., 0, 0., 0, 0., 0, 0., 0, 0., 0, 0., 0, 0., 0, 0., 0, 0., 0, 0., 0, 0., 0, 0., 0, 0., 0, 0., 0, 0., 0, 0., 0, 0., 0, 0., 0, 0., 0, 0., 0, 0., 1148, 94.25287356321839, 0, 0., 0, 0., 0, 0., 0, 0., 0, 0., 0, 0., 239, 1387, 1626, 1218, 0.7490774907749077
, generated\gt\sample_000207.krn, generated\xml_homr\sample_000207.xml, 0, 0., 0, 0., 0, 0., 0, 0., 0, 0., 0, 0., 0, 0., 0, 0., 0, 0., 0, 0., 0, 0., 0, 0., 0, 0., 0, 0., 0, 0., 1, 0.37037037037037035, 0, 0., 2, 0.7407407407407407, 0, 0., 0, 0., 0, 0., 0, 0., 0, 0., 0, 0., 0, 0., 0, 0., 0, 0., 0, 0., 0, 0., 0, 0., 0, 0., 0, 0., 267, 98.88888888888889, 0, 0., 0, 0., 0, 0., 0, 0., 0, 0., 0, 0., 48, 312, 360, 270, 0.75
, generated\gt\sample_000021.krn, generated\xml_homr\sample_000021.xml, 0, 0., 3, 0.4665629860031104, 0, 0., 28, 4.354587869362364, 0, 0., 0, 0., 0, 0., 0, 0., 0, 0., 0, 0., 0, 0., 0, 0., 0, 0., 0, 0., 3, 0.4665629860031104, 0, 0., 0, 0., 0, 0., 0, 0., 0, 0., 0, 0., 0, 0., 1, 0.15552099533437014, 0, 0., 0, 0., 0, 0., 0, 0., 0, 0., 0, 0., 0, 0., 0, 0., 0, 0., 608, 94.55676516329704, 0, 0., 0, 0., 0, 0., 0, 0., 0, 0., 0, 0., 126, 731, 857, 643, 0.750291715285881
, generated\gt\sample_000184.krn, generated\xml_homr\sample_000184.xml, 0, 0., 25, 3.9872408293460926, 0, 0., 12, 1.9138755980861244, 0, 0., 0, 0., 0, 0., 0, 0., 0, 0., 0, 0., 8, 1.2759170653907497, 1, 0.1594896331738437, 0, 0., 1, 0.1594896331738437, 1, 0.1594896331738437, 0, 0., 0, 0., 0, 0., 0, 0., 0, 0., 0, 0., 0, 0., 4, 0.6379585326953748, 0, 0., 0, 0., 0, 0., 0, 0., 0, 0., 0, 0., 0, 0., 0, 0., 0, 0., 538, 85.8054226475279, 33, 5.2631578947368425, 0, 0., 4, 0.6379585326953748, 0, 0., 0, 0., 0, 0., 154, 681, 835, 627, 0.7508982035928143
, generated\gt\sample_000087.krn, generated\xml_homr\sample_000087.xml, 0, 0., 30, 5.905511811023622, 0, 0., 0, 0., 0, 0., 0, 0., 2, 0.3937007874015748, 0, 0., 0, 0., 0, 0., 0, 0., 0, 0., 0, 0., 0, 0., 4, 0.7874015748031497, 0, 0., 0, 0., 0, 0., 0, 0., 0, 0., 0, 0., 0, 0., 0, 0., 0, 0., 0, 0., 0, 0., 0, 0., 0, 0., 0, 0., 0, 0., 0, 0., 0, 0., 434, 85.43307086614173, 34, 6.692913385826771, 0, 0., 4, 0.7874015748031497, 0, 0., 0, 0., 0, 0., 128, 548, 676, 508, 0.7514792899408284
, generated\gt\sample_000665.krn, generated\xml_homr\sample_000665.xml, 0, 0., 0, 0., 0, 0., 20, 3.5778175313059033, 0, 0., 0, 0., 5, 0.8944543828264758, 0, 0., 0, 0., 0, 0., 0, 0., 1, 0.17889087656529518, 0, 0., 0, 0., 3, 0.5366726296958855, 0, 0., 0, 0., 0, 0., 0, 0., 0, 0., 0, 0., 0, 0., 5, 0.8944543828264758, 0, 0., 0, 0., 0, 0., 0, 0., 0, 0., 0, 0., 0, 0., 0, 0., 0, 0., 525, 93.91771019677996, 0, 0., 0, 0., 0, 0., 0, 0., 0, 0., 0, 0., 113, 628, 741, 559, 0.7543859649122807
, generated\gt\sample_000301.krn, generated\xml_homr\sample_000301.xml, 0, 0., 124, 15.816326530612244, 0, 0., 24, 3.061224489795918, 0, 0., 0, 0., 0, 0., 0, 0., 18, 2.295918367346939, 0, 0., 0, 0., 0, 0., 0, 0., 2, 0.25510204081632654, 0, 0., 0, 0., 0, 0., 0, 0., 0, 0., 0, 0., 0, 0., 0, 0., 13, 1.6581632653061225, 0, 0., 0, 0., 0, 0., 0, 0., 0, 0., 0, 0., 0, 0., 0, 0., 0, 0., 516, 65.81632653061224, 83, 10.58673469387755, 0, 0., 4, 0.5102040816326531, 0, 0., 0, 0., 0, 0., 256, 778, 1034, 784, 0.758220502901354
, generated\gt\sample_000248.krn, generated\xml_homr\sample_000248.xml, 0, 0., 88, 14.666666666666666, 0, 0., 6, 1.0, 1, 0.16666666666666666, 0, 0., 8, 1.3333333333333333, 0, 0., 0, 0., 1, 0.16666666666666666, 1, 0.16666666666666666, 0, 0., 0, 0., 2, 0.3333333333333333, 0, 0., 0, 0., 0, 0., 0, 0., 0, 0., 0, 0., 0, 0., 0, 0., 6, 1.0, 0, 0., 0, 0., 0, 0., 0, 0., 0, 0., 0, 0., 0, 0., 0, 0., 0, 0., 379, 63.166666666666664, 104, 17.333333333333332, 0, 0., 4, 0.6666666666666666, 0, 0., 0, 0., 0, 0., 228, 560, 788, 600, 0.7614213197969543
, generated\gt\sample_000271.krn, generated\xml_homr\sample_000271.xml, 0, 0., 89, 8.873379860418744, 0, 0., 84, 8.374875373878364, 0, 0., 0, 0., 10, 0.9970089730807578, 0, 0., 0, 0., 0, 0., 0, 0., 0, 0., 0, 0., 1, 0.09970089730807577, 0, 0., 0, 0., 0, 0., 2, 0.19940179461615154, 0, 0., 0, 0., 0, 0., 0, 0., 13, 1.296111665004985, 0, 0., 0, 0., 0, 0., 0, 0., 0, 0., 0, 0., 0, 0., 0, 0., 0, 0., 703, 70.08973080757727, 97, 9.67098703888335, 0, 0., 4, 0.3988035892323031, 0, 0., 0, 0., 0, 0., 324, 991, 1315, 1003, 0.7627376425855513
, generated\gt\sample_000195.krn, generated\xml_homr\sample_000195.xml, 0, 0., 65, 6.091846298031865, 0, 0., 54, 5.060918462980319, 0, 0., 0, 0., 1, 0.09372071227741331, 0, 0., 0, 0., 0, 0., 0, 0., 0, 0., 0, 0., 1, 0.09372071227741331, 0, 0., 0, 0., 0, 0., 0, 0., 0, 0., 0, 0., 0, 0., 0, 0., 1, 0.09372071227741331, 0, 0., 0, 0., 0, 0., 0, 0., 0, 0., 0, 0., 0, 0., 0, 0., 0, 0., 884, 82.84910965323337, 57, 5.342080599812559, 0, 0., 4, 0.37488284910965325, 0, 0., 0, 0., 0, 0., 254, 1141, 1395, 1067, 0.7648745519713261
, generated\gt\sample_000186.krn, generated\xml_homr\sample_000186.xml, 0, 0., 0, 0., 0, 0., 84, 8.823529411764707, 0, 0., 0, 0., 9, 0.9453781512605042, 0, 0., 0, 0., 0, 0., 0, 0., 0, 0., 0, 0., 0, 0., 0, 0., 0, 0., 0, 0., 0, 0., 0, 0., 0, 0., 0, 0., 0, 0., 4, 0.42016806722689076, 0, 0., 0, 0., 0, 0., 0, 0., 0, 0., 0, 0., 0, 0., 0, 0., 0, 0., 855, 89.8109243697479, 0, 0., 0, 0., 0, 0., 0, 0., 0, 0., 0, 0., 195, 1037, 1232, 952, 0.7727272727272727
, generated\gt\sample_000143.krn, generated\xml_homr\sample_000143.xml, 0, 0., 0, 0., 0, 0., 16, 3.041825095057034, 0, 0., 0, 0., 0, 0., 0, 0., 0, 0., 0, 0., 0, 0., 0, 0., 0, 0., 0, 0., 3, 0.5703422053231939, 0, 0., 0, 0., 2, 0.38022813688212925, 0, 0., 0, 0., 0, 0., 0, 0., 1, 0.19011406844106463, 0, 0., 0, 0., 0, 0., 0, 0., 0, 0., 0, 0., 0, 0., 0, 0., 0, 0., 504, 95.81749049429658, 0, 0., 0, 0., 0, 0., 0, 0., 0, 0., 0, 0., 87, 589, 676, 526, 0.7781065088757396
, generated\gt\sample_000520.krn, generated\xml_homr\sample_000520.xml, 0, 0., 0, 0., 0, 0., 112, 5.552801189885969, 0, 0., 0, 0., 0, 0., 0, 0., 0, 0., 0, 0., 0, 0., 0, 0., 0, 0., 0, 0., 3, 0.1487357461576599, 1, 0.0495785820525533, 0, 0., 0, 0., 0, 0., 0, 0., 0, 0., 0, 0., 0, 0., 0, 0., 0, 0., 0, 0., 0, 0., 0, 0., 0, 0., 0, 0., 0, 0., 0, 0., 1901, 94.24888448190381, 0, 0., 0, 0., 0, 0., 0, 0., 0, 0., 0, 0., 339, 2240, 2579, 2017, 0.7820860798759209
, generated\gt\sample_000319.krn, generated\xml_homr\sample_000319.xml, 0, 0., 73, 9.125, 0, 0., 22, 2.75, 0, 0., 0, 0., 4, 0.5, 0, 0., 0, 0., 0, 0., 0, 0., 0, 0., 0, 0., 0, 0., 0, 0., 0, 0., 0, 0., 0, 0., 0, 0., 0, 0., 0, 0., 0, 0., 10, 1.25, 0, 0., 0, 0., 0, 0., 0, 0., 0, 0., 0, 0., 0, 0., 0, 0., 0, 0., 691, 86.375, 0, 0., 0, 0., 0, 0., 0, 0., 0, 0., 0, 0., 175, 845, 1020, 800, 0.7843137254901961
, generated\gt\sample_000662.krn, generated\xml_homr\sample_000662.xml, 0, 0., 28, 5.7026476578411405, 0, 0., 16, 3.258655804480652, 0, 0., 0, 0., 3, 0.6109979633401222, 0, 0., 0, 0., 0, 0., 0, 0., 2, 0.4073319755600815, 0, 0., 1, 0.20366598778004075, 1, 0.20366598778004075, 0, 0., 0, 0., 0, 0., 0, 0., 0, 0., 0, 0., 0, 0., 5, 1.0183299389002036, 0, 0., 0, 0., 0, 0., 0, 0., 0, 0., 0, 0., 0, 0., 0, 0., 0, 0., 395, 80.44806517311609, 36, 7.3319755600814664, 0, 0., 4, 0.814663951120163, 0, 0., 0, 0., 0, 0., 125, 501, 626, 491, 0.7843450479233227
, generated\gt\sample_000308.krn, generated\xml_homr\sample_000308.xml, 0, 0., 0, 0., 0, 0., 12, 1.9834710743801653, 0, 0., 0, 0., 0, 0., 0, 0., 0, 0., 2, 0.3305785123966942, 0, 0., 1, 0.1652892561983471, 0, 0., 0, 0., 0, 0., 0, 0., 0, 0., 0, 0., 0, 0., 0, 0., 0, 0., 0, 0., 4, 0.6611570247933884, 0, 0., 0, 0., 0, 0., 0, 0., 0, 0., 0, 0., 0, 0., 0, 0., 0, 0., 586, 96.85950413223141, 0, 0., 0, 0., 0, 0., 0, 0., 0, 0., 0, 0., 96, 675, 771, 605, 0.7846952010376135
, generated\gt\sample_000325.krn, generated\xml_homr\sample_000325.xml, 0, 0., 128, 10.684474123539232, 0, 0., 3, 0.25041736227045075, 0, 0., 0, 0., 1, 0.08347245409015025, 0, 0., 0, 0., 1, 0.08347245409015025, 8, 0.667779632721202, 0, 0., 0, 0., 1, 0.08347245409015025, 0, 0., 0, 0., 0, 0., 0, 0., 0, 0., 0, 0., 0, 0., 0, 0., 0, 0., 0, 0., 0, 0., 2, 0.1669449081803005, 0, 0., 0, 0., 0, 0., 0, 0., 0, 0., 0, 0., 945, 78.88146911519199, 105, 8.764607679465776, 0, 0., 4, 0.333889816360601, 0, 0., 0, 0., 0, 0., 287, 1238, 1525, 1198, 0.7855737704918033
, generated\gt\sample_000230.krn, generated\xml_homr\sample_000230.xml, 0, 0., 41, 2.2282608695652173, 0, 0., 138, 7.5, 0, 0., 0, 0., 11, 0.5978260869565217, 0, 0., 0, 0., 1, 0.05434782608695652, 0, 0., 0, 0., 0, 0., 2, 0.10869565217391304, 2, 0.10869565217391304, 0, 0., 0, 0., 0, 0., 0, 0., 0, 0., 0, 0., 0, 0., 9, 0.4891304347826087, 0, 0., 0, 0., 0, 0., 0, 0., 0, 0., 0, 0., 0, 0., 0, 0., 0, 0., 1588, 86.30434782608695, 44, 2.391304347826087, 0, 0., 4, 0.21739130434782608, 0, 0., 0, 0., 0, 0., 392, 1936, 2328, 1840, 0.7903780068728522
, generated\gt\sample_000534.krn, generated\xml_homr\sample_000534.xml, 0, 0., 139, 12.344582593250443, 0, 0., 30, 2.664298401420959, 0, 0., 0, 0., 0, 0., 0, 0., 0, 0., 0, 0., 0, 0., 0, 0., 0, 0., 1, 0.08880994671403197, 0, 0., 0, 0., 0, 0., 0, 0., 0, 0., 0, 0., 0, 0., 0, 0., 2, 0.17761989342806395, 0, 0., 0, 0., 0, 0., 0, 0., 0, 0., 0, 0., 0, 0., 0, 0., 0, 0., 849, 75.39964476021315, 101, 8.969804618117228, 0, 0., 4, 0.3552397868561279, 0, 0., 0, 0., 0, 0., 289, 1134, 1423, 1126, 0.7912860154602952
, generated\gt\sample_000466.krn, generated\xml_homr\sample_000466.xml, 0, 0., 155, 11.645379413974455, 0, 0., 75, 5.634861006761833, 3, 0.22539444027047334, 0, 0., 8, 0.6010518407212622, 0, 0., 0, 0., 2, 0.15026296018031554, 0, 0., 0, 0., 0, 0., 3, 0.22539444027047334, 4, 0.3005259203606311, 0, 0., 0, 0., 0, 0., 0, 0., 0, 0., 0, 0., 0, 0., 13, 0.976709241172051, 0, 0., 0, 0., 0, 0., 0, 0., 0, 0., 0, 0., 0, 0., 0, 0., 0, 0., 957, 71.90082644628099, 107, 8.039068369646882, 0, 0., 4, 0.3005259203606311, 0, 0., 0, 0., 0, 0., 380, 1301, 1681, 1331, 0.7917906008328376
, generated\gt\sample_000327.krn, generated\xml_homr\sample_000327.xml, 0, 0., 164, 9.100998890122087, 0, 0., 0, 0., 0, 0., 0, 0., 15, 0.832408435072142, 0, 0., 0, 0., 0, 0., 0, 0., 0, 0., 0, 0., 1, 0.05549389567147614, 2, 0.11098779134295228, 0, 0., 0, 0., 2, 0.11098779134295228, 0, 0., 0, 0., 0, 0., 0, 0., 1, 0.05549389567147614, 0, 0., 0, 0., 0, 0., 0, 0., 0, 0., 0, 0., 0, 0., 0, 0., 0, 0., 1433, 79.52275249722531, 180, 9.988901220865705, 0, 0., 4, 0.22197558268590456, 0, 0., 0, 0., 0, 0., 438, 1832, 2270, 1802, 0.7938325991189428
, generated\gt\sample_000117.krn, generated\xml_homr\sample_000117.xml, 0, 0., 27, 2.2765598650927488, 0, 0., 57, 4.806070826306914, 0, 0., 0, 0., 25, 2.1079258010118043, 0, 0., 0, 0., 0, 0., 0, 0., 0, 0., 0, 0., 1, 0.08431703204047218, 2, 0.16863406408094436, 0, 0., 0, 0., 0, 0., 0, 0., 0, 0., 0, 0., 0, 0., 0, 0., 0, 0., 0, 0., 0, 0., 0, 0., 0, 0., 0, 0., 0, 0., 0, 0., 0, 0., 1038, 87.52107925801012, 32, 2.69814502529511, 0, 0., 4, 0.3372681281618887, 0, 0., 0, 0., 0, 0., 245, 1248, 1493, 1186, 0.7943737441393168
, generated\gt\sample_000038.krn, generated\xml_homr\sample_000038.xml, 0, 0., 64, 9.103840682788052, 0, 0., 24, 3.413940256045519, 0, 0., 0, 0., 2, 0.2844950213371266, 0, 0., 0, 0., 0, 0., 0, 0., 0, 0., 0, 0., 1, 0.1422475106685633, 0, 0., 0, 0., 0, 0., 2, 0.2844950213371266, 0, 0., 0, 0., 0, 0., 0, 0., 2, 0.2844950213371266, 0, 0., 0, 0., 0, 0., 0, 0., 0, 0., 0, 0., 0, 0., 0, 0., 0, 0., 527, 74.96443812233287, 77, 10.953058321479373, 0, 0., 4, 0.5689900426742532, 0, 0., 0, 0., 0, 0., 188, 693, 881, 703, 0.7979568671963677
, generated\gt\sample_000072.krn, generated\xml_homr\sample_000072.xml, 0, 0., 42, 3.5623409669211195, 0, 0., 96, 8.142493638676845, 0, 0., 0, 0., 5, 0.42408821034775235, 0, 0., 0, 0., 0, 0., 0, 0., 0, 0., 0, 0., 1, 0.08481764206955046, 2, 0.16963528413910092, 0, 0., 0, 0., 0, 0., 0, 0., 0, 0., 0, 0., 0, 0., 0, 0., 0, 0., 0, 0., 0, 0., 0, 0., 0, 0., 0, 0., 0, 0., 0, 0., 0, 0., 984, 83.46055979643766, 45, 3.816793893129771, 0, 0., 4, 0.33927056827820185, 0, 0., 0, 0., 0, 0., 251, 1222, 1473, 1179, 0.8004073319755601
, generated\gt\sample_000231.krn, generated\xml_homr\sample_000231.xml, 0, 0., 283, 13.162790697674419, 0, 0., 189, 8.790697674418604, 0, 0., 0, 0., 12, 0.5581395348837209, 0, 0., 0, 0., 0, 0., 0, 0., 0, 0., 0, 0., 1, 0.046511627906976744, 2, 0.09302325581395349, 0, 0., 0, 0., 0, 0., 0, 0., 0, 0., 0, 0., 0, 0., 7, 0.32558139534883723, 0, 0., 0, 0., 0, 0., 0, 0., 0, 0., 0, 0., 0, 0., 0, 0., 0, 0., 1553, 72.23255813953489, 99, 4.604651162790698, 0, 0., 4, 0.18604651162790697, 0, 0., 0, 0., 0, 0., 544, 2142, 2686, 2150, 0.8004467609828742
, generated\gt\sample_000621.krn, generated\xml_homr\sample_000621.xml, 0, 0., 9, 0.7395234182415776, 0, 0., 35, 2.875924404272802, 0, 0., 0, 0., 0, 0., 0, 0., 0, 0., 3, 0.2465078060805259, 0, 0., 0, 0., 0, 0., 0, 0., 0, 0., 0, 0., 0, 0., 0, 0., 0, 0., 0, 0., 0, 0., 0, 0., 7, 0.5751848808545604, 0, 0., 0, 0., 0, 0., 0, 0., 0, 0., 0, 0., 0, 0., 0, 0., 0, 0., 1163, 95.56285949055054, 0, 0., 0, 0., 0, 0., 0, 0., 0, 0., 0, 0., 188, 1332, 1520, 1217, 0.8006578947368421
, generated\gt\sample_000289.krn, generated\xml_homr\sample_000289.xml, 0, 0., 168, 15.04028648164727, 0, 0., 0, 0., 0, 0., 0, 0., 4, 0.35810205908683973, 0, 0., 0, 0., 0, 0., 20, 1.7905102954341987, 0, 0., 0, 0., 3, 0.26857654431512984, 0, 0., 0, 0., 0, 0., 0, 0., 0, 0., 0, 0., 0, 0., 0, 0., 0, 0., 0, 0., 0, 0., 0, 0., 0, 0., 0, 0., 0, 0., 0, 0., 0, 0., 0, 0., 738, 66.06982990152193, 180, 16.11459265890779, 0, 0., 4, 0.35810205908683973, 0, 0., 0, 0., 0, 0., 362, 1031, 1393, 1117, 0.8018664752333095
, generated\gt\sample_000182.krn, generated\xml_homr\sample_000182.xml, 0, 0., 38, 6.597222222222222, 0, 0., 24, 4.166666666666667, 0, 0., 0, 0., 3, 0.5208333333333334, 0, 0., 0, 0., 1, 0.1736111111111111, 0, 0., 0, 0., 0, 0., 1, 0.1736111111111111, 1, 0.1736111111111111, 0, 0., 0, 0., 0, 0., 0, 0., 0, 0., 0, 0., 0, 0., 1, 0.1736111111111111, 0, 0., 0, 0., 0, 0., 0, 0., 0, 0., 0, 0., 0, 0., 0, 0., 0, 0., 460, 79.86111111111111, 43, 7.465277777777778, 0, 0., 4, 0.6944444444444444, 0, 0., 0, 0., 0, 0., 136, 582, 718, 576, 0.8022284122562674
, generated\gt\sample_000364.krn, generated\xml_homr\sample_000364.xml, 0, 0., 0, 0., 0, 0., 48, 5.411499436302142, 0, 0., 0, 0., 3, 0.3382187147688839, 0, 0., 0, 0., 0, 0., 0, 0., 0, 0., 0, 0., 0, 0., 3, 0.3382187147688839, 0, 0., 0, 0., 2, 0.2254791431792559, 0, 0., 0, 0., 0, 0., 0, 0., 4, 0.4509582863585118, 0, 0., 0, 0., 0, 0., 0, 0., 0, 0., 0, 0., 0, 0., 0, 0., 0, 0., 827, 93.23562570462232, 0, 0., 0, 0., 0, 0., 0, 0., 0, 0., 0, 0., 143, 962, 1105, 887, 0.8027149321266969
, generated\gt\sample_000388.krn, generated\xml_homr\sample_000388.xml, 0, 0., 123, 8.447802197802197, 0, 0., 92, 6.318681318681318, 0, 0., 0, 0., 9, 0.6181318681318682, 0, 0., 0, 0., 1, 0.06868131868131869, 0, 0., 3, 0.20604395604395603, 0, 0., 1, 0.06868131868131869, 4, 0.27472527472527475, 0, 0., 0, 0., 0, 0., 0, 0., 0, 0., 0, 0., 0, 0., 14, 0.9615384615384616, 0, 0., 0, 0., 0, 0., 0, 0., 0, 0., 0, 0., 0, 0., 0, 0., 0, 0., 1096, 75.27472527472527, 109, 7.486263736263736, 0, 0., 4, 0.27472527472527475, 0, 0., 0, 0., 0, 0., 377, 1429, 1806, 1456, 0.8062015503875969
, generated\gt\sample_000538.krn, generated\xml_homr\sample_000538.xml, 0, 0., 115, 10.150044130626656, 4, 0.353045013239188, 0, 0., 0, 0., 0, 0., 11, 0.970873786407767, 0, 0., 0, 0., 0, 0., 17, 1.500441306266549, 0, 0., 0, 0., 0, 0., 4, 0.353045013239188, 2, 0.176522506619594, 0, 0., 5, 0.44130626654898497, 0, 0., 0, 0., 0, 0., 0, 0., 0, 0., 0, 0., 0, 0., 0, 0., 0, 0., 0, 0., 0, 0., 0, 0., 0, 0., 0, 0., 853, 75.28684907325685, 118, 10.414827890556046, 0, 0., 4, 0.353045013239188, 0, 0., 0, 0., 0, 0., 318, 1087, 1405, 1133, 0.8064056939501779
, generated\gt\sample_000206.krn, generated\xml_homr\sample_000206.xml, 0, 0., 0, 0., 0, 0., 96, 7.798537774167344, 0, 0., 0, 0., 6, 0.487408610885459, 0, 0., 0, 0., 0, 0., 0, 0., 0, 0., 0, 0., 0, 0., 0, 0., 1, 0.08123476848090982, 0, 0., 0, 0., 0, 0., 0, 0., 0, 0., 0, 0., 2, 0.16246953696181965, 0, 0., 0, 0., 0, 0., 0, 0., 0, 0., 0, 0., 0, 0., 0, 0., 0, 0., 1126, 91.47034930950447, 0, 0., 0, 0., 0, 0., 0, 0., 0, 0., 0, 0., 204, 1321, 1525, 1231, 0.8072131147540984
, generated\gt\sample_000601.krn, generated\xml_homr\sample_000601.xml, 0, 0., 202, 19.110690633869442, 0, 0., 26, 2.4597918637653735, 0, 0., 0, 0., 0, 0., 0, 0., 0, 0., 0, 0., 0, 0., 0, 0., 0, 0., 4, 0.3784295175023652, 3, 0.28382213812677387, 0, 0., 0, 0., 2, 0.1892147587511826, 0, 0., 0, 0., 0, 0., 0, 0., 13, 1.2298959318826868, 0, 0., 0, 0., 0, 0., 0, 0., 0, 0., 0, 0., 0, 0., 0, 0., 0, 0., 624, 59.03500473036897, 179, 16.93472090823084, 0, 0., 4, 0.3784295175023652, 0, 0., 0, 0., 0, 0., 359, 950, 1309, 1057, 0.8074866310160428
, generated\gt\sample_000661.krn, generated\xml_homr\sample_000661.xml, 0, 0., 49, 8.611599297012303, 0, 0., 18, 3.1634446397188047, 0, 0., 0, 0., 1, 0.1757469244288225, 0, 0., 0, 0., 0, 0., 3, 0.5272407732864675, 0, 0., 0, 0., 3, 0.5272407732864675, 1, 0.1757469244288225, 0, 0., 0, 0., 0, 0., 0, 0., 0, 0., 0, 0., 0, 0., 5, 0.8787346221441125, 0, 0., 0, 0., 0, 0., 0, 0., 0, 0., 0, 0., 0, 0., 0, 0., 0, 0., 426, 74.86818980667839, 59, 10.369068541300527, 0, 0., 4, 0.70298769771529, 0, 0., 0, 0., 0, 0., 147, 556, 703, 569, 0.8093883357041252
, generated\gt\sample_000220.krn, generated\xml_homr\sample_000220.xml, 0, 0., 138, 9.043250327653997, 0, 0., 37, 2.4246395806028835, 0, 0., 0, 0., 4, 0.2621231979030144, 0, 0., 0, 0., 0, 0., 1, 0.0655307994757536, 6, 0.3931847968545216, 0, 0., 1, 0.0655307994757536, 2, 0.1310615989515072, 0, 0., 0, 0., 0, 0., 0, 0., 0, 0., 0, 0., 0, 0., 4, 0.2621231979030144, 0, 0., 0, 0., 0, 0., 0, 0., 0, 0., 0, 0., 0, 0., 0, 0., 0, 0., 1162, 76.14678899082568, 167, 10.943643512450851, 0, 0., 4, 0.2621231979030144, 0, 0., 0, 0., 0, 0., 379, 1506, 1885, 1526, 0.8095490716180371
, generated\gt\sample_000484.krn, generated\xml_homr\sample_000484.xml, 0, 0., 40, 4.1928721174004195, 0, 0., 70, 7.337526205450734, 0, 0., 0, 0., 4, 0.4192872117400419, 0, 0., 0, 0., 0, 0., 0, 0., 0, 0., 0, 0., 0, 0., 2, 0.20964360587002095, 0, 0., 0, 0., 0, 0., 0, 0., 0, 0., 0, 0., 0, 0., 0, 0., 0, 0., 0, 0., 0, 0., 0, 0., 0, 0., 0, 0., 0, 0., 0, 0., 0, 0., 789, 82.70440251572327, 45, 4.716981132075472, 0, 0., 4, 0.4192872117400419, 0, 0., 0, 0., 0, 0., 202, 976, 1178, 954, 0.8098471986417657
, generated\gt\sample_000511.krn, generated\xml_homr\sample_000511.xml, 0, 0., 91, 10.201793721973095, 0, 0., 50, 5.605381165919282, 0, 0., 0, 0., 0, 0., 0, 0., 0, 0., 0, 0., 0, 0., 3, 0.336322869955157, 0, 0., 0, 0., 0, 0., 0, 0., 0, 0., 2, 0.2242152466367713, 0, 0., 0, 0., 0, 0., 0, 0., 9, 1.0089686098654709, 0, 0., 0, 0., 0, 0., 0, 0., 0, 0., 0, 0., 0, 0., 0, 0., 0, 0., 737, 82.62331838565022, 0, 0., 0, 0., 0, 0., 0, 0., 0, 0., 0, 0., 188, 913, 1101, 892, 0.810172570390554
, generated\gt\sample_000158.krn, generated\xml_homr\sample_000158.xml, 0, 0., 48, 10.38961038961039, 0, 0., 14, 3.0303030303030303, 0, 0., 0, 0., 1, 0.21645021645021645, 0, 0., 0, 0., 0, 0., 2, 0.4329004329004329, 1, 0.21645021645021645, 0, 0., 1, 0.21645021645021645, 3, 0.6493506493506493, 0, 0., 0, 0., 0, 0., 0, 0., 0, 0., 0, 0., 0, 0., 4, 0.8658008658008658, 0, 0., 0, 0., 0, 0., 0, 0., 0, 0., 0, 0., 0, 0., 0, 0., 0, 0., 357, 77.27272727272727, 27, 5.8441558441558445, 0, 0., 4, 0.8658008658008658, 0, 0., 0, 0., 0, 0., 108, 462, 570, 462, 0.8105263157894737
, generated\gt\sample_000229.krn, generated\xml_homr\sample_000229.xml, 0, 0., 55, 5.413385826771654, 0, 0., 75, 7.381889763779528, 0, 0., 0, 0., 5, 0.4921259842519685, 0, 0., 0, 0., 0, 0., 0, 0., 0, 0., 0, 0., 3, 0.2952755905511811, 0, 0., 0, 0., 0, 0., 0, 0., 0, 0., 0, 0., 0, 0., 0, 0., 3, 0.2952755905511811, 0, 0., 0, 0., 0, 0., 0, 0., 0, 0., 0, 0., 0, 0., 0, 0., 0, 0., 802, 78.93700787401575, 69, 6.791338582677166, 0, 0., 4, 0.3937007874015748, 0, 0., 0, 0., 0, 0., 237, 1016, 1253, 1016, 0.810853950518755
, generated\gt\sample_000061.krn, generated\xml_homr\sample_000061.xml, 0, 0., 90, 9.375, 0, 0., 0, 0., 0, 0., 0, 0., 2, 0.20833333333333334, 0, 0., 0, 0., 1, 0.10416666666666667, 0, 0., 1, 0.10416666666666667, 0, 0., 1, 0.10416666666666667, 2, 0.20833333333333334, 2, 0.20833333333333334, 0, 0., 2, 0.20833333333333334, 0, 0., 0, 0., 0, 0., 0, 0., 0, 0., 0, 0., 0, 0., 0, 0., 0, 0., 0, 0., 0, 0., 0, 0., 0, 0., 0, 0., 800, 83.33333333333333, 55, 5.729166666666667, 0, 0., 4, 0.4166666666666667, 0, 0., 0, 0., 0, 0., 202, 980, 1182, 960, 0.8121827411167513
, generated\gt\sample_000296.krn, generated\xml_homr\sample_000296.xml, 0, 0., 158, 13.527397260273972, 4, 0.3424657534246575, 0, 0., 1, 0.08561643835616438, 0, 0., 4, 0.3424657534246575, 0, 0., 0, 0., 0, 0., 8, 0.684931506849315, 0, 0., 0, 0., 3, 0.2568493150684932, 4, 0.3424657534246575, 0, 0., 0, 0., 0, 0., 0, 0., 0, 0., 0, 0., 0, 0., 0, 0., 0, 0., 0, 0., 0, 0., 0, 0., 0, 0., 0, 0., 0, 0., 0, 0., 0, 0., 874, 74.82876712328768, 108, 9.246575342465754, 0, 0., 4, 0.3424657534246575, 0, 0., 0, 0., 0, 0., 289, 1141, 1430, 1168, 0.8167832167832167
, generated\gt\sample_000446.krn, generated\xml_homr\sample_000446.xml, 0, 0., 120, 14.598540145985401, 0, 0., 60, 7.299270072992701, 0, 0., 0, 0., 0, 0., 0, 0., 0, 0., 0, 0., 0, 0., 0, 0., 0, 0., 1, 0.12165450121654502, 2, 0.24330900243309003, 0, 0., 0, 0., 0, 0., 0, 0., 0, 0., 0, 0., 0, 0., 2, 0.24330900243309003, 0, 0., 0, 0., 0, 0., 0, 0., 0, 0., 0, 0., 0, 0., 0, 0., 0, 0., 507, 61.67883211678832, 126, 15.328467153284672, 0, 0., 4, 0.48661800486618007, 0, 0., 0, 0., 0, 0., 256, 750, 1006, 822, 0.8170974155069582
, generated\gt\sample_000125.krn, generated\xml_homr\sample_000125.xml, 0, 0., 72, 4.678362573099415, 0, 0., 44, 2.8589993502274202, 0, 0., 0, 0., 15, 0.9746588693957114, 0, 0., 0, 0., 3, 0.1949317738791423, 10, 0.649772579597141, 3, 0.1949317738791423, 0, 0., 1, 0.0649772579597141, 2, 0.1299545159194282, 0, 0., 0, 0., 0, 0., 0, 0., 0, 0., 0, 0., 0, 0., 3, 0.1949317738791423, 0, 0., 0, 0., 0, 0., 0, 0., 0, 0., 0, 0., 0, 0., 0, 0., 0, 0., 1297, 84.27550357374919, 85, 5.523066926575699, 0, 0., 4, 0.2599090318388564, 0, 0., 0, 0., 0, 0., 313, 1570, 1883, 1539, 0.8173127987254382
, generated\gt\sample_000328.krn, generated\xml_homr\sample_000328.xml, 0, 0., 20, 1.4609203798392987, 0, 0., 82, 5.989773557341125, 0, 0., 0, 0., 5, 0.36523009495982467, 0, 0., 0, 0., 0, 0., 0, 0., 0, 0., 0, 0., 1, 0.07304601899196493, 2, 0.14609203798392986, 0, 0., 0, 0., 0, 0., 0, 0., 0, 0., 0, 0., 0, 0., 10, 0.7304601899196493, 0, 0., 0, 0., 0, 0., 0, 0., 0, 0., 0, 0., 0, 0., 0, 0., 0, 0., 1217, 88.89700511322133, 28, 2.0452885317750185, 0, 0., 4, 0.2921840759678597, 0, 0., 0, 0., 0, 0., 243, 1432, 1675, 1369, 0.8173134328358209
, generated\gt\sample_000633.krn, generated\xml_homr\sample_000633.xml, 0, 0., 64, 9.27536231884058, 6, 0.8695652173913043, 0, 0., 3, 0.43478260869565216, 0, 0., 0, 0., 0, 0., 0, 0., 0, 0., 0, 0., 0, 0., 0, 0., 3, 0.43478260869565216, 0, 0., 0, 0., 0, 0., 0, 0., 0, 0., 0, 0., 0, 0., 0, 0., 0, 0., 0, 0., 0, 0., 0, 0., 0, 0., 0, 0., 0, 0., 0, 0., 0, 0., 0, 0., 534, 77.3913043478261, 76, 11.014492753623188, 0, 0., 4, 0.5797101449275363, 0, 0., 0, 0., 0, 0., 181, 663, 844, 690, 0.8175355450236966
, generated\gt\sample_000172.krn, generated\xml_homr\sample_000172.xml, 0, 0., 108, 15.952732644017726, 0, 0., 4, 0.5908419497784343, 0, 0., 0, 0., 5, 0.7385524372230429, 0, 0., 0, 0., 1, 0.14771048744460857, 0, 0., 0, 0., 0, 0., 1, 0.14771048744460857, 0, 0., 0, 0., 0, 0., 2, 0.29542097488921715, 0, 0., 0, 0., 0, 0., 0, 0., 3, 0.4431314623338257, 0, 0., 0, 0., 0, 0., 0, 0., 0, 0., 0, 0., 0, 0., 0, 0., 0, 0., 444, 65.5834564254062, 105, 15.5096011816839, 0, 0., 4, 0.5908419497784343, 0, 0., 0, 0., 0, 0., 208, 619, 827, 677, 0.8186215235792019
, generated\gt\sample_000530.krn, generated\xml_homr\sample_000530.xml, 0, 0., 298, 19.48986265533028, 0, 0., 5, 0.3270111183780249, 0, 0., 0, 0., 2, 0.13080444735120994, 0, 0., 0, 0., 0, 0., 0, 0., 0, 0., 0, 0., 1, 0.06540222367560497, 4, 0.2616088947024199, 1, 0.06540222367560497, 0, 0., 0, 0., 0, 0., 0, 0., 0, 0., 0, 0., 0, 0., 0, 0., 0, 0., 0, 0., 0, 0., 0, 0., 0, 0., 0, 0., 0, 0., 0, 0., 1093, 71.48463047743623, 121, 7.913669064748201, 0, 0., 4, 0.2616088947024199, 0, 0., 0, 0., 0, 0., 400, 1465, 1865, 1529, 0.8198391420911528
, generated\gt\sample_000050.krn, generated\xml_homr\sample_000050.xml, 0, 0., 195, 15.463917525773196, 0, 0., 12, 0.9516256938937351, 0, 0., 0, 0., 0, 0., 0, 0., 0, 0., 0, 0., 7, 0.5551149881046789, 1, 0.07930214115781126, 0, 0., 4, 0.317208564631245, 2, 0.1586042823156225, 0, 0., 0, 0., 0, 0., 0, 0., 0, 0., 0, 0., 0, 0., 9, 0.7137192704203014, 0, 0., 0, 0., 0, 0., 0, 0., 0, 0., 0, 0., 0, 0., 0, 0., 0, 0., 889, 70.49960348929422, 138, 10.943695479777954, 0, 0., 4, 0.317208564631245, 0, 0., 0, 0., 0, 0., 339, 1198, 1537, 1261, 0.8204294079375407
, generated\gt\sample_000645.krn, generated\xml_homr\sample_000645.xml, 0, 0., 0, 0., 0, 0., 25, 2.487562189054726, 0, 0., 0, 0., 3, 0.29850746268656714, 0, 0., 0, 0., 0, 0., 0, 0., 0, 0., 0, 0., 0, 0., 0, 0., 0, 0., 0, 0., 0, 0., 0, 0., 0, 0., 0, 0., 0, 0., 4, 0.39800995024875624, 0, 0., 0, 0., 0, 0., 0, 0., 0, 0., 0, 0., 0, 0., 0, 0., 0, 0., 973, 96.81592039800995, 0, 0., 0, 0., 0, 0., 0, 0., 0, 0., 0, 0., 129, 1095, 1224, 1005, 0.821078431372549
, generated\gt\sample_000076.krn, generated\xml_homr\sample_000076.xml, 0, 0., 120, 12.269938650306749, 0, 0., 39, 3.9877300613496933, 0, 0., 0, 0., 4, 0.40899795501022496, 0, 0., 0, 0., 0, 0., 0, 0., 0, 0., 0, 0., 1, 0.10224948875255624, 4, 0.40899795501022496, 0, 0., 0, 0., 1, 0.10224948875255624, 0, 0., 0, 0., 0, 0., 0, 0., 0, 0., 0, 0., 0, 0., 0, 0., 0, 0., 0, 0., 0, 0., 0, 0., 0, 0., 0, 0., 677, 69.22290388548058, 128, 13.087934560327199, 0, 0., 4, 0.40899795501022496, 0, 0., 0, 0., 0, 0., 264, 927, 1191, 978, 0.8211586901763224
, generated\gt\sample_000502.krn, generated\xml_homr\sample_000502.xml, 0, 0., 68, 7.135362014690451, 0, 0., 16, 1.6789087093389297, 0, 0., 2, 0.2098635886673662, 9, 0.944386149003148, 0, 0., 0, 0., 0, 0., 3, 0.3147953830010493, 5, 0.5246589716684156, 0, 0., 2, 0.2098635886673662, 2, 0.2098635886673662, 0, 0., 0, 0., 0, 0., 0, 0., 0, 0., 0, 0., 0, 0., 3, 0.3147953830010493, 0, 0., 0, 0., 0, 0., 0, 0., 0, 0., 0, 0., 0, 0., 0, 0., 0, 0., 768, 80.58761804826862, 71, 7.4501573976915, 0, 0., 4, 0.4197271773347324, 0, 0., 0, 0., 0, 0., 207, 952, 1159, 953, 0.822260569456428
, generated\gt\sample_000291.krn, generated\xml_homr\sample_000291.xml, 0, 0., 144, 16.783216783216783, 0, 0., 0, 0., 0, 0., 0, 0., 8, 0.9324009324009324, 0, 0., 0, 0., 0, 0., 0, 0., 7, 0.8158508158508159, 0, 0., 4, 0.4662004662004662, 4, 0.4662004662004662, 0, 0., 0, 0., 0, 0., 0, 0., 0, 0., 0, 0., 0, 0., 0, 0., 0, 0., 0, 0., 0, 0., 0, 0., 0, 0., 0, 0., 0, 0., 0, 0., 0, 0., 607, 70.74592074592074, 80, 9.324009324009324, 0, 0., 4, 0.4662004662004662, 0, 0., 0, 0., 0, 0., 220, 822, 1042, 858, 0.8234165067178503
, generated\gt\sample_000555.krn, generated\xml_homr\sample_000555.xml, 0, 0., 37, 4.946524064171123, 0, 0., 23, 3.0748663101604277, 0, 0., 0, 0., 1, 0.13368983957219252, 0, 0., 3, 0.40106951871657753, 0, 0., 0, 0., 1, 0.13368983957219252, 0, 0., 1, 0.13368983957219252, 2, 0.26737967914438504, 0, 0., 0, 0., 0, 0., 0, 0., 0, 0., 0, 0., 0, 0., 3, 0.40106951871657753, 0, 0., 0, 0., 0, 0., 0, 0., 0, 0., 0, 0., 0, 0., 0, 0., 0, 0., 625, 83.55614973262033, 48, 6.4171122994652405, 0, 0., 4, 0.5347593582887701, 0, 0., 0, 0., 0, 0., 151, 757, 908, 748, 0.8237885462555066
, generated\gt\sample_000152.krn, generated\xml_homr\sample_000152.xml, 0, 0., 118, 7.850964737192282, 0, 0., 87, 5.788423153692615, 0, 0., 0, 0., 6, 0.3992015968063872, 0, 0., 0, 0., 0, 0., 0, 0., 0, 0., 0, 0., 3, 0.1996007984031936, 2, 0.1330671989354624, 0, 0., 0, 0., 0, 0., 0, 0., 0, 0., 0, 0., 0, 0., 0, 0., 0, 0., 0, 0., 0, 0., 0, 0., 0, 0., 0, 0., 0, 0., 0, 0., 0, 0., 1153, 76.71324018629407, 130, 8.649367930805056, 0, 0., 4, 0.2661343978709248, 0, 0., 0, 0., 0, 0., 348, 1476, 1824, 1503, 0.8240131578947368
, generated\gt\sample_000189.krn, generated\xml_homr\sample_000189.xml, 0, 0., 0, 0., 0, 0., 15, 1.910828025477707, 0, 0., 0, 0., 1, 0.12738853503184713, 0, 0., 0, 0., 0, 0., 0, 0., 0, 0., 0, 0., 0, 0., 0, 0., 0, 0., 0, 0., 0, 0., 0, 0., 0, 0., 0, 0., 0, 0., 9, 1.1464968152866242, 0, 0., 0, 0., 0, 0., 0, 0., 0, 0., 0, 0., 0, 0., 0, 0., 0, 0., 760, 96.81528662420382, 0, 0., 0, 0., 0, 0., 0, 0., 0, 0., 0, 0., 101, 851, 952, 785, 0.8245798319327731
, generated\gt\sample_000112.krn, generated\xml_homr\sample_000112.xml, 0, 0., 86, 4.864253393665158, 0, 0., 36, 2.0361990950226243, 0, 0., 0, 0., 2, 0.11312217194570136, 0, 0., 0, 0., 0, 0., 6, 0.3393665158371041, 0, 0., 0, 0., 3, 0.16968325791855204, 2, 0.11312217194570136, 0, 0., 0, 0., 0, 0., 0, 0., 0, 0., 0, 0., 0, 0., 0, 0., 0, 0., 0, 0., 0, 0., 0, 0., 0, 0., 0, 0., 0, 0., 0, 0., 0, 0., 1535, 86.82126696832579, 94, 5.316742081447964, 0, 0., 4, 0.22624434389140272, 0, 0., 0, 0., 0, 0., 311, 1833, 2144, 1768, 0.8246268656716418
, generated\gt\sample_000093.krn, generated\xml_homr\sample_000093.xml, 0, 0., 89, 10.12514220705347, 0, 0., 4, 0.4550625711035267, 0, 0., 0, 0., 3, 0.3412969283276451, 0, 0., 0, 0., 0, 0., 2, 0.22753128555176336, 2, 0.22753128555176336, 0, 0., 1, 0.11376564277588168, 3, 0.3412969283276451, 0, 0., 0, 0., 0, 0., 0, 0., 0, 0., 0, 0., 0, 0., 4, 0.4550625711035267, 0, 0., 0, 0., 0, 0., 0, 0., 0, 0., 0, 0., 0, 0., 0, 0., 0, 0., 687, 78.15699658703072, 80, 9.101251422070535, 0, 0., 4, 0.4550625711035267, 0, 0., 0, 0., 0, 0., 196, 868, 1064, 879, 0.8261278195488722
, generated\gt\sample_000056.krn, generated\xml_homr\sample_000056.xml, 0, 0., 57, 6.4261555806087935, 0, 0., 30, 3.382187147688839, 0, 0., 0, 0., 7, 0.7891770011273957, 0, 0., 0, 0., 3, 0.3382187147688839, 0, 0., 0, 0., 0, 0., 1, 0.11273957158962795, 2, 0.2254791431792559, 0, 0., 0, 0., 0, 0., 0, 0., 0, 0., 0, 0., 0, 0., 3, 0.3382187147688839, 0, 0., 0, 0., 2, 0.2254791431792559, 0, 0., 0, 0., 0, 0., 0, 0., 0, 0., 0, 0., 714, 80.49605411499437, 64, 7.215332581736189, 0, 0., 4, 0.4509582863585118, 0, 0., 0, 0., 0, 0., 191, 882, 1073, 887, 0.8266542404473439
, generated\gt\sample_000166.krn, generated\xml_homr\sample_000166.xml, 0, 0., 193, 12.092731829573935, 0, 0., 88, 5.513784461152882, 0, 0., 0, 0., 31, 1.9423558897243107, 0, 0., 0, 0., 6, 0.37593984962406013, 0, 0., 0, 0., 0, 0., 1, 0.06265664160401002, 2, 0.12531328320802004, 0, 0., 0, 0., 0, 0., 0, 0., 0, 0., 0, 0., 0, 0., 0, 0., 0, 0., 0, 0., 0, 0., 0, 0., 0, 0., 0, 0., 0, 0., 0, 0., 0, 0., 1147, 71.8671679197995, 124, 7.769423558897243, 0, 0., 4, 0.2506265664160401, 0, 0., 0, 0., 0, 0., 429, 1501, 1930, 1596, 0.8269430051813471
, generated\gt\sample_000401.krn, generated\xml_homr\sample_000401.xml, 0, 0., 136, 10.518174787316319, 0, 0., 0, 0., 0, 0., 0, 0., 6, 0.46403712296983757, 0, 0., 0, 0., 3, 0.23201856148491878, 0, 0., 0, 0., 0, 0., 1, 0.07733952049497293, 4, 0.30935808197989173, 0, 0., 0, 0., 2, 0.15467904098994587, 0, 0., 0, 0., 0, 0., 0, 0., 0, 0., 0, 0., 0, 0., 0, 0., 0, 0., 0, 0., 0, 0., 0, 0., 0, 0., 0, 0., 995, 76.95282289249806, 142, 10.982211910286157, 0, 0., 4, 0.30935808197989173, 0, 0., 0, 0., 0, 0., 294, 1269, 1563, 1293, 0.8272552783109405
, generated\gt\sample_000046.krn, generated\xml_homr\sample_000046.xml, 0, 0., 238, 18.085106382978722, 0, 0., 34, 2.5835866261398177, 2, 0.1519756838905775, 0, 0., 5, 0.3799392097264438, 0, 0., 0, 0., 1, 0.07598784194528875, 1, 0.07598784194528875, 0, 0., 0, 0., 3, 0.22796352583586627, 2, 0.1519756838905775, 0, 0., 0, 0., 0, 0., 0, 0., 0, 0., 0, 0., 0, 0., 6, 0.45592705167173253, 0, 0., 0, 0., 0, 0., 0, 0., 0, 0., 0, 0., 0, 0., 0, 0., 0, 0., 939, 71.35258358662614, 81, 6.155015197568389, 0, 0., 4, 0.303951367781155, 0, 0., 0, 0., 0, 0., 321, 1267, 1588, 1316, 0.8287153652392947
, generated\gt\sample_000370.krn, generated\xml_homr\sample_000370.xml, 0, 0., 26, 2.3550724637681157, 0, 0., 34, 3.079710144927536, 0, 0., 0, 0., 0, 0., 0, 0., 0, 0., 0, 0., 0, 0., 0, 0., 0, 0., 1, 0.09057971014492754, 0, 0., 0, 0., 0, 0., 0, 0., 0, 0., 0, 0., 0, 0., 0, 0., 0, 0., 0, 0., 0, 0., 0, 0., 0, 0., 0, 0., 0, 0., 0, 0., 0, 0., 0, 0., 1009, 91.39492753623189, 30, 2.717391304347826, 0, 0., 4, 0.36231884057971014, 0, 0., 0, 0., 0, 0., 165, 1167, 1332, 1104, 0.8288288288288288
, generated\gt\sample_000300.krn, generated\xml_homr\sample_000300.xml, 0, 0., 244, 27.98165137614679, 4, 0.45871559633027525, 1, 0.11467889908256881, 2, 0.22935779816513763, 0, 0., 4, 0.45871559633027525, 0, 0., 0, 0., 0, 0., 16, 1.834862385321101, 0, 0., 0, 0., 0, 0., 4, 0.45871559633027525, 2, 0.22935779816513763, 0, 0., 4, 0.45871559633027525, 0, 0., 0, 0., 0, 0., 0, 0., 0, 0., 0, 0., 0, 0., 0, 0., 0, 0., 0, 0., 0, 0., 0, 0., 0, 0., 0, 0., 431, 49.42660550458716, 156, 17.889908256880734, 0, 0., 4, 0.45871559633027525, 0, 0., 0, 0., 0, 0., 330, 722, 1052, 872, 0.8288973384030418
, generated\gt\sample_000562.krn, generated\xml_homr\sample_000562.xml, 0, 0., 33, 2.6982829108748976, 0, 0., 78, 6.377759607522486, 0, 0., 0, 0., 6, 0.49059689288634506, 0, 0., 0, 0., 0, 0., 0, 0., 0, 0., 0, 0., 1, 0.08176614881439084, 2, 0.1635322976287817, 0, 0., 0, 0., 0, 0., 0, 0., 0, 0., 0, 0., 0, 0., 6, 0.49059689288634506, 0, 0., 0, 0., 0, 0., 0, 0., 0, 0., 0, 0., 0, 0., 0, 0., 0, 0., 1054, 86.18152085036795, 39, 3.188879803761243, 0, 0., 4, 0.3270645952575634, 0, 0., 0, 0., 0, 0., 221, 1252, 1473, 1223, 0.8302783435166328
, generated\gt\sample_000274.krn, generated\xml_homr\sample_000274.xml, 0, 0., 75, 4.084967320261438, 0, 0., 129, 7.026143790849673, 0, 0., 2, 0.10893246187363835, 5, 0.27233115468409586, 0, 0., 0, 0., 1, 0.054466230936819175, 0, 0., 0, 0., 0, 0., 2, 0.10893246187363835, 2, 0.10893246187363835, 0, 0., 0, 0., 0, 0., 0, 0., 0, 0., 0, 0., 0, 0., 5, 0.27233115468409586, 0, 0., 0, 0., 0, 0., 0, 0., 0, 0., 0, 0., 0, 0., 0, 0., 0, 0., 1526, 83.11546840958606, 85, 4.62962962962963, 0, 0., 4, 0.2178649237472767, 0, 0., 0, 0., 0, 0., 355, 1856, 2211, 1836, 0.830393487109905
, generated\gt\sample_000565.krn, generated\xml_homr\sample_000565.xml, 0, 0., 155, 18.607442977190875, 0, 0., 24, 2.881152460984394, 0, 0., 0, 0., 0, 0., 0, 0., 0, 0., 0, 0., 0, 0., 0, 0., 0, 0., 1, 0.12004801920768307, 3, 0.36014405762304924, 0, 0., 0, 0., 0, 0., 0, 0., 0, 0., 0, 0., 0, 0., 6, 0.7202881152460985, 0, 0., 0, 0., 0, 0., 0, 0., 0, 0., 0, 0., 0, 0., 0, 0., 0, 0., 514, 61.7046818727491, 126, 15.126050420168067, 0, 0., 4, 0.4801920768307323, 0, 0., 0, 0., 0, 0., 257, 746, 1003, 833, 0.8305084745762712
, generated\gt\sample_000535.krn, generated\xml_homr\sample_000535.xml, 0, 0., 12, 0.7926023778071334, 0, 0., 39, 2.5759577278731838, 0, 0., 0, 0., 5, 0.33025099075297226, 0, 0., 0, 0., 7, 0.4623513870541612, 0, 0., 0, 0., 0, 0., 0, 0., 0, 0., 0, 0., 0, 0., 0, 0., 0, 0., 0, 0., 0, 0., 0, 0., 1, 0.06605019815059446, 0, 0., 0, 0., 0, 0., 0, 0., 0, 0., 0, 0., 0, 0., 0, 0., 0, 0., 1450, 95.77278731836195, 0, 0., 0, 0., 0, 0., 0, 0., 0, 0., 0, 0., 192, 1629, 1821, 1514, 0.8314113124656782
, generated\gt\sample_000554.krn, generated\xml_homr\sample_000554.xml, 0, 0., 39, 5.032258064516129, 0, 0., 29, 3.7419354838709675, 0, 0., 0, 0., 0, 0., 0, 0., 0, 0., 0, 0., 0, 0., 0, 0., 0, 0., 1, 0.12903225806451613, 2, 0.25806451612903225, 0, 0., 0, 0., 2, 0.25806451612903225, 0, 0., 0, 0., 0, 0., 0, 0., 0, 0., 0, 0., 0, 0., 0, 0., 0, 0., 0, 0., 0, 0., 0, 0., 0, 0., 0, 0., 649, 83.74193548387096, 49, 6.32258064516129, 0, 0., 4, 0.5161290322580645, 0, 0., 0, 0., 0, 0., 150, 782, 932, 775, 0.8315450643776824
, generated\gt\sample_000542.krn, generated\xml_homr\sample_000542.xml, 0, 0., 97, 11.213872832369942, 0, 0., 30, 3.468208092485549, 0, 0., 0, 0., 0, 0., 0, 0., 0, 0., 0, 0., 8, 0.9248554913294798, 1, 0.11560693641618497, 0, 0., 1, 0.11560693641618497, 2, 0.23121387283236994, 0, 0., 0, 0., 0, 0., 0, 0., 0, 0., 0, 0., 0, 0., 3, 0.3468208092485549, 0, 0., 0, 0., 0, 0., 0, 0., 0, 0., 0, 0., 0, 0., 0, 0., 0, 0., 622, 71.90751445086705, 97, 11.213872832369942, 0, 0., 4, 0.4624277456647399, 0, 0., 0, 0., 0, 0., 212, 828, 1040, 865, 0.8317307692307693
, generated\gt\sample_000668.krn, generated\xml_homr\sample_000668.xml, 0, 0., 67, 4.245880861850444, 0, 0., 60, 3.802281368821293, 0, 0., 0, 0., 2, 0.1267427122940431, 0, 0., 0, 0., 0, 0., 1, 0.06337135614702155, 0, 0., 0, 0., 1, 0.06337135614702155, 0, 0., 0, 0., 0, 0., 0, 0., 0, 0., 0, 0., 0, 0., 0, 0., 4, 0.2534854245880862, 0, 0., 0, 0., 0, 0., 0, 0., 0, 0., 0, 0., 0, 0., 0, 0., 0, 0., 1376, 87.19898605830164, 63, 3.9923954372623576, 0, 0., 4, 0.2534854245880862, 0, 0., 0, 0., 0, 0., 265, 1631, 1896, 1578, 0.8322784810126582
, generated\gt\sample_000054.krn, generated\xml_homr\sample_000054.xml, 0, 0., 24, 3.6418816388467374, 0, 0., 22, 3.338391502276176, 0, 0., 0, 0., 0, 0., 0, 0., 0, 0., 0, 0., 0, 0., 0, 0., 0, 0., 1, 0.15174506828528073, 0, 0., 0, 0., 0, 0., 0, 0., 0, 0., 0, 0., 0, 0., 0, 0., 1, 0.15174506828528073, 0, 0., 0, 0., 0, 0., 0, 0., 0, 0., 0, 0., 0, 0., 0, 0., 0, 0., 568, 86.19119878603945, 39, 5.918057663125948, 0, 0., 4, 0.6069802731411229, 0, 0., 0, 0., 0, 0., 121, 670, 791, 659, 0.8331226295828066
, generated\gt\sample_000116.krn, generated\xml_homr\sample_000116.xml, 0, 0., 94, 5.449275362318841, 0, 0., 35, 2.028985507246377, 0, 0., 0, 0., 4, 0.2318840579710145, 0, 0., 0, 0., 0, 0., 0, 0., 1, 0.057971014492753624, 0, 0., 2, 0.11594202898550725, 2, 0.11594202898550725, 0, 0., 0, 0., 0, 0., 0, 0., 0, 0., 0, 0., 0, 0., 0, 0., 0, 0., 0, 0., 0, 0., 0, 0., 0, 0., 0, 0., 0, 0., 0, 0., 0, 0., 1490, 86.3768115942029, 93, 5.391304347826087, 0, 0., 4, 0.2318840579710145, 0, 0., 0, 0., 0, 0., 297, 1773, 2070, 1725, 0.8333333333333334
, generated\gt\sample_000330.krn, generated\xml_homr\sample_000330.xml, 0, 0., 110, 9.59023539668701, 0, 0., 45, 3.923278116826504, 0, 0., 0, 0., 8, 0.6974716652136007, 0, 0., 0, 0., 1, 0.08718395815170009, 0, 0., 0, 0., 0, 0., 1, 0.08718395815170009, 0, 0., 0, 0., 0, 0., 1, 0.08718395815170009, 0, 0., 0, 0., 0, 0., 0, 0., 5, 0.43591979075850046, 0, 0., 0, 0., 0, 0., 0, 0., 0, 0., 0, 0., 0, 0., 0, 0., 0, 0., 897, 78.20401046207498, 75, 6.538796861377507, 0, 0., 4, 0.34873583260680036, 0, 0., 0, 0., 0, 0., 259, 1116, 1375, 1147, 0.8341818181818181
, generated\gt\sample_000553.krn, generated\xml_homr\sample_000553.xml, 0, 0., 38, 5.900621118012422, 0, 0., 22, 3.4161490683229814, 0, 0., 0, 0., 5, 0.7763975155279503, 0, 0., 0, 0., 0, 0., 0, 0., 0, 0., 0, 0., 1, 0.15527950310559005, 2, 0.3105590062111801, 0, 0., 0, 0., 0, 0., 0, 0., 0, 0., 0, 0., 0, 0., 2, 0.3105590062111801, 0, 0., 0, 0., 2, 0.3105590062111801, 0, 0., 0, 0., 0, 0., 0, 0., 0, 0., 0, 0., 524, 81.36645962732919, 44, 6.832298136645963, 0, 0., 4, 0.6211180124223602, 0, 0., 0, 0., 0, 0., 132, 640, 772, 644, 0.8341968911917098
, generated\gt\sample_000315.krn, generated\xml_homr\sample_000315.xml, 0, 0., 62, 5.077805077805078, 0, 0., 24, 1.9656019656019657, 0, 0., 0, 0., 11, 0.9009009009009009, 0, 0., 0, 0., 0, 0., 2, 0.1638001638001638, 0, 0., 0, 0., 1, 0.0819000819000819, 2, 0.1638001638001638, 0, 0., 0, 0., 0, 0., 0, 0., 0, 0., 0, 0., 0, 0., 4, 0.3276003276003276, 0, 0., 0, 0., 0, 0., 0, 0., 0, 0., 0, 0., 0, 0., 0, 0., 0, 0., 1035, 84.76658476658477, 76, 6.224406224406224, 0, 0., 4, 0.3276003276003276, 0, 0., 0, 0., 0, 0., 230, 1233, 1463, 1221, 0.8345864661654135
, generated\gt\sample_000533.krn, generated\xml_homr\sample_000533.xml, 0, 0., 238, 15.285806037251124, 0, 0., 2, 0.12845215157353887, 0, 0., 0, 0., 2, 0.12845215157353887, 0, 0., 0, 0., 0, 0., 0, 0., 0, 0., 0, 0., 3, 0.1926782273603083, 4, 0.25690430314707774, 0, 0., 0, 0., 0, 0., 0, 0., 0, 0., 0, 0., 0, 0., 0, 0., 0, 0., 0, 0., 0, 0., 0, 0., 0, 0., 0, 0., 0, 0., 0, 0., 0, 0., 1165, 74.82337829158638, 139, 8.92742453436095, 0, 0., 4, 0.25690430314707774, 0, 0., 0, 0., 0, 0., 363, 1502, 1865, 1557, 0.83485254691689
, generated\gt\sample_000349.krn, generated\xml_homr\sample_000349.xml, 0, 0., 296, 22.61268143621085, 0, 0., 74, 5.653170359052712, 1, 0.07639419404125286, 0, 0., 1, 0.07639419404125286, 0, 0., 0, 0., 1, 0.07639419404125286, 0, 0., 0, 0., 0, 0., 1, 0.07639419404125286, 2, 0.15278838808250572, 0, 0., 0, 0., 0, 0., 0, 0., 0, 0., 0, 0., 0, 0., 12, 0.9167303284950343, 0, 0., 0, 0., 0, 0., 0, 0., 0, 0., 0, 0., 0, 0., 0, 0., 0, 0., 791, 60.42780748663102, 126, 9.62566844919786, 0, 0., 4, 0.30557677616501144, 0, 0., 0, 0., 0, 0., 402, 1165, 1567, 1309, 0.8353541799617102
, generated\gt\sample_000244.krn, generated\xml_homr\sample_000244.xml, 0, 0., 192, 14.086573734409392, 0, 0., 30, 2.201027146001467, 0, 0., 29, 2.127659574468085, 10, 0.7336757153338225, 0, 0., 0, 0., 0, 0., 0, 0., 0, 0., 0, 0., 1, 0.07336757153338225, 2, 0.1467351430667645, 0, 0., 0, 0., 0, 0., 0, 0., 0, 0., 0, 0., 0, 0., 4, 0.293470286133529, 0, 0., 0, 0., 0, 0., 0, 0., 0, 0., 0, 0., 0, 0., 0, 0., 0, 0., 1020, 74.8349229640499, 71, 5.209097578870139, 0, 0., 4, 0.293470286133529, 0, 0., 0, 0., 0, 0., 344, 1287, 1631, 1363, 0.835683629675046
, generated\gt\sample_000632.krn, generated\xml_homr\sample_000632.xml, 0, 0., 83, 9.822485207100591, 0, 0., 0, 0., 0, 0., 0, 0., 3, 0.35502958579881655, 0, 0., 0, 0., 0, 0., 2, 0.23668639053254437, 0, 0., 0, 0., 1, 0.11834319526627218, 4, 0.47337278106508873, 1, 0.11834319526627218, 0, 0., 2, 0.23668639053254437, 0, 0., 0, 0., 0, 0., 0, 0., 0, 0., 0, 0., 0, 0., 0, 0., 0, 0., 0, 0., 0, 0., 0, 0., 0, 0., 0, 0., 664, 78.57988165680473, 81, 9.585798816568047, 0, 0., 4, 0.47337278106508873, 0, 0., 0, 0., 0, 0., 198, 813, 1011, 845, 0.8358061325420376
, generated\gt\sample_000528.krn, generated\xml_homr\sample_000528.xml, 0, 0., 251, 16.426701570680628, 0, 0., 0, 0., 0, 0., 0, 0., 4, 0.2617801047120419, 0, 0., 0, 0., 0, 0., 0, 0., 0, 0., 0, 0., 3, 0.19633507853403143, 4, 0.2617801047120419, 0, 0., 0, 0., 0, 0., 0, 0., 0, 0., 0, 0., 0, 0., 0, 0., 0, 0., 0, 0., 0, 0., 0, 0., 0, 0., 0, 0., 0, 0., 0, 0., 0, 0., 1106, 72.38219895287958, 156, 10.209424083769633, 0, 0., 4, 0.2617801047120419, 0, 0., 0, 0., 0, 0., 377, 1451, 1828, 1528, 0.8358862144420132
, generated\gt\sample_000017.krn, generated\xml_homr\sample_000017.xml, 0, 0., 187, 14.473684210526315, 2, 0.15479876160990713, 1, 0.07739938080495357, 1, 0.07739938080495357, 0, 0., 4, 0.30959752321981426, 0, 0., 0, 0., 1, 0.07739938080495357, 28, 2.1671826625387, 0, 0., 0, 0., 3, 0.23219814241486067, 4, 0.30959752321981426, 0, 0., 0, 0., 0, 0., 0, 0., 0, 0., 0, 0., 0, 0., 0, 0., 0, 0., 0, 0., 0, 0., 0, 0., 0, 0., 0, 0., 0, 0., 0, 0., 0, 0., 955, 73.91640866873065, 102, 7.894736842105263, 0, 0., 4, 0.30959752321981426, 0, 0., 0, 0., 0, 0., 263, 1281, 1544, 1292, 0.8367875647668394
, generated\gt\sample_000531.krn, generated\xml_homr\sample_000531.xml, 0, 0., 169, 9.695926563396442, 0, 0., 0, 0., 0, 0., 0, 0., 2, 0.11474469305794607, 0, 0., 0, 0., 0, 0., 2, 0.11474469305794607, 0, 0., 0, 0., 2, 0.11474469305794607, 4, 0.22948938611589215, 1, 0.05737234652897304, 0, 0., 0, 0., 0, 0., 0, 0., 0, 0., 0, 0., 0, 0., 0, 0., 0, 0., 0, 0., 0, 0., 0, 0., 0, 0., 0, 0., 0, 0., 0, 0., 1423, 81.64084911072862, 136, 7.802639127940333, 0, 0., 4, 0.22948938611589215, 0, 0., 0, 0., 0, 0., 372, 1709, 2081, 1743, 0.8375780874579529
, generated\gt\sample_000603.krn, generated\xml_homr\sample_000603.xml, 0, 0., 240, 43.47826086956522, 0, 0., 13, 2.3550724637681157, 0, 0., 2, 0.36231884057971014, 1, 0.18115942028985507, 0, 0., 0, 0., 0, 0., 1, 0.18115942028985507, 1, 0.18115942028985507, 0, 0., 1, 0.18115942028985507, 0, 0., 0, 0., 0, 0., 0, 0., 0, 0., 0, 0., 0, 0., 0, 0., 10, 1.8115942028985508, 0, 0., 0, 0., 0, 0., 0, 0., 0, 0., 0, 0., 0, 0., 0, 0., 0, 0., 200, 36.231884057971016, 79, 14.31159420289855, 0, 0., 4, 0.7246376811594203, 0, 0., 0, 0., 0, 0., 221, 438, 659, 552, 0.8376327769347496
, generated\gt\sample_000016.krn, generated\xml_homr\sample_000016.xml, 0, 0., 212, 17.81512605042017, 4, 0.33613445378151263, 1, 0.08403361344537816, 1, 0.08403361344537816, 0, 0., 3, 0.25210084033613445, 0, 0., 0, 0., 0, 0., 20, 1.680672268907563, 0, 0., 0, 0., 3, 0.25210084033613445, 4, 0.33613445378151263, 0, 0., 0, 0., 2, 0.16806722689075632, 0, 0., 0, 0., 0, 0., 0, 0., 0, 0., 0, 0., 0, 0., 0, 0., 0, 0., 0, 0., 0, 0., 0, 0., 0, 0., 0, 0., 779, 65.46218487394958, 157, 13.193277310924369, 0, 0., 4, 0.33613445378151263, 0, 0., 0, 0., 0, 0., 317, 1103, 1420, 1190, 0.8380281690140845
, generated\gt\sample_000181.krn, generated\xml_homr\sample_000181.xml, 0, 0., 33, 3.909952606635071, 0, 0., 22, 2.6066350710900474, 0, 0., 0, 0., 4, 0.47393364928909953, 0, 0., 0, 0., 0, 0., 2, 0.23696682464454977, 2, 0.23696682464454977, 0, 0., 2, 0.23696682464454977, 1, 0.11848341232227488, 0, 0., 0, 0., 0, 0., 0, 0., 0, 0., 0, 0., 0, 0., 6, 0.7109004739336493, 0, 0., 0, 0., 0, 0., 0, 0., 0, 0., 0, 0., 0, 0., 0, 0., 0, 0., 738, 87.44075829383887, 30, 3.5545023696682465, 0, 0., 4, 0.47393364928909953, 0, 0., 0, 0., 0, 0., 147, 860, 1007, 844, 0.8381330685203575
, generated\gt\sample_000185.krn, generated\xml_homr\sample_000185.xml, 0, 0., 66, 9.510086455331413, 0, 0., 24, 3.4582132564841497, 0, 0., 0, 0., 0, 0., 0, 0., 0, 0., 0, 0., 0, 0., 2, 0.2881844380403458, 0, 0., 1, 0.1440922190201729, 1, 0.1440922190201729, 0, 0., 0, 0., 0, 0., 0, 0., 0, 0., 0, 0., 0, 0., 2, 0.2881844380403458, 0, 0., 0, 0., 0, 0., 0, 0., 0, 0., 0, 0., 0, 0., 0, 0., 0, 0., 520, 74.92795389048992, 74, 10.662824207492795, 0, 0., 4, 0.5763688760806917, 0, 0., 0, 0., 0, 0., 161, 667, 828, 694, 0.8381642512077294
, generated\gt\sample_000022.krn, generated\xml_homr\sample_000022.xml, 0, 0., 142, 11.962931760741364, 0, 0., 51, 4.296545914069082, 0, 0., 0, 0., 0, 0., 0, 0., 0, 0., 4, 0.33698399326032014, 0, 0., 0, 0., 0, 0., 1, 0.08424599831508003, 0, 0., 0, 0., 0, 0., 4, 0.33698399326032014, 0, 0., 0, 0., 0, 0., 0, 0., 0, 0., 0, 0., 0, 0., 0, 0., 0, 0., 0, 0., 0, 0., 0, 0., 0, 0., 0, 0., 842, 70.93513058129739, 139, 11.710193765796125, 0, 0., 4, 0.33698399326032014, 0, 0., 0, 0., 0, 0., 297, 1119, 1416, 1187, 0.838276836158192
, generated\gt\sample_000059.krn, generated\xml_homr\sample_000059.xml, 0, 0., 125, 11.150758251561106, 0, 0., 34, 3.033006244424621, 0, 0., 0, 0., 0, 0., 0, 0., 0, 0., 0, 0., 0, 0., 0, 0., 0, 0., 1, 0.08920606601248884, 4, 0.3568242640499554, 0, 0., 0, 0., 2, 0.1784121320249777, 0, 0., 0, 0., 0, 0., 0, 0., 2, 0.1784121320249777, 0, 0., 0, 0., 0, 0., 0, 0., 0, 0., 0, 0., 0, 0., 0, 0., 0, 0., 856, 76.36039250669046, 93, 8.296164139161464, 0, 0., 4, 0.3568242640499554, 0, 0., 0, 0., 0, 0., 249, 1088, 1337, 1121, 0.8384442782348541
, generated\gt\sample_000471.krn, generated\xml_homr\sample_000471.xml, 0, 0., 99, 10.091743119266056, 0, 0., 43, 4.383282364933741, 0, 0., 0, 0., 8, 0.8154943934760448, 0, 0., 0, 0., 2, 0.2038735983690112, 0, 0., 0, 0., 0, 0., 1, 0.1019367991845056, 0, 0., 0, 0., 0, 0., 1, 0.1019367991845056, 0, 0., 0, 0., 0, 0., 0, 0., 1, 0.1019367991845056, 0, 0., 0, 0., 0, 0., 0, 0., 0, 0., 0, 0., 0, 0., 0, 0., 0, 0., 708, 72.17125382262996, 114, 11.62079510703364, 0, 0., 4, 0.4077471967380224, 0, 0., 0, 0., 0, 0., 245, 925, 1170, 981, 0.8384615384615385
, generated\gt\sample_000606.krn, generated\xml_homr\sample_000606.xml, 0, 0., 227, 13.986444855206408, 0, 0., 83, 5.113986444855207, 0, 0., 0, 0., 7, 0.4313000616142945, 0, 0., 0, 0., 3, 0.18484288354898337, 0, 0., 0, 0., 0, 0., 1, 0.061614294516327786, 2, 0.12322858903265557, 0, 0., 0, 0., 1, 0.061614294516327786, 0, 0., 0, 0., 0, 0., 0, 0., 3, 0.18484288354898337, 0, 0., 0, 0., 0, 0., 0, 0., 0, 0., 0, 0., 0, 0., 0, 0., 0, 0., 1142, 70.36352433764634, 150, 9.242144177449168, 0, 0., 4, 0.24645717806531114, 0, 0., 0, 0., 0, 0., 416, 1519, 1935, 1623, 0.8387596899224806
, generated\gt\sample_000270.krn, generated\xml_homr\sample_000270.xml, 0, 0., 154, 16.45299145299145, 0, 0., 23, 2.4572649572649574, 0, 0., 0, 0., 2, 0.21367521367521367, 0, 0., 0, 0., 4, 0.42735042735042733, 0, 0., 0, 0., 0, 0., 1, 0.10683760683760683, 2, 0.21367521367521367, 0, 0., 0, 0., 0, 0., 0, 0., 0, 0., 0, 0., 0, 0., 7, 0.7478632478632479, 0, 0., 0, 0., 0, 0., 0, 0., 0, 0., 0, 0., 0, 0., 0, 0., 0, 0., 653, 69.76495726495726, 86, 9.188034188034187, 0, 0., 4, 0.42735042735042733, 0, 0., 0, 0., 0, 0., 246, 869, 1115, 936, 0.8394618834080717
, generated\gt\sample_000069.krn, generated\xml_homr\sample_000069.xml, 0, 0., 62, 3.9390088945362134, 0, 0., 90, 5.717916137229987, 0, 0., 0, 0., 14, 0.8894536213468869, 0, 0., 0, 0., 0, 0., 0, 0., 0, 0., 0, 0., 1, 0.06353240152477764, 2, 0.12706480304955528, 0, 0., 0, 0., 0, 0., 0, 0., 0, 0., 0, 0., 0, 0., 3, 0.1905972045743329, 0, 0., 0, 0., 0, 0., 0, 0., 0, 0., 0, 0., 0, 0., 0, 0., 0, 0., 1325, 84.18043202033037, 73, 4.637865311308768, 0, 0., 4, 0.25412960609911056, 0, 0., 0, 0., 0, 0., 291, 1583, 1874, 1574, 0.83991462113127
, generated\gt\sample_000573.krn, generated\xml_homr\sample_000573.xml, 0, 0., 20, 1.0126582278481013, 0, 0., 52, 2.632911392405063, 0, 0., 0, 0., 2, 0.10126582278481013, 0, 0., 6, 0.3037974683544304, 0, 0., 0, 0., 0, 0., 0, 0., 0, 0., 0, 0., 0, 0., 0, 0., 0, 0., 0, 0., 0, 0., 0, 0., 0, 0., 6, 0.3037974683544304, 0, 0., 0, 0., 0, 0., 0, 0., 0, 0., 0, 0., 0, 0., 0, 0., 0, 0., 1889, 95.64556962025317, 0, 0., 0, 0., 0, 0., 0, 0., 0, 0., 0, 0., 236, 2115, 2351, 1975, 0.8400680561463207
, generated\gt\sample_000666.krn, generated\xml_homr\sample_000666.xml, 0, 0., 145, 15.675675675675675, 0, 0., 0, 0., 0, 0., 0, 0., 0, 0., 0, 0., 0, 0., 0, 0., 0, 0., 0, 0., 0, 0., 1, 0.10810810810810811, 0, 0., 0, 0., 0, 0., 0, 0., 0, 0., 0, 0., 0, 0., 0, 0., 0, 0., 0, 0., 0, 0., 0, 0., 0, 0., 0, 0., 0, 0., 0, 0., 0, 0., 0, 0., 721, 77.94594594594595, 54, 5.837837837837838, 0, 0., 4, 0.43243243243243246, 0, 0., 0, 0., 0, 0., 190, 911, 1101, 925, 0.8401453224341507
, generated\gt\sample_000605.krn, generated\xml_homr\sample_000605.xml, 0, 0., 90, 8.514664143803216, 0, 0., 42, 3.9735099337748343, 0, 0., 0, 0., 5, 0.47303689687795647, 0, 0., 0, 0., 2, 0.1892147587511826, 1, 0.0946073793755913, 0, 0., 0, 0., 1, 0.0946073793755913, 0, 0., 0, 0., 0, 0., 1, 0.0946073793755913, 0, 0., 0, 0., 0, 0., 0, 0., 3, 0.28382213812677387, 0, 0., 0, 0., 0, 0., 0, 0., 0, 0., 0, 0., 0, 0., 0, 0., 0, 0., 805, 76.15894039735099, 103, 9.744560075685904, 0, 0., 4, 0.3784295175023652, 0, 0., 0, 0., 0, 0., 239, 1019, 1258, 1057, 0.8402225755166932
, generated\gt\sample_000369.krn, generated\xml_homr\sample_000369.xml, 0, 0., 40, 2.197802197802198, 0, 0., 76, 4.175824175824176, 0, 0., 0, 0., 0, 0., 0, 0., 0, 0., 0, 0., 0, 0., 1, 0.054945054945054944, 0, 0., 1, 0.054945054945054944, 2, 0.10989010989010989, 0, 0., 0, 0., 0, 0., 0, 0., 0, 0., 0, 0., 0, 0., 4, 0.21978021978021978, 0, 0., 0, 0., 0, 0., 0, 0., 0, 0., 0, 0., 0, 0., 0, 0., 0, 0., 1639, 90.05494505494505, 53, 2.912087912087912, 0, 0., 4, 0.21978021978021978, 0, 0., 0, 0., 0, 0., 275, 1891, 2166, 1820, 0.840258541089566
, generated\gt\sample_000283.krn, generated\xml_homr\sample_000283.xml, 0, 0., 30, 2.6785714285714284, 0, 0., 40, 3.5714285714285716, 0, 0., 0, 0., 3, 0.26785714285714285, 0, 0., 0, 0., 0, 0., 1, 0.08928571428571429, 0, 0., 0, 0., 1, 0.08928571428571429, 1, 0.08928571428571429, 0, 0., 0, 0., 0, 0., 0, 0., 0, 0., 0, 0., 0, 0., 12, 1.0714285714285714, 0, 0., 0, 0., 0, 0., 0, 0., 0, 0., 0, 0., 0, 0., 0, 0., 0, 0., 988, 88.21428571428571, 40, 3.5714285714285716, 0, 0., 4, 0.35714285714285715, 0, 0., 0, 0., 0, 0., 186, 1145, 1331, 1120, 0.8414725770097671
, generated\gt\sample_000503.krn, generated\xml_homr\sample_000503.xml, 0, 0., 68, 6.337371854613234, 0, 0., 0, 0., 0, 0., 0, 0., 4, 0.3727865796831314, 0, 0., 0, 0., 6, 0.5591798695246971, 1, 0.09319664492078285, 0, 0., 0, 0., 1, 0.09319664492078285, 2, 0.1863932898415657, 0, 0., 0, 0., 0, 0., 0, 0., 0, 0., 0, 0., 0, 0., 1, 0.09319664492078285, 0, 0., 0, 0., 2, 0.1863932898415657, 0, 0., 0, 0., 0, 0., 0, 0., 0, 0., 0, 0., 918, 85.55452003727866, 66, 6.150978564771668, 0, 0., 4, 0.3727865796831314, 0, 0., 0, 0., 0, 0., 184, 1091, 1275, 1073, 0.8415686274509804
, generated\gt\sample_000298.krn, generated\xml_homr\sample_000298.xml, 0, 0., 98, 10.722100656455142, 6, 0.6564551422319475, 1, 0.10940919037199125, 3, 0.3282275711159737, 0, 0., 0, 0., 0, 0., 0, 0., 0, 0., 2, 0.2188183807439825, 0, 0., 0, 0., 2, 0.2188183807439825, 4, 0.437636761487965, 1, 0.10940919037199125, 0, 0., 1, 0.10940919037199125, 0, 0., 0, 0., 0, 0., 0, 0., 0, 0., 0, 0., 0, 0., 0, 0., 0, 0., 0, 0., 0, 0., 0, 0., 0, 0., 0, 0., 680, 74.39824945295405, 112, 12.25382932166302, 0, 0., 4, 0.437636761487965, 0, 0., 0, 0., 0, 0., 245, 841, 1086, 914, 0.8416206261510129
, generated\gt\sample_000575.krn, generated\xml_homr\sample_000575.xml, 0, 0., 0, 0., 0, 0., 28, 2.122820318423048, 0, 0., 0, 0., 5, 0.37907505686125853, 0, 0., 12, 0.9097801364670205, 0, 0., 0, 0., 0, 0., 0, 0., 0, 0., 3, 0.22744503411675512, 0, 0., 0, 0., 0, 0., 0, 0., 0, 0., 0, 0., 0, 0., 10, 0.7581501137225171, 0, 0., 0, 0., 0, 0., 0, 0., 0, 0., 0, 0., 0, 0., 0, 0., 0, 0., 1261, 95.6027293404094, 0, 0., 0, 0., 0, 0., 0, 0., 0, 0., 0, 0., 158, 1409, 1567, 1319, 0.8417358008934269
, generated\gt\sample_000343.krn, generated\xml_homr\sample_000343.xml, 0, 0., 53, 3.735024665257223, 0, 0., 50, 3.5236081747709656, 0, 0., 8, 0.5637773079633545, 5, 0.3523608174770965, 0, 0., 0, 0., 0, 0., 0, 0., 0, 0., 0, 0., 2, 0.14094432699083861, 2, 0.14094432699083861, 0, 0., 0, 0., 0, 0., 0, 0., 0, 0., 0, 0., 0, 0., 3, 0.21141649048625794, 0, 0., 0, 0., 0, 0., 0, 0., 0, 0., 0, 0., 0, 0., 0, 0., 0, 0., 1227, 86.4693446088795, 65, 4.580690627202255, 0, 0., 4, 0.28188865398167723, 0, 0., 0, 0., 0, 0., 241, 1444, 1685, 1419, 0.8421364985163204
, generated\gt\sample_000561.krn, generated\xml_homr\sample_000561.xml, 0, 0., 40, 4.259850905218317, 0, 0., 52, 5.537806176783812, 0, 0., 0, 0., 2, 0.21299254526091588, 0, 0., 0, 0., 0, 0., 1, 0.10649627263045794, 2, 0.21299254526091588, 0, 0., 1, 0.10649627263045794, 0, 0., 0, 0., 0, 0., 0, 0., 0, 0., 0, 0., 0, 0., 0, 0., 1, 0.10649627263045794, 0, 0., 0, 0., 0, 0., 0, 0., 0, 0., 0, 0., 0, 0., 0, 0., 0, 0., 792, 84.34504792332268, 44, 4.685835995740149, 0, 0., 4, 0.42598509052183176, 0, 0., 0, 0., 0, 0., 164, 949, 1113, 939, 0.8436657681940701
, generated\gt\sample_000082.krn, generated\xml_homr\sample_000082.xml, 0, 0., 144, 9.903713892709765, 0, 0., 25, 1.71939477303989, 0, 0., 0, 0., 4, 0.2751031636863824, 0, 0., 0, 0., 6, 0.4126547455295736, 0, 0., 1, 0.0687757909215956, 0, 0., 1, 0.0687757909215956, 1, 0.0687757909215956, 0, 0., 0, 0., 0, 0., 0, 0., 0, 0., 0, 0., 0, 0., 8, 0.5502063273727648, 0, 0., 0, 0., 0, 0., 0, 0., 0, 0., 0, 0., 0, 0., 0, 0., 0, 0., 1118, 76.89133425034387, 142, 9.766162310866575, 0, 0., 4, 0.2751031636863824, 0, 0., 0, 0., 0, 0., 320, 1402, 1722, 1454, 0.8443670150987224
, generated\gt\sample_000278.krn, generated\xml_homr\sample_000278.xml, 0, 0., 72, 5.916187345932621, 0, 0., 34, 2.7937551355792936, 0, 0., 0, 0., 1, 0.08216926869350863, 0, 0., 0, 0., 0, 0., 0, 0., 0, 0., 0, 0., 2, 0.16433853738701726, 1, 0.08216926869350863, 0, 0., 0, 0., 0, 0., 0, 0., 0, 0., 0, 0., 0, 0., 7, 0.5751848808545604, 0, 0., 0, 0., 0, 0., 0, 0., 0, 0., 0, 0., 0, 0., 0, 0., 0, 0., 1015, 83.40180772391126, 81, 6.655710764174199, 0, 0., 4, 0.3286770747740345, 0, 0., 0, 0., 0, 0., 223, 1218, 1441, 1217, 0.8445523941707148
, generated\gt\sample_000545.krn, generated\xml_homr\sample_000545.xml, 0, 0., 86, 6.173725771715722, 0, 0., 76, 5.455850681981335, 0, 0., 0, 0., 3, 0.21536252692031588, 0, 0., 0, 0., 0, 0., 0, 0., 0, 0., 0, 0., 1, 0.07178750897343862, 1, 0.07178750897343862, 0, 0., 0, 0., 0, 0., 0, 0., 0, 0., 0, 0., 0, 0., 1, 0.07178750897343862, 0, 0., 0, 0., 0, 0., 0, 0., 0, 0., 0, 0., 0, 0., 0, 0., 0, 0., 1132, 81.26346015793251, 89, 6.389088298636037, 0, 0., 4, 0.2871500358937545, 0, 0., 0, 0., 0, 0., 264, 1385, 1649, 1393, 0.8447543966040024
, generated\gt\sample_000630.krn, generated\xml_homr\sample_000630.xml, 0, 0., 3, 0.430416068866571, 0, 0., 0, 0., 0, 0., 0, 0., 0, 0., 0, 0., 0, 0., 0, 0., 9, 1.291248206599713, 0, 0., 0, 0., 1, 0.14347202295552366, 0, 0., 0, 0., 0, 0., 0, 0., 0, 0., 0, 0., 0, 0., 0, 0., 0, 0., 0, 0., 0, 0., 0, 0., 0, 0., 0, 0., 0, 0., 0, 0., 0, 0., 0, 0., 684, 98.1348637015782, 0, 0., 0, 0., 0, 0., 0, 0., 0, 0., 0, 0., 65, 760, 825, 697, 0.8448484848484848
, generated\gt\sample_000094.krn, generated\xml_homr\sample_000094.xml, 0, 0., 90, 7.7854671280276815, 0, 0., 36, 3.114186851211073, 0, 0., 0, 0., 18, 1.5570934256055364, 0, 0., 0, 0., 0, 0., 0, 0., 0, 0., 0, 0., 1, 0.08650519031141868, 1, 0.08650519031141868, 0, 0., 0, 0., 0, 0., 0, 0., 0, 0., 0, 0., 0, 0., 5, 0.43252595155709345, 0, 0., 0, 0., 0, 0., 0, 0., 0, 0., 0, 0., 0, 0., 0, 0., 0, 0., 912, 78.89273356401384, 89, 7.698961937716263, 0, 0., 4, 0.3460207612456747, 0, 0., 0, 0., 0, 0., 250, 1118, 1368, 1156, 0.8450292397660819
, generated\gt\sample_000068.krn, generated\xml_homr\sample_000068.xml, 0, 0., 94, 6.151832460732984, 0, 0., 78, 5.104712041884817, 0, 0., 0, 0., 6, 0.39267015706806285, 0, 0., 0, 0., 0, 0., 0, 0., 1, 0.06544502617801047, 0, 0., 1, 0.06544502617801047, 2, 0.13089005235602094, 0, 0., 0, 0., 0, 0., 0, 0., 0, 0., 0, 0., 0, 0., 0, 0., 0, 0., 0, 0., 0, 0., 0, 0., 0, 0., 0, 0., 0, 0., 0, 0., 0, 0., 1242, 81.282722513089, 100, 6.544502617801047, 0, 0., 4, 0.2617801047120419, 0, 0., 0, 0., 0, 0., 291, 1517, 1808, 1528, 0.8451327433628318
, generated\gt\sample_000155.krn, generated\xml_homr\sample_000155.xml, 0, 0., 60, 3.454231433506045, 0, 0., 76, 4.375359815774323, 0, 0., 0, 0., 3, 0.17271157167530224, 0, 0., 0, 0., 0, 0., 0, 0., 0, 0., 0, 0., 1, 0.057570523891767415, 2, 0.11514104778353483, 0, 0., 0, 0., 0, 0., 0, 0., 0, 0., 0, 0., 0, 0., 0, 0., 0, 0., 0, 0., 0, 0., 0, 0., 0, 0., 0, 0., 0, 0., 0, 0., 0, 0., 1511, 86.98906160046056, 80, 4.605641911341393, 0, 0., 4, 0.23028209556706966, 0, 0., 0, 0., 0, 0., 286, 1769, 2055, 1737, 0.8452554744525548
, generated\gt\sample_000334.krn, generated\xml_homr\sample_000334.xml, 0, 0., 207, 13.609467455621301, 0, 0., 73, 4.799474030243261, 0, 0., 0, 0., 0, 0., 0, 0., 3, 0.19723865877712032, 2, 0.13149243918474687, 7, 0.46022353714661407, 0, 0., 0, 0., 1, 0.06574621959237344, 0, 0., 0, 0., 0, 0., 0, 0., 0, 0., 0, 0., 0, 0., 0, 0., 11, 0.7232084155161078, 0, 0., 2, 0.13149243918474687, 0, 0., 0, 0., 0, 0., 0, 0., 0, 0., 0, 0., 0, 0., 1144, 75.21367521367522, 67, 4.40499671268902, 0, 0., 4, 0.26298487836949375, 0, 0., 0, 0., 0, 0., 343, 1456, 1799, 1521, 0.8454697053918844
, generated\gt\sample_000107.krn, generated\xml_homr\sample_000107.xml, 0, 0., 66, 7.119741100323624, 0, 0., 44, 4.746494066882416, 0, 0., 0, 0., 3, 0.32362459546925565, 0, 0., 0, 0., 0, 0., 0, 0., 0, 0., 0, 0., 1, 0.10787486515641856, 2, 0.21574973031283712, 0, 0., 0, 0., 0, 0., 0, 0., 0, 0., 0, 0., 0, 0., 2, 0.21574973031283712, 0, 0., 0, 0., 0, 0., 0, 0., 0, 0., 0, 0., 0, 0., 0, 0., 0, 0., 725, 78.20927723840346, 80, 8.629989212513484, 0, 0., 4, 0.43149946062567424, 0, 0., 0, 0., 0, 0., 197, 898, 1095, 927, 0.8465753424657534
, generated\gt\sample_000404.krn, generated\xml_homr\sample_000404.xml, 0, 0., 0, 0., 0, 0., 45, 2.150023889154324, 0, 0., 0, 0., 7, 0.33444816053511706, 0, 0., 9, 0.43000477783086477, 0, 0., 0, 0., 0, 0., 0, 0., 0, 0., 3, 0.1433349259436216, 1, 0.047778308647873864, 0, 0., 0, 0., 0, 0., 0, 0., 0, 0., 0, 0., 6, 0.2866698518872432, 0, 0., 0, 0., 0, 0., 0, 0., 0, 0., 0, 0., 0, 0., 0, 0., 0, 0., 2022, 96.60774008600096, 0, 0., 0, 0., 0, 0., 0, 0., 0, 0., 0, 0., 230, 2242, 2472, 2093, 0.8466828478964401
, generated\gt\sample_000293.krn, generated\xml_homr\sample_000293.xml, 0, 0., 145, 12.478485370051635, 0, 0., 7, 0.6024096385542169, 0, 0., 0, 0., 4, 0.3442340791738382, 0, 0., 0, 0., 0, 0., 10, 0.8605851979345955, 0, 0., 0, 0., 1, 0.08605851979345955, 4, 0.3442340791738382, 1, 0.08605851979345955, 0, 0., 0, 0., 0, 0., 0, 0., 0, 0., 0, 0., 0, 0., 0, 0., 0, 0., 0, 0., 0, 0., 0, 0., 0, 0., 0, 0., 0, 0., 0, 0., 866, 74.52667814113597, 120, 10.327022375215146, 0, 0., 4, 0.3442340791738382, 0, 0., 0, 0., 0, 0., 254, 1118, 1372, 1162, 0.8469387755102041
, generated\gt\sample_000295.krn, generated\xml_homr\sample_000295.xml, 0, 0., 108, 11.675675675675675, 2, 0.21621621621621623, 0, 0., 0, 0., 0, 0., 6, 0.6486486486486487, 0, 0., 0, 0., 0, 0., 2, 0.21621621621621623, 0, 0., 0, 0., 3, 0.32432432432432434, 4, 0.43243243243243246, 0, 0., 0, 0., 0, 0., 0, 0., 0, 0., 0, 0., 0, 0., 0, 0., 0, 0., 0, 0., 0, 0., 0, 0., 0, 0., 0, 0., 0, 0., 0, 0., 0, 0., 714, 77.1891891891892, 82, 8.864864864864865, 0, 0., 4, 0.43243243243243246, 0, 0., 0, 0., 0, 0., 219, 872, 1091, 925, 0.847846012832264
, generated\gt\sample_000009.krn, generated\xml_homr\sample_000009.xml, 0, 0., 44, 2.7989821882951653, 0, 0., 108, 6.870229007633588, 0, 0., 0, 0., 2, 0.1272264631043257, 0, 0., 0, 0., 0, 0., 0, 0., 0, 0., 0, 0., 1, 0.06361323155216285, 2, 0.1272264631043257, 0, 0., 0, 0., 0, 0., 0, 0., 0, 0., 0, 0., 0, 0., 2, 0.1272264631043257, 0, 0., 0, 0., 0, 0., 0, 0., 0, 0., 0, 0., 0, 0., 0, 0., 0, 0., 1355, 86.19592875318067, 54, 3.435114503816794, 0, 0., 4, 0.2544529262086514, 0, 0., 0, 0., 0, 0., 259, 1595, 1854, 1572, 0.8478964401294499
, generated\gt\sample_000584.krn, generated\xml_homr\sample_000584.xml, 0, 0., 77, 4.794520547945205, 0, 0., 92, 5.72851805728518, 0, 0., 0, 0., 3, 0.18679950186799502, 0, 0., 0, 0., 0, 0., 0, 0., 0, 0., 0, 0., 2, 0.12453300124533001, 2, 0.12453300124533001, 0, 0., 0, 0., 0, 0., 0, 0., 0, 0., 0, 0., 0, 0., 0, 0., 0, 0., 0, 0., 0, 0., 0, 0., 0, 0., 0, 0., 0, 0., 0, 0., 0, 0., 1323, 82.3785803237858, 103, 6.4134495641344955, 0, 0., 4, 0.24906600249066002, 0, 0., 0, 0., 0, 0., 306, 1588, 1894, 1606, 0.8479408658922915
, generated\gt\sample_000299.krn, generated\xml_homr\sample_000299.xml, 0, 0., 182, 14.95480690221857, 0, 0., 2, 0.16433853738701726, 1, 0.08216926869350863, 0, 0., 1, 0.08216926869350863, 0, 0., 0, 0., 1, 0.08216926869350863, 8, 0.657354149548069, 5, 0.4108463434675431, 0, 0., 0, 0., 4, 0.3286770747740345, 2, 0.16433853738701726, 0, 0., 0, 0., 0, 0., 0, 0., 0, 0., 0, 0., 0, 0., 0, 0., 0, 0., 0, 0., 0, 0., 0, 0., 0, 0., 0, 0., 0, 0., 0, 0., 836, 68.69350862777321, 171, 14.050944946589976, 0, 0., 4, 0.3286770747740345, 0, 0., 0, 0., 0, 0., 366, 1069, 1435, 1217, 0.8480836236933798
, generated\gt\sample_000034.krn, generated\xml_homr\sample_000034.xml, 0, 0., 246, 16.302186878727635, 0, 0., 0, 0., 0, 0., 0, 0., 10, 0.6626905235255136, 0, 0., 0, 0., 0, 0., 16, 1.0603048376408217, 0, 0., 0, 0., 4, 0.26507620941020543, 0, 0., 0, 0., 0, 0., 4, 0.26507620941020543, 0, 0., 0, 0., 0, 0., 0, 0., 0, 0., 0, 0., 0, 0., 0, 0., 0, 0., 0, 0., 0, 0., 0, 0., 0, 0., 0, 0., 1041, 68.98608349900596, 184, 12.19350563286945, 0, 0., 4, 0.26507620941020543, 0, 0., 0, 0., 0, 0., 379, 1400, 1779, 1509, 0.8482293423271501
, generated\gt\sample_000153.krn, generated\xml_homr\sample_000153.xml, 0, 0., 70, 4.915730337078652, 0, 0., 76, 5.337078651685394, 0, 0., 0, 0., 4, 0.2808988764044944, 0, 0., 0, 0., 0, 0., 0, 0., 0, 0., 0, 0., 4, 0.2808988764044944, 2, 0.1404494382022472, 0, 0., 0, 0., 0, 0., 0, 0., 0, 0., 0, 0., 0, 0., 0, 0., 0, 0., 0, 0., 0, 0., 0, 0., 0, 0., 0, 0., 0, 0., 0, 0., 0, 0., 1185, 83.21629213483146, 79, 5.547752808988764, 0, 0., 4, 0.2808988764044944, 0, 0., 0, 0., 0, 0., 254, 1424, 1678, 1424, 0.8486293206197855
, generated\gt\sample_000397.krn, generated\xml_homr\sample_000397.xml, 0, 0., 258, 35.342465753424655, 0, 0., 24, 3.287671232876712, 0, 0., 0, 0., 0, 0., 0, 0., 0, 0., 0, 0., 1, 0.136986301369863, 0, 0., 0, 0., 3, 0.410958904109589, 3, 0.410958904109589, 0, 0., 0, 0., 0, 0., 0, 0., 0, 0., 0, 0., 0, 0., 9, 1.2328767123287672, 0, 0., 0, 0., 0, 0., 0, 0., 0, 0., 0, 0., 0, 0., 0, 0., 0, 0., 228, 31.232876712328768, 200, 27.397260273972602, 0, 0., 4, 0.547945205479452, 0, 0., 0, 0., 0, 0., 322, 538, 860, 730, 0.8488372093023255
, generated\gt\sample_000407.krn, generated\xml_homr\sample_000407.xml, 0, 0., 97, 6.576271186440678, 0, 0., 31, 2.1016949152542375, 0, 0., 1, 0.06779661016949153, 0, 0., 0, 0., 0, 0., 0, 0., 4, 0.2711864406779661, 0, 0., 0, 0., 1, 0.06779661016949153, 0, 0., 0, 0., 0, 0., 0, 0., 0, 0., 0, 0., 0, 0., 0, 0., 3, 0.2033898305084746, 0, 0., 0, 0., 0, 0., 0, 0., 0, 0., 0, 0., 0, 0., 0, 0., 0, 0., 1229, 83.32203389830508, 105, 7.11864406779661, 0, 0., 4, 0.2711864406779661, 0, 0., 0, 0., 0, 0., 261, 1475, 1736, 1475, 0.8496543778801844
, generated\gt\sample_000447.krn, generated\xml_homr\sample_000447.xml, 0, 0., 0, 0., 0, 0., 94, 5.558840922531047, 0, 0., 0, 0., 8, 0.47309284447072736, 0, 0., 0, 0., 0, 0., 0, 0., 0, 0., 0, 0., 0, 0., 0, 0., 0, 0., 0, 0., 0, 0., 0, 0., 0, 0., 0, 0., 0, 0., 0, 0., 0, 0., 0, 0., 0, 0., 0, 0., 0, 0., 0, 0., 0, 0., 0, 0., 0, 0., 1589, 93.96806623299823, 0, 0., 0, 0., 0, 0., 0, 0., 0, 0., 0, 0., 204, 1785, 1989, 1691, 0.8501759678230266
, generated\gt\sample_000470.krn, generated\xml_homr\sample_000470.xml, 0, 0., 494, 40.86021505376344, 0, 0., 12, 0.9925558312655087, 0, 0., 0, 0., 2, 0.1654259718775848, 0, 0., 0, 0., 1, 0.0827129859387924, 0, 0., 0, 0., 0, 0., 2, 0.1654259718775848, 4, 0.3308519437551696, 0, 0., 0, 0., 0, 0., 0, 0., 0, 0., 0, 0., 0, 0., 9, 0.7444168734491315, 0, 0., 0, 0., 0, 0., 0, 0., 0, 0., 0, 0., 0, 0., 0, 0., 0, 0., 496, 41.02564102564103, 185, 15.301902398676592, 0, 0., 4, 0.3308519437551696, 0, 0., 0, 0., 0, 0., 479, 943, 1422, 1209, 0.8502109704641351
, generated\gt\sample_000277.krn, generated\xml_homr\sample_000277.xml, 0, 0., 91, 7.7844311377245505, 0, 0., 19, 1.6253207869974338, 0, 0., 0, 0., 7, 0.5988023952095808, 0, 0., 3, 0.2566295979469632, 0, 0., 0, 0., 0, 0., 0, 0., 2, 0.1710863986313088, 3, 0.2566295979469632, 0, 0., 0, 0., 0, 0., 0, 0., 0, 0., 0, 0., 0, 0., 6, 0.5132591958939264, 0, 0., 0, 0., 0, 0., 0, 0., 0, 0., 0, 0., 0, 0., 0, 0., 0, 0., 939, 80.32506415739948, 95, 8.126603934987168, 0, 0., 4, 0.3421727972626176, 0, 0., 0, 0., 0, 0., 226, 1148, 1374, 1169, 0.8508005822416302
, generated\gt\sample_000522.krn, generated\xml_homr\sample_000522.xml, 0, 0., 95, 8.18260120585702, 0, 0., 19, 1.636520241171404, 0, 0., 0, 0., 3, 0.25839793281653745, 0, 0., 0, 0., 2, 0.17226528854435832, 2, 0.17226528854435832, 0, 0., 0, 0., 1, 0.08613264427217916, 2, 0.17226528854435832, 0, 0., 0, 0., 0, 0., 0, 0., 0, 0., 0, 0., 0, 0., 3, 0.25839793281653745, 0, 0., 0, 0., 0, 0., 0, 0., 0, 0., 0, 0., 0, 0., 0, 0., 0, 0., 931, 80.18949181739879, 99, 8.527131782945736, 0, 0., 4, 0.34453057708871665, 0, 0., 0, 0., 0, 0., 235, 1129, 1364, 1161, 0.8511730205278593
, generated\gt\sample_000629.krn, generated\xml_homr\sample_000629.xml, 0, 0., 0, 0., 0, 0., 33, 1.8900343642611683, 0, 0., 0, 0., 4, 0.2290950744558992, 0, 0., 0, 0., 6, 0.3436426116838488, 0, 0., 0, 0., 0, 0., 0, 0., 0, 0., 0, 0., 0, 0., 0, 0., 0, 0., 0, 0., 0, 0., 0, 0., 1, 0.0572737686139748, 0, 0., 0, 0., 0, 0., 0, 0., 0, 0., 0, 0., 0, 0., 0, 0., 0, 0., 1702, 97.4799541809851, 0, 0., 0, 0., 0, 0., 0, 0., 0, 0., 0, 0., 180, 1871, 2051, 1746, 0.8512920526572404
, generated\gt\sample_000114.krn, generated\xml_homr\sample_000114.xml, 0, 0., 96, 7.424593967517401, 0, 0., 8, 0.6187161639597835, 0, 0., 0, 0., 5, 0.3866976024748647, 0, 0., 0, 0., 0, 0., 0, 0., 2, 0.15467904098994587, 0, 0., 1, 0.07733952049497293, 2, 0.15467904098994587, 0, 0., 0, 0., 0, 0., 0, 0., 0, 0., 0, 0., 0, 0., 5, 0.3866976024748647, 0, 0., 0, 0., 2, 0.15467904098994587, 0, 0., 0, 0., 0, 0., 0, 0., 0, 0., 0, 0., 1054, 81.51585460170146, 114, 8.816705336426914, 0, 0., 4, 0.30935808197989173, 0, 0., 0, 0., 0, 0., 246, 1271, 1517, 1293, 0.8523401450230719
, generated\gt\sample_000013.krn, generated\xml_homr\sample_000013.xml, 0, 0., 199, 15.110098709187547, 0, 0., 2, 0.15186028853454822, 2, 0.15186028853454822, 0, 0., 1, 0.07593014426727411, 0, 0., 0, 0., 2, 0.15186028853454822, 22, 1.6704631738800304, 0, 0., 0, 0., 3, 0.22779043280182232, 0, 0., 0, 0., 0, 0., 2, 0.15186028853454822, 0, 0., 0, 0., 0, 0., 0, 0., 0, 0., 0, 0., 0, 0., 0, 0., 0, 0., 0, 0., 0, 0., 0, 0., 0, 0., 0, 0., 962, 73.04479878511769, 118, 8.959757023538344, 0, 0., 4, 0.30372057706909644, 0, 0., 0, 0., 0, 0., 271, 1274, 1545, 1317, 0.8524271844660194
, generated\gt\sample_000427.krn, generated\xml_homr\sample_000427.xml, 0, 0., 105, 5.343511450381679, 0, 0., 144, 7.32824427480916, 0, 0., 0, 0., 2, 0.10178117048346055, 0, 0., 0, 0., 0, 0., 0, 0., 0, 0., 0, 0., 1, 0.05089058524173028, 2, 0.10178117048346055, 0, 0., 0, 0., 0, 0., 0, 0., 0, 0., 0, 0., 0, 0., 0, 0., 0, 0., 0, 0., 0, 0., 0, 0., 0, 0., 0, 0., 0, 0., 0, 0., 0, 0., 1597, 81.27226463104326, 110, 5.597964376590331, 0, 0., 4, 0.2035623409669211, 0, 0., 0, 0., 0, 0., 360, 1945, 2305, 1965, 0.8524945770065075
, generated\gt\sample_000574.krn, generated\xml_homr\sample_000574.xml, 0, 0., 93, 7.762938230383973, 0, 0., 47, 3.9232053422370616, 0, 0., 0, 0., 5, 0.41736227045075125, 0, 0., 0, 0., 3, 0.25041736227045075, 0, 0., 0, 0., 0, 0., 1, 0.08347245409015025, 0, 0., 0, 0., 0, 0., 4, 0.333889816360601, 0, 0., 0, 0., 0, 0., 0, 0., 1, 0.08347245409015025, 0, 0., 0, 0., 0, 0., 0, 0., 0, 0., 0, 0., 0, 0., 0, 0., 0, 0., 935, 78.04674457429049, 105, 8.764607679465776, 0, 0., 4, 0.333889816360601, 0, 0., 0, 0., 0, 0., 247, 1158, 1405, 1198, 0.8526690391459075
, generated\gt\sample_000313.krn, generated\xml_homr\sample_000313.xml, 0, 0., 0, 0., 0, 0., 21, 1.1938601478112565, 0, 0., 0, 0., 3, 0.17055144968732233, 0, 0., 0, 0., 0, 0., 0, 0., 0, 0., 0, 0., 0, 0., 0, 0., 0, 0., 0, 0., 0, 0., 0, 0., 0, 0., 0, 0., 0, 0., 4, 0.2274019329164298, 0, 0., 0, 0., 0, 0., 0, 0., 0, 0., 0, 0., 0, 0., 0, 0., 0, 0., 1731, 98.40818646958499, 0, 0., 0, 0., 0, 0., 0, 0., 0, 0., 0, 0., 169, 1893, 2062, 1759, 0.853055286129971
, generated\gt\sample_000281.krn, generated\xml_homr\sample_000281.xml, 0, 0., 56, 6.42939150401837, 0, 0., 28, 3.214695752009185, 0, 0., 0, 0., 0, 0., 0, 0., 0, 0., 1, 0.1148105625717566, 0, 0., 0, 0., 0, 0., 1, 0.1148105625717566, 3, 0.34443168771526983, 0, 0., 0, 0., 0, 0., 0, 0., 0, 0., 0, 0., 0, 0., 10, 1.148105625717566, 0, 0., 0, 0., 0, 0., 0, 0., 0, 0., 0, 0., 0, 0., 0, 0., 0, 0., 710, 81.51549942594718, 58, 6.659012629161883, 0, 0., 4, 0.4592422502870264, 0, 0., 0, 0., 0, 0., 163, 858, 1021, 871, 0.8530852105778648
, generated\gt\sample_000610.krn, generated\xml_homr\sample_000610.xml, 0, 0., 40, 5.547850208044383, 0, 0., 22, 3.0513176144244105, 0, 0., 0, 0., 15, 2.0804438280166435, 0, 0., 0, 0., 0, 0., 1, 0.13869625520110956, 0, 0., 0, 0., 1, 0.13869625520110956, 2, 0.27739251040221913, 0, 0., 0, 0., 0, 0., 0, 0., 0, 0., 0, 0., 0, 0., 3, 0.4160887656033287, 0, 0., 0, 0., 0, 0., 0, 0., 0, 0., 0, 0., 0, 0., 0, 0., 0, 0., 569, 78.91816920943134, 64, 8.876560332871012, 0, 0., 4, 0.5547850208044383, 0, 0., 0, 0., 0, 0., 161, 684, 845, 721, 0.8532544378698225
, generated\gt\sample_000042.krn, generated\xml_homr\sample_000042.xml, 0, 0., 74, 12.869565217391305, 0, 0., 12, 2.0869565217391304, 0, 0., 0, 0., 0, 0., 0, 0., 0, 0., 0, 0., 0, 0., 0, 0., 0, 0., 1, 0.17391304347826086, 2, 0.34782608695652173, 0, 0., 0, 0., 0, 0., 0, 0., 0, 0., 0, 0., 0, 0., 2, 0.34782608695652173, 0, 0., 0, 0., 0, 0., 0, 0., 0, 0., 0, 0., 0, 0., 0, 0., 0, 0., 403, 70.08695652173913, 77, 13.391304347826088, 0, 0., 4, 0.6956521739130435, 0, 0., 0, 0., 0, 0., 144, 529, 673, 575, 0.8543833580980683
, generated\gt\sample_000643.krn, generated\xml_homr\sample_000643.xml, 0, 0., 210, 13.645224171539962, 0, 0., 51, 3.313840155945419, 0, 0., 0, 0., 0, 0., 0, 0., 0, 0., 3, 0.1949317738791423, 1, 0.0649772579597141, 0, 0., 0, 0., 1, 0.0649772579597141, 2, 0.1299545159194282, 0, 0., 0, 0., 0, 0., 0, 0., 0, 0., 0, 0., 0, 0., 0, 0., 0, 0., 0, 0., 0, 0., 0, 0., 0, 0., 0, 0., 0, 0., 0, 0., 0, 0., 1093, 71.02014294996751, 174, 11.306042884990253, 0, 0., 4, 0.2599090318388564, 0, 0., 0, 0., 0, 0., 358, 1443, 1801, 1539, 0.8545252637423654
, generated\gt\sample_000613.krn, generated\xml_homr\sample_000613.xml, 0, 0., 56, 4.690117252931323, 0, 0., 43, 3.6013400335008376, 0, 0., 0, 0., 10, 0.8375209380234506, 0, 0., 0, 0., 2, 0.16750418760469013, 3, 0.25125628140703515, 3, 0.25125628140703515, 0, 0., 1, 0.08375209380234507, 1, 0.08375209380234507, 0, 0., 0, 0., 0, 0., 0, 0., 0, 0., 0, 0., 0, 0., 6, 0.5025125628140703, 0, 0., 0, 0., 0, 0., 0, 0., 0, 0., 0, 0., 0, 0., 0, 0., 0, 0., 1005, 84.17085427135679, 60, 5.025125628140704, 0, 0., 4, 0.33500837520938026, 0, 0., 0, 0., 0, 0., 205, 1192, 1397, 1194, 0.854688618468146
, generated\gt\sample_000500.krn, generated\xml_homr\sample_000500.xml, 0, 0., 92, 7.776838546069316, 0, 0., 16, 1.3524936601859678, 0, 0., 0, 0., 3, 0.25359256128486896, 0, 0., 0, 0., 1, 0.08453085376162299, 3, 0.25359256128486896, 3, 0.25359256128486896, 0, 0., 3, 0.25359256128486896, 0, 0., 0, 0., 0, 0., 0, 0., 0, 0., 0, 0., 0, 0., 0, 0., 3, 0.25359256128486896, 0, 0., 0, 0., 0, 0., 0, 0., 0, 0., 0, 0., 0, 0., 0, 0., 0, 0., 973, 82.24852071005917, 82, 6.931530008453086, 0, 0., 4, 0.33812341504649196, 0, 0., 0, 0., 0, 0., 216, 1168, 1384, 1183, 0.8547687861271677
, generated\gt\sample_000204.krn, generated\xml_homr\sample_000204.xml, 0, 0., 92, 7.2669826224328595, 0, 0., 35, 2.764612954186414, 0, 0., 0, 0., 1, 0.07898894154818326, 0, 0., 0, 0., 0, 0., 0, 0., 0, 0., 0, 0., 1, 0.07898894154818326, 2, 0.1579778830963665, 0, 0., 0, 0., 0, 0., 0, 0., 0, 0., 0, 0., 0, 0., 1, 0.07898894154818326, 0, 0., 0, 0., 0, 0., 0, 0., 0, 0., 0, 0., 0, 0., 0, 0., 0, 0., 1031, 81.43759873617694, 99, 7.819905213270142, 0, 0., 4, 0.315955766192733, 0, 0., 0, 0., 0, 0., 232, 1249, 1481, 1266, 0.8548278190411884
, generated\gt\sample_000367.krn, generated\xml_homr\sample_000367.xml, 0, 0., 99, 5.512249443207127, 0, 0., 90, 5.011135857461024, 0, 0., 0, 0., 7, 0.3897550111358575, 0, 0., 0, 0., 0, 0., 0, 0., 0, 0., 0, 0., 3, 0.16703786191536749, 2, 0.111358574610245, 0, 0., 0, 0., 0, 0., 0, 0., 0, 0., 0, 0., 0, 0., 2, 0.111358574610245, 0, 0., 0, 0., 0, 0., 0, 0., 0, 0., 0, 0., 0, 0., 0, 0., 0, 0., 1505, 83.79732739420935, 84, 4.67706013363029, 0, 0., 4, 0.22271714922049, 0, 0., 0, 0., 0, 0., 313, 1787, 2100, 1796, 0.8552380952380952
, generated\gt\sample_000507.krn, generated\xml_homr\sample_000507.xml, 0, 0., 60, 4.395604395604396, 0, 0., 16, 1.1721611721611722, 0, 0., 0, 0., 5, 0.3663003663003663, 0, 0., 0, 0., 0, 0., 12, 0.8791208791208791, 1, 0.07326007326007326, 0, 0., 1, 0.07326007326007326, 0, 0., 0, 0., 0, 0., 2, 0.14652014652014653, 0, 0., 0, 0., 0, 0., 0, 0., 4, 0.29304029304029305, 0, 0., 0, 0., 0, 0., 0, 0., 0, 0., 0, 0., 0, 0., 0, 0., 0, 0., 1197, 87.6923076923077, 63, 4.615384615384615, 0, 0., 4, 0.29304029304029305, 0, 0., 0, 0., 0, 0., 202, 1394, 1596, 1365, 0.8552631578947368
, generated\gt\sample_000269.krn, generated\xml_homr\sample_000269.xml, 0, 0., 132, 14.864864864864865, 0, 0., 14, 1.5765765765765767, 3, 0.33783783783783783, 0, 0., 2, 0.22522522522522523, 0, 0., 0, 0., 2, 0.22522522522522523, 0, 0., 0, 0., 0, 0., 1, 0.11261261261261261, 2, 0.22522522522522523, 0, 0., 0, 0., 0, 0., 0, 0., 0, 0., 0, 0., 0, 0., 7, 0.7882882882882883, 0, 0., 0, 0., 0, 0., 0, 0., 0, 0., 0, 0., 0, 0., 0, 0., 0, 0., 639, 71.95945945945945, 82, 9.234234234234235, 0, 0., 4, 0.45045045045045046, 0, 0., 0, 0., 0, 0., 215, 823, 1038, 888, 0.8554913294797688
, generated\gt\sample_000032.krn, generated\xml_homr\sample_000032.xml, 0, 0., 233, 14.774889029803424, 2, 0.12682308180088775, 1, 0.06341154090044387, 0, 0., 0, 0., 1, 0.06341154090044387, 0, 0., 0, 0., 0, 0., 14, 0.8877615726062144, 0, 0., 0, 0., 3, 0.19023462270133165, 0, 0., 0, 0., 0, 0., 0, 0., 0, 0., 0, 0., 0, 0., 0, 0., 0, 0., 0, 0., 0, 0., 0, 0., 0, 0., 0, 0., 0, 0., 0, 0., 0, 0., 0, 0., 1144, 72.5428027901078, 175, 11.097019657577679, 0, 0., 4, 0.2536461636017755, 0, 0., 0, 0., 0, 0., 348, 1495, 1843, 1577, 0.8556701030927835
, generated\gt\sample_000517.krn, generated\xml_homr\sample_000517.xml, 0, 0., 0, 0., 0, 0., 81, 3.7569573283858997, 0, 0., 0, 0., 8, 0.37105751391465674, 0, 0., 0, 0., 0, 0., 0, 0., 0, 0., 0, 0., 0, 0., 0, 0., 1, 0.04638218923933209, 0, 0., 0, 0., 0, 0., 0, 0., 0, 0., 0, 0., 6, 0.2782931354359926, 0, 0., 0, 0., 0, 0., 0, 0., 0, 0., 0, 0., 0, 0., 0, 0., 0, 0., 2060, 95.54730983302412, 0, 0., 0, 0., 0, 0., 0, 0., 0, 0., 0, 0., 237, 2282, 2519, 2156, 0.8558951965065502
, generated\gt\sample_000552.krn, generated\xml_homr\sample_000552.xml, 0, 0., 15, 2.4469820554649266, 0, 0., 12, 1.9575856443719413, 0, 0., 0, 0., 0, 0., 0, 0., 0, 0., 0, 0., 2, 0.3262642740619902, 4, 0.6525285481239804, 0, 0., 1, 0.1631321370309951, 0, 0., 0, 0., 0, 0., 0, 0., 0, 0., 0, 0., 0, 0., 0, 0., 2, 0.3262642740619902, 0, 0., 0, 0., 0, 0., 0, 0., 0, 0., 0, 0., 0, 0., 0, 0., 0, 0., 550, 89.7226753670473, 23, 3.7520391517128875, 0, 0., 4, 0.6525285481239804, 0, 0., 0, 0., 0, 0., 89, 627, 716, 613, 0.8561452513966481
, generated\gt\sample_000251.krn, generated\xml_homr\sample_000251.xml, 0, 0., 87, 8.673978065802592, 0, 0., 6, 0.5982053838484547, 0, 0., 0, 0., 9, 0.8973080757726819, 0, 0., 0, 0., 1, 0.09970089730807577, 2, 0.19940179461615154, 0, 0., 0, 0., 1, 0.09970089730807577, 2, 0.19940179461615154, 0, 0., 0, 0., 0, 0., 0, 0., 0, 0., 0, 0., 0, 0., 5, 0.4985044865403789, 0, 0., 0, 0., 0, 0., 0, 0., 0, 0., 0, 0., 0, 0., 0, 0., 0, 0., 785, 78.26520438683949, 101, 10.069790628115653, 0, 0., 4, 0.3988035892323031, 0, 0., 0, 0., 0, 0., 213, 958, 1171, 1003, 0.856532877882152
, generated\gt\sample_000106.krn, generated\xml_homr\sample_000106.xml, 0, 0., 30, 3.2327586206896552, 0, 0., 21, 2.2629310344827585, 0, 0., 0, 0., 1, 0.10775862068965517, 0, 0., 0, 0., 0, 0., 0, 0., 0, 0., 0, 0., 1, 0.10775862068965517, 2, 0.21551724137931033, 0, 0., 0, 0., 0, 0., 0, 0., 0, 0., 0, 0., 0, 0., 0, 0., 0, 0., 0, 0., 0, 0., 0, 0., 0, 0., 0, 0., 0, 0., 0, 0., 0, 0., 820, 88.36206896551724, 49, 5.280172413793103, 0, 0., 4, 0.43103448275862066, 0, 0., 0, 0., 0, 0., 144, 939, 1083, 928, 0.8568790397045245
, generated\gt\sample_000019.krn, generated\xml_homr\sample_000019.xml, 0, 0., 384, 22.107081174438687, 0, 0., 4, 0.23028209556706966, 0, 0., 0, 0., 1, 0.057570523891767415, 0, 0., 0, 0., 0, 0., 26, 1.4968336211859528, 0, 0., 0, 0., 3, 0.17271157167530224, 4, 0.23028209556706966, 0, 0., 0, 0., 0, 0., 0, 0., 0, 0., 0, 0., 0, 0., 0, 0., 0, 0., 0, 0., 0, 0., 0, 0., 0, 0., 0, 0., 0, 0., 0, 0., 0, 0., 1138, 65.51525618883132, 173, 9.959700633275762, 0, 0., 4, 0.23028209556706966, 0, 0., 0, 0., 0, 0., 395, 1632, 2027, 1737, 0.8569314257523434
, generated\gt\sample_000639.krn, generated\xml_homr\sample_000639.xml, 0, 0., 73, 4.545454545454546, 0, 0., 72, 4.483188044831881, 0, 0., 0, 0., 4, 0.24906600249066002, 0, 0., 0, 0., 7, 0.43586550435865506, 4, 0.24906600249066002, 0, 0., 0, 0., 1, 0.062266500622665005, 2, 0.12453300124533001, 0, 0., 0, 0., 0, 0., 0, 0., 0, 0., 0, 0., 0, 0., 0, 0., 0, 0., 0, 0., 0, 0., 0, 0., 0, 0., 0, 0., 0, 0., 0, 0., 0, 0., 1360, 84.6824408468244, 79, 4.919053549190536, 0, 0., 4, 0.24906600249066002, 0, 0., 0, 0., 0, 0., 267, 1607, 1874, 1606, 0.8569903948772679
, generated\gt\sample_000075.krn, generated\xml_homr\sample_000075.xml, 0, 0., 186, 11.847133757961783, 0, 0., 82, 5.222929936305732, 0, 0., 0, 0., 2, 0.12738853503184713, 0, 0., 0, 0., 0, 0., 0, 0., 0, 0., 0, 0., 1, 0.06369426751592357, 2, 0.12738853503184713, 0, 0., 0, 0., 0, 0., 0, 0., 0, 0., 0, 0., 0, 0., 1, 0.06369426751592357, 0, 0., 0, 0., 0, 0., 0, 0., 0, 0., 0, 0., 0, 0., 0, 0., 0, 0., 1143, 72.80254777070064, 149, 9.490445859872612, 0, 0., 4, 0.25477707006369427, 0, 0., 0, 0., 0, 0., 353, 1477, 1830, 1570, 0.8579234972677595
, generated\gt\sample_000273.krn, generated\xml_homr\sample_000273.xml, 0, 0., 166, 9.156094870380585, 0, 0., 63, 3.474903474903475, 2, 0.11031439602868175, 0, 0., 0, 0., 0, 0., 0, 0., 0, 0., 0, 0., 0, 0., 0, 0., 1, 0.05515719801434087, 0, 0., 0, 0., 0, 0., 0, 0., 0, 0., 0, 0., 0, 0., 0, 0., 17, 0.9376723662437948, 0, 0., 0, 0., 0, 0., 0, 0., 0, 0., 0, 0., 0, 0., 0, 0., 0, 0., 1453, 80.14340871483729, 107, 5.901820187534473, 0, 0., 4, 0.2206287920573635, 0, 0., 0, 0., 0, 0., 356, 1757, 2113, 1813, 0.8580217699952674
, generated\gt\sample_000443.krn, generated\xml_homr\sample_000443.xml, 0, 0., 120, 10.78167115902965, 0, 0., 60, 5.390835579514825, 0, 0., 0, 0., 5, 0.44923629829290207, 0, 0., 0, 0., 0, 0., 0, 0., 0, 0., 0, 0., 1, 0.08984725965858041, 2, 0.17969451931716082, 0, 0., 0, 0., 0, 0., 0, 0., 0, 0., 0, 0., 0, 0., 2, 0.17969451931716082, 0, 0., 0, 0., 0, 0., 0, 0., 0, 0., 0, 0., 0, 0., 0, 0., 0, 0., 788, 70.79964061096136, 131, 11.769991015274034, 0, 0., 4, 0.35938903863432164, 0, 0., 0, 0., 0, 0., 266, 1031, 1297, 1113, 0.8581341557440246
, generated\gt\sample_000656.krn, generated\xml_homr\sample_000656.xml, 0, 0., 90, 4.39453125, 0, 0., 144, 7.03125, 0, 0., 0, 0., 12, 0.5859375, 0, 0., 0, 0., 0, 0., 3, 0.146484375, 0, 0., 0, 0., 2, 0.09765625, 2, 0.09765625, 4, 0.1953125, 0, 0., 0, 0., 0, 0., 0, 0., 0, 0., 0, 0., 0, 0., 0, 0., 0, 0., 0, 0., 0, 0., 0, 0., 0, 0., 0, 0., 0, 0., 0, 0., 1675, 81.787109375, 112, 5.46875, 0, 0., 4, 0.1953125, 0, 0., 0, 0., 0, 0., 374, 2012, 2386, 2048, 0.8583403185247276
, generated\gt\sample_000436.krn, generated\xml_homr\sample_000436.xml, 0, 0., 114, 8.976377952755906, 0, 0., 23, 1.811023622047244, 0, 0., 2, 0.15748031496062992, 5, 0.3937007874015748, 0, 0., 0, 0., 0, 0., 2, 0.15748031496062992, 3, 0.23622047244094488, 0, 0., 1, 0.07874015748031496, 2, 0.15748031496062992, 0, 0., 0, 0., 0, 0., 0, 0., 0, 0., 0, 0., 0, 0., 7, 0.5511811023622047, 0, 0., 0, 0., 2, 0.15748031496062992, 0, 0., 0, 0., 0, 0., 0, 0., 0, 0., 0, 0., 1018, 80.15748031496064, 87, 6.850393700787402, 0, 0., 4, 0.31496062992125984, 0, 0., 0, 0., 0, 0., 248, 1231, 1479, 1270, 0.8586883029073699
, generated\gt\sample_000344.krn, generated\xml_homr\sample_000344.xml, 0, 0., 9, 0.7550335570469798, 0, 0., 0, 0., 0, 0., 0, 0., 0, 0., 0, 0., 0, 0., 0, 0., 0, 0., 0, 0., 0, 0., 0, 0., 0, 0., 1, 0.08389261744966443, 0, 0., 2, 0.16778523489932887, 0, 0., 0, 0., 0, 0., 0, 0., 0, 0., 0, 0., 0, 0., 0, 0., 0, 0., 0, 0., 0, 0., 0, 0., 0, 0., 0, 0., 1180, 98.99328859060402, 0, 0., 0, 0., 0, 0., 0, 0., 0, 0., 0, 0., 101, 1287, 1388, 1192, 0.8587896253602305
, generated\gt\sample_000353.krn, generated\xml_homr\sample_000353.xml, 0, 0., 0, 0., 0, 0., 96, 5.351170568561873, 0, 0., 0, 0., 2, 0.11148272017837235, 0, 0., 0, 0., 0, 0., 0, 0., 0, 0., 0, 0., 0, 0., 3, 0.16722408026755853, 0, 0., 0, 0., 0, 0., 0, 0., 0, 0., 0, 0., 0, 0., 0, 0., 0, 0., 0, 0., 0, 0., 0, 0., 0, 0., 0, 0., 0, 0., 0, 0., 0, 0., 1693, 94.3701226309922, 0, 0., 0, 0., 0, 0., 0, 0., 0, 0., 0, 0., 198, 1890, 2088, 1794, 0.8591954022988506
, generated\gt\sample_000130.krn, generated\xml_homr\sample_000130.xml, 0, 0., 0, 0., 0, 0., 28, 1.6222479721900347, 0, 0., 0, 0., 0, 0., 0, 0., 0, 0., 2, 0.11587485515643106, 0, 0., 0, 0., 0, 0., 1, 0.05793742757821553, 0, 0., 0, 0., 0, 0., 0, 0., 0, 0., 0, 0., 0, 0., 0, 0., 3, 0.17381228273464658, 0, 0., 0, 0., 0, 0., 0, 0., 0, 0., 0, 0., 0, 0., 0, 0., 0, 0., 1692, 98.03012746234067, 0, 0., 0, 0., 0, 0., 0, 0., 0, 0., 0, 0., 161, 1847, 2008, 1726, 0.8595617529880478
, generated\gt\sample_000193.krn, generated\xml_homr\sample_000193.xml, 0, 0., 106, 11.610076670317634, 0, 0., 9, 0.9857612267250822, 0, 0., 4, 0.43811610076670315, 6, 0.6571741511500547, 0, 0., 0, 0., 0, 0., 0, 0., 0, 0., 0, 0., 2, 0.21905805038335158, 2, 0.21905805038335158, 0, 0., 0, 0., 0, 0., 0, 0., 0, 0., 0, 0., 0, 0., 5, 0.547645125958379, 0, 0., 0, 0., 0, 0., 0, 0., 0, 0., 0, 0., 0, 0., 0, 0., 0, 0., 672, 73.60350492880613, 103, 11.281489594742606, 0, 0., 4, 0.43811610076670315, 0, 0., 0, 0., 0, 0., 220, 842, 1062, 913, 0.85969868173258
, generated\gt\sample_000387.krn, generated\xml_homr\sample_000387.xml, 0, 0., 198, 12.222222222222221, 0, 0., 57, 3.5185185185185186, 0, 0., 0, 0., 7, 0.43209876543209874, 0, 0., 0, 0., 2, 0.12345679012345678, 0, 0., 2, 0.12345679012345678, 0, 0., 1, 0.06172839506172839, 4, 0.24691358024691357, 0, 0., 0, 0., 0, 0., 0, 0., 0, 0., 0, 0., 0, 0., 9, 0.5555555555555556, 0, 0., 0, 0., 0, 0., 0, 0., 0, 0., 0, 0., 0, 0., 0, 0., 0, 0., 1252, 77.28395061728395, 84, 5.185185185185185, 0, 0., 4, 0.24691358024691357, 0, 0., 0, 0., 0, 0., 324, 1560, 1884, 1620, 0.8598726114649682
, generated\gt\sample_000513.krn, generated\xml_homr\sample_000513.xml, 0, 0., 291, 22.129277566539923, 0, 0., 34, 2.585551330798479, 1, 0.07604562737642585, 0, 0., 2, 0.1520912547528517, 0, 0., 0, 0., 0, 0., 2, 0.1520912547528517, 0, 0., 0, 0., 1, 0.07604562737642585, 4, 0.3041825095057034, 3, 0.22813688212927757, 0, 0., 2, 0.1520912547528517, 0, 0., 0, 0., 0, 0., 0, 0., 12, 0.9125475285171103, 0, 0., 0, 0., 0, 0., 0, 0., 0, 0., 0, 0., 0, 0., 0, 0., 0, 0., 819, 62.28136882129277, 140, 10.64638783269962, 0, 0., 4, 0.3041825095057034, 0, 0., 0, 0., 0, 0., 401, 1128, 1529, 1315, 0.8600392413342054
, generated\gt\sample_000055.krn, generated\xml_homr\sample_000055.xml, 0, 0., 72, 8.727272727272727, 0, 0., 24, 2.909090909090909, 0, 0., 0, 0., 3, 0.36363636363636365, 0, 0., 0, 0., 0, 0., 0, 0., 0, 0., 0, 0., 1, 0.12121212121212122, 2, 0.24242424242424243, 0, 0., 0, 0., 0, 0., 0, 0., 0, 0., 0, 0., 0, 0., 2, 0.24242424242424243, 0, 0., 0, 0., 0, 0., 0, 0., 0, 0., 0, 0., 0, 0., 0, 0., 0, 0., 633, 76.72727272727273, 84, 10.181818181818182, 0, 0., 4, 0.48484848484848486, 0, 0., 0, 0., 0, 0., 174, 785, 959, 825, 0.8602711157455682
, generated\gt\sample_000103.krn, generated\xml_homr\sample_000103.xml, 0, 0., 93, 7.95551753635586, 0, 0., 8, 0.6843455945252352, 0, 0., 0, 0., 7, 0.5988023952095808, 0, 0., 0, 0., 8, 0.6843455945252352, 3, 0.2566295979469632, 0, 0., 0, 0., 1, 0.0855431993156544, 2, 0.1710863986313088, 0, 0., 0, 0., 0, 0., 0, 0., 0, 0., 0, 0., 0, 0., 4, 0.3421727972626176, 0, 0., 0, 0., 2, 0.1710863986313088, 0, 0., 0, 0., 0, 0., 0, 0., 0, 0., 0, 0., 923, 78.95637296834902, 114, 9.751924721984603, 0, 0., 4, 0.3421727972626176, 0, 0., 0, 0., 0, 0., 238, 1120, 1358, 1169, 0.8608247422680413
, generated\gt\sample_000527.krn, generated\xml_homr\sample_000527.xml, 0, 0., 240, 17.303532804614274, 0, 0., 6, 0.43258832011535686, 0, 0., 2, 0.14419610670511895, 2, 0.14419610670511895, 0, 0., 0, 0., 0, 0., 0, 0., 0, 0., 0, 0., 3, 0.21629416005767843, 0, 0., 0, 0., 0, 0., 0, 0., 0, 0., 0, 0., 0, 0., 0, 0., 0, 0., 0, 0., 0, 0., 0, 0., 0, 0., 0, 0., 0, 0., 0, 0., 0, 0., 0, 0., 1015, 73.17952415284788, 115, 8.29127613554434, 0, 0., 4, 0.2883922134102379, 0, 0., 0, 0., 0, 0., 272, 1339, 1611, 1387, 0.8609559279950342
, generated\gt\sample_000165.krn, generated\xml_homr\sample_000165.xml, 0, 0., 152, 8.760806916426512, 0, 0., 40, 2.3054755043227666, 0, 0., 0, 0., 0, 0., 0, 0., 0, 0., 0, 0., 0, 0., 0, 0., 0, 0., 1, 0.05763688760806916, 4, 0.23054755043227665, 0, 0., 0, 0., 2, 0.11527377521613832, 0, 0., 0, 0., 0, 0., 0, 0., 0, 0., 0, 0., 0, 0., 0, 0., 0, 0., 0, 0., 0, 0., 0, 0., 0, 0., 0, 0., 1406, 81.03746397694525, 126, 7.262247838616715, 0, 0., 4, 0.23054755043227665, 0, 0., 0, 0., 0, 0., 310, 1705, 2015, 1735, 0.8610421836228288
, generated\gt\sample_000413.krn, generated\xml_homr\sample_000413.xml, 0, 0., 96, 6.675938803894297, 0, 0., 40, 2.7816411682892905, 0, 0., 10, 0.6954102920723226, 2, 0.13908205841446453, 0, 0., 0, 0., 0, 0., 16, 1.1126564673157162, 0, 0., 0, 0., 2, 0.13908205841446453, 2, 0.13908205841446453, 0, 0., 0, 0., 0, 0., 0, 0., 0, 0., 0, 0., 0, 0., 0, 0., 0, 0., 0, 0., 0, 0., 0, 0., 0, 0., 0, 0., 0, 0., 0, 0., 0, 0., 1189, 82.68428372739916, 77, 5.354659248956884, 0, 0., 4, 0.27816411682892905, 0, 0., 0, 0., 0, 0., 243, 1427, 1670, 1438, 0.8610778443113772
, generated\gt\sample_000306.krn, generated\xml_homr\sample_000306.xml, 0, 0., 8, 0.4479283314669653, 0, 0., 94, 5.2631578947368425, 0, 0., 0, 0., 6, 0.335946248600224, 0, 0., 0, 0., 0, 0., 0, 0., 0, 0., 0, 0., 0, 0., 2, 0.11198208286674133, 0, 0., 0, 0., 0, 0., 0, 0., 0, 0., 0, 0., 0, 0., 0, 0., 0, 0., 0, 0., 0, 0., 0, 0., 0, 0., 0, 0., 0, 0., 0, 0., 0, 0., 1595, 89.30571108622621, 77, 4.311310190369541, 0, 0., 4, 0.22396416573348266, 0, 0., 0, 0., 0, 0., 284, 1790, 2074, 1786, 0.8611378977820636
, generated\gt\sample_000366.krn, generated\xml_homr\sample_000366.xml, 0, 0., 49, 3.0153846153846153, 0, 0., 50, 3.076923076923077, 0, 0., 0, 0., 4, 0.24615384615384617, 0, 0., 0, 0., 0, 0., 2, 0.12307692307692308, 0, 0., 0, 0., 3, 0.18461538461538463, 0, 0., 0, 0., 0, 0., 0, 0., 0, 0., 0, 0., 0, 0., 0, 0., 7, 0.4307692307692308, 0, 0., 0, 0., 0, 0., 0, 0., 0, 0., 0, 0., 0, 0., 0, 0., 0, 0., 1444, 88.86153846153846, 62, 3.8153846153846156, 0, 0., 4, 0.24615384615384617, 0, 0., 0, 0., 0, 0., 235, 1652, 1887, 1625, 0.8611552729199788
, generated\gt\sample_000178.krn, generated\xml_homr\sample_000178.xml, 0, 0., 186, 9.356136820925553, 0, 0., 76, 3.8229376257545273, 0, 0., 0, 0., 6, 0.30181086519114686, 0, 0., 0, 0., 10, 0.5030181086519114, 0, 0., 0, 0., 0, 0., 1, 0.05030181086519115, 2, 0.1006036217303823, 0, 0., 0, 0., 0, 0., 0, 0., 0, 0., 0, 0., 0, 0., 2, 0.1006036217303823, 0, 0., 0, 0., 0, 0., 0, 0., 0, 0., 0, 0., 0, 0., 0, 0., 0, 0., 1560, 78.47082494969818, 141, 7.092555331991952, 0, 0., 4, 0.2012072434607646, 0, 0., 0, 0., 0, 0., 400, 1908, 2308, 1988, 0.8613518197573656
, generated\gt\sample_000460.krn, generated\xml_homr\sample_000460.xml, 0, 0., 240, 18.099547511312217, 2, 0.15082956259426847, 16, 1.2066365007541477, 0, 0., 0, 0., 4, 0.30165912518853694, 0, 0., 0, 0., 4, 0.30165912518853694, 0, 0., 1, 0.07541478129713423, 0, 0., 3, 0.22624434389140272, 4, 0.30165912518853694, 0, 0., 0, 0., 0, 0., 0, 0., 0, 0., 0, 0., 0, 0., 9, 0.6787330316742082, 0, 0., 0, 0., 0, 0., 0, 0., 0, 0., 0, 0., 0, 0., 0, 0., 0, 0., 892, 67.26998491704374, 147, 11.085972850678733, 0, 0., 4, 0.30165912518853694, 0, 0., 0, 0., 0, 0., 371, 1168, 1539, 1326, 0.8615984405458089
, generated\gt\sample_000150.krn, generated\xml_homr\sample_000150.xml, 0, 0., 224, 12.200435729847495, 0, 0., 48, 2.6143790849673203, 0, 0., 0, 0., 3, 0.16339869281045752, 0, 0., 0, 0., 0, 0., 0, 0., 0, 0., 0, 0., 1, 0.054466230936819175, 2, 0.10893246187363835, 0, 0., 0, 0., 0, 0., 0, 0., 0, 0., 0, 0., 0, 0., 0, 0., 0, 0., 0, 0., 0, 0., 0, 0., 0, 0., 0, 0., 0, 0., 0, 0., 0, 0., 1369, 74.56427015250544, 185, 10.076252723311546, 0, 0., 4, 0.2178649237472767, 0, 0., 0, 0., 0, 0., 389, 1741, 2130, 1836, 0.8619718309859155
, generated\gt\sample_000287.krn, generated\xml_homr\sample_000287.xml, 0, 0., 0, 0., 0, 0., 12, 0.9309542280837859, 0, 0., 0, 0., 0, 0., 0, 0., 0, 0., 1, 0.07757951900698215, 0, 0., 0, 0., 0, 0., 0, 0., 0, 0., 0, 0., 0, 0., 0, 0., 0, 0., 0, 0., 0, 0., 0, 0., 3, 0.23273855702094648, 0, 0., 0, 0., 0, 0., 0, 0., 0, 0., 0, 0., 0, 0., 0, 0., 0, 0., 1273, 98.75872769588828, 0, 0., 0, 0., 0, 0., 0, 0., 0, 0., 0, 0., 113, 1382, 1495, 1289, 0.8622073578595317
, generated\gt\sample_000318.krn, generated\xml_homr\sample_000318.xml, 0, 0., 0, 0., 0, 0., 61, 3.2937365010799136, 0, 0., 0, 0., 4, 0.2159827213822894, 0, 0., 0, 0., 1, 0.05399568034557235, 0, 0., 0, 0., 0, 0., 0, 0., 3, 0.16198704103671707, 0, 0., 0, 0., 0, 0., 0, 0., 0, 0., 0, 0., 0, 0., 8, 0.4319654427645788, 0, 0., 0, 0., 0, 0., 0, 0., 0, 0., 0, 0., 0, 0., 0, 0., 0, 0., 1775, 95.84233261339092, 0, 0., 0, 0., 0, 0., 0, 0., 0, 0., 0, 0., 192, 1955, 2147, 1852, 0.8625989753143922
, generated\gt\sample_000598.krn, generated\xml_homr\sample_000598.xml, 0, 0., 294, 15.874730021598273, 0, 0., 96, 5.183585313174946, 0, 0., 0, 0., 1, 0.05399568034557235, 0, 0., 0, 0., 1, 0.05399568034557235, 0, 0., 0, 0., 0, 0., 0, 0., 2, 0.1079913606911447, 0, 0., 0, 0., 0, 0., 0, 0., 0, 0., 0, 0., 0, 0., 0, 0., 0, 0., 0, 0., 0, 0., 0, 0., 0, 0., 0, 0., 0, 0., 0, 0., 0, 0., 1334, 72.03023758099351, 120, 6.479481641468682, 0, 0., 4, 0.2159827213822894, 0, 0., 0, 0., 0, 0., 420, 1727, 2147, 1852, 0.8625989753143922
, generated\gt\sample_000003.krn, generated\xml_homr\sample_000003.xml, 0, 0., 0, 0., 0, 0., 74, 3.2048505846686877, 0, 0., 0, 0., 0, 0., 0, 0., 6, 0.25985275010827197, 0, 0., 0, 0., 0, 0., 0, 0., 0, 0., 0, 0., 0, 0., 0, 0., 0, 0., 0, 0., 0, 0., 0, 0., 0, 0., 9, 0.389779125162408, 0, 0., 0, 0., 0, 0., 0, 0., 0, 0., 0, 0., 0, 0., 0, 0., 0, 0., 2220, 96.14551754006064, 0, 0., 0, 0., 0, 0., 0, 0., 0, 0., 0, 0., 232, 2444, 2676, 2309, 0.8628550074738416
, generated\gt\sample_000234.krn, generated\xml_homr\sample_000234.xml, 0, 0., 44, 3.9568345323741005, 2, 0.17985611510791366, 24, 2.158273381294964, 1, 0.08992805755395683, 0, 0., 8, 0.7194244604316546, 0, 0., 0, 0., 2, 0.17985611510791366, 0, 0., 1, 0.08992805755395683, 0, 0., 1, 0.08992805755395683, 2, 0.17985611510791366, 0, 0., 0, 0., 0, 0., 0, 0., 0, 0., 0, 0., 0, 0., 6, 0.539568345323741, 0, 0., 0, 0., 0, 0., 0, 0., 0, 0., 0, 0., 0, 0., 0, 0., 0, 0., 966, 86.87050359712231, 51, 4.586330935251799, 0, 0., 4, 0.3597122302158273, 0, 0., 0, 0., 0, 0., 177, 1111, 1288, 1112, 0.8633540372670807
, generated\gt\sample_000398.krn, generated\xml_homr\sample_000398.xml, 0, 0., 82, 5.5858310626703, 0, 0., 66, 4.4959128065395095, 0, 0., 0, 0., 9, 0.6130790190735694, 0, 0., 0, 0., 1, 0.0681198910081744, 0, 0., 0, 0., 0, 0., 2, 0.1362397820163488, 1, 0.0681198910081744, 0, 0., 0, 0., 0, 0., 0, 0., 0, 0., 0, 0., 0, 0., 8, 0.5449591280653951, 0, 0., 0, 0., 0, 0., 0, 0., 0, 0., 0, 0., 0, 0., 0, 0., 0, 0., 1203, 81.94822888283379, 92, 6.267029972752043, 0, 0., 4, 0.2724795640326976, 0, 0., 0, 0., 0, 0., 264, 1436, 1700, 1468, 0.8635294117647059
, generated\gt\sample_000236.krn, generated\xml_homr\sample_000236.xml, 0, 0., 122, 8.431237042156186, 0, 0., 16, 1.10573600552868, 0, 0., 0, 0., 0, 0., 0, 0., 0, 0., 0, 0., 0, 0., 1, 0.0691085003455425, 0, 0., 1, 0.0691085003455425, 2, 0.138217000691085, 0, 0., 0, 0., 0, 0., 0, 0., 0, 0., 0, 0., 0, 0., 9, 0.6219765031098825, 0, 0., 0, 0., 0, 0., 0, 0., 0, 0., 0, 0., 0, 0., 0, 0., 0, 0., 1142, 78.92190739460953, 150, 10.366275051831375, 0, 0., 4, 0.27643400138217, 0, 0., 0, 0., 0, 0., 287, 1388, 1675, 1447, 0.8638805970149254
, generated\gt\sample_000041.krn, generated\xml_homr\sample_000041.xml, 0, 0., 90, 11.764705882352942, 0, 0., 6, 0.7843137254901961, 0, 0., 0, 0., 8, 1.0457516339869282, 0, 0., 0, 0., 0, 0., 0, 0., 0, 0., 0, 0., 1, 0.13071895424836602, 2, 0.26143790849673204, 2, 0.26143790849673204, 0, 0., 0, 0., 0, 0., 0, 0., 0, 0., 0, 0., 0, 0., 0, 0., 0, 0., 0, 0., 0, 0., 0, 0., 0, 0., 0, 0., 0, 0., 0, 0., 553, 72.2875816993464, 99, 12.941176470588236, 0, 0., 4, 0.5228758169934641, 0, 0., 0, 0., 0, 0., 182, 703, 885, 765, 0.864406779661017
, generated\gt\sample_000512.krn, generated\xml_homr\sample_000512.xml, 0, 0., 278, 19.17241379310345, 2, 0.13793103448275862, 37, 2.5517241379310347, 0, 0., 0, 0., 0, 0., 0, 0., 0, 0., 1, 0.06896551724137931, 0, 0., 0, 0., 0, 0., 3, 0.20689655172413793, 0, 0., 0, 0., 0, 0., 0, 0., 0, 0., 0, 0., 0, 0., 0, 0., 6, 0.41379310344827586, 0, 0., 0, 0., 0, 0., 0, 0., 0, 0., 0, 0., 0, 0., 0, 0., 0, 0., 959, 66.13793103448276, 160, 11.03448275862069, 0, 0., 4, 0.27586206896551724, 0, 0., 0, 0., 0, 0., 387, 1290, 1677, 1450, 0.86463923673226
, generated\gt\sample_000337.krn, generated\xml_homr\sample_000337.xml, 0, 0., 101, 6.67107001321004, 0, 0., 53, 3.500660501981506, 0, 0., 0, 0., 0, 0., 0, 0., 3, 0.19815059445178335, 3, 0.19815059445178335, 0, 0., 1, 0.06605019815059446, 0, 0., 1, 0.06605019815059446, 2, 0.13210039630118892, 0, 0., 0, 0., 0, 0., 0, 0., 0, 0., 0, 0., 0, 0., 8, 0.5284015852047557, 0, 0., 2, 0.13210039630118892, 0, 0., 0, 0., 0, 0., 0, 0., 0, 0., 0, 0., 0, 0., 1287, 85.00660501981505, 49, 3.2364597093791283, 0, 0., 4, 0.26420079260237783, 0, 0., 0, 0., 0, 0., 243, 1508, 1751, 1514, 0.8646487721302113
, generated\gt\sample_000131.krn, generated\xml_homr\sample_000131.xml, 0, 0., 0, 0., 0, 0., 88, 4.021937842778794, 0, 0., 0, 0., 0, 0., 0, 0., 0, 0., 0, 0., 0, 0., 2, 0.09140767824497258, 0, 0., 0, 0., 3, 0.13711151736745886, 1, 0.04570383912248629, 0, 0., 0, 0., 0, 0., 0, 0., 0, 0., 0, 0., 8, 0.3656307129798903, 0, 0., 0, 0., 0, 0., 0, 0., 0, 0., 0, 0., 0, 0., 0, 0., 0, 0., 2086, 95.3382084095064, 0, 0., 0, 0., 0, 0., 0, 0., 0, 0., 0, 0., 227, 2303, 2530, 2188, 0.8648221343873518
, generated\gt\sample_000121.krn, generated\xml_homr\sample_000121.xml, 0, 0., 238, 53.6036036036036, 0, 0., 15, 3.3783783783783785, 0, 0., 0, 0., 2, 0.45045045045045046, 0, 0., 0, 0., 0, 0., 0, 0., 0, 0., 0, 0., 2, 0.45045045045045046, 3, 0.6756756756756757, 0, 0., 0, 0., 0, 0., 0, 0., 0, 0., 0, 0., 0, 0., 1, 0.22522522522522523, 0, 0., 0, 0., 0, 0., 0, 0., 0, 0., 0, 0., 0, 0., 0, 0., 0, 0., 120, 27.027027027027028, 59, 13.288288288288289, 0, 0., 4, 0.9009009009009009, 0, 0., 0, 0., 0, 0., 203, 310, 513, 444, 0.8654970760233918
, generated\gt\sample_000115.krn, generated\xml_homr\sample_000115.xml, 0, 0., 167, 10.41796631316282, 2, 0.12476606363069245, 35, 2.183406113537118, 1, 0.06238303181534623, 0, 0., 0, 0., 0, 0., 0, 0., 0, 0., 2, 0.12476606363069245, 0, 0., 0, 0., 3, 0.18714909544603867, 2, 0.12476606363069245, 0, 0., 0, 0., 0, 0., 0, 0., 0, 0., 0, 0., 0, 0., 0, 0., 0, 0., 0, 0., 0, 0., 0, 0., 0, 0., 0, 0., 0, 0., 0, 0., 0, 0., 1284, 80.09981285090456, 103, 6.4254522769806615, 0, 0., 4, 0.2495321272613849, 0, 0., 0, 0., 0, 0., 278, 1574, 1852, 1603, 0.8655507559395248
, generated\gt\sample_000020.krn, generated\xml_homr\sample_000020.xml, 0, 0., 0, 0., 0, 0., 46, 2.3970818134445024, 0, 0., 0, 0., 0, 0., 0, 0., 0, 0., 0, 0., 1, 0.05211047420531527, 0, 0., 0, 0., 0, 0., 0, 0., 4, 0.20844189682126107, 0, 0., 2, 0.10422094841063054, 0, 0., 0, 0., 0, 0., 0, 0., 3, 0.1563314226159458, 0, 0., 0, 0., 0, 0., 0, 0., 0, 0., 0, 0., 0, 0., 0, 0., 0, 0., 1863, 97.08181344450234, 0, 0., 0, 0., 0, 0., 0, 0., 0, 0., 0, 0., 178, 2039, 2217, 1919, 0.8655841226883175
, generated\gt\sample_000108.krn, generated\xml_homr\sample_000108.xml, 0, 0., 68, 5.959684487291849, 0, 0., 43, 3.768624014022787, 0, 0., 0, 0., 14, 1.2269938650306749, 0, 0., 0, 0., 0, 0., 4, 0.35056967572305, 4, 0.35056967572305, 0, 0., 1, 0.0876424189307625, 2, 0.175284837861525, 0, 0., 0, 0., 0, 0., 0, 0., 0, 0., 0, 0., 0, 0., 3, 0.26292725679228746, 0, 0., 0, 0., 0, 0., 0, 0., 0, 0., 0, 0., 0, 0., 0, 0., 0, 0., 899, 78.79053461875547, 99, 8.676599474145487, 0, 0., 4, 0.35056967572305, 0, 0., 0, 0., 0, 0., 236, 1082, 1318, 1141, 0.8657056145675266
, generated\gt\sample_000067.krn, generated\xml_homr\sample_000067.xml, 0, 0., 69, 4.59387483355526, 4, 0.2663115845539281, 48, 3.195739014647137, 0, 0., 0, 0., 3, 0.19973368841544606, 0, 0., 0, 0., 0, 0., 9, 0.5992010652463382, 0, 0., 0, 0., 1, 0.06657789613848203, 0, 0., 0, 0., 0, 0., 0, 0., 0, 0., 0, 0., 0, 0., 0, 0., 2, 0.13315579227696406, 0, 0., 0, 0., 0, 0., 0, 0., 0, 0., 0, 0., 0, 0., 0, 0., 0, 0., 1329, 88.48202396804261, 33, 2.1970705725699067, 0, 0., 4, 0.2663115845539281, 0, 0., 0, 0., 0, 0., 209, 1526, 1735, 1502, 0.8657060518731988
, generated\gt\sample_000608.krn, generated\xml_homr\sample_000608.xml, 0, 0., 128, 6.990715456034954, 0, 0., 58, 3.1676679410158384, 0, 0., 0, 0., 8, 0.4369197160021846, 0, 0., 0, 0., 9, 0.4915346805024577, 0, 0., 0, 0., 0, 0., 1, 0.054614964500273075, 2, 0.10922992900054615, 0, 0., 0, 0., 0, 0., 0, 0., 0, 0., 0, 0., 0, 0., 3, 0.1638448935008192, 0, 0., 0, 0., 0, 0., 0, 0., 0, 0., 0, 0., 0, 0., 0, 0., 0, 0., 1501, 81.97706171490988, 117, 6.38995084653195, 0, 0., 4, 0.2184598580010923, 0, 0., 0, 0., 0, 0., 327, 1788, 2115, 1831, 0.8657210401891253
, generated\gt\sample_000138.krn, generated\xml_homr\sample_000138.xml, 0, 0., 190, 20.74235807860262, 6, 0.6550218340611353, 0, 0., 2, 0.2183406113537118, 0, 0., 0, 0., 0, 0., 0, 0., 0, 0., 14, 1.5283842794759825, 0, 0., 0, 0., 3, 0.32751091703056767, 0, 0., 0, 0., 0, 0., 0, 0., 0, 0., 0, 0., 0, 0., 0, 0., 0, 0., 0, 0., 0, 0., 0, 0., 0, 0., 0, 0., 0, 0., 0, 0., 0, 0., 0, 0., 602, 65.72052401746726, 95, 10.37117903930131, 0, 0., 4, 0.4366812227074236, 0, 0., 0, 0., 0, 0., 227, 831, 1058, 916, 0.8657844990548205
, generated\gt\sample_000052.krn, generated\xml_homr\sample_000052.xml, 0, 0., 319, 22.33893557422969, 0, 0., 18, 1.2605042016806722, 1, 0.0700280112044818, 6, 0.42016806722689076, 2, 0.1400560224089636, 0, 0., 0, 0., 1, 0.0700280112044818, 3, 0.21008403361344538, 1, 0.0700280112044818, 0, 0., 3, 0.21008403361344538, 2, 0.1400560224089636, 0, 0., 0, 0., 0, 0., 0, 0., 0, 0., 0, 0., 0, 0., 8, 0.5602240896358543, 0, 0., 0, 0., 0, 0., 0, 0., 0, 0., 0, 0., 0, 0., 0, 0., 0, 0., 911, 63.79551820728291, 149, 10.434173669467787, 0, 0., 4, 0.2801120448179272, 0, 0., 0, 0., 0, 0., 380, 1269, 1649, 1428, 0.865979381443299
, generated\gt\sample_000543.krn, generated\xml_homr\sample_000543.xml, 0, 0., 28, 2.5385312783318223, 0, 0., 45, 4.0797824116047146, 0, 0., 0, 0., 0, 0., 0, 0., 0, 0., 0, 0., 4, 0.3626473254759746, 0, 0., 0, 0., 1, 0.09066183136899365, 3, 0.271985494106981, 0, 0., 0, 0., 0, 0., 0, 0., 0, 0., 0, 0., 0, 0., 1, 0.09066183136899365, 0, 0., 0, 0., 0, 0., 0, 0., 0, 0., 0, 0., 0, 0., 0, 0., 0, 0., 987, 89.48322756119674, 30, 2.7198549410698094, 0, 0., 4, 0.3626473254759746, 0, 0., 0, 0., 0, 0., 146, 1127, 1273, 1103, 0.8664571877454831
, generated\gt\sample_000145.krn, generated\xml_homr\sample_000145.xml, 0, 0., 89, 7.45393634840871, 0, 0., 41, 3.4338358458961475, 0, 0., 0, 0., 4, 0.33500837520938026, 0, 0., 0, 0., 0, 0., 0, 0., 0, 0., 0, 0., 1, 0.08375209380234507, 0, 0., 0, 0., 0, 0., 1, 0.08375209380234507, 0, 0., 0, 0., 0, 0., 0, 0., 0, 0., 0, 0., 0, 0., 0, 0., 0, 0., 0, 0., 0, 0., 0, 0., 0, 0., 0, 0., 1001, 83.8358458961474, 53, 4.438860971524288, 0, 0., 4, 0.33500837520938026, 0, 0., 0, 0., 0, 0., 193, 1185, 1378, 1194, 0.8664731494920174
, generated\gt\sample_000480.krn, generated\xml_homr\sample_000480.xml, 0, 0., 100, 7.304601899196494, 0, 0., 12, 0.8765522279035792, 0, 0., 0, 0., 0, 0., 0, 0., 0, 0., 0, 0., 0, 0., 2, 0.14609203798392986, 0, 0., 3, 0.2191380569758948, 0, 0., 0, 0., 0, 0., 0, 0., 0, 0., 0, 0., 0, 0., 0, 0., 4, 0.2921840759678597, 0, 0., 0, 0., 0, 0., 0, 0., 0, 0., 0, 0., 0, 0., 0, 0., 0, 0., 1131, 82.61504747991235, 113, 8.254200146092037, 0, 0., 4, 0.2921840759678597, 0, 0., 0, 0., 0, 0., 234, 1345, 1579, 1369, 0.8670044331855605
, generated\gt\sample_000212.krn, generated\xml_homr\sample_000212.xml, 0, 0., 2, 0.21905805038335158, 0, 0., 0, 0., 0, 0., 0, 0., 5, 0.547645125958379, 0, 0., 0, 0., 1, 0.10952902519167579, 0, 0., 0, 0., 0, 0., 0, 0., 0, 0., 0, 0., 0, 0., 0, 0., 0, 0., 0, 0., 0, 0., 0, 0., 1, 0.10952902519167579, 0, 0., 0, 0., 0, 0., 0, 0., 0, 0., 0, 0., 0, 0., 0, 0., 0, 0., 904, 99.01423877327491, 0, 0., 0, 0., 0, 0., 0, 0., 0, 0., 0, 0., 79, 974, 1053, 913, 0.8670465337132004
, generated\gt\sample_000669.krn, generated\xml_homr\sample_000669.xml, 0, 0., 114, 7.594936708860759, 0, 0., 52, 3.46435709526982, 0, 0., 0, 0., 7, 0.46635576282478347, 0, 0., 0, 0., 0, 0., 1, 0.06662225183211193, 1, 0.06662225183211193, 0, 0., 1, 0.06662225183211193, 2, 0.13324450366422386, 0, 0., 0, 0., 0, 0., 0, 0., 0, 0., 0, 0., 0, 0., 4, 0.2664890073284477, 0, 0., 0, 0., 0, 0., 0, 0., 0, 0., 0, 0., 0, 0., 0, 0., 0, 0., 1191, 79.3471019320453, 124, 8.261159227181878, 0, 0., 4, 0.2664890073284477, 0, 0., 0, 0., 0, 0., 283, 1448, 1731, 1501, 0.8671288272674754
, generated\gt\sample_000549.krn, generated\xml_homr\sample_000549.xml, 0, 0., 96, 5.103668261562999, 0, 0., 96, 5.103668261562999, 0, 0., 0, 0., 8, 0.4253056884635832, 0, 0., 0, 0., 0, 0., 0, 0., 1, 0.0531632110579479, 0, 0., 1, 0.0531632110579479, 2, 0.1063264221158958, 0, 0., 0, 0., 0, 0., 0, 0., 0, 0., 0, 0., 0, 0., 0, 0., 0, 0., 0, 0., 0, 0., 0, 0., 0, 0., 0, 0., 0, 0., 0, 0., 0, 0., 1575, 83.73205741626795, 98, 5.209994683678894, 0, 0., 4, 0.2126528442317916, 0, 0., 0, 0., 0, 0., 304, 1865, 2169, 1881, 0.8672199170124482
, generated\gt\sample_000333.krn, generated\xml_homr\sample_000333.xml, 0, 0., 181, 11.986754966887418, 0, 0., 35, 2.3178807947019866, 0, 0., 0, 0., 1, 0.06622516556291391, 0, 0., 0, 0., 0, 0., 0, 0., 0, 0., 0, 0., 1, 0.06622516556291391, 2, 0.13245033112582782, 0, 0., 0, 0., 2, 0.13245033112582782, 0, 0., 0, 0., 0, 0., 0, 0., 2, 0.13245033112582782, 0, 0., 0, 0., 0, 0., 0, 0., 0, 0., 0, 0., 0, 0., 0, 0., 0, 0., 1150, 76.15894039735099, 132, 8.741721854304636, 0, 0., 4, 0.26490066225165565, 0, 0., 0, 0., 0, 0., 312, 1429, 1741, 1510, 0.8673176335439403
, generated\gt\sample_000547.krn, generated\xml_homr\sample_000547.xml, 0, 0., 94, 4.992033988316516, 0, 0., 96, 5.098247477429633, 0, 0., 0, 0., 7, 0.37174721189591076, 0, 0., 0, 0., 0, 0., 0, 0., 0, 0., 0, 0., 4, 0.21242697822623474, 2, 0.10621348911311737, 0, 0., 0, 0., 0, 0., 0, 0., 0, 0., 0, 0., 0, 0., 0, 0., 0, 0., 0, 0., 0, 0., 0, 0., 0, 0., 0, 0., 0, 0., 0, 0., 0, 0., 1574, 83.59001593202336, 102, 5.416887944768986, 0, 0., 4, 0.21242697822623474, 0, 0., 0, 0., 0, 0., 307, 1864, 2171, 1883, 0.8673422385997236
, generated\gt\sample_000400.krn, generated\xml_homr\sample_000400.xml, 0, 0., 76, 7.592407592407592, 0, 0., 18, 1.7982017982017982, 0, 0., 0, 0., 7, 0.6993006993006993, 0, 0., 0, 0., 0, 0., 1, 0.0999000999000999, 0, 0., 0, 0., 1, 0.0999000999000999, 0, 0., 0, 0., 0, 0., 2, 0.1998001998001998, 0, 0., 0, 0., 0, 0., 0, 0., 3, 0.2997002997002997, 0, 0., 0, 0., 0, 0., 0, 0., 0, 0., 0, 0., 0, 0., 0, 0., 0, 0., 798, 79.72027972027972, 91, 9.090909090909092, 0, 0., 4, 0.3996003996003996, 0, 0., 0, 0., 0, 0., 192, 962, 1154, 1001, 0.8674176776429809
, generated\gt\sample_000100.krn, generated\xml_homr\sample_000100.xml, 0, 0., 74, 4.7103755569700825, 0, 0., 34, 2.1642266072565244, 0, 0., 0, 0., 23, 1.464035646085296, 0, 0., 0, 0., 0, 0., 2, 0.1273074474856779, 2, 0.1273074474856779, 0, 0., 2, 0.1273074474856779, 2, 0.1273074474856779, 0, 0., 0, 0., 0, 0., 0, 0., 0, 0., 0, 0., 0, 0., 5, 0.31826861871419476, 0, 0., 0, 0., 0, 0., 0, 0., 0, 0., 0, 0., 0, 0., 0, 0., 0, 0., 1345, 85.6142584341184, 78, 4.964990451941438, 0, 0., 4, 0.2546148949713558, 0, 0., 0, 0., 0, 0., 263, 1548, 1811, 1571, 0.8674765323025952
, generated\gt\sample_000049.krn, generated\xml_homr\sample_000049.xml, 0, 0., 231, 15.942028985507246, 2, 0.13802622498274672, 23, 1.5873015873015872, 0, 0., 0, 0., 6, 0.4140786749482402, 0, 0., 0, 0., 2, 0.13802622498274672, 4, 0.27605244996549344, 0, 0., 0, 0., 3, 0.2070393374741201, 2, 0.13802622498274672, 0, 0., 0, 0., 0, 0., 0, 0., 0, 0., 0, 0., 0, 0., 5, 0.3450655624568668, 0, 0., 0, 0., 0, 0., 0, 0., 0, 0., 0, 0., 0, 0., 0, 0., 0, 0., 984, 67.90890269151139, 183, 12.629399585921325, 0, 0., 4, 0.27605244996549344, 0, 0., 0, 0., 0, 0., 387, 1283, 1670, 1449, 0.8676646706586826
, generated\gt\sample_000569.krn, generated\xml_homr\sample_000569.xml, 0, 0., 136, 9.869375907111756, 0, 0., 48, 3.483309143686502, 0, 0., 0, 0., 4, 0.29027576197387517, 0, 0., 0, 0., 3, 0.21770682148040638, 1, 0.07256894049346879, 0, 0., 0, 0., 1, 0.07256894049346879, 2, 0.14513788098693758, 0, 0., 0, 0., 2, 0.14513788098693758, 0, 0., 0, 0., 0, 0., 0, 0., 0, 0., 0, 0., 0, 0., 0, 0., 0, 0., 0, 0., 0, 0., 0, 0., 0, 0., 0, 0., 1032, 74.89114658925979, 145, 10.522496371552975, 0, 0., 4, 0.29027576197387517, 0, 0., 0, 0., 0, 0., 297, 1291, 1588, 1378, 0.8677581863979849
, generated\gt\sample_000452.krn, generated\xml_homr\sample_000452.xml, 0, 0., 112, 5.904059040590406, 0, 0., 91, 4.797047970479705, 0, 0., 0, 0., 7, 0.36900369003690037, 0, 0., 0, 0., 9, 0.47443331576172904, 0, 0., 0, 0., 0, 0., 1, 0.05271481286241434, 2, 0.10542962572482868, 0, 0., 0, 0., 0, 0., 0, 0., 0, 0., 0, 0., 0, 0., 0, 0., 0, 0., 0, 0., 0, 0., 0, 0., 0, 0., 0, 0., 0, 0., 0, 0., 0, 0., 1564, 82.44596731681602, 107, 5.6404849762783345, 0, 0., 4, 0.21085925144965736, 0, 0., 0, 0., 0, 0., 319, 1867, 2186, 1897, 0.8677950594693504
, generated\gt\sample_000040.krn, generated\xml_homr\sample_000040.xml, 0, 0., 98, 11.995104039167687, 0, 0., 12, 1.4687882496940023, 0, 0., 0, 0., 3, 0.3671970624235006, 0, 0., 0, 0., 0, 0., 0, 0., 0, 0., 0, 0., 1, 0.12239902080783353, 2, 0.24479804161566707, 2, 0.24479804161566707, 0, 0., 0, 0., 0, 0., 0, 0., 0, 0., 0, 0., 2, 0.24479804161566707, 0, 0., 0, 0., 0, 0., 0, 0., 0, 0., 0, 0., 0, 0., 0, 0., 0, 0., 593, 72.5826193390453, 100, 12.239902080783354, 0, 0., 4, 0.48959608323133413, 0, 0., 0, 0., 0, 0., 194, 747, 941, 817, 0.8682252922422954
, generated\gt\sample_000304.krn, generated\xml_homr\sample_000304.xml, 0, 0., 82, 4.231166150670795, 0, 0., 96, 4.953560371517028, 0, 0., 0, 0., 2, 0.10319917440660474, 0, 0., 0, 0., 0, 0., 0, 0., 0, 0., 0, 0., 3, 0.15479876160990713, 2, 0.10319917440660474, 0, 0., 0, 0., 0, 0., 0, 0., 0, 0., 0, 0., 0, 0., 0, 0., 0, 0., 0, 0., 0, 0., 0, 0., 0, 0., 0, 0., 0, 0., 0, 0., 0, 0., 1655, 85.39731682146542, 94, 4.8503611971104235, 0, 0., 4, 0.20639834881320948, 0, 0., 0, 0., 0, 0., 297, 1935, 2232, 1938, 0.8682795698924731
, generated\gt\sample_000667.krn, generated\xml_homr\sample_000667.xml, 0, 0., 176, 15.506607929515418, 0, 0., 0, 0., 0, 0., 0, 0., 0, 0., 0, 0., 0, 0., 0, 0., 1, 0.0881057268722467, 0, 0., 0, 0., 0, 0., 2, 0.1762114537444934, 0, 0., 0, 0., 0, 0., 0, 0., 0, 0., 0, 0., 0, 0., 0, 0., 0, 0., 0, 0., 0, 0., 0, 0., 0, 0., 0, 0., 0, 0., 0, 0., 0, 0., 875, 77.09251101321586, 77, 6.784140969162996, 0, 0., 4, 0.3524229074889868, 0, 0., 0, 0., 0, 0., 221, 1086, 1307, 1135, 0.8684009181331293
, generated\gt\sample_000284.krn, generated\xml_homr\sample_000284.xml, 0, 0., 132, 12.778315585672798, 0, 0., 6, 0.5808325266214908, 0, 0., 0, 0., 5, 0.484027105517909, 0, 0., 0, 0., 0, 0., 4, 0.3872216844143272, 0, 0., 0, 0., 0, 0., 1, 0.0968054211035818, 0, 0., 0, 0., 0, 0., 0, 0., 0, 0., 0, 0., 0, 0., 6, 0.5808325266214908, 0, 0., 0, 0., 0, 0., 0, 0., 0, 0., 0, 0., 0, 0., 0, 0., 0, 0., 796, 77.05711519845111, 79, 7.647628267182962, 0, 0., 4, 0.3872216844143272, 0, 0., 0, 0., 0, 0., 212, 977, 1189, 1033, 0.8687973086627419
, generated\gt\sample_000463.krn, generated\xml_homr\sample_000463.xml, 0, 0., 456, 23.300970873786408, 0, 0., 42, 2.1461420541645375, 0, 0., 0, 0., 4, 0.20439448134900357, 0, 0., 0, 0., 3, 0.1532958610117527, 0, 0., 0, 0., 0, 0., 1, 0.05109862033725089, 4, 0.20439448134900357, 2, 0.10219724067450178, 0, 0., 0, 0., 0, 0., 0, 0., 0, 0., 0, 0., 13, 0.6642820643842616, 0, 0., 0, 0., 0, 0., 0, 0., 0, 0., 0, 0., 0, 0., 0, 0., 0, 0., 1219, 62.28921819110884, 209, 10.679611650485437, 0, 0., 4, 0.20439448134900357, 0, 0., 0, 0., 0, 0., 492, 1759, 2251, 1957, 0.8693913816081742
, generated\gt\sample_000346.krn, generated\xml_homr\sample_000346.xml, 0, 0., 0, 0., 0, 0., 93, 4.022491349480969, 0, 0., 0, 0., 2, 0.08650519031141868, 0, 0., 0, 0., 0, 0., 0, 0., 1, 0.04325259515570934, 0, 0., 0, 0., 0, 0., 0, 0., 0, 0., 0, 0., 0, 0., 0, 0., 0, 0., 0, 0., 12, 0.5190311418685121, 0, 0., 0, 0., 0, 0., 0, 0., 0, 0., 0, 0., 0, 0., 0, 0., 0, 0., 2204, 95.3287197231834, 0, 0., 0, 0., 0, 0., 0, 0., 0, 0., 0, 0., 234, 2425, 2659, 2312, 0.8694998119593832
, generated\gt\sample_000139.krn, generated\xml_homr\sample_000139.xml, 0, 0., 224, 18.451400329489292, 8, 0.6589785831960461, 1, 0.08237232289950576, 2, 0.16474464579901152, 0, 0., 2, 0.16474464579901152, 0, 0., 0, 0., 0, 0., 11, 0.9060955518945635, 0, 0., 0, 0., 1, 0.08237232289950576, 6, 0.4942339373970346, 1, 0.08237232289950576, 0, 0., 6, 0.4942339373970346, 0, 0., 0, 0., 0, 0., 0, 0., 0, 0., 0, 0., 0, 0., 0, 0., 0, 0., 0, 0., 0, 0., 0, 0., 0, 0., 0, 0., 796, 65.56836902800659, 152, 12.520593080724877, 0, 0., 4, 0.32948929159802304, 0, 0., 0, 0., 0, 0., 299, 1097, 1396, 1214, 0.8696275071633238
, generated\gt\sample_000609.krn, generated\xml_homr\sample_000609.xml, 0, 0., 79, 13.932980599647266, 0, 0., 11, 1.9400352733686066, 0, 0., 2, 0.3527336860670194, 4, 0.7054673721340388, 0, 0., 0, 0., 2, 0.3527336860670194, 1, 0.1763668430335097, 2, 0.3527336860670194, 0, 0., 1, 0.1763668430335097, 0, 0., 0, 0., 0, 0., 0, 0., 0, 0., 0, 0., 0, 0., 0, 0., 0, 0., 0, 0., 0, 0., 0, 0., 0, 0., 0, 0., 0, 0., 0, 0., 0, 0., 0, 0., 392, 69.1358024691358, 69, 12.16931216931217, 0, 0., 4, 0.7054673721340388, 0, 0., 0, 0., 0, 0., 138, 514, 652, 567, 0.8696319018404908
, generated\gt\sample_000556.krn, generated\xml_homr\sample_000556.xml, 0, 0., 0, 0., 0, 0., 40, 1.9950124688279303, 0, 0., 0, 0., 1, 0.04987531172069826, 0, 0., 0, 0., 0, 0., 0, 0., 0, 0., 0, 0., 0, 0., 0, 0., 0, 0., 0, 0., 0, 0., 0, 0., 0, 0., 0, 0., 0, 0., 5, 0.24937655860349128, 0, 0., 0, 0., 0, 0., 0, 0., 0, 0., 0, 0., 0, 0., 0, 0., 0, 0., 1959, 97.70573566084788, 0, 0., 0, 0., 0, 0., 0, 0., 0, 0., 0, 0., 176, 2129, 2305, 2005, 0.8698481561822126
, generated\gt\sample_000428.krn, generated\xml_homr\sample_000428.xml, 0, 0., 0, 0., 0, 0., 60, 2.876318312559923, 0, 0., 0, 0., 1, 0.04793863854266539, 0, 0., 0, 0., 0, 0., 0, 0., 0, 0., 0, 0., 0, 0., 0, 0., 0, 0., 0, 0., 0, 0., 0, 0., 0, 0., 0, 0., 0, 0., 14, 0.6711409395973155, 0, 0., 0, 0., 0, 0., 0, 0., 0, 0., 0, 0., 0, 0., 0, 0., 0, 0., 2011, 96.4046021093001, 0, 0., 0, 0., 0, 0., 0, 0., 0, 0., 0, 0., 201, 2197, 2398, 2086, 0.8698915763135947
, generated\gt\sample_000473.krn, generated\xml_homr\sample_000473.xml, 0, 0., 104, 7.3342736248236955, 0, 0., 52, 3.6671368124118477, 0, 0., 0, 0., 0, 0., 0, 0., 0, 0., 4, 0.2820874471086037, 0, 0., 0, 0., 0, 0., 1, 0.07052186177715092, 2, 0.14104372355430184, 0, 0., 0, 0., 2, 0.14104372355430184, 0, 0., 0, 0., 0, 0., 0, 0., 0, 0., 0, 0., 0, 0., 0, 0., 0, 0., 0, 0., 0, 0., 0, 0., 0, 0., 0, 0., 1137, 80.18335684062059, 112, 7.898448519040903, 0, 0., 4, 0.2820874471086037, 0, 0., 0, 0., 0, 0., 256, 1374, 1630, 1418, 0.8699386503067484
, generated\gt\sample_000123.krn, generated\xml_homr\sample_000123.xml, 0, 0., 52, 4.980842911877395, 0, 0., 10, 0.9578544061302682, 0, 0., 0, 0., 11, 1.053639846743295, 0, 0., 0, 0., 4, 0.3831417624521073, 1, 0.09578544061302682, 1, 0.09578544061302682, 0, 0., 1, 0.09578544061302682, 2, 0.19157088122605365, 0, 0., 0, 0., 0, 0., 0, 0., 0, 0., 0, 0., 0, 0., 0, 0., 0, 0., 0, 0., 0, 0., 0, 0., 0, 0., 0, 0., 0, 0., 0, 0., 0, 0., 885, 84.77011494252874, 73, 6.992337164750958, 0, 0., 4, 0.3831417624521073, 0, 0., 0, 0., 0, 0., 177, 1023, 1200, 1044, 0.87
, generated\gt\sample_000267.krn, generated\xml_homr\sample_000267.xml, 0, 0., 107, 13.308457711442786, 0, 0., 6, 0.746268656716418, 0, 0., 0, 0., 0, 0., 0, 0., 0, 0., 0, 0., 0, 0., 0, 0., 0, 0., 1, 0.12437810945273632, 0, 0., 0, 0., 0, 0., 0, 0., 0, 0., 0, 0., 0, 0., 0, 0., 6, 0.746268656716418, 0, 0., 0, 0., 0, 0., 0, 0., 0, 0., 0, 0., 0, 0., 0, 0., 0, 0., 590, 73.38308457711443, 90, 11.194029850746269, 0, 0., 4, 0.4975124378109453, 0, 0., 0, 0., 0, 0., 178, 746, 924, 804, 0.8701298701298701
, generated\gt\sample_000571.krn, generated\xml_homr\sample_000571.xml, 0, 0., 108, 6.474820143884892, 0, 0., 68, 4.07673860911271, 0, 0., 0, 0., 2, 0.11990407673860912, 0, 0., 0, 0., 6, 0.3597122302158273, 0, 0., 0, 0., 0, 0., 1, 0.05995203836930456, 2, 0.11990407673860912, 0, 0., 0, 0., 0, 0., 0, 0., 0, 0., 0, 0., 0, 0., 1, 0.05995203836930456, 0, 0., 0, 0., 0, 0., 0, 0., 0, 0., 0, 0., 0, 0., 0, 0., 0, 0., 1355, 81.23501199040767, 121, 7.2541966426858515, 0, 0., 4, 0.23980815347721823, 0, 0., 0, 0., 0, 0., 294, 1622, 1916, 1668, 0.8705636743215032
, generated\gt\sample_000515.krn, generated\xml_homr\sample_000515.xml, 0, 0., 215, 16.21417797888386, 0, 0., 32, 2.4132730015082955, 0, 0., 0, 0., 0, 0., 0, 0., 0, 0., 0, 0., 0, 0., 1, 0.07541478129713423, 0, 0., 3, 0.22624434389140272, 4, 0.30165912518853694, 0, 0., 0, 0., 0, 0., 0, 0., 0, 0., 0, 0., 0, 0., 5, 0.3770739064856712, 0, 0., 0, 0., 0, 0., 0, 0., 0, 0., 0, 0., 0, 0., 0, 0., 0, 0., 896, 67.57164404223228, 166, 12.518853695324283, 0, 0., 4, 0.30165912518853694, 0, 0., 0, 0., 0, 0., 366, 1157, 1523, 1326, 0.8706500328299409
, generated\gt\sample_000361.krn, generated\xml_homr\sample_000361.xml, 0, 0., 128, 5.122048819527811, 0, 0., 114, 4.561824729891957, 0, 0., 0, 0., 5, 0.2000800320128051, 0, 0., 0, 0., 0, 0., 1, 0.040016006402561026, 0, 0., 0, 0., 3, 0.12004801920768307, 2, 0.08003201280512205, 0, 0., 0, 0., 0, 0., 0, 0., 0, 0., 0, 0., 0, 0., 3, 0.12004801920768307, 0, 0., 0, 0., 0, 0., 0, 0., 0, 0., 0, 0., 0, 0., 0, 0., 0, 0., 2099, 83.99359743897558, 140, 5.602240896358543, 0, 0., 4, 0.1600640256102441, 0, 0., 0, 0., 0, 0., 398, 2472, 2870, 2499, 0.8707317073170732
, generated\gt\sample_000314.krn, generated\xml_homr\sample_000314.xml, 0, 0., 49, 4.156064461407973, 0, 0., 15, 1.272264631043257, 0, 0., 0, 0., 7, 0.5937234944868532, 0, 0., 0, 0., 0, 0., 4, 0.33927056827820185, 3, 0.2544529262086514, 0, 0., 1, 0.08481764206955046, 0, 0., 0, 0., 0, 0., 0, 0., 0, 0., 0, 0., 0, 0., 0, 0., 3, 0.2544529262086514, 0, 0., 0, 0., 0, 0., 0, 0., 0, 0., 0, 0., 0, 0., 0, 0., 0, 0., 1028, 87.19253604749788, 65, 5.51314673452078, 0, 0., 4, 0.33927056827820185, 0, 0., 0, 0., 0, 0., 177, 1177, 1354, 1179, 0.8707533234859675
, generated\gt\sample_000358.krn, generated\xml_homr\sample_000358.xml, 0, 0., 128, 6.256109481915933, 0, 0., 70, 3.421309872922776, 0, 0., 4, 0.19550342130987292, 0, 0., 0, 0., 3, 0.1466275659824047, 0, 0., 0, 0., 0, 0., 0, 0., 1, 0.04887585532746823, 0, 0., 0, 0., 0, 0., 0, 0., 0, 0., 0, 0., 0, 0., 0, 0., 3, 0.1466275659824047, 0, 0., 0, 0., 0, 0., 0, 0., 0, 0., 0, 0., 0, 0., 0, 0., 0, 0., 1778, 86.90127077223852, 55, 2.6881720430107525, 0, 0., 4, 0.19550342130987292, 0, 0., 0, 0., 0, 0., 298, 2051, 2349, 2046, 0.8710089399744572
, generated\gt\sample_000028.krn, generated\xml_homr\sample_000028.xml, 0, 0., 80, 9.864364981504316, 0, 0., 17, 2.096177558569667, 0, 0., 0, 0., 2, 0.2466091245376079, 0, 0., 0, 0., 0, 0., 0, 0., 1, 0.12330456226880394, 0, 0., 1, 0.12330456226880394, 1, 0.12330456226880394, 0, 0., 0, 0., 0, 0., 0, 0., 0, 0., 0, 0., 0, 0., 2, 0.2466091245376079, 0, 0., 0, 0., 0, 0., 0, 0., 0, 0., 0, 0., 0, 0., 0, 0., 0, 0., 653, 80.51787916152898, 50, 6.165228113440198, 0, 0., 4, 0.4932182490752158, 0, 0., 0, 0., 0, 0., 148, 783, 931, 811, 0.8711063372717508
, generated\gt\sample_000122.krn, generated\xml_homr\sample_000122.xml, 0, 0., 37, 3.648915187376726, 2, 0.19723865877712032, 11, 1.0848126232741617, 0, 0., 0, 0., 3, 0.2958579881656805, 0, 0., 0, 0., 0, 0., 0, 0., 1, 0.09861932938856016, 0, 0., 1, 0.09861932938856016, 0, 0., 0, 0., 0, 0., 0, 0., 0, 0., 0, 0., 0, 0., 0, 0., 2, 0.19723865877712032, 0, 0., 0, 0., 0, 0., 0, 0., 0, 0., 0, 0., 0, 0., 0, 0., 0, 0., 901, 88.8560157790927, 52, 5.128205128205129, 0, 0., 4, 0.39447731755424065, 0, 0., 0, 0., 0, 0., 143, 1021, 1164, 1014, 0.8711340206185567
, generated\gt\sample_000532.krn, generated\xml_homr\sample_000532.xml, 0, 0., 339, 24.944812362030905, 0, 0., 4, 0.29433406916850624, 0, 0., 2, 0.14716703458425312, 3, 0.22075055187637968, 0, 0., 0, 0., 0, 0., 1, 0.07358351729212656, 0, 0., 0, 0., 2, 0.14716703458425312, 4, 0.29433406916850624, 1, 0.07358351729212656, 0, 0., 0, 0., 0, 0., 0, 0., 0, 0., 0, 0., 0, 0., 0, 0., 0, 0., 0, 0., 0, 0., 0, 0., 0, 0., 0, 0., 0, 0., 0, 0., 892, 65.63649742457689, 107, 7.873436350257542, 0, 0., 4, 0.29433406916850624, 0, 0., 0, 0., 0, 0., 253, 1306, 1559, 1359, 0.8717126363053239
, generated\gt\sample_000259.krn, generated\xml_homr\sample_000259.xml, 0, 0., 0, 0., 0, 0., 58, 2.9426686960933535, 0, 0., 0, 0., 1, 0.050735667174023336, 0, 0., 9, 0.45662100456621, 0, 0., 0, 0., 0, 0., 0, 0., 0, 0., 0, 0., 0, 0., 0, 0., 0, 0., 0, 0., 0, 0., 0, 0., 0, 0., 5, 0.2536783358701167, 0, 0., 0, 0., 0, 0., 0, 0., 0, 0., 0, 0., 0, 0., 0, 0., 0, 0., 1898, 96.29629629629629, 0, 0., 0, 0., 0, 0., 0, 0., 0, 0., 0, 0., 183, 2078, 2261, 1971, 0.8717381689517912
, generated\gt\sample_000448.krn, generated\xml_homr\sample_000448.xml, 0, 0., 2, 0.097799511002445, 0, 0., 66, 3.227383863080685, 0, 0., 0, 0., 2, 0.097799511002445, 0, 0., 3, 0.1466992665036675, 0, 0., 4, 0.19559902200489, 0, 0., 0, 0., 0, 0., 3, 0.1466992665036675, 0, 0., 0, 0., 0, 0., 0, 0., 0, 0., 0, 0., 0, 0., 5, 0.24449877750611246, 0, 0., 0, 0., 0, 0., 0, 0., 0, 0., 0, 0., 0, 0., 0, 0., 0, 0., 1960, 95.84352078239608, 0, 0., 0, 0., 0, 0., 0, 0., 0, 0., 0, 0., 196, 2149, 2345, 2045, 0.8720682302771855
, generated\gt\sample_000576.krn, generated\xml_homr\sample_000576.xml, 0, 0., 0, 0., 0, 0., 3, 0.21660649819494585, 0, 0., 0, 0., 1, 0.07220216606498195, 0, 0., 0, 0., 0, 0., 0, 0., 0, 0., 0, 0., 3, 0.21660649819494585, 0, 0., 0, 0., 0, 0., 0, 0., 0, 0., 0, 0., 0, 0., 0, 0., 2, 0.1444043321299639, 0, 0., 0, 0., 0, 0., 0, 0., 0, 0., 0, 0., 0, 0., 0, 0., 0, 0., 1376, 99.35018050541517, 0, 0., 0, 0., 0, 0., 0, 0., 0, 0., 0, 0., 108, 1480, 1588, 1385, 0.8721662468513854
, generated\gt\sample_000280.krn, generated\xml_homr\sample_000280.xml, 0, 0., 88, 6.6115702479338845, 0, 0., 19, 1.4274981217129978, 0, 0., 0, 0., 7, 0.5259203606311045, 0, 0., 3, 0.22539444027047334, 0, 0., 0, 0., 0, 0., 0, 0., 1, 0.07513148009015777, 1, 0.07513148009015777, 0, 0., 0, 0., 0, 0., 0, 0., 0, 0., 0, 0., 0, 0., 8, 0.6010518407212622, 0, 0., 0, 0., 0, 0., 0, 0., 0, 0., 0, 0., 0, 0., 0, 0., 0, 0., 1108, 83.24567993989481, 92, 6.912096168294515, 0, 0., 4, 0.3005259203606311, 0, 0., 0, 0., 0, 0., 220, 1306, 1526, 1331, 0.8722149410222805
, generated\gt\sample_000157.krn, generated\xml_homr\sample_000157.xml, 0, 0., 156, 9.13884007029877, 0, 0., 80, 4.6865846514352665, 0, 0., 0, 0., 5, 0.29291154071470415, 0, 0., 0, 0., 0, 0., 0, 0., 0, 0., 0, 0., 1, 0.05858230814294083, 2, 0.11716461628588166, 0, 0., 0, 0., 0, 0., 0, 0., 0, 0., 0, 0., 0, 0., 0, 0., 0, 0., 0, 0., 0, 0., 0, 0., 0, 0., 0, 0., 0, 0., 0, 0., 0, 0., 1306, 76.50849443468073, 153, 8.963093145869948, 0, 0., 4, 0.23432923257176333, 0, 0., 0, 0., 0, 0., 329, 1628, 1957, 1707, 0.8722534491568728
, generated\gt\sample_000546.krn, generated\xml_homr\sample_000546.xml, 0, 0., 113, 7.097989949748744, 0, 0., 37, 2.3241206030150754, 0, 0., 6, 0.3768844221105528, 0, 0., 0, 0., 0, 0., 0, 0., 0, 0., 2, 0.12562814070351758, 0, 0., 1, 0.06281407035175879, 0, 0., 0, 0., 0, 0., 0, 0., 0, 0., 0, 0., 0, 0., 0, 0., 3, 0.1884422110552764, 0, 0., 0, 0., 0, 0., 0, 0., 0, 0., 0, 0., 0, 0., 0, 0., 0, 0., 1379, 86.62060301507537, 47, 2.9522613065326633, 0, 0., 4, 0.25125628140703515, 0, 0., 0, 0., 0, 0., 237, 1588, 1825, 1592, 0.8723287671232877
, generated\gt\sample_000216.krn, generated\xml_homr\sample_000216.xml, 0, 0., 105, 12.681159420289855, 0, 0., 39, 4.7101449275362315, 0, 0., 0, 0., 0, 0., 0, 0., 0, 0., 0, 0., 1, 0.12077294685990338, 0, 0., 0, 0., 1, 0.12077294685990338, 2, 0.24154589371980675, 1, 0.12077294685990338, 0, 0., 0, 0., 0, 0., 0, 0., 0, 0., 0, 0., 2, 0.24154589371980675, 0, 0., 0, 0., 0, 0., 0, 0., 0, 0., 0, 0., 0, 0., 0, 0., 0, 0., 644, 77.77777777777777, 29, 3.502415458937198, 0, 0., 4, 0.4830917874396135, 0, 0., 0, 0., 0, 0., 146, 803, 949, 828, 0.8724973656480506
, generated\gt\sample_000642.krn, generated\xml_homr\sample_000642.xml, 0, 0., 125, 8.202099737532809, 0, 0., 42, 2.7559055118110236, 0, 0., 0, 0., 5, 0.32808398950131235, 0, 0., 0, 0., 3, 0.1968503937007874, 0, 0., 2, 0.13123359580052493, 0, 0., 0, 0., 2, 0.13123359580052493, 0, 0., 0, 0., 0, 0., 0, 0., 0, 0., 0, 0., 0, 0., 1, 0.06561679790026247, 0, 0., 0, 0., 0, 0., 0, 0., 0, 0., 0, 0., 0, 0., 0, 0., 0, 0., 1213, 79.59317585301837, 127, 8.333333333333334, 0, 0., 4, 0.26246719160104987, 0, 0., 0, 0., 0, 0., 284, 1462, 1746, 1524, 0.872852233676976
, generated\gt\sample_000488.krn, generated\xml_homr\sample_000488.xml, 0, 0., 87, 10.057803468208093, 0, 0., 38, 4.393063583815029, 0, 0., 0, 0., 0, 0., 0, 0., 0, 0., 0, 0., 0, 0., 0, 0., 0, 0., 1, 0.11560693641618497, 2, 0.23121387283236994, 0, 0., 0, 0., 0, 0., 0, 0., 0, 0., 0, 0., 0, 0., 2, 0.23121387283236994, 0, 0., 0, 0., 0, 0., 0, 0., 0, 0., 0, 0., 0, 0., 0, 0., 0, 0., 675, 78.03468208092485, 56, 6.473988439306359, 0, 0., 4, 0.4624277456647399, 0, 0., 0, 0., 0, 0., 166, 825, 991, 865, 0.8728557013118062
, generated\gt\sample_000071.krn, generated\xml_homr\sample_000071.xml, 0, 0., 145, 10.146955913226032, 0, 0., 66, 4.618614415675298, 0, 0., 2, 0.13995801259622112, 4, 0.27991602519244224, 0, 0., 0, 0., 0, 0., 0, 0., 0, 0., 0, 0., 1, 0.06997900629811056, 2, 0.13995801259622112, 0, 0., 0, 0., 0, 0., 0, 0., 0, 0., 0, 0., 0, 0., 3, 0.2099370188943317, 0, 0., 0, 0., 0, 0., 0, 0., 0, 0., 0, 0., 0, 0., 0, 0., 0, 0., 1137, 79.56613016095172, 65, 4.548635409377187, 0, 0., 4, 0.27991602519244224, 0, 0., 0, 0., 0, 0., 264, 1373, 1637, 1429, 0.8729383017715333
, generated\gt\sample_000322.krn, generated\xml_homr\sample_000322.xml, 0, 0., 56, 3.2844574780058653, 0, 0., 54, 3.167155425219941, 0, 0., 0, 0., 15, 0.8797653958944281, 0, 0., 0, 0., 3, 0.17595307917888564, 0, 0., 0, 0., 0, 0., 1, 0.05865102639296188, 2, 0.11730205278592376, 0, 0., 0, 0., 0, 0., 0, 0., 0, 0., 0, 0., 0, 0., 4, 0.23460410557184752, 0, 0., 0, 0., 0, 0., 0, 0., 0, 0., 0, 0., 0, 0., 0, 0., 0, 0., 1502, 88.09384164222874, 64, 3.7536656891495603, 0, 0., 4, 0.23460410557184752, 0, 0., 0, 0., 0, 0., 243, 1710, 1953, 1705, 0.873015873015873
, generated\gt\sample_000235.krn, generated\xml_homr\sample_000235.xml, 0, 0., 130, 13.584117032392895, 0, 0., 9, 0.9404388714733543, 0, 0., 2, 0.2089864158829676, 1, 0.1044932079414838, 0, 0., 0, 0., 1, 0.1044932079414838, 1, 0.1044932079414838, 0, 0., 0, 0., 1, 0.1044932079414838, 2, 0.2089864158829676, 0, 0., 0, 0., 0, 0., 0, 0., 0, 0., 0, 0., 0, 0., 6, 0.6269592476489029, 0, 0., 0, 0., 0, 0., 0, 0., 0, 0., 0, 0., 0, 0., 0, 0., 0, 0., 702, 73.35423197492163, 98, 10.240334378265413, 0, 0., 4, 0.4179728317659352, 0, 0., 0, 0., 0, 0., 206, 890, 1096, 957, 0.8731751824817519
, generated\gt\sample_000568.krn, generated\xml_homr\sample_000568.xml, 0, 0., 106, 10.685483870967742, 0, 0., 32, 3.225806451612903, 0, 0., 0, 0., 0, 0., 0, 0., 0, 0., 0, 0., 0, 0., 0, 0., 0, 0., 1, 0.10080645161290322, 0, 0., 0, 0., 0, 0., 4, 0.4032258064516129, 0, 0., 0, 0., 0, 0., 0, 0., 0, 0., 0, 0., 0, 0., 0, 0., 0, 0., 0, 0., 0, 0., 0, 0., 0, 0., 0, 0., 742, 74.79838709677419, 103, 10.383064516129032, 0, 0., 4, 0.4032258064516129, 0, 0., 0, 0., 0, 0., 205, 931, 1136, 992, 0.8732394366197183
, generated\gt\sample_000445.krn, generated\xml_homr\sample_000445.xml, 0, 0., 120, 9.47867298578199, 0, 0., 30, 2.3696682464454977, 0, 0., 0, 0., 7, 0.5529225908372828, 0, 0., 0, 0., 0, 0., 2, 0.1579778830963665, 0, 0., 0, 0., 1, 0.07898894154818326, 2, 0.1579778830963665, 0, 0., 0, 0., 0, 0., 0, 0., 0, 0., 0, 0., 0, 0., 5, 0.3949447077409163, 0, 0., 0, 0., 0, 0., 0, 0., 0, 0., 0, 0., 0, 0., 0, 0., 0, 0., 947, 74.80252764612955, 148, 11.690363349131122, 0, 0., 4, 0.315955766192733, 0, 0., 0, 0., 0, 0., 274, 1175, 1449, 1266, 0.8737060041407867
, generated\gt\sample_000090.krn, generated\xml_homr\sample_000090.xml, 0, 0., 192, 11.55930162552679, 0, 0., 32, 1.926550270921132, 0, 0., 0, 0., 1, 0.060204695966285374, 0, 0., 0, 0., 0, 0., 0, 0., 0, 0., 0, 0., 1, 0.060204695966285374, 2, 0.12040939193257075, 0, 0., 0, 0., 0, 0., 0, 0., 0, 0., 0, 0., 0, 0., 8, 0.481637567730283, 0, 0., 0, 0., 0, 0., 0, 0., 0, 0., 0, 0., 0, 0., 0, 0., 0, 0., 1216, 73.20891029500301, 205, 12.341962673088501, 0, 0., 4, 0.2408187838651415, 0, 0., 0, 0., 0, 0., 356, 1545, 1901, 1661, 0.8737506575486585
, generated\gt\sample_000079.krn, generated\xml_homr\sample_000079.xml, 0, 0., 116, 8.250355618776672, 4, 0.2844950213371266, 12, 0.8534850640113798, 0, 0., 0, 0., 4, 0.2844950213371266, 0, 0., 0, 0., 0, 0., 0, 0., 0, 0., 0, 0., 5, 0.35561877667140823, 3, 0.21337126600284495, 0, 0., 0, 0., 0, 0., 0, 0., 0, 0., 0, 0., 0, 0., 4, 0.2844950213371266, 0, 0., 0, 0., 0, 0., 0, 0., 0, 0., 0, 0., 0, 0., 0, 0., 0, 0., 1127, 80.15647226173542, 127, 9.03271692745377, 0, 0., 4, 0.2844950213371266, 0, 0., 0, 0., 0, 0., 250, 1358, 1608, 1406, 0.8743781094527363
, generated\gt\sample_000379.krn, generated\xml_homr\sample_000379.xml, 0, 0., 101, 9.291628334866605, 2, 0.18399264029438822, 0, 0., 0, 0., 0, 0., 0, 0., 0, 0., 0, 0., 0, 0., 3, 0.27598896044158233, 0, 0., 0, 0., 0, 0., 2, 0.18399264029438822, 0, 0., 0, 0., 1, 0.09199632014719411, 0, 0., 0, 0., 0, 0., 0, 0., 7, 0.6439742410303588, 0, 0., 0, 0., 0, 0., 0, 0., 0, 0., 0, 0., 0, 0., 0, 0., 0, 0., 867, 79.7608095676173, 100, 9.19963201471941, 0, 0., 4, 0.36798528058877644, 0, 0., 0, 0., 0, 0., 209, 1034, 1243, 1087, 0.8744971842316975
, generated\gt\sample_000063.krn, generated\xml_homr\sample_000063.xml, 0, 0., 153, 6.505102040816326, 0, 0., 84, 3.5714285714285716, 1, 0.04251700680272109, 0, 0., 1, 0.04251700680272109, 0, 0., 0, 0., 0, 0., 0, 0., 1, 0.04251700680272109, 0, 0., 1, 0.04251700680272109, 3, 0.12755102040816327, 0, 0., 0, 0., 0, 0., 0, 0., 0, 0., 0, 0., 0, 0., 9, 0.3826530612244898, 0, 0., 0, 0., 0, 0., 0, 0., 0, 0., 0, 0., 0, 0., 0, 0., 0, 0., 1965, 83.54591836734694, 130, 5.5272108843537415, 0, 0., 4, 0.17006802721088435, 0, 0., 0, 0., 0, 0., 375, 2314, 2689, 2352, 0.8746746002231313
, generated\gt\sample_000465.krn, generated\xml_homr\sample_000465.xml, 0, 0., 208, 13.436692506459949, 4, 0.25839793281653745, 40, 2.5839793281653747, 5, 0.32299741602067183, 0, 0., 0, 0., 0, 0., 0, 0., 1, 0.06459948320413436, 0, 0., 0, 0., 0, 0., 3, 0.1937984496124031, 4, 0.25839793281653745, 0, 0., 0, 0., 0, 0., 0, 0., 0, 0., 0, 0., 0, 0., 6, 0.3875968992248062, 0, 0., 0, 0., 0, 0., 0, 0., 0, 0., 0, 0., 0, 0., 0, 0., 0, 0., 1151, 74.35400516795866, 122, 7.881136950904393, 0, 0., 4, 0.25839793281653745, 0, 0., 0, 0., 0, 0., 332, 1437, 1769, 1548, 0.8750706613906162
, generated\gt\sample_000453.krn, generated\xml_homr\sample_000453.xml, 0, 0., 266, 12.69083969465649, 0, 0., 57, 2.719465648854962, 0, 0., 0, 0., 4, 0.19083969465648856, 0, 0., 0, 0., 7, 0.33396946564885494, 0, 0., 0, 0., 0, 0., 1, 0.04770992366412214, 2, 0.09541984732824428, 0, 0., 0, 0., 4, 0.19083969465648856, 0, 0., 0, 0., 0, 0., 0, 0., 0, 0., 0, 0., 0, 0., 0, 0., 0, 0., 0, 0., 0, 0., 0, 0., 0, 0., 0, 0., 1576, 75.19083969465649, 175, 8.349236641221374, 0, 0., 4, 0.19083969465648856, 0, 0., 0, 0., 0, 0., 421, 1973, 2394, 2096, 0.8755221386800334
, generated\gt\sample_000142.krn, generated\xml_homr\sample_000142.xml, 0, 0., 0, 0., 0, 0., 40, 2.137894174238375, 0, 0., 0, 0., 0, 0., 0, 0., 0, 0., 0, 0., 0, 0., 0, 0., 0, 0., 0, 0., 3, 0.16034206306787813, 0, 0., 0, 0., 0, 0., 0, 0., 0, 0., 0, 0., 0, 0., 2, 0.10689470871191876, 0, 0., 0, 0., 0, 0., 0, 0., 0, 0., 0, 0., 0, 0., 0, 0., 0, 0., 1826, 97.59486905398182, 0, 0., 0, 0., 0, 0., 0, 0., 0, 0., 0, 0., 156, 1981, 2137, 1871, 0.8755264389330838
, generated\gt\sample_000411.krn, generated\xml_homr\sample_000411.xml, 0, 0., 120, 6.518196632265074, 0, 0., 16, 0.8690928843020098, 0, 0., 0, 0., 4, 0.21727322107550245, 0, 0., 0, 0., 0, 0., 7, 0.38022813688212925, 1, 0.054318305268875614, 0, 0., 1, 0.054318305268875614, 2, 0.10863661053775123, 0, 0., 0, 0., 0, 0., 0, 0., 0, 0., 0, 0., 0, 0., 3, 0.16295491580662683, 0, 0., 0, 0., 0, 0., 0, 0., 0, 0., 0, 0., 0, 0., 0, 0., 0, 0., 1553, 84.35632808256382, 130, 7.061379684953829, 0, 0., 4, 0.21727322107550245, 0, 0., 0, 0., 0, 0., 282, 1820, 2102, 1841, 0.8758325404376784
, generated\gt\sample_000363.krn, generated\xml_homr\sample_000363.xml, 0, 0., 203, 9.783132530120483, 0, 0., 48, 2.3132530120481927, 0, 0., 0, 0., 0, 0., 0, 0., 0, 0., 0, 0., 1, 0.04819277108433735, 0, 0., 0, 0., 1, 0.04819277108433735, 0, 0., 0, 0., 0, 0., 0, 0., 0, 0., 0, 0., 0, 0., 0, 0., 4, 0.1927710843373494, 0, 0., 0, 0., 0, 0., 0, 0., 0, 0., 0, 0., 0, 0., 0, 0., 0, 0., 1603, 77.25301204819277, 211, 10.168674698795181, 0, 0., 4, 0.1927710843373494, 0, 0., 0, 0., 0, 0., 391, 1978, 2369, 2075, 0.8758970029548333
, generated\gt\sample_000659.krn, generated\xml_homr\sample_000659.xml, 0, 0., 254, 14.86249268578116, 0, 0., 78, 4.564072557050907, 0, 0., 0, 0., 9, 0.5266237565827969, 0, 0., 0, 0., 0, 0., 0, 0., 0, 0., 0, 0., 1, 0.058513750731421885, 2, 0.11702750146284377, 0, 0., 0, 0., 0, 0., 0, 0., 0, 0., 0, 0., 0, 0., 0, 0., 0, 0., 0, 0., 0, 0., 0, 0., 0, 0., 0, 0., 0, 0., 0, 0., 0, 0., 1275, 74.60503218256291, 86, 5.032182562902282, 0, 0., 4, 0.23405500292568754, 0, 0., 0, 0., 0, 0., 302, 1649, 1951, 1709, 0.875961045617632
, generated\gt\sample_000018.krn, generated\xml_homr\sample_000018.xml, 0, 0., 206, 12.669126691266912, 0, 0., 1, 0.06150061500615006, 0, 0., 0, 0., 1, 0.06150061500615006, 0, 0., 0, 0., 4, 0.24600246002460024, 18, 1.1070110701107012, 0, 0., 0, 0., 3, 0.18450184501845018, 4, 0.24600246002460024, 0, 0., 0, 0., 0, 0., 0, 0., 0, 0., 0, 0., 0, 0., 0, 0., 0, 0., 0, 0., 0, 0., 0, 0., 0, 0., 0, 0., 0, 0., 0, 0., 0, 0., 1250, 76.87576875768758, 135, 8.302583025830259, 0, 0., 4, 0.24600246002460024, 0, 0., 0, 0., 0, 0., 300, 1556, 1856, 1626, 0.8760775862068966
, generated\gt\sample_000625.krn, generated\xml_homr\sample_000625.xml, 0, 0., 360, 18.92744479495268, 0, 0., 22, 1.1566771819137749, 0, 0., 0, 0., 2, 0.10515247108307045, 0, 0., 0, 0., 0, 0., 4, 0.2103049421661409, 1, 0.052576235541535225, 0, 0., 3, 0.15772870662460567, 4, 0.2103049421661409, 0, 0., 0, 0., 4, 0.2103049421661409, 0, 0., 0, 0., 0, 0., 0, 0., 2, 0.10515247108307045, 0, 0., 0, 0., 0, 0., 0, 0., 0, 0., 0, 0., 0, 0., 0, 0., 0, 0., 1294, 68.03364879074658, 202, 10.620399579390115, 0, 0., 4, 0.2103049421661409, 0, 0., 0, 0., 0, 0., 448, 1722, 2170, 1902, 0.8764976958525346
, generated\gt\sample_000227.krn, generated\xml_homr\sample_000227.xml, 0, 0., 108, 8.537549407114625, 0, 0., 42, 3.3201581027667983, 0, 0., 0, 0., 4, 0.31620553359683795, 0, 0., 0, 0., 0, 0., 0, 0., 0, 0., 0, 0., 2, 0.15810276679841898, 1, 0.07905138339920949, 0, 0., 0, 0., 0, 0., 0, 0., 0, 0., 0, 0., 0, 0., 0, 0., 0, 0., 0, 0., 0, 0., 0, 0., 0, 0., 0, 0., 0, 0., 0, 0., 0, 0., 990, 78.26086956521739, 114, 9.011857707509881, 0, 0., 4, 0.31620553359683795, 0, 0., 0, 0., 0, 0., 233, 1210, 1443, 1265, 0.8766458766458767
, generated\gt\sample_000459.krn, generated\xml_homr\sample_000459.xml, 0, 0., 273, 16.317991631799163, 0, 0., 27, 1.6138673042438734, 0, 0., 0, 0., 0, 0., 0, 0., 0, 0., 0, 0., 0, 0., 0, 0., 0, 0., 3, 0.17931858936043035, 0, 0., 0, 0., 0, 0., 0, 0., 0, 0., 0, 0., 0, 0., 0, 0., 14, 0.8368200836820083, 0, 0., 0, 0., 0, 0., 0, 0., 0, 0., 0, 0., 0, 0., 0, 0., 0, 0., 1183, 70.7112970711297, 169, 10.101613867304243, 0, 0., 4, 0.2390914524805738, 0, 0., 0, 0., 0, 0., 391, 1517, 1908, 1673, 0.8768343815513627
, generated\gt\sample_000376.krn, generated\xml_homr\sample_000376.xml, 0, 0., 153, 7.87037037037037, 0, 0., 42, 2.1604938271604937, 0, 0., 0, 0., 7, 0.360082304526749, 0, 0., 0, 0., 5, 0.257201646090535, 0, 0., 0, 0., 0, 0., 1, 0.051440329218107, 2, 0.102880658436214, 0, 0., 0, 0., 0, 0., 0, 0., 0, 0., 0, 0., 0, 0., 0, 0., 0, 0., 0, 0., 0, 0., 0, 0., 0, 0., 0, 0., 0, 0., 0, 0., 0, 0., 1570, 80.76131687242798, 160, 8.23045267489712, 0, 0., 4, 0.205761316872428, 0, 0., 0, 0., 0, 0., 340, 1877, 2217, 1944, 0.8768606224627875
, generated\gt\sample_000607.krn, generated\xml_homr\sample_000607.xml, 0, 0., 202, 10.42311661506708, 0, 0., 77, 3.9731682146542826, 0, 0., 0, 0., 8, 0.41279669762641896, 0, 0., 0, 0., 4, 0.20639834881320948, 0, 0., 0, 0., 0, 0., 1, 0.05159958720330237, 2, 0.10319917440660474, 0, 0., 0, 0., 0, 0., 0, 0., 0, 0., 0, 0., 0, 0., 7, 0.36119711042311664, 0, 0., 0, 0., 0, 0., 0, 0., 0, 0., 0, 0., 0, 0., 0, 0., 0, 0., 1471, 75.90299277605779, 162, 8.359133126934985, 0, 0., 4, 0.20639834881320948, 0, 0., 0, 0., 0, 0., 396, 1814, 2210, 1938, 0.8769230769230769
, generated\gt\sample_000437.krn, generated\xml_homr\sample_000437.xml, 0, 0., 0, 0., 0, 0., 24, 1.5706806282722514, 0, 0., 0, 0., 1, 0.06544502617801047, 0, 0., 0, 0., 0, 0., 0, 0., 0, 0., 0, 0., 0, 0., 0, 0., 0, 0., 0, 0., 0, 0., 0, 0., 0, 0., 0, 0., 0, 0., 4, 0.2617801047120419, 0, 0., 0, 0., 0, 0., 0, 0., 0, 0., 0, 0., 0, 0., 0, 0., 0, 0., 1499, 98.1020942408377, 0, 0., 0, 0., 0, 0., 0, 0., 0, 0., 0, 0., 124, 1618, 1742, 1528, 0.8771526980482205
, generated\gt\sample_000582.krn, generated\xml_homr\sample_000582.xml, 0, 0., 208, 11.182795698924732, 0, 0., 84, 4.516129032258065, 0, 0., 0, 0., 16, 0.8602150537634409, 0, 0., 0, 0., 1, 0.053763440860215055, 0, 0., 0, 0., 0, 0., 1, 0.053763440860215055, 2, 0.10752688172043011, 0, 0., 0, 0., 0, 0., 0, 0., 0, 0., 0, 0., 0, 0., 0, 0., 0, 0., 0, 0., 0, 0., 0, 0., 0, 0., 0, 0., 0, 0., 0, 0., 0, 0., 1342, 72.15053763440861, 202, 10.86021505376344, 0, 0., 4, 0.21505376344086022, 0, 0., 0, 0., 0, 0., 405, 1715, 2120, 1860, 0.8773584905660378
, generated\gt\sample_000081.krn, generated\xml_homr\sample_000081.xml, 0, 0., 234, 15.568862275449101, 2, 0.1330671989354624, 31, 2.062541583499667, 0, 0., 8, 0.5322687957418496, 7, 0.4657351962741184, 0, 0., 0, 0., 0, 0., 0, 0., 0, 0., 0, 0., 1, 0.0665335994677312, 3, 0.1996007984031936, 0, 0., 0, 0., 2, 0.1330671989354624, 0, 0., 0, 0., 0, 0., 0, 0., 4, 0.2661343978709248, 0, 0., 0, 0., 0, 0., 0, 0., 0, 0., 0, 0., 0, 0., 0, 0., 0, 0., 1091, 72.58815701929474, 116, 7.717897538256819, 0, 0., 4, 0.2661343978709248, 0, 0., 0, 0., 0, 0., 343, 1370, 1713, 1503, 0.8774080560420315
, generated\gt\sample_000477.krn, generated\xml_homr\sample_000477.xml, 0, 0., 280, 18.804566823371392, 0, 0., 8, 0.5372733378106112, 0, 0., 0, 0., 4, 0.2686366689053056, 0, 0., 0, 0., 0, 0., 0, 0., 0, 0., 0, 0., 2, 0.1343183344526528, 1, 0.0671591672263264, 0, 0., 0, 0., 2, 0.1343183344526528, 0, 0., 0, 0., 0, 0., 0, 0., 6, 0.40295500335795836, 0, 0., 0, 0., 0, 0., 0, 0., 0, 0., 0, 0., 0, 0., 0, 0., 0, 0., 1064, 71.45735392881129, 118, 7.924781732706514, 0, 0., 4, 0.2686366689053056, 0, 0., 0, 0., 0, 0., 354, 1343, 1697, 1489, 0.8774307601649971
, generated\gt\sample_000268.krn, generated\xml_homr\sample_000268.xml, 0, 0., 100, 10.741138560687434, 0, 0., 8, 0.8592910848549946, 0, 0., 0, 0., 5, 0.5370569280343717, 0, 0., 0, 0., 10, 1.0741138560687433, 0, 0., 0, 0., 0, 0., 1, 0.10741138560687433, 2, 0.21482277121374865, 0, 0., 0, 0., 2, 0.21482277121374865, 0, 0., 0, 0., 0, 0., 0, 0., 4, 0.4296455424274973, 0, 0., 0, 0., 0, 0., 0, 0., 0, 0., 0, 0., 0, 0., 0, 0., 0, 0., 732, 78.625134264232, 63, 6.7669172932330826, 0, 0., 4, 0.4296455424274973, 0, 0., 0, 0., 0, 0., 181, 880, 1061, 931, 0.8774740810556079
, generated\gt\sample_000183.krn, generated\xml_homr\sample_000183.xml, 0, 0., 75, 11.013215859030836, 2, 0.2936857562408223, 4, 0.5873715124816447, 0, 0., 0, 0., 3, 0.44052863436123346, 0, 0., 0, 0., 0, 0., 0, 0., 1, 0.14684287812041116, 0, 0., 0, 0., 1, 0.14684287812041116, 0, 0., 0, 0., 0, 0., 0, 0., 0, 0., 0, 0., 0, 0., 7, 1.0279001468428781, 0, 0., 0, 0., 0, 0., 0, 0., 0, 0., 0, 0., 0, 0., 0, 0., 0, 0., 528, 77.5330396475771, 56, 8.223201174743025, 0, 0., 4, 0.5873715124816447, 0, 0., 0, 0., 0, 0., 132, 644, 776, 681, 0.8775773195876289
, generated\gt\sample_000279.krn, generated\xml_homr\sample_000279.xml, 0, 0., 57, 5.4337464251668255, 0, 0., 24, 2.2878932316491896, 0, 0., 0, 0., 5, 0.47664442326024786, 0, 0., 0, 0., 0, 0., 0, 0., 0, 0., 0, 0., 1, 0.09532888465204957, 3, 0.2859866539561487, 0, 0., 0, 0., 2, 0.19065776930409914, 0, 0., 0, 0., 0, 0., 0, 0., 1, 0.09532888465204957, 0, 0., 0, 0., 0, 0., 0, 0., 0, 0., 0, 0., 0, 0., 0, 0., 0, 0., 877, 83.60343183984747, 75, 7.149666348903718, 0, 0., 4, 0.3813155386081983, 0, 0., 0, 0., 0, 0., 173, 1022, 1195, 1049, 0.8778242677824267
, generated\gt\sample_000524.krn, generated\xml_homr\sample_000524.xml, 0, 0., 0, 0., 0, 0., 67, 3.1119368323269856, 0, 0., 0, 0., 5, 0.2322340919647004, 0, 0., 0, 0., 0, 0., 1, 0.046446818392940084, 0, 0., 0, 0., 0, 0., 0, 0., 0, 0., 0, 0., 0, 0., 0, 0., 0, 0., 0, 0., 0, 0., 8, 0.3715745471435207, 0, 0., 0, 0., 0, 0., 0, 0., 0, 0., 0, 0., 0, 0., 0, 0., 0, 0., 2072, 96.23780771017185, 0, 0., 0, 0., 0, 0., 0, 0., 0, 0., 0, 0., 196, 2256, 2452, 2153, 0.8780587275693311
, generated\gt\sample_000454.krn, generated\xml_homr\sample_000454.xml, 0, 0., 107, 6.476997578692494, 0, 0., 66, 3.9951573849878934, 0, 0., 0, 0., 11, 0.6658595641646489, 0, 0., 0, 0., 2, 0.12106537530266344, 0, 0., 0, 0., 0, 0., 1, 0.06053268765133172, 2, 0.12106537530266344, 0, 0., 0, 0., 0, 0., 0, 0., 0, 0., 0, 0., 0, 0., 0, 0., 0, 0., 0, 0., 0, 0., 0, 0., 0, 0., 0, 0., 0, 0., 0, 0., 0, 0., 1334, 80.75060532687651, 125, 7.566585956416465, 0, 0., 4, 0.24213075060532688, 0, 0., 0, 0., 0, 0., 291, 1589, 1880, 1652, 0.8787234042553191
, generated\gt\sample_000679.krn, generated\xml_homr\sample_000679.xml, 0, 0., 54, 3.818953323903819, 0, 0., 36, 2.545968882602546, 0, 0., 0, 0., 5, 0.3536067892503536, 0, 0., 0, 0., 0, 0., 2, 0.14144271570014144, 0, 0., 0, 0., 2, 0.14144271570014144, 0, 0., 0, 0., 0, 0., 0, 0., 0, 0., 0, 0., 0, 0., 0, 0., 8, 0.5657708628005658, 0, 0., 0, 0., 0, 0., 0, 0., 0, 0., 0, 0., 0, 0., 0, 0., 0, 0., 1236, 87.41159830268741, 67, 4.738330975954739, 0, 0., 4, 0.2828854314002829, 0, 0., 0, 0., 0, 0., 200, 1409, 1609, 1414, 0.8788067122436296
, generated\gt\sample_000226.krn, generated\xml_homr\sample_000226.xml, 0, 0., 112, 8.575803981623277, 0, 0., 36, 2.756508422664625, 0, 0., 0, 0., 1, 0.07656967840735068, 0, 0., 0, 0., 0, 0., 0, 0., 0, 0., 0, 0., 1, 0.07656967840735068, 1, 0.07656967840735068, 0, 0., 0, 0., 0, 0., 0, 0., 0, 0., 0, 0., 0, 0., 0, 0., 0, 0., 0, 0., 0, 0., 0, 0., 0, 0., 0, 0., 0, 0., 0, 0., 0, 0., 1039, 79.55589586523736, 112, 8.575803981623277, 0, 0., 4, 0.30627871362940273, 0, 0., 0, 0., 0, 0., 228, 1258, 1486, 1306, 0.8788694481830417
, generated\gt\sample_000275.krn, generated\xml_homr\sample_000275.xml, 0, 0., 156, 6.649616368286445, 0, 0., 129, 5.498721227621483, 0, 0., 0, 0., 3, 0.1278772378516624, 0, 0., 0, 0., 0, 0., 0, 0., 0, 0., 0, 0., 3, 0.1278772378516624, 2, 0.08525149190110827, 0, 0., 0, 0., 0, 0., 0, 0., 0, 0., 0, 0., 0, 0., 6, 0.2557544757033248, 0, 0., 0, 0., 0, 0., 0, 0., 0, 0., 0, 0., 0, 0., 0, 0., 0, 0., 1945, 82.9070758738278, 98, 4.177323103154305, 0, 0., 4, 0.17050298380221654, 0, 0., 0, 0., 0, 0., 372, 2297, 2669, 2346, 0.8789808917197452
, generated\gt\sample_000345.krn, generated\xml_homr\sample_000345.xml, 0, 0., 0, 0., 0, 0., 56, 2.552415679124886, 0, 0., 0, 0., 2, 0.09115770282588878, 0, 0., 0, 0., 0, 0., 0, 0., 0, 0., 0, 0., 0, 0., 0, 0., 0, 0., 0, 0., 0, 0., 0, 0., 0, 0., 0, 0., 0, 0., 4, 0.18231540565177756, 0, 0., 0, 0., 0, 0., 0, 0., 0, 0., 0, 0., 0, 0., 0, 0., 0, 0., 2132, 97.17411121239745, 0, 0., 0, 0., 0, 0., 0, 0., 0, 0., 0, 0., 185, 2311, 2496, 2194, 0.8790064102564102
, generated\gt\sample_000105.krn, generated\xml_homr\sample_000105.xml, 0, 0., 57, 6.019007391763464, 0, 0., 36, 3.8014783526927136, 0, 0., 0, 0., 0, 0., 0, 0., 0, 0., 0, 0., 0, 0., 2, 0.21119324181626187, 0, 0., 1, 0.10559662090813093, 4, 0.42238648363252373, 0, 0., 0, 0., 0, 0., 0, 0., 0, 0., 0, 0., 0, 0., 3, 0.3167898627243928, 0, 0., 0, 0., 0, 0., 0, 0., 0, 0., 0, 0., 0, 0., 0, 0., 0, 0., 775, 81.83738120380148, 65, 6.863780359028511, 0, 0., 4, 0.42238648363252373, 0, 0., 0, 0., 0, 0., 158, 919, 1077, 947, 0.8792943361188487
, generated\gt\sample_000097.krn, generated\xml_homr\sample_000097.xml, 0, 0., 88, 7.096774193548387, 0, 0., 26, 2.096774193548387, 0, 0., 0, 0., 4, 0.3225806451612903, 0, 0., 0, 0., 0, 0., 0, 0., 1, 0.08064516129032258, 0, 0., 1, 0.08064516129032258, 0, 0., 0, 0., 0, 0., 0, 0., 0, 0., 0, 0., 0, 0., 0, 0., 14, 1.1290322580645162, 0, 0., 0, 0., 0, 0., 0, 0., 0, 0., 0, 0., 0, 0., 0, 0., 0, 0., 1007, 81.20967741935483, 95, 7.661290322580645, 0, 0., 4, 0.3225806451612903, 0, 0., 0, 0., 0, 0., 216, 1194, 1410, 1240, 0.8794326241134752
, generated\gt\sample_000099.krn, generated\xml_homr\sample_000099.xml, 0, 0., 123, 10.808435852372584, 2, 0.1757469244288225, 1, 0.08787346221441125, 1, 0.08787346221441125, 0, 0., 8, 0.70298769771529, 0, 0., 0, 0., 4, 0.351493848857645, 4, 0.351493848857645, 0, 0., 0, 0., 2, 0.1757469244288225, 2, 0.1757469244288225, 0, 0., 0, 0., 0, 0., 0, 0., 0, 0., 0, 0., 0, 0., 3, 0.26362038664323373, 0, 0., 0, 0., 0, 0., 0, 0., 0, 0., 0, 0., 0, 0., 0, 0., 0, 0., 870, 76.44991212653778, 114, 10.017574692442881, 0, 0., 4, 0.351493848857645, 0, 0., 0, 0., 0, 0., 227, 1067, 1294, 1138, 0.8794435857805255
, generated\gt\sample_000324.krn, generated\xml_homr\sample_000324.xml, 0, 0., 183, 10.802833530106257, 0, 0., 70, 4.132231404958677, 0, 0., 2, 0.1180637544273908, 3, 0.1770956316410862, 0, 0., 0, 0., 0, 0., 0, 0., 0, 0., 0, 0., 0, 0., 2, 0.1180637544273908, 0, 0., 0, 0., 0, 0., 0, 0., 0, 0., 0, 0., 0, 0., 3, 0.1770956316410862, 0, 0., 0, 0., 0, 0., 0, 0., 0, 0., 0, 0., 0, 0., 0, 0., 0, 0., 1359, 80.22432113341205, 68, 4.014167650531287, 0, 0., 4, 0.2361275088547816, 0, 0., 0, 0., 0, 0., 308, 1618, 1926, 1694, 0.8795430944963655
, generated\gt\sample_000180.krn, generated\xml_homr\sample_000180.xml, 0, 0., 69, 7.744107744107744, 0, 0., 2, 0.2244668911335578, 0, 0., 0, 0., 0, 0., 0, 0., 3, 0.3367003367003367, 0, 0., 1, 0.1122334455667789, 1, 0.1122334455667789, 0, 0., 1, 0.1122334455667789, 3, 0.3367003367003367, 0, 0., 0, 0., 0, 0., 0, 0., 0, 0., 0, 0., 0, 0., 11, 1.2345679012345678, 0, 0., 0, 0., 0, 0., 0, 0., 0, 0., 0, 0., 0, 0., 0, 0., 0, 0., 728, 81.70594837261504, 68, 7.631874298540965, 0, 0., 4, 0.4489337822671156, 0, 0., 0, 0., 0, 0., 151, 862, 1013, 891, 0.8795656465942744
, generated\gt\sample_000113.krn, generated\xml_homr\sample_000113.xml, 0, 0., 102, 7.50551876379691, 0, 0., 8, 0.5886681383370125, 0, 0., 0, 0., 3, 0.22075055187637968, 0, 0., 0, 0., 0, 0., 0, 0., 1, 0.07358351729212656, 0, 0., 1, 0.07358351729212656, 2, 0.14716703458425312, 0, 0., 0, 0., 0, 0., 0, 0., 0, 0., 0, 0., 0, 0., 6, 0.44150110375275936, 0, 0., 0, 0., 0, 0., 0, 0., 0, 0., 0, 0., 0, 0., 0, 0., 0, 0., 1144, 84.1795437821928, 88, 6.4753495217071375, 0, 0., 4, 0.29433406916850624, 0, 0., 0, 0., 0, 0., 206, 1339, 1545, 1359, 0.8796116504854369
, generated\gt\sample_000678.krn, generated\xml_homr\sample_000678.xml, 0, 0., 25, 1.4228799089356858, 0, 0., 15, 0.8537279453614115, 0, 0., 0, 0., 1, 0.056915196357427436, 0, 0., 0, 0., 2, 0.11383039271485487, 0, 0., 0, 0., 0, 0., 0, 0., 0, 0., 0, 0., 0, 0., 0, 0., 0, 0., 0, 0., 0, 0., 0, 0., 7, 0.398406374501992, 0, 0., 0, 0., 0, 0., 0, 0., 0, 0., 0, 0., 0, 0., 0, 0., 0, 0., 1707, 97.15424018212863, 0, 0., 0, 0., 0, 0., 0, 0., 0, 0., 0, 0., 147, 1850, 1997, 1757, 0.8798197295943916
, generated\gt\sample_000469.krn, generated\xml_homr\sample_000469.xml, 0, 0., 365, 18.575063613231553, 0, 0., 35, 1.7811704834605597, 0, 0., 0, 0., 0, 0., 0, 0., 0, 0., 0, 0., 0, 0., 0, 0., 0, 0., 3, 0.15267175572519084, 4, 0.2035623409669211, 5, 0.2544529262086514, 0, 0., 0, 0., 0, 0., 0, 0., 0, 0., 0, 0., 18, 0.916030534351145, 0, 0., 0, 0., 0, 0., 0, 0., 0, 0., 0, 0., 0, 0., 0, 0., 0, 0., 1299, 66.10687022900764, 232, 11.806615776081426, 0, 0., 4, 0.2035623409669211, 0, 0., 0, 0., 0, 0., 478, 1755, 2233, 1965, 0.8799820868786385
, generated\gt\sample_000256.krn, generated\xml_homr\sample_000256.xml, 0, 0., 15, 0.6599208095028597, 0, 0., 28, 1.2318521777386713, 0, 0., 0, 0., 6, 0.2639683238011439, 0, 0., 0, 0., 0, 0., 0, 0., 0, 0., 0, 0., 0, 0., 0, 0., 0, 0., 0, 0., 0, 0., 0, 0., 0, 0., 0, 0., 0, 0., 7, 0.3079630444346678, 0, 0., 0, 0., 0, 0., 0, 0., 0, 0., 0, 0., 0, 0., 0, 0., 0, 0., 2217, 97.53629564452265, 0, 0., 0, 0., 0, 0., 0, 0., 0, 0., 0, 0., 182, 2401, 2583, 2273, 0.8799845141308555
, generated\gt\sample_000057.krn, generated\xml_homr\sample_000057.xml, 0, 0., 0, 0., 0, 0., 96, 4.4036697247706424, 0, 0., 0, 0., 0, 0., 0, 0., 0, 0., 0, 0., 0, 0., 0, 0., 0, 0., 1, 0.045871559633027525, 0, 0., 1, 0.045871559633027525, 0, 0., 0, 0., 0, 0., 0, 0., 0, 0., 0, 0., 0, 0., 0, 0., 0, 0., 0, 0., 0, 0., 0, 0., 0, 0., 0, 0., 0, 0., 0, 0., 2082, 95.5045871559633, 0, 0., 0, 0., 0, 0., 0, 0., 0, 0., 0, 0., 198, 2278, 2476, 2180, 0.8804523424878837
, generated\gt\sample_000521.krn, generated\xml_homr\sample_000521.xml, 0, 0., 64, 5.565217391304348, 0, 0., 14, 1.2173913043478262, 0, 0., 0, 0., 2, 0.17391304347826086, 0, 0., 0, 0., 2, 0.17391304347826086, 1, 0.08695652173913043, 1, 0.08695652173913043, 0, 0., 2, 0.17391304347826086, 0, 0., 0, 0., 0, 0., 0, 0., 0, 0., 0, 0., 0, 0., 0, 0., 3, 0.2608695652173913, 0, 0., 0, 0., 0, 0., 0, 0., 0, 0., 0, 0., 0, 0., 0, 0., 0, 0., 978, 85.04347826086956, 79, 6.869565217391305, 0, 0., 4, 0.34782608695652173, 0, 0., 0, 0., 0, 0., 176, 1130, 1306, 1150, 0.8805513016845329
, generated\gt\sample_000405.krn, generated\xml_homr\sample_000405.xml, 0, 0., 73, 7.388663967611336, 0, 0., 0, 0., 0, 0., 0, 0., 0, 0., 0, 0., 0, 0., 0, 0., 3, 0.30364372469635625, 0, 0., 0, 0., 3, 0.30364372469635625, 0, 0., 0, 0., 0, 0., 0, 0., 0, 0., 0, 0., 0, 0., 0, 0., 0, 0., 0, 0., 0, 0., 0, 0., 0, 0., 0, 0., 0, 0., 0, 0., 0, 0., 0, 0., 832, 84.21052631578948, 73, 7.388663967611336, 0, 0., 4, 0.4048582995951417, 0, 0., 0, 0., 0, 0., 146, 976, 1122, 988, 0.8805704099821747
, generated\gt\sample_000297.krn, generated\xml_homr\sample_000297.xml, 0, 0., 159, 16.324435318275153, 4, 0.4106776180698152, 7, 0.7186858316221766, 0, 0., 0, 0., 5, 0.5133470225872689, 0, 0., 0, 0., 1, 0.1026694045174538, 0, 0., 1, 0.1026694045174538, 0, 0., 0, 0., 4, 0.4106776180698152, 2, 0.2053388090349076, 0, 0., 0, 0., 0, 0., 0, 0., 0, 0., 0, 0., 0, 0., 0, 0., 0, 0., 0, 0., 0, 0., 0, 0., 0, 0., 0, 0., 0, 0., 0, 0., 687, 70.53388090349075, 100, 10.26694045174538, 0, 0., 4, 0.4106776180698152, 0, 0., 0, 0., 0, 0., 198, 908, 1106, 974, 0.8806509945750453
, generated\gt\sample_000596.krn, generated\xml_homr\sample_000596.xml, 0, 0., 107, 8.093797276853252, 0, 0., 32, 2.4205748865355523, 0, 0., 0, 0., 4, 0.30257186081694404, 0, 0., 0, 0., 1, 0.07564296520423601, 0, 0., 0, 0., 0, 0., 1, 0.07564296520423601, 2, 0.15128593040847202, 0, 0., 0, 0., 0, 0., 0, 0., 0, 0., 0, 0., 0, 0., 6, 0.45385779122541603, 0, 0., 0, 0., 0, 0., 0, 0., 0, 0., 0, 0., 0, 0., 0, 0., 0, 0., 1075, 81.31618759455371, 90, 6.80786686838124, 0, 0., 4, 0.30257186081694404, 0, 0., 0, 0., 0, 0., 229, 1272, 1501, 1322, 0.8807461692205196
, generated\gt\sample_000412.krn, generated\xml_homr\sample_000412.xml, 0, 0., 124, 7.354685646500593, 0, 0., 24, 1.4234875444839858, 0, 0., 0, 0., 7, 0.4151838671411625, 0, 0., 0, 0., 12, 0.7117437722419929, 3, 0.17793594306049823, 1, 0.05931198102016608, 0, 0., 1, 0.05931198102016608, 2, 0.11862396204033215, 0, 0., 0, 0., 0, 0., 0, 0., 0, 0., 0, 0., 0, 0., 0, 0., 0, 0., 0, 0., 0, 0., 0, 0., 0, 0., 0, 0., 0, 0., 0, 0., 0, 0., 1388, 82.3250296559905, 120, 7.117437722419929, 0, 0., 4, 0.2372479240806643, 0, 0., 0, 0., 0, 0., 281, 1633, 1914, 1686, 0.8808777429467085
, generated\gt\sample_000504.krn, generated\xml_homr\sample_000504.xml, 0, 0., 67, 6.562193927522038, 0, 0., 0, 0., 0, 0., 0, 0., 6, 0.5876591576885406, 0, 0., 0, 0., 5, 0.48971596474045054, 2, 0.1958863858961802, 0, 0., 0, 0., 1, 0.0979431929480901, 2, 0.1958863858961802, 0, 0., 0, 0., 0, 0., 0, 0., 0, 0., 0, 0., 0, 0., 6, 0.5876591576885406, 0, 0., 0, 0., 0, 0., 0, 0., 0, 0., 0, 0., 0, 0., 0, 0., 0, 0., 864, 84.62291870714985, 64, 6.268364348677767, 0, 0., 4, 0.3917727717923604, 0, 0., 0, 0., 0, 0., 161, 998, 1159, 1021, 0.8809318377911993
, generated\gt\sample_000372.krn, generated\xml_homr\sample_000372.xml, 0, 0., 120, 8.862629246676514, 0, 0., 69, 5.096011816838995, 0, 0., 2, 0.14771048744460857, 0, 0., 0, 0., 0, 0., 6, 0.4431314623338257, 0, 0., 6, 0.4431314623338257, 0, 0., 1, 0.07385524372230429, 2, 0.14771048744460857, 1, 0.07385524372230429, 0, 0., 0, 0., 0, 0., 0, 0., 0, 0., 0, 0., 6, 0.4431314623338257, 0, 0., 0, 0., 0, 0., 0, 0., 0, 0., 0, 0., 0, 0., 0, 0., 0, 0., 1049, 77.47415066469719, 88, 6.499261447562777, 0, 0., 4, 0.29542097488921715, 0, 0., 0, 0., 0, 0., 252, 1285, 1537, 1354, 0.8809368900455433
, generated\gt\sample_000650.krn, generated\xml_homr\sample_000650.xml, 0, 0., 138, 6.679574056147144, 0, 0., 80, 3.872216844143272, 0, 0., 2, 0.0968054211035818, 14, 0.6776379477250726, 0, 0., 0, 0., 0, 0., 0, 0., 0, 0., 0, 0., 1, 0.0484027105517909, 2, 0.0968054211035818, 0, 0., 0, 0., 0, 0., 0, 0., 0, 0., 0, 0., 0, 0., 0, 0., 0, 0., 0, 0., 0, 0., 0, 0., 0, 0., 0, 0., 0, 0., 0, 0., 0, 0., 1738, 84.12391093901259, 87, 4.211035818005809, 0, 0., 4, 0.1936108422071636, 0, 0., 0, 0., 0, 0., 316, 2028, 2344, 2066, 0.8813993174061433
, generated\gt\sample_000200.krn, generated\xml_homr\sample_000200.xml, 0, 0., 142, 7.28952772073922, 0, 0., 62, 3.182751540041068, 0, 0., 0, 0., 6, 0.3080082135523614, 0, 0., 0, 0., 3, 0.1540041067761807, 0, 0., 1, 0.0513347022587269, 0, 0., 1, 0.0513347022587269, 2, 0.1026694045174538, 0, 0., 0, 0., 0, 0., 0, 0., 0, 0., 0, 0., 0, 0., 11, 0.5646817248459959, 0, 0., 0, 0., 0, 0., 0, 0., 0, 0., 0, 0., 0, 0., 0, 0., 0, 0., 1608, 82.54620123203286, 108, 5.544147843942505, 0, 0., 4, 0.2053388090349076, 0, 0., 0, 0., 0, 0., 325, 1885, 2210, 1948, 0.881447963800905
, generated\gt\sample_000677.krn, generated\xml_homr\sample_000677.xml, 0, 0., 125, 6.561679790026247, 0, 0., 40, 2.099737532808399, 0, 0., 0, 0., 3, 0.15748031496062992, 0, 0., 0, 0., 0, 0., 1, 0.05249343832020997, 0, 0., 0, 0., 1, 0.05249343832020997, 4, 0.2099737532808399, 0, 0., 0, 0., 2, 0.10498687664041995, 0, 0., 0, 0., 0, 0., 0, 0., 12, 0.6299212598425197, 0, 0., 0, 0., 0, 0., 0, 0., 0, 0., 0, 0., 0, 0., 0, 0., 0, 0., 1560, 81.88976377952756, 153, 8.031496062992126, 0, 0., 4, 0.2099737532808399, 0, 0., 0, 0., 0, 0., 325, 1836, 2161, 1905, 0.8815363257751041
, generated\gt\sample_000215.krn, generated\xml_homr\sample_000215.xml, 0, 0., 46, 4.339622641509434, 0, 0., 33, 3.1132075471698113, 0, 0., 0, 0., 5, 0.4716981132075472, 0, 0., 3, 0.2830188679245283, 1, 0.09433962264150944, 0, 0., 1, 0.09433962264150944, 0, 0., 1, 0.09433962264150944, 2, 0.18867924528301888, 0, 0., 0, 0., 0, 0., 0, 0., 0, 0., 0, 0., 0, 0., 4, 0.37735849056603776, 0, 0., 0, 0., 0, 0., 0, 0., 0, 0., 0, 0., 0, 0., 0, 0., 0, 0., 904, 85.28301886792453, 56, 5.283018867924528, 0, 0., 4, 0.37735849056603776, 0, 0., 0, 0., 0, 0., 161, 1041, 1202, 1060, 0.8818635607321131
, generated\gt\sample_000209.krn, generated\xml_homr\sample_000209.xml, 0, 0., 82, 7.557603686635945, 0, 0., 10, 0.9216589861751152, 0, 0., 0, 0., 2, 0.18433179723502305, 0, 0., 0, 0., 0, 0., 1, 0.09216589861751152, 0, 0., 0, 0., 0, 0., 2, 0.18433179723502305, 0, 0., 0, 0., 0, 0., 0, 0., 0, 0., 0, 0., 0, 0., 4, 0.3686635944700461, 0, 0., 0, 0., 0, 0., 0, 0., 0, 0., 0, 0., 0, 0., 0, 0., 0, 0., 914, 84.23963133640552, 66, 6.082949308755761, 0, 0., 4, 0.3686635944700461, 0, 0., 0, 0., 0, 0., 156, 1074, 1230, 1085, 0.8821138211382114
, generated\gt\sample_000425.krn, generated\xml_homr\sample_000425.xml, 0, 0., 104, 5.04364694471387, 0, 0., 109, 5.286129970902037, 0, 0., 0, 0., 0, 0., 0, 0., 0, 0., 1, 0.04849660523763336, 0, 0., 0, 0., 0, 0., 1, 0.04849660523763336, 2, 0.09699321047526673, 0, 0., 0, 0., 0, 0., 0, 0., 0, 0., 0, 0., 0, 0., 1, 0.04849660523763336, 0, 0., 0, 0., 0, 0., 0, 0., 0, 0., 0, 0., 0, 0., 0, 0., 0, 0., 1749, 84.82056256062076, 91, 4.413191076624636, 0, 0., 4, 0.19398642095053345, 0, 0., 0, 0., 0, 0., 291, 2046, 2337, 2062, 0.8823277706461276
, generated\gt\sample_000060.krn, generated\xml_homr\sample_000060.xml, 0, 0., 153, 15.0, 0, 0., 2, 0.19607843137254902, 0, 0., 0, 0., 0, 0., 0, 0., 0, 0., 9, 0.8823529411764706, 0, 0., 0, 0., 0, 0., 1, 0.09803921568627451, 0, 0., 0, 0., 0, 0., 2, 0.19607843137254902, 0, 0., 0, 0., 0, 0., 0, 0., 0, 0., 0, 0., 0, 0., 0, 0., 0, 0., 0, 0., 0, 0., 0, 0., 0, 0., 0, 0., 758, 74.31372549019608, 91, 8.92156862745098, 0, 0., 4, 0.39215686274509803, 0, 0., 0, 0., 0, 0., 205, 951, 1156, 1020, 0.8823529411764706
, generated\gt\sample_000461.krn, generated\xml_homr\sample_000461.xml, 0, 0., 234, 13.138686131386862, 0, 0., 47, 2.6389668725435147, 0, 0., 0, 0., 1, 0.05614823133071308, 0, 0., 0, 0., 0, 0., 0, 0., 0, 0., 0, 0., 3, 0.16844469399213924, 4, 0.22459292532285233, 0, 0., 0, 0., 0, 0., 0, 0., 0, 0., 0, 0., 0, 0., 10, 0.5614823133071308, 0, 0., 0, 0., 0, 0., 0, 0., 0, 0., 0, 0., 0, 0., 0, 0., 0, 0., 1299, 72.9365524985963, 179, 10.050533408197643, 0, 0., 4, 0.22459292532285233, 0, 0., 0, 0., 0, 0., 412, 1606, 2018, 1781, 0.8825569871159564
, generated\gt\sample_000406.krn, generated\xml_homr\sample_000406.xml, 0, 0., 61, 5.475763016157989, 0, 0., 0, 0., 0, 0., 0, 0., 4, 0.3590664272890485, 0, 0., 0, 0., 0, 0., 1, 0.08976660682226212, 0, 0., 0, 0., 1, 0.08976660682226212, 2, 0.17953321364452424, 1, 0.08976660682226212, 0, 0., 0, 0., 0, 0., 0, 0., 0, 0., 0, 0., 0, 0., 0, 0., 0, 0., 0, 0., 0, 0., 0, 0., 0, 0., 0, 0., 0, 0., 0, 0., 971, 87.16337522441651, 69, 6.193895870736086, 0, 0., 4, 0.3590664272890485, 0, 0., 0, 0., 0, 0., 154, 1108, 1262, 1114, 0.8827258320126783
, generated\gt\sample_000680.krn, generated\xml_homr\sample_000680.xml, 0, 0., 37, 2.8201219512195124, 2, 0.1524390243902439, 33, 2.5152439024390243, 0, 0., 0, 0., 4, 0.3048780487804878, 0, 0., 0, 0., 0, 0., 4, 0.3048780487804878, 0, 0., 0, 0., 1, 0.07621951219512195, 2, 0.1524390243902439, 0, 0., 0, 0., 0, 0., 0, 0., 0, 0., 0, 0., 0, 0., 7, 0.5335365853658537, 0, 0., 0, 0., 0, 0., 0, 0., 0, 0., 0, 0., 0, 0., 0, 0., 0, 0., 1164, 88.71951219512195, 54, 4.115853658536586, 0, 0., 4, 0.3048780487804878, 0, 0., 0, 0., 0, 0., 176, 1310, 1486, 1312, 0.882907133243607
, generated\gt\sample_000037.krn, generated\xml_homr\sample_000037.xml, 0, 0., 275, 16.54632972322503, 0, 0., 11, 0.6618531889290012, 2, 0.12033694344163658, 0, 0., 9, 0.5415162454873647, 0, 0., 0, 0., 0, 0., 6, 0.36101083032490977, 2, 0.12033694344163658, 0, 0., 3, 0.18050541516245489, 4, 0.24067388688327315, 0, 0., 0, 0., 0, 0., 0, 0., 0, 0., 0, 0., 0, 0., 0, 0., 0, 0., 0, 0., 0, 0., 0, 0., 0, 0., 0, 0., 0, 0., 0, 0., 0, 0., 1212, 72.92418772563177, 134, 8.062575210589651, 0, 0., 4, 0.24067388688327315, 0, 0., 0, 0., 0, 0., 293, 1589, 1882, 1662, 0.8831030818278427
, generated\gt\sample_000104.krn, generated\xml_homr\sample_000104.xml, 0, 0., 81, 22.31404958677686, 0, 0., 0, 0., 0, 0., 0, 0., 0, 0., 0, 0., 0, 0., 9, 2.479338842975207, 1, 0.27548209366391185, 0, 0., 0, 0., 2, 0.5509641873278237, 2, 0.5509641873278237, 0, 0., 0, 0., 0, 0., 0, 0., 0, 0., 0, 0., 0, 0., 0, 0., 0, 0., 0, 0., 0, 0., 0, 0., 0, 0., 0, 0., 0, 0., 0, 0., 0, 0., 177, 48.760330578512395, 87, 23.96694214876033, 0, 0., 4, 1.1019283746556474, 0, 0., 0, 0., 0, 0., 127, 284, 411, 363, 0.8832116788321168
, generated\gt\sample_000566.krn, generated\xml_homr\sample_000566.xml, 0, 0., 66, 4.45945945945946, 0, 0., 21, 1.4189189189189189, 0, 0., 0, 0., 2, 0.13513513513513514, 0, 0., 0, 0., 0, 0., 0, 0., 0, 0., 0, 0., 0, 0., 0, 0., 1, 0.06756756756756757, 0, 0., 0, 0., 0, 0., 0, 0., 0, 0., 0, 0., 10, 0.6756756756756757, 0, 0., 0, 0., 0, 0., 0, 0., 0, 0., 0, 0., 0, 0., 0, 0., 0, 0., 1380, 93.24324324324324, 0, 0., 0, 0., 0, 0., 0, 0., 0, 0., 0, 0., 179, 1496, 1675, 1480, 0.8835820895522388
, generated\gt\sample_000558.krn, generated\xml_homr\sample_000558.xml, 0, 0., 103, 9.671361502347418, 4, 0.3755868544600939, 8, 0.7511737089201878, 2, 0.18779342723004694, 0, 0., 1, 0.09389671361502347, 0, 0., 0, 0., 0, 0., 1, 0.09389671361502347, 0, 0., 0, 0., 1, 0.09389671361502347, 2, 0.18779342723004694, 0, 0., 0, 0., 0, 0., 0, 0., 0, 0., 0, 0., 0, 0., 4, 0.3755868544600939, 0, 0., 0, 0., 0, 0., 0, 0., 0, 0., 0, 0., 0, 0., 0, 0., 0, 0., 822, 77.1830985915493, 113, 10.610328638497652, 0, 0., 4, 0.3755868544600939, 0, 0., 0, 0., 0, 0., 203, 1002, 1205, 1065, 0.8838174273858921
, generated\gt\sample_000169.krn, generated\xml_homr\sample_000169.xml, 0, 0., 0, 0., 0, 0., 41, 2.1432305279665447, 0, 0., 0, 0., 4, 0.20909566126502874, 0, 0., 3, 0.15682174594877157, 0, 0., 1, 0.052273915316257184, 0, 0., 0, 0., 0, 0., 0, 0., 0, 0., 0, 0., 0, 0., 0, 0., 0, 0., 0, 0., 0, 0., 3, 0.15682174594877157, 0, 0., 0, 0., 0, 0., 0, 0., 0, 0., 0, 0., 0, 0., 0, 0., 0, 0., 1861, 97.28175640355462, 0, 0., 0, 0., 0, 0., 0, 0., 0, 0., 0, 0., 155, 2009, 2164, 1913, 0.884011090573013
, generated\gt\sample_000563.krn, generated\xml_homr\sample_000563.xml, 0, 0., 68, 6.193078324225866, 0, 0., 36, 3.278688524590164, 0, 0., 0, 0., 4, 0.36429872495446264, 0, 0., 0, 0., 0, 0., 0, 0., 0, 0., 0, 0., 1, 0.09107468123861566, 2, 0.18214936247723132, 0, 0., 0, 0., 2, 0.18214936247723132, 0, 0., 0, 0., 0, 0., 0, 0., 2, 0.18214936247723132, 0, 0., 0, 0., 0, 0., 0, 0., 0, 0., 0, 0., 0, 0., 0, 0., 0, 0., 901, 82.05828779599271, 78, 7.103825136612022, 0, 0., 4, 0.36429872495446264, 0, 0., 0, 0., 0, 0., 182, 1060, 1242, 1098, 0.8840579710144928
, generated\gt\sample_000495.krn, generated\xml_homr\sample_000495.xml, 0, 0., 258, 13.687002652519894, 0, 0., 67, 3.5543766578249336, 2, 0.10610079575596817, 0, 0., 4, 0.21220159151193635, 0, 0., 0, 0., 0, 0., 0, 0., 2, 0.10610079575596817, 0, 0., 1, 0.05305039787798409, 2, 0.10610079575596817, 0, 0., 0, 0., 0, 0., 0, 0., 0, 0., 0, 0., 0, 0., 7, 0.3713527851458886, 0, 0., 0, 0., 0, 0., 0, 0., 0, 0., 0, 0., 0, 0., 0, 0., 0, 0., 1357, 71.9893899204244, 181, 9.60212201591512, 0, 0., 4, 0.21220159151193635, 0, 0., 0, 0., 0, 0., 402, 1730, 2132, 1885, 0.8841463414634146
, generated\gt\sample_000474.krn, generated\xml_homr\sample_000474.xml, 0, 0., 101, 8.559322033898304, 0, 0., 44, 3.7288135593220337, 0, 0., 0, 0., 1, 0.0847457627118644, 0, 0., 0, 0., 3, 0.2542372881355932, 0, 0., 0, 0., 0, 0., 1, 0.0847457627118644, 2, 0.1694915254237288, 0, 0., 0, 0., 2, 0.1694915254237288, 0, 0., 0, 0., 0, 0., 0, 0., 2, 0.1694915254237288, 0, 0., 0, 0., 0, 0., 0, 0., 0, 0., 0, 0., 0, 0., 0, 0., 0, 0., 917, 77.71186440677967, 103, 8.728813559322035, 0, 0., 4, 0.3389830508474576, 0, 0., 0, 0., 0, 0., 220, 1114, 1334, 1180, 0.8845577211394303
, generated\gt\sample_000648.krn, generated\xml_homr\sample_000648.xml, 0, 0., 194, 11.181556195965419, 0, 0., 74, 4.265129682997118, 0, 0., 0, 0., 11, 0.6340057636887608, 0, 0., 0, 0., 0, 0., 0, 0., 0, 0., 0, 0., 0, 0., 2, 0.11527377521613832, 0, 0., 0, 0., 0, 0., 0, 0., 0, 0., 0, 0., 0, 0., 0, 0., 0, 0., 0, 0., 0, 0., 0, 0., 0, 0., 0, 0., 0, 0., 0, 0., 0, 0., 1280, 73.77521613832853, 170, 9.798270893371757, 0, 0., 4, 0.23054755043227665, 0, 0., 0, 0., 0, 0., 349, 1612, 1961, 1735, 0.8847526772055074
, generated\gt\sample_000497.krn, generated\xml_homr\sample_000497.xml, 0, 0., 0, 0., 0, 0., 44, 2.1379980563654035, 0, 0., 0, 0., 1, 0.04859086491739553, 0, 0., 0, 0., 0, 0., 0, 0., 0, 0., 0, 0., 0, 0., 0, 0., 0, 0., 0, 0., 0, 0., 0, 0., 0, 0., 0, 0., 0, 0., 5, 0.24295432458697766, 0, 0., 0, 0., 0, 0., 0, 0., 0, 0., 0, 0., 0, 0., 0, 0., 0, 0., 2008, 97.57045675413022, 0, 0., 0, 0., 0, 0., 0, 0., 0, 0., 0, 0., 162, 2164, 2326, 2058, 0.884780739466896
, generated\gt\sample_000441.krn, generated\xml_homr\sample_000441.xml, 0, 0., 63, 6.382978723404255, 0, 0., 10, 1.0131712259371835, 0, 0., 2, 0.20263424518743667, 1, 0.10131712259371833, 0, 0., 0, 0., 0, 0., 5, 0.5065856129685917, 0, 0., 0, 0., 1, 0.10131712259371833, 0, 0., 0, 0., 0, 0., 0, 0., 0, 0., 0, 0., 0, 0., 0, 0., 2, 0.20263424518743667, 0, 0., 0, 0., 0, 0., 0, 0., 0, 0., 0, 0., 0, 0., 0, 0., 0, 0., 837, 84.80243161094225, 62, 6.281661600810537, 0, 0., 4, 0.40526849037487334, 0, 0., 0, 0., 0, 0., 146, 969, 1115, 987, 0.885201793721973
, generated\gt\sample_000612.krn, generated\xml_homr\sample_000612.xml, 0, 0., 120, 11.428571428571429, 0, 0., 37, 3.5238095238095237, 0, 0., 0, 0., 5, 0.47619047619047616, 0, 0., 0, 0., 0, 0., 2, 0.19047619047619047, 4, 0.38095238095238093, 0, 0., 1, 0.09523809523809523, 1, 0.09523809523809523, 0, 0., 0, 0., 0, 0., 0, 0., 0, 0., 0, 0., 0, 0., 8, 0.7619047619047619, 0, 0., 0, 0., 0, 0., 0, 0., 0, 0., 0, 0., 0, 0., 0, 0., 0, 0., 766, 72.95238095238095, 102, 9.714285714285714, 0, 0., 4, 0.38095238095238093, 0, 0., 0, 0., 0, 0., 224, 962, 1186, 1050, 0.8853288364249579
, generated\gt\sample_000368.krn, generated\xml_homr\sample_000368.xml, 0, 0., 154, 8.02501302761855, 0, 0., 64, 3.335070349140177, 0, 0., 0, 0., 7, 0.36477331943720687, 0, 0., 0, 0., 4, 0.20844189682126107, 0, 0., 0, 0., 0, 0., 1, 0.05211047420531527, 2, 0.10422094841063054, 0, 0., 0, 0., 0, 0., 0, 0., 0, 0., 0, 0., 0, 0., 4, 0.20844189682126107, 0, 0., 0, 0., 0, 0., 0, 0., 0, 0., 0, 0., 0, 0., 0, 0., 0, 0., 1510, 78.68681605002605, 169, 8.80667014069828, 0, 0., 4, 0.20844189682126107, 0, 0., 0, 0., 0, 0., 346, 1821, 2167, 1919, 0.885556068297185
, generated\gt\sample_000053.krn, generated\xml_homr\sample_000053.xml, 0, 0., 0, 0., 0, 0., 96, 4.190309908336971, 0, 0., 0, 0., 2, 0.08729812309035356, 0, 0., 0, 0., 0, 0., 0, 0., 0, 0., 0, 0., 0, 0., 0, 0., 0, 0., 0, 0., 0, 0., 0, 0., 0, 0., 0, 0., 0, 0., 0, 0., 0, 0., 0, 0., 0, 0., 0, 0., 0, 0., 0, 0., 0, 0., 0, 0., 0, 0., 2193, 95.72239196857268, 0, 0., 0, 0., 0, 0., 0, 0., 0, 0., 0, 0., 198, 2389, 2587, 2291, 0.8855817549284886
, generated\gt\sample_000342.krn, generated\xml_homr\sample_000342.xml, 0, 0., 71, 6.442831215970962, 0, 0., 16, 1.4519056261343013, 0, 0., 0, 0., 0, 0., 0, 0., 0, 0., 0, 0., 0, 0., 0, 0., 0, 0., 3, 0.27223230490018147, 0, 0., 0, 0., 0, 0., 0, 0., 0, 0., 0, 0., 0, 0., 0, 0., 6, 0.5444646098003629, 0, 0., 0, 0., 0, 0., 0, 0., 0, 0., 0, 0., 0, 0., 0, 0., 0, 0., 921, 83.57531760435572, 81, 7.3502722323049, 0, 0., 4, 0.3629764065335753, 0, 0., 0, 0., 0, 0., 170, 1074, 1244, 1102, 0.8858520900321544
, generated\gt\sample_000472.krn, generated\xml_homr\sample_000472.xml, 0, 0., 149, 9.271935283136278, 0, 0., 55, 3.4225264467952705, 0, 0., 0, 0., 4, 0.24891101431238333, 0, 0., 0, 0., 8, 0.49782202862476665, 0, 0., 0, 0., 0, 0., 1, 0.06222775357809583, 2, 0.12445550715619166, 0, 0., 0, 0., 2, 0.12445550715619166, 0, 0., 0, 0., 0, 0., 0, 0., 6, 0.37336652146857496, 0, 0., 0, 0., 0, 0., 0, 0., 0, 0., 0, 0., 0, 0., 0, 0., 0, 0., 1244, 77.41132545115121, 132, 8.21406347230865, 0, 0., 4, 0.24891101431238333, 0, 0., 0, 0., 0, 0., 303, 1511, 1814, 1607, 0.8858875413450937
, generated\gt\sample_000682.krn, generated\xml_homr\sample_000682.xml, 0, 0., 70, 4.527813712807244, 0, 0., 32, 2.069857697283312, 0, 0., 0, 0., 8, 0.517464424320828, 0, 0., 0, 0., 0, 0., 5, 0.32341526520051744, 1, 0.0646830530401035, 0, 0., 3, 0.19404915912031048, 2, 0.129366106080207, 0, 0., 0, 0., 0, 0., 0, 0., 0, 0., 0, 0., 0, 0., 9, 0.5821474773609314, 0, 0., 0, 0., 0, 0., 0, 0., 0, 0., 0, 0., 0, 0., 0, 0., 0, 0., 1320, 85.38163001293661, 92, 5.950840879689522, 0, 0., 4, 0.258732212160414, 0, 0., 0, 0., 0, 0., 231, 1514, 1745, 1546, 0.8859598853868195
, generated\gt\sample_000577.krn, generated\xml_homr\sample_000577.xml, 0, 0., 64, 3.839232153569286, 0, 0., 44, 2.6394721055788843, 0, 0., 0, 0., 2, 0.11997600479904019, 0, 0., 0, 0., 0, 0., 1, 0.059988002399520096, 0, 0., 0, 0., 1, 0.059988002399520096, 0, 0., 0, 0., 0, 0., 0, 0., 0, 0., 0, 0., 0, 0., 0, 0., 1, 0.059988002399520096, 0, 0., 0, 0., 0, 0., 0, 0., 0, 0., 0, 0., 0, 0., 0, 0., 0, 0., 1481, 88.84223155368926, 69, 4.139172165566887, 0, 0., 4, 0.23995200959808038, 0, 0., 0, 0., 0, 0., 205, 1676, 1881, 1667, 0.8862307283359915
, generated\gt\sample_000351.krn, generated\xml_homr\sample_000351.xml, 0, 0., 0, 0., 0, 0., 0, 0., 0, 0., 0, 0., 0, 0., 0, 0., 0, 0., 1, 0.11668611435239207, 0, 0., 0, 0., 0, 0., 0, 0., 3, 0.3500583430571762, 0, 0., 0, 0., 0, 0., 0, 0., 0, 0., 0, 0., 0, 0., 2, 0.23337222870478413, 0, 0., 0, 0., 0, 0., 0, 0., 0, 0., 0, 0., 0, 0., 0, 0., 0, 0., 851, 99.29988331388564, 0, 0., 0, 0., 0, 0., 0, 0., 0, 0., 0, 0., 59, 908, 967, 857, 0.8862461220268872
, generated\gt\sample_000435.krn, generated\xml_homr\sample_000435.xml, 0, 0., 84, 7.806691449814126, 0, 0., 11, 1.0223048327137547, 0, 0., 0, 0., 3, 0.2788104089219331, 0, 0., 0, 0., 1, 0.09293680297397769, 4, 0.37174721189591076, 1, 0.09293680297397769, 0, 0., 3, 0.2788104089219331, 0, 0., 0, 0., 0, 0., 4, 0.37174721189591076, 0, 0., 0, 0., 0, 0., 0, 0., 3, 0.2788104089219331, 0, 0., 0, 0., 0, 0., 0, 0., 0, 0., 0, 0., 0, 0., 0, 0., 0, 0., 858, 79.73977695167287, 100, 9.293680297397769, 0, 0., 4, 0.37174721189591076, 0, 0., 0, 0., 0, 0., 190, 1024, 1214, 1076, 0.886326194398682
, generated\gt\sample_000660.krn, generated\xml_homr\sample_000660.xml, 0, 0., 37, 6.313993174061434, 0, 0., 7, 1.1945392491467577, 0, 0., 2, 0.3412969283276451, 0, 0., 0, 0., 0, 0., 0, 0., 0, 0., 0, 0., 0, 0., 1, 0.17064846416382254, 3, 0.5119453924914675, 0, 0., 0, 0., 0, 0., 0, 0., 0, 0., 0, 0., 0, 0., 3, 0.5119453924914675, 0, 0., 0, 0., 0, 0., 0, 0., 0, 0., 0, 0., 0, 0., 0, 0., 0, 0., 517, 88.22525597269625, 12, 2.04778156996587, 0, 0., 4, 0.6825938566552902, 0, 0., 0, 0., 0, 0., 72, 589, 661, 586, 0.886535552193646
, generated\gt\sample_000600.krn, generated\xml_homr\sample_000600.xml, 0, 0., 60, 7.109004739336493, 0, 0., 14, 1.6587677725118484, 0, 0., 0, 0., 6, 0.7109004739336493, 0, 0., 0, 0., 0, 0., 14, 1.6587677725118484, 1, 0.11848341232227488, 0, 0., 1, 0.11848341232227488, 2, 0.23696682464454977, 4, 0.47393364928909953, 0, 0., 1, 0.11848341232227488, 0, 0., 0, 0., 0, 0., 0, 0., 0, 0., 0, 0., 0, 0., 0, 0., 0, 0., 0, 0., 0, 0., 0, 0., 0, 0., 0, 0., 674, 79.85781990521328, 63, 7.464454976303317, 0, 0., 4, 0.47393364928909953, 0, 0., 0, 0., 0, 0., 143, 809, 952, 844, 0.8865546218487395
, generated\gt\sample_000579.krn, generated\xml_homr\sample_000579.xml, 0, 0., 28, 1.8276762402088773, 0, 0., 44, 2.8720626631853787, 0, 0., 0, 0., 0, 0., 0, 0., 0, 0., 2, 0.13054830287206268, 0, 0., 1, 0.06527415143603134, 0, 0., 1, 0.06527415143603134, 0, 0., 0, 0., 0, 0., 0, 0., 0, 0., 0, 0., 0, 0., 0, 0., 3, 0.195822454308094, 0, 0., 0, 0., 0, 0., 0, 0., 0, 0., 0, 0., 0, 0., 0, 0., 0, 0., 1412, 92.16710182767623, 37, 2.4151436031331595, 0, 0., 4, 0.26109660574412535, 0, 0., 0, 0., 0, 0., 167, 1561, 1728, 1532, 0.8865740740740741
, generated\gt\sample_000451.krn, generated\xml_homr\sample_000451.xml, 0, 0., 130, 9.495982468955441, 0, 0., 51, 3.7253469685902116, 0, 0., 0, 0., 3, 0.2191380569758948, 0, 0., 0, 0., 2, 0.14609203798392986, 3, 0.2191380569758948, 0, 0., 0, 0., 1, 0.07304601899196493, 0, 0., 0, 0., 0, 0., 2, 0.14609203798392986, 0, 0., 0, 0., 0, 0., 0, 0., 0, 0., 0, 0., 0, 0., 0, 0., 0, 0., 0, 0., 0, 0., 0, 0., 0, 0., 0, 0., 1050, 76.69831994156318, 123, 8.984660336011688, 0, 0., 4, 0.2921840759678597, 0, 0., 0, 0., 0, 0., 248, 1296, 1544, 1369, 0.8866580310880829
, generated\gt\sample_000486.krn, generated\xml_homr\sample_000486.xml, 0, 0., 65, 6.6462167689161555, 0, 0., 32, 3.2719836400817996, 0, 0., 0, 0., 4, 0.40899795501022496, 0, 0., 3, 0.3067484662576687, 0, 0., 11, 1.1247443762781186, 1, 0.10224948875255624, 0, 0., 1, 0.10224948875255624, 2, 0.20449897750511248, 0, 0., 0, 0., 0, 0., 0, 0., 0, 0., 0, 0., 0, 0., 3, 0.3067484662576687, 0, 0., 0, 0., 0, 0., 0, 0., 0, 0., 0, 0., 0, 0., 0, 0., 0, 0., 795, 81.28834355828221, 57, 5.828220858895706, 0, 0., 4, 0.40899795501022496, 0, 0., 0, 0., 0, 0., 154, 949, 1103, 978, 0.886672710788758
, generated\gt\sample_000187.krn, generated\xml_homr\sample_000187.xml, 0, 0., 0, 0., 0, 0., 46, 2.4274406332453826, 0, 0., 0, 0., 3, 0.158311345646438, 0, 0., 0, 0., 0, 0., 1, 0.052770448548812667, 0, 0., 0, 0., 0, 0., 0, 0., 0, 0., 0, 0., 0, 0., 0, 0., 0, 0., 0, 0., 0, 0., 6, 0.316622691292876, 0, 0., 0, 0., 0, 0., 0, 0., 0, 0., 0, 0., 0, 0., 0, 0., 0, 0., 1839, 97.04485488126649, 0, 0., 0, 0., 0, 0., 0, 0., 0, 0., 0, 0., 153, 1984, 2137, 1895, 0.886757136172204
, generated\gt\sample_000091.krn, generated\xml_homr\sample_000091.xml, 0, 0., 52, 3.254067584480601, 0, 0., 9, 0.5632040050062578, 0, 0., 0, 0., 4, 0.2503128911138924, 0, 0., 15, 0.9386733416770964, 1, 0.0625782227784731, 0, 0., 0, 0., 0, 0., 3, 0.18773466833541927, 0, 0., 0, 0., 0, 0., 4, 0.2503128911138924, 0, 0., 0, 0., 0, 0., 0, 0., 8, 0.5006257822277848, 0, 0., 0, 0., 0, 0., 0, 0., 0, 0., 0, 0., 0, 0., 0, 0., 0, 0., 1426, 89.23654568210263, 72, 4.505632040050062, 0, 0., 4, 0.2503128911138924, 0, 0., 0, 0., 0, 0., 225, 1577, 1802, 1598, 0.8867924528301887
, generated\gt\sample_000210.krn, generated\xml_homr\sample_000210.xml, 0, 0., 13, 1.0734929810074318, 0, 0., 27, 2.2295623451692816, 0, 0., 0, 0., 0, 0., 0, 0., 0, 0., 0, 0., 3, 0.2477291494632535, 0, 0., 0, 0., 1, 0.08257638315441784, 0, 0., 0, 0., 0, 0., 0, 0., 0, 0., 0, 0., 0, 0., 0, 0., 1, 0.08257638315441784, 0, 0., 0, 0., 0, 0., 0, 0., 0, 0., 0, 0., 0, 0., 0, 0., 0, 0., 1140, 94.13707679603634, 22, 1.8166804293971923, 0, 0., 4, 0.33030553261767137, 0, 0., 0, 0., 0, 0., 119, 1246, 1365, 1211, 0.8871794871794871
, generated\gt\sample_000479.krn, generated\xml_homr\sample_000479.xml, 0, 0., 0, 0., 0, 0., 40, 1.9841269841269842, 0, 0., 0, 0., 6, 0.2976190476190476, 0, 0., 0, 0., 0, 0., 0, 0., 0, 0., 0, 0., 0, 0., 0, 0., 0, 0., 0, 0., 0, 0., 0, 0., 0, 0., 0, 0., 0, 0., 9, 0.44642857142857145, 0, 0., 0, 0., 0, 0., 0, 0., 0, 0., 0, 0., 0, 0., 0, 0., 0, 0., 1961, 97.27182539682539, 0, 0., 0, 0., 0, 0., 0, 0., 0, 0., 0, 0., 163, 2109, 2272, 2016, 0.8873239436619719
, generated\gt\sample_000478.krn, generated\xml_homr\sample_000478.xml, 0, 0., 224, 15.114709851551957, 0, 0., 48, 3.2388663967611335, 0, 0., 0, 0., 1, 0.06747638326585695, 0, 0., 0, 0., 0, 0., 0, 0., 0, 0., 0, 0., 2, 0.1349527665317139, 1, 0.06747638326585695, 0, 0., 0, 0., 0, 0., 0, 0., 0, 0., 0, 0., 0, 0., 7, 0.47233468286099867, 0, 0., 0, 0., 0, 0., 0, 0., 0, 0., 0, 0., 0, 0., 0, 0., 0, 0., 963, 64.97975708502024, 232, 15.654520917678813, 0, 0., 4, 0.2699055330634278, 0, 0., 0, 0., 0, 0., 363, 1307, 1670, 1482, 0.8874251497005988
, generated\gt\sample_000572.krn, generated\xml_homr\sample_000572.xml, 0, 0., 0, 0., 0, 0., 14, 0.7272727272727273, 0, 0., 0, 0., 0, 0., 0, 0., 0, 0., 1, 0.05194805194805195, 0, 0., 1, 0.05194805194805195, 0, 0., 0, 0., 0, 0., 0, 0., 0, 0., 0, 0., 0, 0., 0, 0., 0, 0., 0, 0., 8, 0.4155844155844156, 0, 0., 0, 0., 0, 0., 0, 0., 0, 0., 0, 0., 0, 0., 0, 0., 0, 0., 1901, 98.75324675324676, 0, 0., 0, 0., 0, 0., 0, 0., 0, 0., 0, 0., 139, 2030, 2169, 1925, 0.8875057630244352
, generated\gt\sample_000136.krn, generated\xml_homr\sample_000136.xml, 0, 0., 142, 9.826989619377162, 0, 0., 25, 1.7301038062283738, 0, 0., 0, 0., 4, 0.2768166089965398, 0, 0., 0, 0., 0, 0., 2, 0.1384083044982699, 4, 0.2768166089965398, 0, 0., 1, 0.06920415224913495, 2, 0.1384083044982699, 0, 0., 0, 0., 0, 0., 0, 0., 0, 0., 0, 0., 0, 0., 7, 0.4844290657439446, 0, 0., 0, 0., 0, 0., 0, 0., 0, 0., 0, 0., 0, 0., 0, 0., 0, 0., 1174, 81.24567474048443, 80, 5.536332179930795, 0, 0., 4, 0.2768166089965398, 0, 0., 0, 0., 0, 0., 231, 1397, 1628, 1445, 0.8875921375921376
, generated\gt\sample_000141.krn, generated\xml_homr\sample_000141.xml, 0, 0., 117, 12.77292576419214, 8, 0.8733624454148472, 0, 0., 0, 0., 0, 0., 0, 0., 0, 0., 0, 0., 0, 0., 1, 0.1091703056768559, 0, 0., 0, 0., 3, 0.32751091703056767, 8, 0.8733624454148472, 0, 0., 0, 0., 6, 0.6550218340611353, 0, 0., 0, 0., 0, 0., 0, 0., 0, 0., 0, 0., 0, 0., 0, 0., 0, 0., 0, 0., 0, 0., 0, 0., 0, 0., 0, 0., 677, 73.90829694323143, 92, 10.043668122270743, 0, 0., 4, 0.4366812227074236, 0, 0., 0, 0., 0, 0., 194, 838, 1032, 916, 0.8875968992248062
, generated\gt\sample_000599.krn, generated\xml_homr\sample_000599.xml, 0, 0., 152, 14.13953488372093, 0, 0., 18, 1.6744186046511629, 0, 0., 1, 0.09302325581395349, 1, 0.09302325581395349, 0, 0., 0, 0., 1, 0.09302325581395349, 0, 0., 0, 0., 0, 0., 1, 0.09302325581395349, 0, 0., 0, 0., 0, 0., 2, 0.18604651162790697, 0, 0., 0, 0., 0, 0., 0, 0., 5, 0.46511627906976744, 0, 0., 0, 0., 0, 0., 0, 0., 0, 0., 0, 0., 0, 0., 0, 0., 0, 0., 791, 73.5813953488372, 99, 9.209302325581396, 0, 0., 4, 0.37209302325581395, 0, 0., 0, 0., 0, 0., 209, 1002, 1211, 1075, 0.8876961189099918
, generated\gt\sample_000419.krn, generated\xml_homr\sample_000419.xml, 0, 0., 114, 5.415676959619953, 0, 0., 71, 3.3729216152019004, 0, 0., 0, 0., 2, 0.09501187648456057, 0, 0., 0, 0., 0, 0., 0, 0., 0, 0., 0, 0., 0, 0., 0, 0., 0, 0., 0, 0., 0, 0., 0, 0., 0, 0., 0, 0., 0, 0., 8, 0.38004750593824227, 0, 0., 0, 0., 0, 0., 0, 0., 0, 0., 0, 0., 0, 0., 0, 0., 0, 0., 1910, 90.73634204275534, 0, 0., 0, 0., 0, 0., 0, 0., 0, 0., 0, 0., 213, 2158, 2371, 2105, 0.8878110501897933
, generated\gt\sample_000290.krn, generated\xml_homr\sample_000290.xml, 0, 0., 156, 13.242784380305602, 4, 0.3395585738539898, 4, 0.3395585738539898, 2, 0.1697792869269949, 0, 0., 1, 0.08488964346349745, 0, 0., 0, 0., 0, 0., 12, 1.0186757215619695, 0, 0., 0, 0., 3, 0.2546689303904924, 4, 0.3395585738539898, 0, 0., 0, 0., 0, 0., 0, 0., 0, 0., 0, 0., 0, 0., 0, 0., 0, 0., 0, 0., 0, 0., 0, 0., 0, 0., 0, 0., 0, 0., 0, 0., 0, 0., 830, 70.45840407470288, 158, 13.412563667232597, 0, 0., 4, 0.3395585738539898, 0, 0., 0, 0., 0, 0., 335, 991, 1326, 1178, 0.8883861236802413
, generated\gt\sample_000043.krn, generated\xml_homr\sample_000043.xml, 0, 0., 64, 10.561056105610561, 0, 0., 12, 1.9801980198019802, 0, 0., 0, 0., 4, 0.6600660066006601, 0, 0., 0, 0., 0, 0., 0, 0., 0, 0., 0, 0., 1, 0.16501650165016502, 2, 0.33003300330033003, 2, 0.33003300330033003, 0, 0., 0, 0., 0, 0., 0, 0., 0, 0., 0, 0., 1, 0.16501650165016502, 0, 0., 0, 0., 0, 0., 0, 0., 0, 0., 0, 0., 0, 0., 0, 0., 0, 0., 445, 73.43234323432343, 71, 11.716171617161717, 0, 0., 4, 0.6600660066006601, 0, 0., 0, 0., 0, 0., 129, 553, 682, 606, 0.8885630498533724
, generated\gt\sample_000331.krn, generated\xml_homr\sample_000331.xml, 0, 0., 199, 15.121580547112462, 0, 0., 38, 2.8875379939209727, 0, 0., 0, 0., 3, 0.22796352583586627, 0, 0., 0, 0., 1, 0.07598784194528875, 0, 0., 0, 0., 0, 0., 1, 0.07598784194528875, 2, 0.1519756838905775, 0, 0., 0, 0., 2, 0.1519756838905775, 0, 0., 0, 0., 0, 0., 0, 0., 3, 0.22796352583586627, 0, 0., 0, 0., 0, 0., 0, 0., 0, 0., 0, 0., 0, 0., 0, 0., 0, 0., 934, 70.9726443768997, 129, 9.80243161094225, 0, 0., 4, 0.303951367781155, 0, 0., 0, 0., 0, 0., 288, 1193, 1481, 1316, 0.888588791357191
, generated\gt\sample_000014.krn, generated\xml_homr\sample_000014.xml, 0, 0., 268, 15.115623237450649, 0, 0., 2, 0.11280315848843768, 1, 0.05640157924421884, 0, 0., 4, 0.22560631697687536, 0, 0., 0, 0., 0, 0., 18, 1.015228426395939, 4, 0.22560631697687536, 0, 0., 1, 0.05640157924421884, 4, 0.22560631697687536, 3, 0.1692047377326565, 0, 0., 0, 0., 0, 0., 0, 0., 0, 0., 0, 0., 0, 0., 0, 0., 0, 0., 0, 0., 0, 0., 0, 0., 0, 0., 0, 0., 0, 0., 0, 0., 1276, 71.96841511562323, 188, 10.603496897913141, 0, 0., 4, 0.22560631697687536, 0, 0., 0, 0., 0, 0., 390, 1605, 1995, 1773, 0.8887218045112782
, generated\gt\sample_000132.krn, generated\xml_homr\sample_000132.xml, 0, 0., 0, 0., 0, 0., 54, 2.7480916030534353, 0, 0., 0, 0., 0, 0., 0, 0., 0, 0., 0, 0., 0, 0., 0, 0., 0, 0., 0, 0., 3, 0.15267175572519084, 1, 0.05089058524173028, 0, 0., 0, 0., 0, 0., 0, 0., 0, 0., 0, 0., 4, 0.2035623409669211, 0, 0., 0, 0., 0, 0., 0, 0., 0, 0., 0, 0., 0, 0., 0, 0., 0, 0., 1903, 96.84478371501272, 0, 0., 0, 0., 0, 0., 0, 0., 0, 0., 0, 0., 156, 2055, 2211, 1965, 0.8887381275440976
, generated\gt\sample_000023.krn, generated\xml_homr\sample_000023.xml, 0, 0., 168, 7.365190705830776, 0, 0., 77, 3.3757124068391056, 0, 0., 0, 0., 19, 0.8329679964927663, 0, 0., 0, 0., 4, 0.17536168347216133, 0, 0., 0, 0., 0, 0., 1, 0.04384042086804033, 4, 0.17536168347216133, 4, 0.17536168347216133, 0, 0., 2, 0.08768084173608066, 0, 0., 0, 0., 0, 0., 0, 0., 0, 0., 0, 0., 0, 0., 0, 0., 0, 0., 0, 0., 0, 0., 0, 0., 0, 0., 0, 0., 1825, 80.00876808417361, 173, 7.584392810170978, 0, 0., 4, 0.17536168347216133, 0, 0., 0, 0., 0, 0., 397, 2169, 2566, 2281, 0.8889321901792674
, generated\gt\sample_000403.krn, generated\xml_homr\sample_000403.xml, 0, 0., 0, 0., 0, 0., 80, 3.717472118959108, 0, 0., 0, 0., 5, 0.23234200743494424, 0, 0., 0, 0., 0, 0., 0, 0., 0, 0., 0, 0., 0, 0., 0, 0., 1, 0.046468401486988845, 0, 0., 0, 0., 0, 0., 0, 0., 0, 0., 0, 0., 1, 0.046468401486988845, 0, 0., 0, 0., 0, 0., 0, 0., 0, 0., 0, 0., 0, 0., 0, 0., 0, 0., 2065, 95.95724907063197, 0, 0., 0, 0., 0, 0., 0, 0., 0, 0., 0, 0., 181, 2239, 2420, 2152, 0.8892561983471075
, generated\gt\sample_000164.krn, generated\xml_homr\sample_000164.xml, 0, 0., 122, 7.1806945261918775, 0, 0., 46, 2.707474985285462, 0, 0., 0, 0., 4, 0.23543260741612712, 0, 0., 0, 0., 3, 0.17657445556209536, 1, 0.05885815185403178, 0, 0., 0, 0., 1, 0.05885815185403178, 0, 0., 0, 0., 0, 0., 2, 0.11771630370806356, 0, 0., 0, 0., 0, 0., 0, 0., 0, 0., 0, 0., 0, 0., 0, 0., 0, 0., 0, 0., 0, 0., 0, 0., 0, 0., 0, 0., 1381, 81.2831077104179, 135, 7.9458505002942905, 0, 0., 4, 0.23543260741612712, 0, 0., 0, 0., 0, 0., 279, 1631, 1910, 1699, 0.8895287958115183
, generated\gt\sample_000211.krn, generated\xml_homr\sample_000211.xml, 0, 0., 93, 7.398568019093079, 0, 0., 36, 2.863961813842482, 0, 0., 0, 0., 0, 0., 0, 0., 0, 0., 0, 0., 0, 0., 0, 0., 0, 0., 1, 0.07955449482895784, 2, 0.15910898965791567, 0, 0., 0, 0., 4, 0.31821797931583135, 0, 0., 0, 0., 0, 0., 0, 0., 5, 0.39777247414478917, 0, 0., 0, 0., 0, 0., 0, 0., 0, 0., 0, 0., 0, 0., 0, 0., 0, 0., 1027, 81.7024661893397, 85, 6.762132060461416, 0, 0., 4, 0.31821797931583135, 0, 0., 0, 0., 0, 0., 197, 1216, 1413, 1257, 0.8895966029723992
, generated\gt\sample_000024.krn, generated\xml_homr\sample_000024.xml, 0, 0., 294, 11.995104039167687, 0, 0., 80, 3.2639738882088944, 0, 0., 0, 0., 0, 0., 0, 0., 0, 0., 1, 0.04079967360261118, 0, 0., 0, 0., 0, 0., 1, 0.04079967360261118, 0, 0., 0, 0., 0, 0., 2, 0.08159934720522236, 0, 0., 0, 0., 0, 0., 0, 0., 0, 0., 0, 0., 0, 0., 0, 0., 0, 0., 0, 0., 0, 0., 0, 0., 0, 0., 0, 0., 1913, 78.04977560179519, 156, 6.364749082007344, 0, 0., 4, 0.1631986944104447, 0, 0., 0, 0., 0, 0., 433, 2322, 2755, 2451, 0.8896551724137931
, generated\gt\sample_000176.krn, generated\xml_homr\sample_000176.xml, 0, 0., 95, 8.064516129032258, 0, 0., 40, 3.395585738539898, 0, 0., 0, 0., 2, 0.1697792869269949, 0, 0., 0, 0., 8, 0.6791171477079796, 0, 0., 0, 0., 0, 0., 1, 0.08488964346349745, 4, 0.3395585738539898, 0, 0., 0, 0., 2, 0.1697792869269949, 0, 0., 0, 0., 0, 0., 0, 0., 5, 0.4244482173174873, 0, 0., 0, 0., 0, 0., 0, 0., 0, 0., 0, 0., 0, 0., 0, 0., 0, 0., 911, 77.33446519524618, 106, 8.99830220713073, 0, 0., 4, 0.3395585738539898, 0, 0., 0, 0., 0, 0., 222, 1102, 1324, 1178, 0.8897280966767371
, generated\gt\sample_000382.krn, generated\xml_homr\sample_000382.xml, 0, 0., 101, 5.02988047808765, 0, 0., 28, 1.3944223107569722, 0, 0., 0, 0., 9, 0.448207171314741, 0, 0., 0, 0., 0, 0., 0, 0., 0, 0., 0, 0., 5, 0.24900398406374502, 1, 0.049800796812749, 0, 0., 0, 0., 0, 0., 0, 0., 0, 0., 0, 0., 0, 0., 19, 0.9462151394422311, 0, 0., 0, 0., 0, 0., 0, 0., 0, 0., 0, 0., 0, 0., 0, 0., 0, 0., 1713, 85.30876494023904, 128, 6.374501992031872, 0, 0., 4, 0.199203187250996, 0, 0., 0, 0., 0, 0., 299, 1957, 2256, 2008, 0.8900709219858156
, generated\gt\sample_000029.krn, generated\xml_homr\sample_000029.xml, 0, 0., 93, 10.119695321001089, 0, 0., 15, 1.632208922742111, 0, 0., 4, 0.4352557127312296, 6, 0.6528835690968444, 0, 0., 0, 0., 1, 0.1088139281828074, 0, 0., 0, 0., 0, 0., 1, 0.1088139281828074, 1, 0.1088139281828074, 0, 0., 0, 0., 0, 0., 0, 0., 0, 0., 0, 0., 0, 0., 1, 0.1088139281828074, 0, 0., 0, 0., 0, 0., 0, 0., 0, 0., 0, 0., 0, 0., 0, 0., 0, 0., 743, 80.8487486398259, 50, 5.44069640914037, 0, 0., 4, 0.4352557127312296, 0, 0., 0, 0., 0, 0., 150, 882, 1032, 919, 0.8905038759689923
, generated\gt\sample_000323.krn, generated\xml_homr\sample_000323.xml, 0, 0., 198, 10.957387935805203, 0, 0., 35, 1.936912008854455, 0, 0., 0, 0., 7, 0.387382401770891, 0, 0., 0, 0., 3, 0.16602102933038185, 0, 0., 1, 0.05534034311012728, 0, 0., 2, 0.11068068622025456, 2, 0.11068068622025456, 0, 0., 0, 0., 0, 0., 0, 0., 0, 0., 0, 0., 0, 0., 7, 0.387382401770891, 0, 0., 0, 0., 0, 0., 0, 0., 0, 0., 0, 0., 0, 0., 0, 0., 0, 0., 1407, 77.86386275594909, 141, 7.802988378527947, 0, 0., 4, 0.22136137244050913, 0, 0., 0, 0., 0, 0., 319, 1710, 2029, 1807, 0.8905864958107442
, generated\gt\sample_000671.krn, generated\xml_homr\sample_000671.xml, 0, 0., 241, 11.984087518647438, 0, 0., 65, 3.232222774738936, 0, 0., 0, 0., 9, 0.44753853804077576, 0, 0., 0, 0., 0, 0., 0, 0., 1, 0.04972650422675286, 0, 0., 1, 0.04972650422675286, 2, 0.09945300845350571, 0, 0., 0, 0., 0, 0., 0, 0., 0, 0., 0, 0., 0, 0., 2, 0.09945300845350571, 0, 0., 0, 0., 0, 0., 0, 0., 0, 0., 0, 0., 0, 0., 0, 0., 0, 0., 1487, 73.9433117851815, 199, 9.895574341123819, 0, 0., 4, 0.19890601690701143, 0, 0., 0, 0., 0, 0., 404, 1854, 2258, 2011, 0.8906111603188662
, generated\gt\sample_000148.krn, generated\xml_homr\sample_000148.xml, 0, 0., 142, 7.186234817813765, 0, 0., 64, 3.2388663967611335, 0, 0., 0, 0., 5, 0.25303643724696356, 0, 0., 0, 0., 0, 0., 0, 0., 0, 0., 0, 0., 1, 0.05060728744939271, 2, 0.10121457489878542, 0, 0., 0, 0., 0, 0., 0, 0., 0, 0., 0, 0., 0, 0., 0, 0., 0, 0., 0, 0., 0, 0., 0, 0., 0, 0., 0, 0., 0, 0., 0, 0., 0, 0., 1662, 84.10931174089069, 96, 4.8582995951417, 0, 0., 4, 0.20242914979757085, 0, 0., 0, 0., 0, 0., 292, 1926, 2218, 1976, 0.890892696122633
, generated\gt\sample_000001.krn, generated\xml_homr\sample_000001.xml, 0, 0., 119, 6.243441762854145, 0, 0., 66, 3.4627492130115427, 0, 0., 0, 0., 0, 0., 0, 0., 0, 0., 0, 0., 14, 0.7345225603357818, 0, 0., 0, 0., 1, 0.05246589716684155, 2, 0.1049317943336831, 0, 0., 0, 0., 0, 0., 0, 0., 0, 0., 0, 0., 0, 0., 7, 0.3672612801678909, 0, 0., 0, 0., 0, 0., 0, 0., 0, 0., 0, 0., 0, 0., 0, 0., 0, 0., 1597, 83.78803777544596, 96, 5.036726128016789, 0, 0., 4, 0.2098635886673662, 0, 0., 0, 0., 0, 0., 294, 1844, 2138, 1906, 0.8914873713751169
, generated\gt\sample_000006.krn, generated\xml_homr\sample_000006.xml, 0, 0., 262, 14.547473625763464, 0, 0., 93, 5.163797890061077, 0, 0., 0, 0., 2, 0.1110494169905608, 0, 0., 0, 0., 0, 0., 0, 0., 0, 0., 0, 0., 0, 0., 2, 0.1110494169905608, 3, 0.1665741254858412, 0, 0., 0, 0., 0, 0., 0, 0., 0, 0., 0, 0., 0, 0., 0, 0., 0, 0., 0, 0., 0, 0., 0, 0., 0, 0., 0, 0., 0, 0., 0, 0., 1361, 75.56912826207662, 74, 4.1088284286507495, 0, 0., 4, 0.2220988339811216, 0, 0., 0, 0., 0, 0., 325, 1695, 2020, 1801, 0.8915841584158416
, generated\gt\sample_000614.krn, generated\xml_homr\sample_000614.xml, 0, 0., 84, 7.361963190184049, 0, 0., 25, 2.1910604732690624, 0, 0., 0, 0., 5, 0.43821209465381245, 0, 0., 0, 0., 0, 0., 4, 0.35056967572305, 6, 0.5258545135845749, 0, 0., 1, 0.0876424189307625, 1, 0.0876424189307625, 0, 0., 0, 0., 0, 0., 0, 0., 0, 0., 0, 0., 0, 0., 6, 0.5258545135845749, 0, 0., 0, 0., 0, 0., 0, 0., 0, 0., 0, 0., 0, 0., 0, 0., 0, 0., 918, 80.45574057843997, 87, 7.6248904469763366, 0, 0., 4, 0.35056967572305, 0, 0., 0, 0., 0, 0., 185, 1094, 1279, 1141, 0.8921032056293979
, generated\gt\sample_000557.krn, generated\xml_homr\sample_000557.xml, 0, 0., 92, 10.267857142857142, 0, 0., 6, 0.6696428571428571, 0, 0., 0, 0., 0, 0., 0, 0., 0, 0., 0, 0., 3, 0.33482142857142855, 0, 0., 0, 0., 1, 0.11160714285714286, 0, 0., 0, 0., 0, 0., 0, 0., 0, 0., 0, 0., 0, 0., 0, 0., 4, 0.44642857142857145, 0, 0., 0, 0., 0, 0., 0, 0., 0, 0., 0, 0., 0, 0., 0, 0., 0, 0., 705, 78.68303571428571, 81, 9.040178571428571, 0, 0., 4, 0.44642857142857145, 0, 0., 0, 0., 0, 0., 153, 851, 1004, 896, 0.8924302788844621
, generated\gt\sample_000548.krn, generated\xml_homr\sample_000548.xml, 0, 0., 135, 7.131537242472266, 0, 0., 73, 3.856312731114633, 0, 0., 0, 0., 3, 0.15847860538827258, 0, 0., 0, 0., 0, 0., 0, 0., 1, 0.05282620179609086, 0, 0., 3, 0.15847860538827258, 2, 0.10565240359218173, 0, 0., 0, 0., 0, 0., 0, 0., 0, 0., 0, 0., 0, 0., 5, 0.26413100898045433, 0, 0., 0, 0., 0, 0., 0, 0., 0, 0., 0, 0., 0, 0., 0, 0., 0, 0., 1597, 84.3634442683571, 70, 3.6978341257263603, 0, 0., 4, 0.21130480718436345, 0, 0., 0, 0., 0, 0., 285, 1836, 2121, 1893, 0.8925035360678925
, generated\gt\sample_000651.krn, generated\xml_homr\sample_000651.xml, 0, 0., 141, 7.011437095972153, 2, 0.09945300845350571, 58, 2.884137245151666, 0, 0., 0, 0., 1, 0.04972650422675286, 0, 0., 0, 0., 0, 0., 0, 0., 0, 0., 0, 0., 1, 0.04972650422675286, 2, 0.09945300845350571, 0, 0., 0, 0., 0, 0., 0, 0., 0, 0., 0, 0., 0, 0., 0, 0., 0, 0., 0, 0., 0, 0., 0, 0., 0, 0., 0, 0., 0, 0., 0, 0., 0, 0., 1649, 81.99900546991546, 153, 7.608155146693187, 0, 0., 4, 0.19890601690701143, 0, 0., 0, 0., 0, 0., 313, 1940, 2253, 2011, 0.8925876608965824
, generated\gt\sample_000039.krn, generated\xml_homr\sample_000039.xml, 0, 0., 113, 10.43397968605725, 0, 0., 10, 0.9233610341643582, 0, 0., 0, 0., 9, 0.8310249307479224, 0, 0., 0, 0., 0, 0., 0, 0., 0, 0., 0, 0., 1, 0.09233610341643583, 2, 0.18467220683287167, 2, 0.18467220683287167, 0, 0., 0, 0., 0, 0., 0, 0., 0, 0., 0, 0., 3, 0.2770083102493075, 0, 0., 0, 0., 0, 0., 0, 0., 0, 0., 0, 0., 0, 0., 0, 0., 0, 0., 815, 75.2539242843952, 124, 11.449676823638043, 0, 0., 4, 0.36934441366574333, 0, 0., 0, 0., 0, 0., 225, 988, 1213, 1083, 0.8928276999175597
, generated\gt\sample_000354.krn, generated\xml_homr\sample_000354.xml, 0, 0., 0, 0., 0, 0., 34, 1.5518028297581012, 0, 0., 1, 0.045641259698767686, 2, 0.09128251939753537, 0, 0., 0, 0., 0, 0., 0, 0., 0, 0., 0, 0., 0, 0., 3, 0.13692377909630304, 0, 0., 0, 0., 0, 0., 0, 0., 0, 0., 0, 0., 0, 0., 12, 0.5476951163852122, 0, 0., 0, 0., 0, 0., 0, 0., 0, 0., 0, 0., 0, 0., 0, 0., 0, 0., 2139, 97.62665449566408, 0, 0., 0, 0., 0, 0., 0, 0., 0, 0., 0, 0., 164, 2290, 2454, 2191, 0.8928280358598207
, generated\gt\sample_000066.krn, generated\xml_homr\sample_000066.xml, 0, 0., 182, 7.471264367816092, 0, 0., 24, 0.9852216748768473, 0, 0., 0, 0., 0, 0., 0, 0., 0, 0., 0, 0., 0, 0., 0, 0., 0, 0., 2, 0.08210180623973727, 1, 0.041050903119868636, 3, 0.12315270935960591, 0, 0., 2, 0.08210180623973727, 0, 0., 0, 0., 0, 0., 0, 0., 9, 0.3694581280788177, 0, 0., 0, 0., 0, 0., 0, 0., 0, 0., 0, 0., 0, 0., 0, 0., 0, 0., 2012, 82.59441707717569, 197, 8.087027914614122, 0, 0., 4, 0.16420361247947454, 0, 0., 0, 0., 0, 0., 374, 2354, 2728, 2436, 0.8929618768328446
, generated\gt\sample_000167.krn, generated\xml_homr\sample_000167.xml, 0, 0., 136, 9.042553191489361, 0, 0., 41, 2.726063829787234, 0, 0., 0, 0., 2, 0.13297872340425532, 0, 0., 0, 0., 1, 0.06648936170212766, 0, 0., 0, 0., 0, 0., 1, 0.06648936170212766, 2, 0.13297872340425532, 0, 0., 0, 0., 0, 0., 0, 0., 0, 0., 0, 0., 0, 0., 1, 0.06648936170212766, 0, 0., 0, 0., 0, 0., 0, 0., 0, 0., 0, 0., 0, 0., 0, 0., 0, 0., 1194, 79.38829787234043, 122, 8.111702127659575, 0, 0., 4, 0.26595744680851063, 0, 0., 0, 0., 0, 0., 256, 1428, 1684, 1504, 0.8931116389548693
, generated\gt\sample_000250.krn, generated\xml_homr\sample_000250.xml, 0, 0., 79, 7.369402985074627, 0, 0., 0, 0., 0, 0., 0, 0., 1, 0.09328358208955224, 0, 0., 0, 0., 3, 0.2798507462686567, 0, 0., 0, 0., 0, 0., 1, 0.09328358208955224, 2, 0.1865671641791045, 1, 0.09328358208955224, 0, 0., 0, 0., 0, 0., 0, 0., 0, 0., 0, 0., 1, 0.09328358208955224, 0, 0., 0, 0., 0, 0., 0, 0., 0, 0., 0, 0., 0, 0., 0, 0., 0, 0., 898, 83.76865671641791, 82, 7.649253731343284, 0, 0., 4, 0.373134328358209, 0, 0., 0, 0., 0, 0., 167, 1033, 1200, 1072, 0.8933333333333333
, generated\gt\sample_000246.krn, generated\xml_homr\sample_000246.xml, 0, 0., 126, 8.082103912764593, 2, 0.12828736369467608, 31, 1.988454137267479, 0, 0., 4, 0.25657472738935216, 6, 0.38486209108402825, 0, 0., 0, 0., 0, 0., 0, 0., 0, 0., 0, 0., 1, 0.06414368184733804, 2, 0.12828736369467608, 0, 0., 0, 0., 0, 0., 0, 0., 0, 0., 0, 0., 0, 0., 3, 0.19243104554201412, 0, 0., 0, 0., 0, 0., 0, 0., 0, 0., 0, 0., 0, 0., 0, 0., 0, 0., 1248, 80.05131494547787, 132, 8.46696600384862, 0, 0., 4, 0.25657472738935216, 0, 0., 0, 0., 0, 0., 293, 1452, 1745, 1559, 0.8934097421203439
, generated\gt\sample_000035.krn, generated\xml_homr\sample_000035.xml, 0, 0., 257, 13.79495437466452, 2, 0.10735373054213634, 3, 0.1610305958132045, 1, 0.05367686527106817, 0, 0., 0, 0., 0, 0., 0, 0., 0, 0., 11, 0.5904455179817498, 0, 0., 0, 0., 3, 0.1610305958132045, 4, 0.2147074610842727, 0, 0., 0, 0., 0, 0., 0, 0., 0, 0., 0, 0., 0, 0., 0, 0., 0, 0., 0, 0., 0, 0., 0, 0., 0, 0., 0, 0., 0, 0., 0, 0., 0, 0., 1405, 75.41599570585078, 173, 9.286097691894794, 0, 0., 4, 0.2147074610842727, 0, 0., 0, 0., 0, 0., 378, 1707, 2085, 1863, 0.8935251798561151
, generated\gt\sample_000045.krn, generated\xml_homr\sample_000045.xml, 0, 0., 203, 14.657039711191336, 2, 0.1444043321299639, 25, 1.8050541516245486, 1, 0.07220216606498195, 0, 0., 6, 0.4332129963898917, 0, 0., 0, 0., 1, 0.07220216606498195, 3, 0.21660649819494585, 0, 0., 0, 0., 2, 0.1444043321299639, 2, 0.1444043321299639, 0, 0., 0, 0., 0, 0., 0, 0., 0, 0., 0, 0., 0, 0., 8, 0.5776173285198556, 0, 0., 0, 0., 0, 0., 0, 0., 0, 0., 0, 0., 0, 0., 0, 0., 0, 0., 1002, 72.34657039711192, 126, 9.097472924187725, 0, 0., 4, 0.2888086642599278, 0, 0., 0, 0., 0, 0., 288, 1262, 1550, 1385, 0.8935483870967742
, generated\gt\sample_000064.krn, generated\xml_homr\sample_000064.xml, 0, 0., 353, 14.337936636880585, 0, 0., 90, 3.655564581640942, 1, 0.04061738424045491, 0, 0., 1, 0.04061738424045491, 0, 0., 0, 0., 3, 0.12185215272136475, 0, 0., 2, 0.08123476848090982, 0, 0., 1, 0.04061738424045491, 1, 0.04061738424045491, 0, 0., 0, 0., 0, 0., 0, 0., 0, 0., 0, 0., 0, 0., 10, 0.4061738424045491, 0, 0., 0, 0., 0, 0., 0, 0., 0, 0., 0, 0., 0, 0., 0, 0., 0, 0., 1842, 74.81722177091795, 154, 6.255077173030057, 0, 0., 4, 0.16246953696181965, 0, 0., 0, 0., 0, 0., 472, 2283, 2755, 2462, 0.8936479128856625
, generated\gt\sample_000188.krn, generated\xml_homr\sample_000188.xml, 0, 0., 0, 0., 0, 0., 22, 1.0294805802526907, 0, 0., 0, 0., 0, 0., 0, 0., 0, 0., 0, 0., 0, 0., 0, 0., 0, 0., 0, 0., 0, 0., 0, 0., 0, 0., 0, 0., 0, 0., 0, 0., 0, 0., 0, 0., 3, 0.14038371548900327, 0, 0., 0, 0., 0, 0., 0, 0., 0, 0., 0, 0., 0, 0., 0, 0., 0, 0., 2112, 98.83013570425831, 0, 0., 0, 0., 0, 0., 0, 0., 0, 0., 0, 0., 141, 2250, 2391, 2137, 0.8937682977833542
, generated\gt\sample_000033.krn, generated\xml_homr\sample_000033.xml, 0, 0., 214, 14.449696151249157, 0, 0., 2, 0.1350438892640108, 0, 0., 0, 0., 6, 0.4051316677920324, 0, 0., 0, 0., 0, 0., 6, 0.4051316677920324, 0, 0., 0, 0., 3, 0.2025658338960162, 4, 0.2700877785280216, 0, 0., 0, 0., 0, 0., 0, 0., 0, 0., 0, 0., 0, 0., 0, 0., 0, 0., 0, 0., 0, 0., 0, 0., 0, 0., 0, 0., 0, 0., 0, 0., 0, 0., 1103, 74.47670492910196, 139, 9.38555030384875, 0, 0., 4, 0.2700877785280216, 0, 0., 0, 0., 0, 0., 294, 1363, 1657, 1481, 0.8937839468919735
, generated\gt\sample_000628.krn, generated\xml_homr\sample_000628.xml, 0, 0., 354, 14.454879542670477, 0, 0., 16, 0.6533278889342589, 1, 0.04083299305839118, 0, 0., 0, 0., 0, 0., 0, 0., 0, 0., 5, 0.2041649652919559, 1, 0.04083299305839118, 0, 0., 1, 0.04083299305839118, 4, 0.16333197223356472, 1, 0.04083299305839118, 0, 0., 0, 0., 0, 0., 0, 0., 0, 0., 0, 0., 7, 0.28583095140873827, 0, 0., 0, 0., 0, 0., 0, 0., 0, 0., 0, 0., 0, 0., 0, 0., 0, 0., 1771, 72.31523070641077, 284, 11.596570028583095, 0, 0., 4, 0.16333197223356472, 0, 0., 0, 0., 0, 0., 590, 2150, 2740, 2449, 0.8937956204379562
, generated\gt\sample_000638.krn, generated\xml_homr\sample_000638.xml, 0, 0., 128, 8.220937700706488, 0, 0., 9, 0.5780346820809249, 0, 0., 0, 0., 3, 0.1926782273603083, 0, 0., 0, 0., 0, 0., 6, 0.3853564547206166, 1, 0.06422607578676943, 0, 0., 1, 0.06422607578676943, 2, 0.12845215157353887, 0, 0., 0, 0., 0, 0., 0, 0., 0, 0., 0, 0., 0, 0., 3, 0.1926782273603083, 0, 0., 0, 0., 2, 0.12845215157353887, 0, 0., 0, 0., 0, 0., 0, 0., 0, 0., 0, 0., 1258, 80.79640333975594, 140, 8.99165061014772, 0, 0., 4, 0.25690430314707774, 0, 0., 0, 0., 0, 0., 250, 1492, 1742, 1557, 0.8938002296211252
, generated\gt\sample_000203.krn, generated\xml_homr\sample_000203.xml, 0, 0., 88, 7.183673469387755, 0, 0., 25, 2.0408163265306123, 0, 0., 6, 0.4897959183673469, 8, 0.6530612244897959, 0, 0., 0, 0., 0, 0., 0, 0., 0, 0., 0, 0., 5, 0.40816326530612246, 2, 0.16326530612244897, 0, 0., 0, 0., 0, 0., 0, 0., 0, 0., 0, 0., 0, 0., 0, 0., 0, 0., 0, 0., 0, 0., 0, 0., 0, 0., 0, 0., 0, 0., 0, 0., 0, 0., 1008, 82.28571428571429, 79, 6.448979591836735, 0, 0., 4, 0.32653061224489793, 0, 0., 0, 0., 0, 0., 187, 1183, 1370, 1225, 0.8941605839416058
, generated\gt\sample_000140.krn, generated\xml_homr\sample_000140.xml, 0, 0., 139, 12.822878228782288, 4, 0.36900369003690037, 0, 0., 0, 0., 0, 0., 2, 0.18450184501845018, 0, 0., 0, 0., 2, 0.18450184501845018, 17, 1.5682656826568266, 0, 0., 0, 0., 3, 0.2767527675276753, 4, 0.36900369003690037, 0, 0., 0, 0., 1, 0.09225092250922509, 0, 0., 0, 0., 0, 0., 0, 0., 0, 0., 0, 0., 0, 0., 0, 0., 0, 0., 0, 0., 0, 0., 0, 0., 0, 0., 0, 0., 786, 72.50922509225093, 122, 11.254612546125461, 0, 0., 4, 0.36900369003690037, 0, 0., 0, 0., 0, 0., 237, 975, 1212, 1084, 0.8943894389438944
, generated\gt\sample_000464.krn, generated\xml_homr\sample_000464.xml, 0, 0., 322, 18.34757834757835, 0, 0., 42, 2.393162393162393, 0, 0., 0, 0., 4, 0.22792022792022792, 0, 0., 0, 0., 0, 0., 0, 0., 0, 0., 0, 0., 3, 0.17094017094017094, 4, 0.22792022792022792, 0, 0., 0, 0., 0, 0., 0, 0., 0, 0., 0, 0., 0, 0., 4, 0.22792022792022792, 0, 0., 0, 0., 0, 0., 0, 0., 0, 0., 0, 0., 0, 0., 0, 0., 0, 0., 1219, 69.45868945868946, 153, 8.717948717948717, 0, 0., 4, 0.22792022792022792, 0, 0., 0, 0., 0, 0., 390, 1572, 1962, 1755, 0.8944954128440367
, generated\gt\sample_000399.krn, generated\xml_homr\sample_000399.xml, 0, 0., 89, 4.543134252169474, 0, 0., 63, 3.215926493108729, 2, 0.10209290454313426, 0, 0., 6, 0.30627871362940273, 0, 0., 0, 0., 1, 0.05104645227156713, 0, 0., 2, 0.10209290454313426, 0, 0., 1, 0.05104645227156713, 1, 0.05104645227156713, 0, 0., 0, 0., 0, 0., 0, 0., 0, 0., 0, 0., 0, 0., 9, 0.45941807044410415, 0, 0., 0, 0., 0, 0., 0, 0., 0, 0., 0, 0., 0, 0., 0, 0., 0, 0., 1641, 83.76722817764166, 140, 7.1465033180193975, 0, 0., 4, 0.20418580908626852, 0, 0., 0, 0., 0, 0., 346, 1844, 2190, 1959, 0.8945205479452055
, generated\gt\sample_000444.krn, generated\xml_homr\sample_000444.xml, 0, 0., 120, 8.559201141226819, 0, 0., 27, 1.9258202567760343, 0, 0., 0, 0., 0, 0., 0, 0., 0, 0., 0, 0., 4, 0.28530670470756064, 0, 0., 0, 0., 1, 0.07132667617689016, 0, 0., 0, 0., 0, 0., 2, 0.14265335235378032, 0, 0., 0, 0., 0, 0., 0, 0., 4, 0.28530670470756064, 0, 0., 0, 0., 0, 0., 0, 0., 0, 0., 0, 0., 0, 0., 0, 0., 0, 0., 1095, 78.10271041369472, 145, 10.342368045649073, 0, 0., 4, 0.28530670470756064, 0, 0., 0, 0., 0, 0., 252, 1315, 1567, 1402, 0.8947032546266752
, generated\gt\sample_000124.krn, generated\xml_homr\sample_000124.xml, 0, 0., 78, 6.037151702786378, 0, 0., 6, 0.46439628482972134, 0, 0., 0, 0., 5, 0.38699690402476783, 0, 0., 0, 0., 2, 0.15479876160990713, 1, 0.07739938080495357, 0, 0., 0, 0., 1, 0.07739938080495357, 2, 0.15479876160990713, 0, 0., 0, 0., 0, 0., 0, 0., 0, 0., 0, 0., 0, 0., 0, 0., 0, 0., 0, 0., 0, 0., 0, 0., 0, 0., 0, 0., 0, 0., 0, 0., 0, 0., 1100, 85.13931888544892, 93, 7.198142414860681, 0, 0., 4, 0.30959752321981426, 0, 0., 0, 0., 0, 0., 186, 1258, 1444, 1292, 0.8947368421052632
, generated\gt\sample_000423.krn, generated\xml_homr\sample_000423.xml, 0, 0., 133, 5.281969817315329, 0, 0., 30, 1.1914217633042097, 0, 0., 0, 0., 6, 0.23828435266084194, 0, 0., 0, 0., 0, 0., 13, 0.5162827640984908, 0, 0., 0, 0., 3, 0.11914217633042097, 2, 0.07942811755361398, 0, 0., 0, 0., 0, 0., 0, 0., 0, 0., 0, 0., 0, 0., 2, 0.07942811755361398, 0, 0., 0, 0., 0, 0., 0, 0., 0, 0., 0, 0., 0, 0., 0, 0., 0, 0., 2176, 86.41779189833201, 149, 5.917394757744241, 0, 0., 4, 0.15885623510722796, 0, 0., 0, 0., 0, 0., 339, 2475, 2814, 2518, 0.8948116560056859
, generated\gt\sample_000624.krn, generated\xml_homr\sample_000624.xml, 0, 0., 553, 26.048045219029675, 0, 0., 33, 1.5544041450777202, 1, 0.047103155911446065, 0, 0., 2, 0.09420631182289213, 0, 0., 0, 0., 0, 0., 5, 0.23551577955723033, 1, 0.047103155911446065, 0, 0., 3, 0.1413094677343382, 4, 0.18841262364578426, 0, 0., 0, 0., 0, 0., 0, 0., 0, 0., 0, 0., 0, 0., 10, 0.47103155911446065, 0, 0., 0, 0., 0, 0., 0, 0., 0, 0., 0, 0., 0, 0., 0, 0., 0, 0., 1290, 60.76307112576543, 217, 10.221384832783796, 0, 0., 4, 0.18841262364578426, 0, 0., 0, 0., 0, 0., 526, 1846, 2372, 2123, 0.8950252951096122
, generated\gt\sample_000378.krn, generated\xml_homr\sample_000378.xml, 0, 0., 89, 8.90890890890891, 4, 0.4004004004004004, 10, 1.001001001001001, 2, 0.2002002002002002, 0, 0., 6, 0.6006006006006006, 0, 0., 0, 0., 1, 0.1001001001001001, 1, 0.1001001001001001, 0, 0., 0, 0., 1, 0.1001001001001001, 0, 0., 0, 0., 0, 0., 0, 0., 0, 0., 0, 0., 0, 0., 0, 0., 2, 0.2002002002002002, 0, 0., 0, 0., 2, 0.2002002002002002, 0, 0., 0, 0., 0, 0., 0, 0., 0, 0., 0, 0., 796, 79.67967967967968, 81, 8.108108108108109, 0, 0., 4, 0.4004004004004004, 0, 0., 0, 0., 0, 0., 167, 949, 1116, 999, 0.8951612903225806
, generated\gt\sample_000670.krn, generated\xml_homr\sample_000670.xml, 0, 0., 81, 4.990757855822551, 0, 0., 30, 1.8484288354898337, 0, 0., 0, 0., 6, 0.36968576709796674, 0, 0., 0, 0., 0, 0., 0, 0., 4, 0.24645717806531114, 0, 0., 1, 0.061614294516327786, 2, 0.12322858903265557, 0, 0., 0, 0., 0, 0., 0, 0., 0, 0., 0, 0., 0, 0., 4, 0.24645717806531114, 0, 0., 0, 0., 0, 0., 0, 0., 0, 0., 0, 0., 0, 0., 0, 0., 0, 0., 1396, 86.01355514479359, 95, 5.85335797905114, 0, 0., 4, 0.24645717806531114, 0, 0., 0, 0., 0, 0., 225, 1588, 1813, 1623, 0.8952013237727523
, generated\gt\sample_000623.krn, generated\xml_homr\sample_000623.xml, 0, 0., 470, 20.452567449956483, 0, 0., 57, 2.480417754569191, 0, 0., 0, 0., 1, 0.04351610095735422, 0, 0., 0, 0., 3, 0.13054830287206268, 0, 0., 2, 0.08703220191470844, 0, 0., 3, 0.13054830287206268, 4, 0.17406440382941687, 0, 0., 0, 0., 0, 0., 0, 0., 0, 0., 0, 0., 0, 0., 4, 0.17406440382941687, 0, 0., 0, 0., 0, 0., 0, 0., 0, 0., 0, 0., 0, 0., 0, 0., 0, 0., 1550, 67.44995648389904, 200, 8.703220191470844, 0, 0., 4, 0.17406440382941687, 0, 0., 0, 0., 0, 0., 583, 1984, 2567, 2298, 0.8952084144916245
, generated\gt\sample_000602.krn, generated\xml_homr\sample_000602.xml, 0, 0., 26, 1.2464046021093, 0, 0., 26, 1.2464046021093, 0, 0., 0, 0., 0, 0., 0, 0., 0, 0., 0, 0., 0, 0., 0, 0., 0, 0., 1, 0.04793863854266539, 0, 0., 0, 0., 0, 0., 0, 0., 0, 0., 0, 0., 0, 0., 0, 0., 5, 0.23969319271332695, 0, 0., 0, 0., 0, 0., 0, 0., 0, 0., 0, 0., 0, 0., 0, 0., 0, 0., 2028, 97.2195589645254, 0, 0., 0, 0., 0, 0., 0, 0., 0, 0., 0, 0., 151, 2179, 2330, 2086, 0.8952789699570816
, generated\gt\sample_000303.krn, generated\xml_homr\sample_000303.xml, 0, 0., 134, 6.093678944974989, 0, 0., 23, 1.0459299681673488, 0, 0., 0, 0., 5, 0.22737608003638018, 0, 0., 0, 0., 1, 0.04547521600727603, 0, 0., 0, 0., 0, 0., 2, 0.09095043201455207, 2, 0.09095043201455207, 0, 0., 0, 0., 0, 0., 0, 0., 0, 0., 0, 0., 0, 0., 4, 0.18190086402910413, 0, 0., 0, 0., 0, 0., 0, 0., 0, 0., 0, 0., 0, 0., 0, 0., 0, 0., 1873, 85.17507958162801, 151, 6.866757617098681, 0, 0., 4, 0.18190086402910413, 0, 0., 0, 0., 0, 0., 307, 2149, 2456, 2199, 0.8953583061889251
, generated\gt\sample_000350.krn, generated\xml_homr\sample_000350.xml, 0, 0., 9, 0.37359900373599003, 0, 0., 61, 2.5321710253217105, 0, 0., 0, 0., 5, 0.20755500207555003, 0, 0., 0, 0., 0, 0., 0, 0., 3, 0.12453300124533001, 0, 0., 0, 0., 3, 0.12453300124533001, 0, 0., 0, 0., 0, 0., 0, 0., 0, 0., 0, 0., 0, 0., 11, 0.45662100456621, 0, 0., 0, 0., 0, 0., 0, 0., 0, 0., 0, 0., 0, 0., 0, 0., 0, 0., 2317, 96.18098796180988, 0, 0., 0, 0., 0, 0., 0, 0., 0, 0., 0, 0., 193, 2497, 2690, 2409, 0.8955390334572491
, generated\gt\sample_000385.krn, generated\xml_homr\sample_000385.xml, 0, 0., 0, 0., 0, 0., 48, 2.250351617440225, 0, 0., 0, 0., 2, 0.09376465072667604, 0, 0., 0, 0., 0, 0., 0, 0., 0, 0., 0, 0., 0, 0., 0, 0., 0, 0., 0, 0., 0, 0., 0, 0., 0, 0., 0, 0., 0, 0., 0, 0., 0, 0., 0, 0., 0, 0., 0, 0., 0, 0., 0, 0., 0, 0., 0, 0., 0, 0., 2083, 97.6558837318331, 0, 0., 0, 0., 0, 0., 0, 0., 0, 0., 0, 0., 150, 2231, 2381, 2133, 0.8958420831583368
, generated\gt\sample_000649.krn, generated\xml_homr\sample_000649.xml, 0, 0., 164, 8.788853161843516, 0, 0., 58, 3.1082529474812435, 0, 0., 0, 0., 4, 0.21436227224008575, 0, 0., 0, 0., 1, 0.05359056806002144, 0, 0., 0, 0., 0, 0., 1, 0.05359056806002144, 2, 0.10718113612004287, 0, 0., 0, 0., 0, 0., 0, 0., 0, 0., 0, 0., 0, 0., 0, 0., 0, 0., 0, 0., 0, 0., 0, 0., 0, 0., 0, 0., 0, 0., 0, 0., 0, 0., 1505, 80.65380493033226, 127, 6.806002143622722, 0, 0., 4, 0.21436227224008575, 0, 0., 0, 0., 0, 0., 291, 1791, 2082, 1866, 0.8962536023054755
, generated\gt\sample_000175.krn, generated\xml_homr\sample_000175.xml, 0, 0., 69, 5.86734693877551, 0, 0., 24, 2.0408163265306123, 0, 0., 0, 0., 0, 0., 0, 0., 0, 0., 3, 0.25510204081632654, 0, 0., 0, 0., 0, 0., 1, 0.08503401360544217, 0, 0., 0, 0., 0, 0., 1, 0.08503401360544217, 0, 0., 0, 0., 0, 0., 0, 0., 1, 0.08503401360544217, 0, 0., 0, 0., 0, 0., 0, 0., 0, 0., 0, 0., 0, 0., 0, 0., 0, 0., 995, 84.60884353741497, 78, 6.63265306122449, 0, 0., 4, 0.3401360544217687, 0, 0., 0, 0., 0, 0., 166, 1146, 1312, 1176, 0.8963414634146342
, generated\gt\sample_000536.krn, generated\xml_homr\sample_000536.xml, 0, 0., 184, 15.848406546080964, 2, 0.17226528854435832, 1, 0.08613264427217916, 0, 0., 0, 0., 2, 0.17226528854435832, 0, 0., 0, 0., 0, 0., 10, 0.8613264427217916, 0, 0., 0, 0., 3, 0.25839793281653745, 0, 0., 0, 0., 0, 0., 2, 0.17226528854435832, 0, 0., 0, 0., 0, 0., 0, 0., 0, 0., 0, 0., 0, 0., 0, 0., 0, 0., 0, 0., 0, 0., 0, 0., 0, 0., 0, 0., 825, 71.0594315245478, 128, 11.024978466838933, 0, 0., 4, 0.34453057708871665, 0, 0., 0, 0., 0, 0., 262, 1033, 1295, 1161, 0.8965250965250965
, generated\gt\sample_000159.krn, generated\xml_homr\sample_000159.xml, 0, 0., 101, 10.978260869565217, 0, 0., 9, 0.9782608695652174, 0, 0., 2, 0.21739130434782608, 3, 0.32608695652173914, 0, 0., 3, 0.32608695652173914, 0, 0., 1, 0.10869565217391304, 1, 0.10869565217391304, 0, 0., 5, 0.5434782608695652, 1, 0.10869565217391304, 0, 0., 0, 0., 0, 0., 0, 0., 0, 0., 0, 0., 0, 0., 5, 0.5434782608695652, 0, 0., 0, 0., 0, 0., 0, 0., 0, 0., 0, 0., 0, 0., 0, 0., 0, 0., 720, 78.26086956521739, 65, 7.065217391304348, 0, 0., 4, 0.43478260869565216, 0, 0., 0, 0., 0, 0., 168, 858, 1026, 920, 0.8966861598440545
, generated\gt\sample_000676.krn, generated\xml_homr\sample_000676.xml, 0, 0., 119, 7.997311827956989, 0, 0., 22, 1.478494623655914, 0, 0., 0, 0., 0, 0., 0, 0., 0, 0., 0, 0., 0, 0., 1, 0.06720430107526881, 0, 0., 2, 0.13440860215053763, 0, 0., 0, 0., 0, 0., 0, 0., 0, 0., 0, 0., 0, 0., 0, 0., 8, 0.5376344086021505, 0, 0., 0, 0., 0, 0., 0, 0., 0, 0., 0, 0., 0, 0., 0, 0., 0, 0., 1252, 84.13978494623656, 80, 5.376344086021505, 0, 0., 4, 0.26881720430107525, 0, 0., 0, 0., 0, 0., 213, 1446, 1659, 1488, 0.8969258589511754
, generated\gt\sample_000560.krn, generated\xml_homr\sample_000560.xml, 0, 0., 0, 0., 0, 0., 19, 1.0445299615173171, 0, 0., 0, 0., 0, 0., 0, 0., 0, 0., 1, 0.05497526113249038, 0, 0., 0, 0., 0, 0., 0, 0., 3, 0.16492578339747113, 0, 0., 0, 0., 4, 0.2199010445299615, 0, 0., 0, 0., 0, 0., 0, 0., 6, 0.32985156679494226, 0, 0., 0, 0., 0, 0., 0, 0., 0, 0., 0, 0., 0, 0., 0, 0., 0, 0., 1786, 98.18581638262782, 0, 0., 0, 0., 0, 0., 0, 0., 0, 0., 0, 0., 124, 1904, 2028, 1819, 0.8969428007889546
, generated\gt\sample_000302.krn, generated\xml_homr\sample_000302.xml, 0, 0., 213, 12.77744451109778, 0, 0., 26, 1.5596880623875224, 0, 0., 0, 0., 2, 0.11997600479904019, 0, 0., 0, 0., 1, 0.059988002399520096, 0, 0., 0, 0., 0, 0., 2, 0.11997600479904019, 2, 0.11997600479904019, 0, 0., 0, 0., 0, 0., 0, 0., 0, 0., 0, 0., 0, 0., 8, 0.47990401919616077, 0, 0., 0, 0., 0, 0., 0, 0., 0, 0., 0, 0., 0, 0., 0, 0., 0, 0., 1274, 76.4247150569886, 135, 8.098380323935213, 0, 0., 4, 0.23995200959808038, 0, 0., 0, 0., 0, 0., 300, 1558, 1858, 1667, 0.8972012917115177
, generated\gt\sample_000581.krn, generated\xml_homr\sample_000581.xml, 0, 0., 237, 10.618279569892474, 0, 0., 43, 1.9265232974910393, 0, 0., 0, 0., 3, 0.13440860215053763, 0, 0., 0, 0., 1, 0.044802867383512544, 0, 0., 0, 0., 0, 0., 1, 0.044802867383512544, 0, 0., 0, 0., 0, 0., 4, 0.17921146953405018, 0, 0., 0, 0., 0, 0., 0, 0., 3, 0.13440860215053763, 0, 0., 0, 0., 0, 0., 0, 0., 0, 0., 0, 0., 0, 0., 0, 0., 0, 0., 1741, 78.00179211469533, 195, 8.736559139784946, 0, 0., 4, 0.17921146953405018, 0, 0., 0, 0., 0, 0., 358, 2128, 2486, 2232, 0.8978278358809332
, generated\gt\sample_000523.krn, generated\xml_homr\sample_000523.xml, 0, 0., 0, 0., 0, 0., 38, 1.832208293153327, 0, 0., 0, 0., 0, 0., 0, 0., 0, 0., 0, 0., 0, 0., 0, 0., 0, 0., 0, 0., 0, 0., 0, 0., 0, 0., 0, 0., 0, 0., 0, 0., 0, 0., 0, 0., 9, 0.4339440694310511, 0, 0., 0, 0., 0, 0., 0, 0., 0, 0., 0, 0., 0, 0., 0, 0., 0, 0., 2027, 97.73384763741562, 0, 0., 0, 0., 0, 0., 0, 0., 0, 0., 0, 0., 146, 2164, 2310, 2074, 0.8978354978354979
, generated\gt\sample_000519.krn, generated\xml_homr\sample_000519.xml, 0, 0., 0, 0., 0, 0., 54, 2.2249690976514214, 0, 0., 0, 0., 0, 0., 0, 0., 0, 0., 0, 0., 0, 0., 0, 0., 0, 0., 0, 0., 0, 0., 1, 0.04120313143798929, 0, 0., 0, 0., 0, 0., 0, 0., 0, 0., 0, 0., 2, 0.08240626287597858, 0, 0., 0, 0., 0, 0., 0, 0., 0, 0., 0, 0., 0, 0., 0, 0., 0, 0., 2370, 97.65142150803462, 0, 0., 0, 0., 0, 0., 0, 0., 0, 0., 0, 0., 168, 2535, 2703, 2427, 0.897891231964484
, generated\gt\sample_000590.krn, generated\xml_homr\sample_000590.xml, 0, 0., 323, 15.64922480620155, 0, 0., 23, 1.1143410852713178, 0, 0., 17, 0.8236434108527132, 7, 0.3391472868217054, 0, 0., 0, 0., 0, 0., 2, 0.09689922480620156, 0, 0., 0, 0., 2, 0.09689922480620156, 2, 0.09689922480620156, 0, 0., 0, 0., 0, 0., 0, 0., 0, 0., 0, 0., 0, 0., 0, 0., 0, 0., 0, 0., 0, 0., 0, 0., 0, 0., 0, 0., 0, 0., 0, 0., 0, 0., 1608, 77.90697674418605, 76, 3.682170542635659, 0, 0., 4, 0.1937984496124031, 0, 0., 0, 0., 0, 0., 375, 1922, 2297, 2064, 0.8985633434915107
, generated\gt\sample_000672.krn, generated\xml_homr\sample_000672.xml, 0, 0., 231, 15.137614678899082, 0, 0., 28, 1.834862385321101, 0, 0., 8, 0.5242463958060288, 10, 0.6553079947575361, 0, 0., 0, 0., 0, 0., 4, 0.2621231979030144, 1, 0.0655307994757536, 0, 0., 1, 0.0655307994757536, 2, 0.1310615989515072, 0, 0., 0, 0., 0, 0., 0, 0., 0, 0., 0, 0., 0, 0., 5, 0.32765399737876805, 0, 0., 0, 0., 0, 0., 0, 0., 0, 0., 0, 0., 0, 0., 0, 0., 0, 0., 1177, 77.129750982962, 55, 3.604193971166448, 0, 0., 4, 0.2621231979030144, 0, 0., 0, 0., 0, 0., 257, 1441, 1698, 1526, 0.8987043580683156
, generated\gt\sample_000619.krn, generated\xml_homr\sample_000619.xml, 0, 0., 140, 7.454739084132055, 0, 0., 42, 2.236421725239617, 0, 0., 0, 0., 0, 0., 0, 0., 0, 0., 0, 0., 0, 0., 0, 0., 0, 0., 0, 0., 0, 0., 0, 0., 0, 0., 0, 0., 0, 0., 0, 0., 0, 0., 0, 0., 5, 0.26624068157614483, 0, 0., 0, 0., 0, 0., 0, 0., 0, 0., 0, 0., 0, 0., 0, 0., 0, 0., 1569, 83.54632587859425, 118, 6.283280085197018, 0, 0., 4, 0.21299254526091588, 0, 0., 0, 0., 0, 0., 267, 1821, 2088, 1878, 0.8994252873563219
, generated\gt\sample_000048.krn, generated\xml_homr\sample_000048.xml, 0, 0., 392, 28.262436914203317, 2, 0.14419610670511895, 20, 1.4419610670511895, 1, 0.07209805335255948, 0, 0., 2, 0.14419610670511895, 0, 0., 0, 0., 0, 0., 1, 0.07209805335255948, 0, 0., 0, 0., 1, 0.07209805335255948, 2, 0.14419610670511895, 2, 0.14419610670511895, 0, 0., 0, 0., 0, 0., 0, 0., 0, 0., 0, 0., 9, 0.6488824801730353, 0, 0., 0, 0., 0, 0., 0, 0., 0, 0., 0, 0., 0, 0., 0, 0., 0, 0., 852, 61.42754145638068, 99, 7.137707281903388, 0, 0., 4, 0.2883922134102379, 0, 0., 0, 0., 0, 0., 324, 1218, 1542, 1387, 0.8994811932555123
, generated\gt\sample_000544.krn, generated\xml_homr\sample_000544.xml, 0, 0., 179, 11.474358974358974, 0, 0., 54, 3.4615384615384617, 0, 0., 2, 0.1282051282051282, 2, 0.1282051282051282, 0, 0., 0, 0., 0, 0., 0, 0., 0, 0., 0, 0., 1, 0.0641025641025641, 1, 0.0641025641025641, 0, 0., 0, 0., 0, 0., 0, 0., 0, 0., 0, 0., 0, 0., 1, 0.0641025641025641, 0, 0., 0, 0., 0, 0., 0, 0., 0, 0., 0, 0., 0, 0., 0, 0., 0, 0., 1261, 80.83333333333333, 55, 3.5256410256410255, 0, 0., 4, 0.2564102564102564, 0, 0., 0, 0., 0, 0., 245, 1489, 1734, 1560, 0.8996539792387543
, generated\gt\sample_000525.krn, generated\xml_homr\sample_000525.xml, 0, 0., 180, 7.069913589945012, 0, 0., 51, 2.0031421838177534, 0, 0., 0, 0., 0, 0., 0, 0., 0, 0., 2, 0.07855459544383346, 0, 0., 0, 0., 0, 0., 1, 0.03927729772191673, 0, 0., 0, 0., 0, 0., 0, 0., 0, 0., 0, 0., 0, 0., 0, 0., 7, 0.2749410840534171, 0, 0., 0, 0., 0, 0., 0, 0., 0, 0., 0, 0., 0, 0., 0, 0., 0, 0., 2145, 84.24980361351139, 156, 6.12725844461901, 0, 0., 4, 0.15710919088766692, 0, 0., 0, 0., 0, 0., 354, 2475, 2829, 2546, 0.8999646518204313
, generated\gt\sample_000360.krn, generated\xml_homr\sample_000360.xml, 0, 0., 106, 4.314204314204314, 0, 0., 107, 4.354904354904355, 0, 0., 0, 0., 4, 0.1628001628001628, 0, 0., 0, 0., 0, 0., 0, 0., 0, 0., 0, 0., 2, 0.0814000814000814, 2, 0.0814000814000814, 0, 0., 0, 0., 0, 0., 0, 0., 0, 0., 0, 0., 0, 0., 1, 0.0407000407000407, 0, 0., 0, 0., 0, 0., 0, 0., 0, 0., 0, 0., 0, 0., 0, 0., 0, 0., 2116, 86.12128612128612, 115, 4.68050468050468, 0, 0., 4, 0.1628001628001628, 0, 0., 0, 0., 0, 0., 316, 2414, 2730, 2457, 0.9
, generated\gt\sample_000505.krn, generated\xml_homr\sample_000505.xml, 0, 0., 166, 13.595413595413595, 0, 0., 19, 1.556101556101556, 0, 0., 2, 0.1638001638001638, 3, 0.2457002457002457, 0, 0., 0, 0., 1, 0.0819000819000819, 0, 0., 0, 0., 0, 0., 1, 0.0819000819000819, 2, 0.1638001638001638, 0, 0., 0, 0., 0, 0., 0, 0., 0, 0., 0, 0., 0, 0., 3, 0.2457002457002457, 0, 0., 0, 0., 0, 0., 0, 0., 0, 0., 0, 0., 0, 0., 0, 0., 0, 0., 885, 72.48157248157248, 135, 11.056511056511056, 0, 0., 4, 0.3276003276003276, 0, 0., 0, 0., 0, 0., 240, 1116, 1356, 1221, 0.9004424778761062
, generated\gt\sample_000683.krn, generated\xml_homr\sample_000683.xml, 0, 0., 53, 3.1139835487661576, 2, 0.11750881316098707, 37, 2.1739130434782608, 0, 0., 0, 0., 10, 0.5875440658049353, 0, 0., 0, 0., 0, 0., 4, 0.23501762632197415, 0, 0., 0, 0., 0, 0., 2, 0.11750881316098707, 0, 0., 0, 0., 0, 0., 0, 0., 0, 0., 0, 0., 0, 0., 7, 0.4112808460634548, 0, 0., 0, 0., 2, 0.11750881316098707, 0, 0., 0, 0., 0, 0., 0, 0., 0, 0., 0, 0., 1511, 88.77790834312573, 70, 4.112808460634548, 0, 0., 4, 0.23501762632197415, 0, 0., 0, 0., 0, 0., 208, 1682, 1890, 1702, 0.9005291005291005
, generated\gt\sample_000095.krn, generated\xml_homr\sample_000095.xml, 0, 0., 216, 16.539050535987748, 0, 0., 31, 2.3736600306278715, 0, 0., 0, 0., 1, 0.07656967840735068, 0, 0., 0, 0., 1, 0.07656967840735068, 1, 0.07656967840735068, 2, 0.15313935681470137, 0, 0., 1, 0.07656967840735068, 1, 0.07656967840735068, 0, 0., 0, 0., 0, 0., 0, 0., 0, 0., 0, 0., 0, 0., 1, 0.07656967840735068, 0, 0., 0, 0., 0, 0., 0, 0., 0, 0., 0, 0., 0, 0., 0, 0., 0, 0., 940, 71.97549770290965, 107, 8.192955589586523, 0, 0., 4, 0.30627871362940273, 0, 0., 0, 0., 0, 0., 263, 1187, 1450, 1306, 0.9006896551724138
, generated\gt\sample_000485.krn, generated\xml_homr\sample_000485.xml, 0, 0., 74, 8.665105386416862, 0, 0., 12, 1.405152224824356, 0, 0., 0, 0., 0, 0., 0, 0., 0, 0., 0, 0., 3, 0.351288056206089, 3, 0.351288056206089, 0, 0., 2, 0.234192037470726, 0, 0., 0, 0., 0, 0., 0, 0., 0, 0., 0, 0., 0, 0., 0, 0., 1, 0.117096018735363, 0, 0., 0, 0., 0, 0., 0, 0., 0, 0., 0, 0., 0, 0., 0, 0., 0, 0., 685, 80.21077283372365, 70, 8.19672131147541, 0, 0., 4, 0.468384074941452, 0, 0., 0, 0., 0, 0., 134, 814, 948, 854, 0.9008438818565401
, generated\gt\sample_000000.krn, generated\xml_homr\sample_000000.xml, 0, 0., 216, 11.209133367929423, 0, 0., 48, 2.4909185262065385, 1, 0.05189413596263622, 1, 0.05189413596263622, 0, 0., 0, 0., 0, 0., 0, 0., 5, 0.2594706798131811, 2, 0.10378827192527244, 0, 0., 4, 0.2075765438505449, 0, 0., 0, 0., 0, 0., 0, 0., 0, 0., 0, 0., 0, 0., 0, 0., 5, 0.2594706798131811, 0, 0., 0, 0., 0, 0., 0, 0., 0, 0., 0, 0., 0, 0., 0, 0., 0, 0., 1539, 79.86507524649714, 102, 5.293201868188895, 0, 0., 4, 0.2075765438505449, 0, 0., 0, 0., 0, 0., 286, 1853, 2139, 1927, 0.9008882655446471
, generated\gt\sample_000223.krn, generated\xml_homr\sample_000223.xml, 0, 0., 92, 7.022900763358779, 0, 0., 0, 0., 0, 0., 0, 0., 14, 1.0687022900763359, 0, 0., 0, 0., 0, 0., 0, 0., 0, 0., 0, 0., 1, 0.07633587786259542, 2, 0.15267175572519084, 0, 0., 0, 0., 1, 0.07633587786259542, 0, 0., 0, 0., 0, 0., 0, 0., 0, 0., 0, 0., 0, 0., 0, 0., 0, 0., 0, 0., 0, 0., 0, 0., 0, 0., 0, 0., 1082, 82.59541984732824, 114, 8.702290076335878, 0, 0., 4, 0.3053435114503817, 0, 0., 0, 0., 0, 0., 206, 1248, 1454, 1310, 0.9009628610729024
, generated\gt\sample_000644.krn, generated\xml_homr\sample_000644.xml, 0, 0., 215, 11.093911248710011, 0, 0., 30, 1.5479876160990713, 0, 0., 0, 0., 1, 0.05159958720330237, 0, 0., 0, 0., 0, 0., 2, 0.10319917440660474, 1, 0.05159958720330237, 0, 0., 3, 0.15479876160990713, 2, 0.10319917440660474, 0, 0., 0, 0., 0, 0., 0, 0., 0, 0., 0, 0., 0, 0., 6, 0.30959752321981426, 0, 0., 0, 0., 0, 0., 0, 0., 0, 0., 0, 0., 0, 0., 0, 0., 0, 0., 1523, 78.58617131062951, 151, 7.791537667698658, 0, 0., 4, 0.20639834881320948, 0, 0., 0, 0., 0, 0., 325, 1826, 2151, 1938, 0.900976290097629
, generated\gt\sample_000570.krn, generated\xml_homr\sample_000570.xml, 0, 0., 121, 7.3023536511768254, 0, 0., 48, 2.896801448400724, 0, 0., 0, 0., 0, 0., 0, 0., 0, 0., 0, 0., 0, 0., 0, 0., 0, 0., 1, 0.060350030175015085, 2, 0.12070006035003017, 1, 0.060350030175015085, 0, 0., 0, 0., 0, 0., 0, 0., 0, 0., 0, 0., 0, 0., 0, 0., 0, 0., 0, 0., 0, 0., 0, 0., 0, 0., 0, 0., 0, 0., 0, 0., 1364, 82.31744115872058, 116, 7.00060350030175, 0, 0., 4, 0.24140012070006034, 0, 0., 0, 0., 0, 0., 245, 1594, 1839, 1657, 0.9010331702011963
, generated\gt\sample_000190.krn, generated\xml_homr\sample_000190.xml, 0, 0., 0, 0., 0, 0., 28, 1.78343949044586, 0, 0., 0, 0., 2, 0.12738853503184713, 0, 0., 0, 0., 0, 0., 0, 0., 0, 0., 0, 0., 3, 0.1910828025477707, 3, 0.1910828025477707, 1, 0.06369426751592357, 0, 0., 0, 0., 0, 0., 0, 0., 0, 0., 0, 0., 2, 0.12738853503184713, 0, 0., 0, 0., 0, 0., 0, 0., 0, 0., 0, 0., 0, 0., 0, 0., 0, 0., 1531, 97.51592356687898, 0, 0., 0, 0., 0, 0., 0, 0., 0, 0., 0, 0., 108, 1634, 1742, 1570, 0.9012629161882894
, generated\gt\sample_000174.krn, generated\xml_homr\sample_000174.xml, 0, 0., 151, 11.94620253164557, 0, 0., 36, 2.848101265822785, 0, 0., 0, 0., 4, 0.31645569620253167, 0, 0., 0, 0., 0, 0., 0, 0., 0, 0., 0, 0., 1, 0.07911392405063292, 2, 0.15822784810126583, 3, 0.23734177215189872, 0, 0., 0, 0., 0, 0., 0, 0., 0, 0., 0, 0., 9, 0.7120253164556962, 0, 0., 0, 0., 0, 0., 0, 0., 0, 0., 0, 0., 0, 0., 0, 0., 0, 0., 934, 73.89240506329114, 120, 9.49367088607595, 0, 0., 4, 0.31645569620253167, 0, 0., 0, 0., 0, 0., 254, 1148, 1402, 1264, 0.9015691868758916
, generated\gt\sample_000578.krn, generated\xml_homr\sample_000578.xml, 0, 0., 120, 6.369426751592357, 0, 0., 40, 2.1231422505307855, 0, 0., 0, 0., 4, 0.21231422505307856, 0, 0., 0, 0., 0, 0., 0, 0., 0, 0., 0, 0., 1, 0.05307855626326964, 2, 0.10615711252653928, 0, 0., 0, 0., 0, 0., 0, 0., 0, 0., 0, 0., 0, 0., 0, 0., 0, 0., 0, 0., 0, 0., 0, 0., 0, 0., 0, 0., 0, 0., 0, 0., 0, 0., 1584, 84.07643312101911, 129, 6.8471337579617835, 0, 0., 4, 0.21231422505307856, 0, 0., 0, 0., 0, 0., 261, 1827, 2088, 1884, 0.9022988505747126
, generated\gt\sample_000442.krn, generated\xml_homr\sample_000442.xml, 0, 0., 76, 8.379272326350607, 0, 0., 10, 1.1025358324145536, 0, 0., 0, 0., 0, 0., 0, 0., 6, 0.6615214994487321, 0, 0., 0, 0., 0, 0., 0, 0., 1, 0.11025358324145534, 0, 0., 0, 0., 0, 0., 0, 0., 0, 0., 0, 0., 0, 0., 0, 0., 5, 0.5512679162072768, 0, 0., 0, 0., 0, 0., 0, 0., 0, 0., 0, 0., 0, 0., 0, 0., 0, 0., 717, 79.05181918412349, 88, 9.70231532524807, 0, 0., 4, 0.4410143329658214, 0, 0., 0, 0., 0, 0., 154, 851, 1005, 907, 0.9024875621890547
, generated\gt\sample_000509.krn, generated\xml_homr\sample_000509.xml, 0, 0., 107, 9.460654288240494, 2, 0.1768346595932803, 1, 0.08841732979664015, 1, 0.08841732979664015, 0, 0., 0, 0., 0, 0., 0, 0., 0, 0., 16, 1.4146772767462423, 0, 0., 0, 0., 3, 0.26525198938992045, 4, 0.3536693191865606, 0, 0., 0, 0., 0, 0., 0, 0., 0, 0., 0, 0., 0, 0., 0, 0., 0, 0., 0, 0., 0, 0., 0, 0., 0, 0., 0, 0., 0, 0., 0, 0., 0, 0., 867, 76.657824933687, 126, 11.140583554376658, 0, 0., 4, 0.3536693191865606, 0, 0., 0, 0., 0, 0., 240, 1013, 1253, 1131, 0.902633679169992
, generated\gt\sample_000595.krn, generated\xml_homr\sample_000595.xml, 0, 0., 194, 11.492890995260664, 0, 0., 45, 2.6658767772511847, 0, 0., 0, 0., 0, 0., 0, 0., 0, 0., 1, 0.05924170616113744, 0, 0., 0, 0., 0, 0., 0, 0., 0, 0., 0, 0., 0, 0., 0, 0., 0, 0., 0, 0., 0, 0., 0, 0., 0, 0., 0, 0., 0, 0., 0, 0., 0, 0., 0, 0., 0, 0., 0, 0., 0, 0., 0, 0., 1348, 79.85781990521328, 96, 5.687203791469194, 0, 0., 4, 0.23696682464454977, 0, 0., 0, 0., 0, 0., 280, 1590, 1870, 1688, 0.9026737967914439
, generated\gt\sample_000241.krn, generated\xml_homr\sample_000241.xml, 0, 0., 110, 7.9479768786127165, 0, 0., 13, 0.9393063583815029, 0, 0., 0, 0., 1, 0.07225433526011561, 0, 0., 0, 0., 0, 0., 0, 0., 2, 0.14450867052023122, 0, 0., 1, 0.07225433526011561, 0, 0., 0, 0., 0, 0., 0, 0., 0, 0., 0, 0., 0, 0., 0, 0., 5, 0.36127167630057805, 0, 0., 0, 0., 0, 0., 0, 0., 0, 0., 0, 0., 0, 0., 0, 0., 0, 0., 1124, 81.21387283236994, 124, 8.959537572254336, 0, 0., 4, 0.28901734104046245, 0, 0., 0, 0., 0, 0., 215, 1318, 1533, 1384, 0.9028049575994781
, generated\gt\sample_000015.krn, generated\xml_homr\sample_000015.xml, 0, 0., 404, 21.500798296966472, 8, 0.4257583821181479, 3, 0.15965939329430548, 1, 0.05321979776476849, 0, 0., 2, 0.10643959552953698, 0, 0., 0, 0., 0, 0., 20, 1.06439595529537, 0, 0., 0, 0., 3, 0.15965939329430548, 4, 0.21287919105907396, 0, 0., 0, 0., 0, 0., 0, 0., 0, 0., 0, 0., 0, 0., 0, 0., 0, 0., 0, 0., 0, 0., 0, 0., 0, 0., 0, 0., 0, 0., 0, 0., 0, 0., 1230, 65.46035125066524, 200, 10.6439595529537, 0, 0., 4, 0.21287919105907396, 0, 0., 0, 0., 0, 0., 397, 1684, 2081, 1879, 0.9029312830370014
, generated\gt\sample_000506.krn, generated\xml_homr\sample_000506.xml, 0, 0., 120, 6.853226727584238, 0, 0., 12, 0.6853226727584237, 0, 0., 0, 0., 0, 0., 0, 0., 0, 0., 0, 0., 6, 0.34266133637921187, 0, 0., 0, 0., 1, 0.05711022272986865, 0, 0., 0, 0., 0, 0., 0, 0., 0, 0., 0, 0., 0, 0., 0, 0., 1, 0.05711022272986865, 0, 0., 0, 0., 0, 0., 0, 0., 0, 0., 0, 0., 0, 0., 0, 0., 0, 0., 1478, 84.40890919474586, 129, 7.367218732153056, 0, 0., 4, 0.2284408909194746, 0, 0., 0, 0., 0, 0., 239, 1700, 1939, 1751, 0.9030428055698814
, generated\gt\sample_000468.krn, generated\xml_homr\sample_000468.xml, 0, 0., 210, 14.43298969072165, 0, 0., 13, 0.8934707903780069, 1, 0.06872852233676977, 0, 0., 4, 0.27491408934707906, 0, 0., 0, 0., 3, 0.20618556701030927, 0, 0., 0, 0., 0, 0., 1, 0.06872852233676977, 4, 0.27491408934707906, 2, 0.13745704467353953, 0, 0., 2, 0.13745704467353953, 0, 0., 0, 0., 0, 0., 0, 0., 9, 0.6185567010309279, 0, 0., 0, 0., 0, 0., 0, 0., 0, 0., 0, 0., 0, 0., 0, 0., 0, 0., 1053, 72.37113402061856, 149, 10.240549828178693, 0, 0., 4, 0.27491408934707906, 0, 0., 0, 0., 0, 0., 337, 1274, 1611, 1455, 0.9031657355679702
, generated\gt\sample_000481.krn, generated\xml_homr\sample_000481.xml, 0, 0., 0, 0., 0, 0., 40, 2.4330900243309004, 0, 0., 0, 0., 3, 0.18248175182481752, 0, 0., 0, 0., 0, 0., 0, 0., 0, 0., 0, 0., 0, 0., 2, 0.12165450121654502, 0, 0., 0, 0., 0, 0., 0, 0., 0, 0., 0, 0., 0, 0., 0, 0., 0, 0., 0, 0., 0, 0., 0, 0., 0, 0., 0, 0., 0, 0., 0, 0., 0, 0., 1474, 89.65936739659368, 121, 7.360097323600973, 0, 0., 4, 0.24330900243309003, 0, 0., 0, 0., 0, 0., 238, 1582, 1820, 1644, 0.9032967032967033
, generated\gt\sample_000102.krn, generated\xml_homr\sample_000102.xml, 0, 0., 80, 6.294256490952006, 0, 0., 4, 0.3147128245476003, 1, 0.07867820613690008, 0, 0., 10, 0.7867820613690008, 0, 0., 0, 0., 1, 0.07867820613690008, 4, 0.3147128245476003, 2, 0.15735641227380015, 0, 0., 1, 0.07867820613690008, 2, 0.15735641227380015, 0, 0., 0, 0., 0, 0., 0, 0., 0, 0., 0, 0., 0, 0., 1, 0.07867820613690008, 0, 0., 0, 0., 0, 0., 0, 0., 0, 0., 0, 0., 0, 0., 0, 0., 0, 0., 1106, 87.01809598741148, 55, 4.327301337529504, 0, 0., 4, 0.3147128245476003, 0, 0., 0, 0., 0, 0., 155, 1252, 1407, 1271, 0.9033404406538735
, generated\gt\sample_000282.krn, generated\xml_homr\sample_000282.xml, 0, 0., 128, 9.914794732765298, 0, 0., 10, 0.774593338497289, 0, 0., 0, 0., 8, 0.6196746707978311, 0, 0., 0, 0., 0, 0., 0, 0., 0, 0., 0, 0., 1, 0.07745933384972889, 1, 0.07745933384972889, 0, 0., 0, 0., 0, 0., 0, 0., 0, 0., 0, 0., 0, 0., 4, 0.30983733539891556, 0, 0., 0, 0., 0, 0., 0, 0., 0, 0., 0, 0., 0, 0., 0, 0., 0, 0., 1000, 77.45933384972889, 135, 10.4570100697134, 0, 0., 4, 0.30983733539891556, 0, 0., 0, 0., 0, 0., 228, 1201, 1429, 1291, 0.9034289713086074
, generated\gt\sample_000384.krn, generated\xml_homr\sample_000384.xml, 0, 0., 54, 2.0508925180402584, 0, 0., 73, 2.772502848461831, 0, 0., 0, 0., 0, 0., 0, 0., 0, 0., 0, 0., 1, 0.0379794910748196, 0, 0., 0, 0., 0, 0., 0, 0., 1, 0.0379794910748196, 0, 0., 0, 0., 0, 0., 0, 0., 0, 0., 0, 0., 6, 0.2278769464489176, 0, 0., 0, 0., 0, 0., 0, 0., 0, 0., 0, 0., 0, 0., 0, 0., 0, 0., 2498, 94.87276870489936, 0, 0., 0, 0., 0, 0., 0, 0., 0, 0., 0, 0., 211, 2703, 2914, 2633, 0.9035689773507206
, generated\gt\sample_000156.krn, generated\xml_homr\sample_000156.xml, 0, 0., 184, 8.459770114942529, 0, 0., 62, 2.8505747126436782, 0, 0., 0, 0., 9, 0.41379310344827586, 0, 0., 0, 0., 0, 0., 0, 0., 0, 0., 0, 0., 0, 0., 2, 0.09195402298850575, 0, 0., 0, 0., 0, 0., 0, 0., 0, 0., 0, 0., 0, 0., 0, 0., 0, 0., 0, 0., 0, 0., 0, 0., 0, 0., 0, 0., 0, 0., 0, 0., 0, 0., 1717, 78.94252873563218, 197, 9.057471264367816, 0, 0., 4, 0.1839080459770115, 0, 0., 0, 0., 0, 0., 359, 2048, 2407, 2175, 0.9036144578313253
, generated\gt\sample_000199.krn, generated\xml_homr\sample_000199.xml, 0, 0., 176, 8.392942298521698, 0, 0., 22, 1.0491177873152122, 0, 0., 0, 0., 5, 0.23843586075345732, 0, 0., 0, 0., 5, 0.23843586075345732, 0, 0., 1, 0.047687172150691466, 0, 0., 1, 0.047687172150691466, 2, 0.09537434430138293, 0, 0., 0, 0., 0, 0., 0, 0., 0, 0., 0, 0., 0, 0., 2, 0.09537434430138293, 0, 0., 0, 0., 0, 0., 0, 0., 0, 0., 0, 0., 0, 0., 0, 0., 0, 0., 1722, 82.1173104434907, 157, 7.48688602765856, 0, 0., 4, 0.19074868860276586, 0, 0., 0, 0., 0, 0., 315, 2005, 2320, 2097, 0.9038793103448276
, generated\gt\sample_000085.krn, generated\xml_homr\sample_000085.xml, 0, 0., 150, 6.226650062266501, 0, 0., 65, 2.69821502698215, 0, 0., 0, 0., 8, 0.33208800332088, 0, 0., 0, 0., 0, 0., 0, 0., 0, 0., 0, 0., 1, 0.04151100041511, 2, 0.08302200083022, 0, 0., 0, 0., 0, 0., 0, 0., 0, 0., 0, 0., 0, 0., 3, 0.12453300124533001, 0, 0., 0, 0., 0, 0., 0, 0., 0, 0., 0, 0., 0, 0., 0, 0., 0, 0., 2009, 83.395599833956, 167, 6.932337069323371, 0, 0., 4, 0.16604400166044, 0, 0., 0, 0., 0, 0., 344, 2320, 2664, 2409, 0.9042792792792793
, generated\gt\sample_000622.krn, generated\xml_homr\sample_000622.xml, 0, 0., 351, 19.954519613416714, 0, 0., 17, 0.9664582148948266, 0, 0., 0, 0., 0, 0., 0, 0., 0, 0., 0, 0., 0, 0., 0, 0., 0, 0., 4, 0.2274019329164298, 0, 0., 0, 0., 0, 0., 0, 0., 0, 0., 0, 0., 0, 0., 0, 0., 0, 0., 0, 0., 0, 0., 0, 0., 0, 0., 0, 0., 0, 0., 0, 0., 0, 0., 0, 0., 1247, 70.892552586697, 136, 7.731665719158613, 0, 0., 4, 0.2274019329164298, 0, 0., 0, 0., 0, 0., 284, 1661, 1945, 1759, 0.9043701799485862
, generated\gt\sample_000084.krn, generated\xml_homr\sample_000084.xml, 0, 0., 153, 6.818181818181818, 0, 0., 51, 2.272727272727273, 0, 0., 0, 0., 3, 0.13368983957219252, 0, 0., 0, 0., 2, 0.08912655971479501, 1, 0.044563279857397504, 0, 0., 0, 0., 1, 0.044563279857397504, 0, 0., 0, 0., 0, 0., 2, 0.08912655971479501, 0, 0., 0, 0., 0, 0., 0, 0., 3, 0.13368983957219252, 0, 0., 0, 0., 0, 0., 0, 0., 0, 0., 0, 0., 0, 0., 0, 0., 0, 0., 1865, 83.11051693404634, 159, 7.0855614973262036, 0, 0., 4, 0.17825311942959002, 0, 0., 0, 0., 0, 0., 321, 2159, 2480, 2244, 0.9048387096774193
, generated\gt\sample_000380.krn, generated\xml_homr\sample_000380.xml, 0, 0., 52, 3.951367781155015, 0, 0., 20, 1.5197568389057752, 0, 0., 0, 0., 1, 0.07598784194528875, 0, 0., 0, 0., 0, 0., 0, 0., 0, 0., 0, 0., 1, 0.07598784194528875, 3, 0.22796352583586627, 0, 0., 0, 0., 0, 0., 0, 0., 0, 0., 0, 0., 0, 0., 12, 0.9118541033434651, 0, 0., 0, 0., 0, 0., 0, 0., 0, 0., 0, 0., 0, 0., 0, 0., 0, 0., 1160, 88.14589665653496, 63, 4.787234042553192, 0, 0., 4, 0.303951367781155, 0, 0., 0, 0., 0, 0., 160, 1294, 1454, 1316, 0.9050894085281981
, generated\gt\sample_000222.krn, generated\xml_homr\sample_000222.xml, 0, 0., 85, 7.936507936507937, 0, 0., 0, 0., 0, 0., 0, 0., 8, 0.7469654528478058, 0, 0., 0, 0., 0, 0., 1, 0.09337068160597572, 0, 0., 0, 0., 1, 0.09337068160597572, 0, 0., 0, 0., 0, 0., 0, 0., 0, 0., 0, 0., 0, 0., 0, 0., 0, 0., 0, 0., 0, 0., 0, 0., 0, 0., 0, 0., 0, 0., 0, 0., 0, 0., 0, 0., 876, 81.79271708683473, 96, 8.96358543417367, 0, 0., 4, 0.3734827264239029, 0, 0., 0, 0., 0, 0., 164, 1019, 1183, 1071, 0.9053254437869822
, generated\gt\sample_000083.krn, generated\xml_homr\sample_000083.xml, 0, 0., 230, 14.566181127295756, 0, 0., 23, 1.4566181127295756, 0, 0., 4, 0.253324889170361, 8, 0.506649778340722, 0, 0., 0, 0., 0, 0., 0, 0., 0, 0., 0, 0., 2, 0.1266624445851805, 1, 0.06333122229259025, 0, 0., 0, 0., 0, 0., 0, 0., 0, 0., 0, 0., 0, 0., 4, 0.253324889170361, 0, 0., 0, 0., 0, 0., 0, 0., 0, 0., 0, 0., 0, 0., 0, 0., 0, 0., 1230, 77.897403419886, 73, 4.623179227359088, 0, 0., 4, 0.253324889170361, 0, 0., 0, 0., 0, 0., 289, 1455, 1744, 1579, 0.9053899082568807
, generated\gt\sample_000242.krn, generated\xml_homr\sample_000242.xml, 0, 0., 241, 13.32227750138198, 0, 0., 20, 1.105583195135434, 0, 0., 19, 1.0503040353786623, 0, 0., 0, 0., 0, 0., 0, 0., 0, 0., 1, 0.055279159756771695, 0, 0., 1, 0.055279159756771695, 2, 0.11055831951354339, 0, 0., 0, 0., 0, 0., 0, 0., 0, 0., 0, 0., 0, 0., 3, 0.16583747927031509, 0, 0., 0, 0., 0, 0., 0, 0., 0, 0., 0, 0., 0, 0., 0, 0., 0, 0., 1415, 78.22001105583195, 103, 5.693753454947485, 0, 0., 4, 0.22111663902708678, 0, 0., 0, 0., 0, 0., 302, 1696, 1998, 1809, 0.9054054054054054
, generated\gt\sample_000567.krn, generated\xml_homr\sample_000567.xml, 0, 0., 0, 0., 0, 0., 32, 1.8957345971563981, 0, 0., 0, 0., 0, 0., 0, 0., 0, 0., 0, 0., 0, 0., 0, 0., 0, 0., 0, 0., 3, 0.17772511848341233, 0, 0., 0, 0., 0, 0., 0, 0., 0, 0., 0, 0., 0, 0., 1, 0.05924170616113744, 0, 0., 0, 0., 0, 0., 0, 0., 0, 0., 0, 0., 0, 0., 0, 0., 0, 0., 1652, 97.86729857819905, 0, 0., 0, 0., 0, 0., 0, 0., 0, 0., 0, 0., 106, 1758, 1864, 1688, 0.9055793991416309
, generated\gt\sample_000080.krn, generated\xml_homr\sample_000080.xml, 0, 0., 144, 9.993060374739764, 0, 0., 20, 1.3879250520471895, 0, 0., 0, 0., 3, 0.2081887578070784, 0, 0., 0, 0., 0, 0., 0, 0., 0, 0., 0, 0., 3, 0.2081887578070784, 1, 0.06939625260235947, 0, 0., 0, 0., 0, 0., 0, 0., 0, 0., 0, 0., 0, 0., 4, 0.2775850104094379, 0, 0., 0, 0., 0, 0., 0, 0., 0, 0., 0, 0., 0, 0., 0, 0., 0, 0., 1113, 77.23802914642609, 149, 10.340041637751561, 0, 0., 4, 0.2775850104094379, 0, 0., 0, 0., 0, 0., 247, 1344, 1591, 1441, 0.9057196731615337
, generated\gt\sample_000393.krn, generated\xml_homr\sample_000393.xml, 0, 0., 132, 9.134948096885813, 0, 0., 16, 1.1072664359861593, 0, 0., 4, 0.2768166089965398, 3, 0.20761245674740483, 0, 0., 0, 0., 0, 0., 0, 0., 0, 0., 0, 0., 0, 0., 2, 0.1384083044982699, 0, 0., 0, 0., 0, 0., 0, 0., 0, 0., 0, 0., 0, 0., 3, 0.20761245674740483, 0, 0., 0, 0., 0, 0., 0, 0., 0, 0., 0, 0., 0, 0., 0, 0., 0, 0., 1153, 79.7923875432526, 128, 8.858131487889274, 0, 0., 4, 0.2768166089965398, 0, 0., 0, 0., 0, 0., 223, 1372, 1595, 1445, 0.9059561128526645
, generated\gt\sample_000429.krn, generated\xml_homr\sample_000429.xml, 0, 0., 0, 0., 0, 0., 0, 0., 0, 0., 0, 0., 3, 0.3112033195020747, 0, 0., 0, 0., 8, 0.8298755186721992, 0, 0., 0, 0., 0, 0., 0, 0., 0, 0., 0, 0., 0, 0., 0, 0., 0, 0., 0, 0., 0, 0., 0, 0., 7, 0.7261410788381742, 0, 0., 0, 0., 0, 0., 0, 0., 0, 0., 0, 0., 0, 0., 0, 0., 0, 0., 946, 98.13278008298755, 0, 0., 0, 0., 0, 0., 0, 0., 0, 0., 0, 0., 68, 996, 1064, 964, 0.9060150375939849
, generated\gt\sample_000652.krn, generated\xml_homr\sample_000652.xml, 0, 0., 106, 6.3170441001191895, 0, 0., 38, 2.264600715137068, 0, 0., 0, 0., 0, 0., 0, 0., 0, 0., 0, 0., 0, 0., 0, 0., 0, 0., 1, 0.05959475566150179, 3, 0.17878426698450536, 0, 0., 0, 0., 0, 0., 0, 0., 0, 0., 0, 0., 0, 0., 4, 0.23837902264600716, 0, 0., 0, 0., 0, 0., 0, 0., 0, 0., 0, 0., 0, 0., 0, 0., 0, 0., 1411, 84.08820023837902, 111, 6.615017878426698, 0, 0., 4, 0.23837902264600716, 0, 0., 0, 0., 0, 0., 226, 1626, 1852, 1678, 0.906047516198704
, generated\gt\sample_000335.krn, generated\xml_homr\sample_000335.xml, 0, 0., 158, 7.000443066016836, 0, 0., 70, 3.1014621178555606, 0, 0., 0, 0., 2, 0.08861320336730173, 0, 0., 0, 0., 1, 0.044306601683650866, 0, 0., 0, 0., 0, 0., 2, 0.08861320336730173, 2, 0.08861320336730173, 0, 0., 0, 0., 0, 0., 0, 0., 0, 0., 0, 0., 0, 0., 2, 0.08861320336730173, 0, 0., 0, 0., 0, 0., 0, 0., 0, 0., 0, 0., 0, 0., 0, 0., 0, 0., 1849, 81.92290651307044, 167, 7.399202481169694, 0, 0., 4, 0.17722640673460346, 0, 0., 0, 0., 0, 0., 330, 2161, 2491, 2257, 0.9060618225612204
, generated\gt\sample_000332.krn, generated\xml_homr\sample_000332.xml, 0, 0., 111, 8.197932053175775, 0, 0., 14, 1.03397341211226, 0, 0., 0, 0., 4, 0.29542097488921715, 0, 0., 0, 0., 0, 0., 0, 0., 0, 0., 0, 0., 1, 0.07385524372230429, 2, 0.14771048744460857, 1, 0.07385524372230429, 0, 0., 0, 0., 0, 0., 0, 0., 0, 0., 0, 0., 1, 0.07385524372230429, 0, 0., 0, 0., 0, 0., 0, 0., 0, 0., 0, 0., 0, 0., 0, 0., 0, 0., 1096, 80.94534711964549, 120, 8.862629246676514, 0, 0., 4, 0.29542097488921715, 0, 0., 0, 0., 0, 0., 209, 1283, 1492, 1354, 0.9075067024128687
, generated\gt\sample_000347.krn, generated\xml_homr\sample_000347.xml, 0, 0., 171, 8.751279426816787, 0, 0., 41, 2.0982599795291708, 0, 0., 0, 0., 0, 0., 0, 0., 0, 0., 0, 0., 1, 0.0511770726714432, 0, 0., 0, 0., 1, 0.0511770726714432, 0, 0., 0, 0., 0, 0., 0, 0., 0, 0., 0, 0., 0, 0., 0, 0., 7, 0.35823950870010235, 0, 0., 0, 0., 0, 0., 0, 0., 0, 0., 0, 0., 0, 0., 0, 0., 0, 0., 1641, 83.98157625383828, 88, 4.503582395087001, 0, 0., 4, 0.2047082906857728, 0, 0., 0, 0., 0, 0., 263, 1890, 2153, 1954, 0.9075708313980493
, generated\gt\sample_000390.krn, generated\xml_homr\sample_000390.xml, 0, 0., 179, 12.387543252595156, 0, 0., 0, 0., 0, 0., 0, 0., 2, 0.1384083044982699, 0, 0., 0, 0., 0, 0., 5, 0.3460207612456747, 0, 0., 0, 0., 1, 0.06920415224913495, 0, 0., 0, 0., 0, 0., 4, 0.2768166089965398, 0, 0., 0, 0., 0, 0., 0, 0., 0, 0., 0, 0., 0, 0., 0, 0., 0, 0., 0, 0., 0, 0., 0, 0., 0, 0., 0, 0., 1060, 73.35640138408304, 190, 13.14878892733564, 0, 0., 4, 0.2768166089965398, 0, 0., 0, 0., 0, 0., 289, 1302, 1591, 1445, 0.9082338152105593
, generated\gt\sample_000239.krn, generated\xml_homr\sample_000239.xml, 0, 0., 0, 0., 0, 0., 42, 2.053789731051345, 0, 0., 0, 0., 2, 0.097799511002445, 0, 0., 0, 0., 0, 0., 0, 0., 0, 0., 0, 0., 0, 0., 0, 0., 0, 0., 0, 0., 0, 0., 0, 0., 0, 0., 0, 0., 0, 0., 6, 0.293398533007335, 0, 0., 0, 0., 0, 0., 0, 0., 0, 0., 0, 0., 0, 0., 0, 0., 0, 0., 1995, 97.55501222493888, 0, 0., 0, 0., 0, 0., 0, 0., 0, 0., 0, 0., 132, 2119, 2251, 2045, 0.9084851177254554
, generated\gt\sample_000089.krn, generated\xml_homr\sample_000089.xml, 0, 0., 85, 7.70625566636446, 0, 0., 9, 0.8159564823209429, 0, 0., 0, 0., 0, 0., 0, 0., 0, 0., 0, 0., 0, 0., 0, 0., 0, 0., 2, 0.1813236627379873, 0, 0., 0, 0., 0, 0., 0, 0., 0, 0., 0, 0., 0, 0., 0, 0., 7, 0.6346328195829556, 0, 0., 0, 0., 0, 0., 0, 0., 0, 0., 0, 0., 0, 0., 0, 0., 0, 0., 911, 82.59292837715321, 85, 7.70625566636446, 0, 0., 4, 0.3626473254759746, 0, 0., 0, 0., 0, 0., 160, 1054, 1214, 1103, 0.9085667215815486
, generated\gt\sample_000408.krn, generated\xml_homr\sample_000408.xml, 0, 0., 101, 6.7558528428093645, 2, 0.13377926421404682, 21, 1.4046822742474916, 0, 0., 2, 0.13377926421404682, 9, 0.6020066889632107, 0, 0., 0, 0., 0, 0., 0, 0., 0, 0., 0, 0., 1, 0.06688963210702341, 2, 0.13377926421404682, 0, 0., 0, 0., 0, 0., 0, 0., 0, 0., 0, 0., 0, 0., 3, 0.20066889632107024, 0, 0., 0, 0., 0, 0., 0, 0., 0, 0., 0, 0., 0, 0., 0, 0., 0, 0., 1258, 84.14715719063545, 92, 6.153846153846154, 0, 0., 4, 0.26755852842809363, 0, 0., 0, 0., 0, 0., 208, 1437, 1645, 1495, 0.9088145896656535
, generated\gt\sample_000402.krn, generated\xml_homr\sample_000402.xml, 0, 0., 115, 7.428940568475452, 0, 0., 0, 0., 0, 0., 0, 0., 3, 0.1937984496124031, 0, 0., 0, 0., 5, 0.32299741602067183, 0, 0., 0, 0., 0, 0., 1, 0.06459948320413436, 2, 0.12919896640826872, 0, 0., 0, 0., 0, 0., 0, 0., 0, 0., 0, 0., 0, 0., 0, 0., 0, 0., 0, 0., 0, 0., 0, 0., 0, 0., 0, 0., 0, 0., 0, 0., 0, 0., 1298, 83.85012919896641, 120, 7.751937984496124, 0, 0., 4, 0.25839793281653745, 0, 0., 0, 0., 0, 0., 211, 1491, 1702, 1548, 0.9095182138660399
, generated\gt\sample_000588.krn, generated\xml_homr\sample_000588.xml, 0, 0., 294, 12.962962962962964, 0, 0., 40, 1.763668430335097, 0, 0., 0, 0., 1, 0.04409171075837742, 0, 0., 0, 0., 0, 0., 0, 0., 0, 0., 0, 0., 1, 0.04409171075837742, 2, 0.08818342151675485, 0, 0., 0, 0., 0, 0., 0, 0., 0, 0., 0, 0., 0, 0., 1, 0.04409171075837742, 0, 0., 0, 0., 0, 0., 0, 0., 0, 0., 0, 0., 0, 0., 0, 0., 0, 0., 1721, 75.88183421516754, 204, 8.994708994708995, 0, 0., 4, 0.1763668430335097, 0, 0., 0, 0., 0, 0., 391, 2101, 2492, 2268, 0.9101123595505618
, generated\gt\sample_000070.krn, generated\xml_homr\sample_000070.xml, 0, 0., 127, 8.645336963921034, 0, 0., 20, 1.3614703880190606, 0, 0., 0, 0., 4, 0.27229407760381213, 0, 0., 0, 0., 0, 0., 3, 0.2042205582028591, 0, 0., 0, 0., 1, 0.06807351940095303, 2, 0.13614703880190607, 2, 0.13614703880190607, 0, 0., 0, 0., 0, 0., 0, 0., 0, 0., 0, 0., 2, 0.13614703880190607, 0, 0., 0, 0., 0, 0., 0, 0., 0, 0., 0, 0., 0, 0., 0, 0., 0, 0., 1163, 79.16950306330837, 141, 9.598366235534376, 0, 0., 4, 0.27229407760381213, 0, 0., 0, 0., 0, 0., 239, 1375, 1614, 1469, 0.9101610904584883
, generated\gt\sample_000458.krn, generated\xml_homr\sample_000458.xml, 0, 0., 144, 8.416130917592051, 0, 0., 20, 1.168907071887785, 0, 0., 0, 0., 8, 0.46756282875511396, 0, 0., 0, 0., 0, 0., 1, 0.058445353594389245, 0, 0., 0, 0., 1, 0.058445353594389245, 2, 0.11689070718877849, 0, 0., 0, 0., 0, 0., 0, 0., 0, 0., 0, 0., 0, 0., 5, 0.29222676797194624, 0, 0., 0, 0., 2, 0.11689070718877849, 0, 0., 0, 0., 0, 0., 0, 0., 0, 0., 0, 0., 1347, 78.72589129164231, 177, 10.344827586206897, 0, 0., 4, 0.23378141437755698, 0, 0., 0, 0., 0, 0., 290, 1589, 1879, 1711, 0.9105907397551889
, generated\gt\sample_000457.krn, generated\xml_homr\sample_000457.xml, 0, 0., 239, 11.814137419673752, 0, 0., 28, 1.3840830449826989, 1, 0.049431537320810674, 0, 0., 13, 0.6426099851705388, 0, 0., 0, 0., 0, 0., 0, 0., 0, 0., 0, 0., 2, 0.09886307464162135, 2, 0.09886307464162135, 0, 0., 0, 0., 0, 0., 0, 0., 0, 0., 0, 0., 0, 0., 8, 0.3954522985664854, 0, 0., 0, 0., 0, 0., 0, 0., 0, 0., 0, 0., 0, 0., 0, 0., 0, 0., 1498, 74.0484429065744, 228, 11.270390509144834, 0, 0., 4, 0.1977261492832427, 0, 0., 0, 0., 0, 0., 393, 1828, 2221, 2023, 0.9108509680324178
, generated\gt\sample_000238.krn, generated\xml_homr\sample_000238.xml, 0, 0., 158, 15.459882583170254, 0, 0., 0, 0., 0, 0., 0, 0., 4, 0.3913894324853229, 0, 0., 0, 0., 1, 0.09784735812133072, 1, 0.09784735812133072, 0, 0., 0, 0., 1, 0.09784735812133072, 2, 0.19569471624266144, 0, 0., 0, 0., 0, 0., 0, 0., 0, 0., 0, 0., 0, 0., 1, 0.09784735812133072, 0, 0., 0, 0., 0, 0., 0, 0., 0, 0., 0, 0., 0, 0., 0, 0., 0, 0., 720, 70.45009784735812, 130, 12.720156555772995, 0, 0., 4, 0.3913894324853229, 0, 0., 0, 0., 0, 0., 213, 909, 1122, 1022, 0.910873440285205
, generated\gt\sample_000421.krn, generated\xml_homr\sample_000421.xml, 0, 0., 216, 10.131332082551594, 0, 0., 50, 2.345215759849906, 0, 0., 0, 0., 0, 0., 0, 0., 0, 0., 0, 0., 2, 0.09380863039399624, 0, 0., 0, 0., 2, 0.09380863039399624, 0, 0., 0, 0., 0, 0., 0, 0., 0, 0., 0, 0., 0, 0., 0, 0., 7, 0.32833020637898686, 0, 0., 0, 0., 0, 0., 0, 0., 0, 0., 0, 0., 0, 0., 0, 0., 0, 0., 1629, 76.40712945590994, 222, 10.412757973733584, 0, 0., 4, 0.18761726078799248, 0, 0., 0, 0., 0, 0., 364, 1976, 2340, 2132, 0.9111111111111111
, generated\gt\sample_000196.krn, generated\xml_homr\sample_000196.xml, 0, 0., 66, 4.333552199606041, 0, 0., 13, 0.8535784635587655, 0, 0., 0, 0., 0, 0., 0, 0., 0, 0., 1, 0.06565988181221274, 1, 0.06565988181221274, 0, 0., 0, 0., 1, 0.06565988181221274, 0, 0., 0, 0., 0, 0., 0, 0., 0, 0., 0, 0., 0, 0., 0, 0., 7, 0.4596191726854892, 0, 0., 0, 0., 0, 0., 0, 0., 0, 0., 0, 0., 0, 0., 0, 0., 0, 0., 1345, 88.31254103742613, 85, 5.581089954038083, 0, 0., 4, 0.262639527248851, 0, 0., 0, 0., 0, 0., 177, 1494, 1671, 1523, 0.9114302812687014
, generated\gt\sample_000426.krn, generated\xml_homr\sample_000426.xml, 0, 0., 160, 7.644529383659818, 0, 0., 48, 2.2933588150979456, 0, 0., 0, 0., 0, 0., 0, 0., 0, 0., 0, 0., 0, 0., 0, 0., 0, 0., 0, 0., 2, 0.09555661729574773, 0, 0., 0, 0., 0, 0., 0, 0., 0, 0., 0, 0., 0, 0., 6, 0.2866698518872432, 0, 0., 0, 0., 0, 0., 0, 0., 0, 0., 0, 0., 0, 0., 0, 0., 0, 0., 1707, 81.55757286192069, 166, 7.931199235547061, 0, 0., 4, 0.19111323459149546, 0, 0., 0, 0., 0, 0., 302, 1994, 2296, 2093, 0.9115853658536586
, generated\gt\sample_000550.krn, generated\xml_homr\sample_000550.xml, 0, 0., 24, 1.722900215362527, 0, 0., 21, 1.5075376884422111, 0, 0., 0, 0., 0, 0., 0, 0., 0, 0., 0, 0., 0, 0., 0, 0., 0, 0., 3, 0.21536252692031588, 3, 0.21536252692031588, 0, 0., 0, 0., 0, 0., 0, 0., 0, 0., 0, 0., 0, 0., 2, 0.14357501794687724, 0, 0., 0, 0., 0, 0., 0, 0., 0, 0., 0, 0., 0, 0., 0, 0., 0, 0., 1340, 96.19526202440775, 0, 0., 0, 0., 0, 0., 0, 0., 0, 0., 0, 0., 108, 1420, 1528, 1393, 0.9116492146596858
, generated\gt\sample_000348.krn, generated\xml_homr\sample_000348.xml, 0, 0., 401, 18.128390596745028, 0, 0., 44, 1.9891500904159132, 1, 0.045207956600361664, 0, 0., 2, 0.09041591320072333, 0, 0., 0, 0., 0, 0., 0, 0., 0, 0., 0, 0., 2, 0.09041591320072333, 2, 0.09041591320072333, 0, 0., 0, 0., 0, 0., 0, 0., 0, 0., 0, 0., 0, 0., 7, 0.31645569620253167, 0, 0., 0, 0., 0, 0., 0, 0., 0, 0., 0, 0., 0, 0., 0, 0., 0, 0., 1583, 71.56419529837251, 166, 7.504520795660036, 0, 0., 4, 0.18083182640144665, 0, 0., 0, 0., 0, 0., 434, 1992, 2426, 2212, 0.9117889530090684
, generated\gt\sample_000620.krn, generated\xml_homr\sample_000620.xml, 0, 0., 138, 6.8013799901429275, 0, 0., 30, 1.4785608674223756, 0, 0., 0, 0., 6, 0.2957121734844751, 0, 0., 0, 0., 6, 0.2957121734844751, 0, 0., 0, 0., 0, 0., 2, 0.09857072449482504, 2, 0.09857072449482504, 0, 0., 0, 0., 0, 0., 0, 0., 0, 0., 0, 0., 0, 0., 2, 0.09857072449482504, 0, 0., 0, 0., 0, 0., 0, 0., 0, 0., 0, 0., 0, 0., 0, 0., 0, 0., 1690, 83.29226219812716, 149, 7.343518974864465, 0, 0., 4, 0.19714144898965008, 0, 0., 0, 0., 0, 0., 282, 1943, 2225, 2029, 0.9119101123595506
, generated\gt\sample_000307.krn, generated\xml_homr\sample_000307.xml, 0, 0., 216, 9.981515711645102, 0, 0., 38, 1.756007393715342, 0, 0., 0, 0., 6, 0.27726432532347506, 0, 0., 0, 0., 0, 0., 1, 0.04621072088724584, 0, 0., 0, 0., 1, 0.04621072088724584, 2, 0.09242144177449169, 0, 0., 0, 0., 0, 0., 0, 0., 0, 0., 0, 0., 0, 0., 8, 0.36968576709796674, 0, 0., 0, 0., 0, 0., 0, 0., 0, 0., 0, 0., 0, 0., 0, 0., 0, 0., 1716, 79.29759704251386, 172, 7.948243992606285, 0, 0., 4, 0.18484288354898337, 0, 0., 0, 0., 0, 0., 315, 2057, 2372, 2164, 0.9123102866779089
, generated\gt\sample_000653.krn, generated\xml_homr\sample_000653.xml, 0, 0., 161, 9.658068386322736, 0, 0., 49, 2.939412117576485, 0, 0., 0, 0., 2, 0.11997600479904019, 0, 0., 0, 0., 0, 0., 0, 0., 1, 0.059988002399520096, 0, 0., 2, 0.11997600479904019, 3, 0.1799640071985603, 0, 0., 0, 0., 2, 0.11997600479904019, 0, 0., 0, 0., 0, 0., 0, 0., 3, 0.1799640071985603, 0, 0., 0, 0., 0, 0., 0, 0., 0, 0., 0, 0., 0, 0., 0, 0., 0, 0., 1323, 79.36412717456508, 117, 7.018596280743851, 0, 0., 4, 0.23995200959808038, 0, 0., 0, 0., 0, 0., 261, 1566, 1827, 1667, 0.9124247400109469
, generated\gt\sample_000134.krn, generated\xml_homr\sample_000134.xml, 0, 0., 185, 28.95148669796557, 0, 0., 5, 0.7824726134585289, 0, 0., 0, 0., 0, 0., 0, 0., 0, 0., 1, 0.1564945226917058, 0, 0., 1, 0.1564945226917058, 0, 0., 2, 0.3129890453834116, 2, 0.3129890453834116, 0, 0., 0, 0., 0, 0., 0, 0., 0, 0., 0, 0., 0, 0., 6, 0.9389671361502347, 0, 0., 0, 0., 0, 0., 0, 0., 0, 0., 0, 0., 0, 0., 0, 0., 0, 0., 300, 46.948356807511736, 133, 20.81377151799687, 0, 0., 4, 0.6259780907668232, 0, 0., 0, 0., 0, 0., 217, 483, 700, 639, 0.9128571428571428
, generated\gt\sample_000420.krn, generated\xml_homr\sample_000420.xml, 0, 0., 64, 4.161248374512354, 0, 0., 23, 1.495448634590377, 0, 0., 0, 0., 2, 0.13003901170351106, 0, 0., 0, 0., 0, 0., 0, 0., 0, 0., 0, 0., 1, 0.06501950585175553, 0, 0., 1, 0.06501950585175553, 0, 0., 0, 0., 0, 0., 0, 0., 0, 0., 0, 0., 4, 0.26007802340702213, 0, 0., 0, 0., 0, 0., 0, 0., 0, 0., 0, 0., 0, 0., 0, 0., 0, 0., 1443, 93.82314694408322, 0, 0., 0, 0., 0, 0., 0, 0., 0, 0., 0, 0., 141, 1543, 1684, 1538, 0.9133016627078385
, generated\gt\sample_000514.krn, generated\xml_homr\sample_000514.xml, 0, 0., 50, 3.250975292587776, 6, 0.39011703511053314, 0, 0., 3, 0.19505851755526657, 0, 0., 2, 0.13003901170351106, 0, 0., 0, 0., 0, 0., 10, 0.6501950585175552, 0, 0., 0, 0., 0, 0., 2, 0.13003901170351106, 0, 0., 0, 0., 0, 0., 0, 0., 0, 0., 0, 0., 0, 0., 5, 0.3250975292587776, 0, 0., 0, 0., 0, 0., 0, 0., 0, 0., 0, 0., 0, 0., 0, 0., 0, 0., 1239, 80.5591677503251, 217, 14.10923276983095, 0, 0., 4, 0.26007802340702213, 0, 0., 0, 0., 0, 0., 309, 1375, 1684, 1538, 0.9133016627078385
, generated\gt\sample_000637.krn, generated\xml_homr\sample_000637.xml, 0, 0., 119, 5.7963955187530445, 0, 0., 40, 1.948368241597662, 0, 0., 0, 0., 0, 0., 0, 0., 0, 0., 1, 0.04870920603994155, 0, 0., 7, 0.34096444227959083, 0, 0., 1, 0.04870920603994155, 2, 0.0974184120798831, 0, 0., 0, 0., 0, 0., 0, 0., 0, 0., 0, 0., 0, 0., 0, 0., 0, 0., 0, 0., 0, 0., 0, 0., 0, 0., 0, 0., 0, 0., 0, 0., 0, 0., 1760, 85.72820263029713, 119, 5.7963955187530445, 0, 0., 4, 0.1948368241597662, 0, 0., 0, 0., 0, 0., 246, 2001, 2247, 2053, 0.9136626613262128
, generated\gt\sample_000496.krn, generated\xml_homr\sample_000496.xml, 0, 0., 193, 10.083594566353186, 0, 0., 18, 0.9404388714733543, 0, 0., 0, 0., 4, 0.2089864158829676, 0, 0., 0, 0., 0, 0., 1, 0.0522466039707419, 2, 0.1044932079414838, 0, 0., 1, 0.0522466039707419, 2, 0.1044932079414838, 0, 0., 0, 0., 0, 0., 0, 0., 0, 0., 0, 0., 0, 0., 3, 0.15673981191222572, 0, 0., 0, 0., 0, 0., 0, 0., 0, 0., 0, 0., 0, 0., 0, 0., 0, 0., 1480, 77.32497387669801, 206, 10.762800417972832, 0, 0., 4, 0.2089864158829676, 0, 0., 0, 0., 0, 0., 318, 1776, 2094, 1914, 0.9140401146131805
, generated\gt\sample_000673.krn, generated\xml_homr\sample_000673.xml, 0, 0., 231, 13.391304347826088, 0, 0., 12, 0.6956521739130435, 0, 0., 2, 0.11594202898550725, 2, 0.11594202898550725, 0, 0., 0, 0., 0, 0., 0, 0., 0, 0., 0, 0., 1, 0.057971014492753624, 2, 0.11594202898550725, 0, 0., 0, 0., 0, 0., 0, 0., 0, 0., 0, 0., 0, 0., 6, 0.34782608695652173, 0, 0., 0, 0., 0, 0., 0, 0., 0, 0., 0, 0., 0, 0., 0, 0., 0, 0., 1375, 79.71014492753623, 90, 5.217391304347826, 0, 0., 4, 0.2318840579710145, 0, 0., 0, 0., 0, 0., 269, 1618, 1887, 1725, 0.9141494435612083
, generated\gt\sample_000224.krn, generated\xml_homr\sample_000224.xml, 0, 0., 192, 17.97752808988764, 4, 0.37453183520599254, 3, 0.2808988764044944, 2, 0.18726591760299627, 0, 0., 7, 0.6554307116104869, 0, 0., 0, 0., 0, 0., 2, 0.18726591760299627, 0, 0., 0, 0., 1, 0.09363295880149813, 2, 0.18726591760299627, 0, 0., 0, 0., 0, 0., 0, 0., 0, 0., 0, 0., 0, 0., 0, 0., 0, 0., 0, 0., 0, 0., 0, 0., 0, 0., 0, 0., 0, 0., 0, 0., 0, 0., 791, 74.06367041198502, 60, 5.617977528089888, 0, 0., 4, 0.37453183520599254, 0, 0., 0, 0., 0, 0., 208, 960, 1168, 1068, 0.9143835616438356
, generated\gt\sample_000077.krn, generated\xml_homr\sample_000077.xml, 0, 0., 129, 9.422936449963476, 0, 0., 12, 0.8765522279035792, 0, 0., 0, 0., 0, 0., 0, 0., 0, 0., 0, 0., 0, 0., 0, 0., 0, 0., 1, 0.07304601899196493, 4, 0.2921840759678597, 0, 0., 0, 0., 2, 0.14609203798392986, 0, 0., 0, 0., 0, 0., 0, 0., 2, 0.14609203798392986, 0, 0., 0, 0., 0, 0., 0, 0., 0, 0., 0, 0., 0, 0., 0, 0., 0, 0., 1082, 79.03579254930607, 133, 9.715120525931336, 0, 0., 4, 0.2921840759678597, 0, 0., 0, 0., 0, 0., 213, 1284, 1497, 1369, 0.9144956579826319
, generated\gt\sample_000008.krn, generated\xml_homr\sample_000008.xml, 0, 0., 296, 12.579685507862303, 0, 0., 44, 1.8699532511687207, 0, 0., 4, 0.16999575010624735, 14, 0.5949851253718657, 0, 0., 0, 0., 4, 0.16999575010624735, 7, 0.2974925626859328, 3, 0.1274968125796855, 0, 0., 1, 0.042498937526561836, 2, 0.08499787505312367, 0, 0., 0, 0., 0, 0., 0, 0., 0, 0., 0, 0., 0, 0., 8, 0.3399915002124947, 0, 0., 0, 0., 0, 0., 0, 0., 0, 0., 0, 0., 0, 0., 0, 0., 0, 0., 1878, 79.81300467488313, 88, 3.7399065023374414, 0, 0., 4, 0.16999575010624735, 0, 0., 0, 0., 0, 0., 301, 2272, 2573, 2353, 0.9144966964632725
, generated\gt\sample_000559.krn, generated\xml_homr\sample_000559.xml, 0, 0., 160, 7.615421227986673, 0, 0., 56, 2.6653974297953353, 0, 0., 0, 0., 3, 0.14278914802475012, 0, 0., 0, 0., 0, 0., 0, 0., 0, 0., 0, 0., 0, 0., 0, 0., 0, 0., 0, 0., 0, 0., 0, 0., 0, 0., 0, 0., 0, 0., 10, 0.47596382674916704, 0, 0., 0, 0., 0, 0., 0, 0., 0, 0., 0, 0., 0, 0., 0, 0., 0, 0., 1872, 89.10042836744408, 0, 0., 0, 0., 0, 0., 0, 0., 0, 0., 0, 0., 218, 2079, 2297, 2101, 0.9146713104048759
, generated\gt\sample_000192.krn, generated\xml_homr\sample_000192.xml, 0, 0., 80, 9.950248756218905, 0, 0., 6, 0.746268656716418, 0, 0., 0, 0., 0, 0., 0, 0., 0, 0., 0, 0., 5, 0.6218905472636815, 0, 0., 0, 0., 1, 0.12437810945273632, 0, 0., 0, 0., 0, 0., 0, 0., 0, 0., 0, 0., 0, 0., 0, 0., 3, 0.373134328358209, 0, 0., 0, 0., 0, 0., 0, 0., 0, 0., 0, 0., 0, 0., 0, 0., 0, 0., 633, 78.73134328358209, 72, 8.955223880597014, 0, 0., 4, 0.4975124378109453, 0, 0., 0, 0., 0, 0., 133, 746, 879, 804, 0.9146757679180887
, generated\gt\sample_000321.krn, generated\xml_homr\sample_000321.xml, 0, 0., 238, 13.185595567867036, 0, 0., 16, 0.8864265927977839, 0, 0., 0, 0., 0, 0., 0, 0., 0, 0., 3, 0.16620498614958448, 2, 0.11080332409972299, 1, 0.055401662049861494, 0, 0., 2, 0.11080332409972299, 0, 0., 0, 0., 0, 0., 0, 0., 0, 0., 0, 0., 0, 0., 0, 0., 7, 0.3878116343490305, 0, 0., 0, 0., 0, 0., 0, 0., 0, 0., 0, 0., 0, 0., 0, 0., 0, 0., 1425, 78.94736842105263, 107, 5.92797783933518, 0, 0., 4, 0.22160664819944598, 0, 0., 0, 0., 0, 0., 285, 1688, 1973, 1805, 0.9148504815002534
, generated\gt\sample_000501.krn, generated\xml_homr\sample_000501.xml, 0, 0., 116, 7.82198246797033, 0, 0., 15, 1.0114632501685772, 0, 0., 0, 0., 4, 0.26972353337828725, 0, 0., 0, 0., 1, 0.06743088334457181, 0, 0., 0, 0., 0, 0., 1, 0.06743088334457181, 2, 0.13486176668914363, 0, 0., 0, 0., 0, 0., 0, 0., 0, 0., 0, 0., 0, 0., 5, 0.33715441672285906, 0, 0., 0, 0., 0, 0., 0, 0., 0, 0., 0, 0., 0, 0., 0, 0., 0, 0., 1224, 82.5354012137559, 111, 7.484828051247471, 0, 0., 4, 0.26972353337828725, 0, 0., 0, 0., 0, 0., 211, 1409, 1620, 1483, 0.9154320987654321
, generated\gt\sample_000044.krn, generated\xml_homr\sample_000044.xml, 0, 0., 232, 16.223776223776223, 4, 0.27972027972027974, 12, 0.8391608391608392, 0, 0., 0, 0., 0, 0., 0, 0., 0, 0., 0, 0., 0, 0., 0, 0., 0, 0., 3, 0.2097902097902098, 6, 0.4195804195804196, 0, 0., 0, 0., 0, 0., 0, 0., 0, 0., 0, 0., 0, 0., 8, 0.5594405594405595, 0, 0., 0, 0., 0, 0., 0, 0., 0, 0., 0, 0., 0, 0., 0, 0., 0, 0., 1105, 77.27272727272727, 56, 3.9160839160839163, 0, 0., 4, 0.27972027972027974, 0, 0., 0, 0., 0, 0., 233, 1327, 1560, 1430, 0.9166666666666666
, generated\gt\sample_000540.krn, generated\xml_homr\sample_000540.xml, 0, 0., 278, 13.714849531327085, 0, 0., 12, 0.5920078934385792, 0, 0., 0, 0., 0, 0., 0, 0., 0, 0., 0, 0., 2, 0.0986679822397632, 1, 0.0493339911198816, 0, 0., 1, 0.0493339911198816, 2, 0.0986679822397632, 0, 0., 0, 0., 0, 0., 0, 0., 0, 0., 0, 0., 0, 0., 2, 0.0986679822397632, 0, 0., 0, 0., 0, 0., 0, 0., 0, 0., 0, 0., 0, 0., 0, 0., 0, 0., 1552, 76.56635421805625, 173, 8.534780463739516, 0, 0., 4, 0.1973359644795264, 0, 0., 0, 0., 0, 0., 297, 1912, 2209, 2027, 0.917609778180172
, generated\gt\sample_000285.krn, generated\xml_homr\sample_000285.xml, 0, 0., 0, 0., 0, 0., 8, 0.5047318611987381, 0, 0., 0, 0., 0, 0., 0, 0., 0, 0., 0, 0., 0, 0., 0, 0., 0, 0., 3, 0.1892744479495268, 3, 0.1892744479495268, 0, 0., 0, 0., 0, 0., 0, 0., 0, 0., 0, 0., 0, 0., 1, 0.06309148264984227, 0, 0., 0, 0., 0, 0., 0, 0., 0, 0., 0, 0., 0, 0., 0, 0., 0, 0., 1570, 99.05362776025237, 0, 0., 0, 0., 0, 0., 0, 0., 0, 0., 0, 0., 79, 1648, 1727, 1585, 0.9177764910248987
, generated\gt\sample_000487.krn, generated\xml_homr\sample_000487.xml, 0, 0., 89, 10.774818401937045, 0, 0., 24, 2.9055690072639226, 0, 0., 0, 0., 1, 0.12106537530266344, 0, 0., 0, 0., 0, 0., 0, 0., 0, 0., 0, 0., 1, 0.12106537530266344, 2, 0.24213075060532688, 2, 0.24213075060532688, 0, 0., 2, 0.24213075060532688, 0, 0., 0, 0., 0, 0., 0, 0., 1, 0.12106537530266344, 0, 0., 0, 0., 0, 0., 0, 0., 0, 0., 0, 0., 0, 0., 0, 0., 0, 0., 659, 79.7820823244552, 41, 4.963680387409201, 0, 0., 4, 0.48426150121065376, 0, 0., 0, 0., 0, 0., 128, 772, 900, 826, 0.9177777777777778
, generated\gt\sample_000462.krn, generated\xml_homr\sample_000462.xml, 0, 0., 263, 16.945876288659793, 4, 0.25773195876288657, 9, 0.5798969072164949, 3, 0.19329896907216496, 0, 0., 6, 0.3865979381443299, 0, 0., 0, 0., 3, 0.19329896907216496, 0, 0., 1, 0.06443298969072164, 0, 0., 1, 0.06443298969072164, 4, 0.25773195876288657, 2, 0.12886597938144329, 0, 0., 2, 0.12886597938144329, 0, 0., 0, 0., 0, 0., 0, 0., 8, 0.5154639175257731, 0, 0., 0, 0., 0, 0., 0, 0., 0, 0., 0, 0., 0, 0., 0, 0., 0, 0., 1036, 66.75257731958763, 206, 13.27319587628866, 0, 0., 4, 0.25773195876288657, 0, 0., 0, 0., 0, 0., 401, 1290, 1691, 1552, 0.9178001182732111
, generated\gt\sample_000101.krn, generated\xml_homr\sample_000101.xml, 0, 0., 186, 12.236842105263158, 0, 0., 18, 1.1842105263157894, 0, 0., 0, 0., 7, 0.4605263157894737, 0, 0., 0, 0., 0, 0., 0, 0., 0, 0., 0, 0., 1, 0.06578947368421052, 2, 0.13157894736842105, 0, 0., 0, 0., 0, 0., 0, 0., 0, 0., 0, 0., 0, 0., 3, 0.19736842105263158, 0, 0., 0, 0., 0, 0., 0, 0., 0, 0., 0, 0., 0, 0., 0, 0., 0, 0., 1107, 72.82894736842105, 192, 12.631578947368421, 0, 0., 4, 0.2631578947368421, 0, 0., 0, 0., 0, 0., 285, 1371, 1656, 1520, 0.9178743961352657
, generated\gt\sample_000217.krn, generated\xml_homr\sample_000217.xml, 0, 0., 134, 19.280575539568346, 0, 0., 5, 0.7194244604316546, 0, 0., 5, 0.7194244604316546, 0, 0., 0, 0., 0, 0., 0, 0., 1, 0.14388489208633093, 1, 0.14388489208633093, 0, 0., 1, 0.14388489208633093, 0, 0., 0, 0., 0, 0., 0, 0., 0, 0., 0, 0., 0, 0., 0, 0., 3, 0.4316546762589928, 0, 0., 0, 0., 0, 0., 0, 0., 0, 0., 0, 0., 0, 0., 0, 0., 0, 0., 491, 70.64748201438849, 50, 7.194244604316546, 0, 0., 4, 0.5755395683453237, 0, 0., 0, 0., 0, 0., 127, 630, 757, 695, 0.9180977542932629
, generated\gt\sample_000430.krn, generated\xml_homr\sample_000430.xml, 0, 0., 137, 12.985781990521327, 0, 0., 12, 1.1374407582938388, 0, 0., 0, 0., 0, 0., 0, 0., 0, 0., 0, 0., 1, 0.0947867298578199, 0, 0., 0, 0., 1, 0.0947867298578199, 3, 0.2843601895734597, 0, 0., 0, 0., 0, 0., 0, 0., 0, 0., 0, 0., 0, 0., 6, 0.5687203791469194, 0, 0., 0, 0., 0, 0., 0, 0., 0, 0., 0, 0., 0, 0., 0, 0., 0, 0., 829, 78.5781990521327, 62, 5.876777251184834, 0, 0., 4, 0.3791469194312796, 0, 0., 0, 0., 0, 0., 171, 978, 1149, 1055, 0.918189730200174
, generated\gt\sample_000395.krn, generated\xml_homr\sample_000395.xml, 0, 0., 146, 9.700996677740864, 0, 0., 19, 1.2624584717607974, 0, 0., 0, 0., 2, 0.132890365448505, 0, 0., 0, 0., 0, 0., 3, 0.19933554817275748, 1, 0.0664451827242525, 0, 0., 3, 0.19933554817275748, 2, 0.132890365448505, 0, 0., 0, 0., 0, 0., 0, 0., 0, 0., 0, 0., 0, 0., 10, 0.6644518272425249, 0, 0., 0, 0., 0, 0., 0, 0., 0, 0., 0, 0., 0, 0., 0, 0., 0, 0., 1231, 81.79401993355482, 84, 5.5813953488372094, 0, 0., 4, 0.26578073089701, 0, 0., 0, 0., 0, 0., 219, 1420, 1639, 1505, 0.9182428309945089
, generated\gt\sample_000592.krn, generated\xml_homr\sample_000592.xml, 0, 0., 431, 17.92099792099792, 0, 0., 36, 1.496881496881497, 0, 0., 0, 0., 7, 0.2910602910602911, 0, 0., 0, 0., 0, 0., 0, 0., 0, 0., 0, 0., 4, 0.16632016632016633, 2, 0.08316008316008316, 0, 0., 0, 0., 0, 0., 0, 0., 0, 0., 0, 0., 0, 0., 3, 0.12474012474012475, 0, 0., 0, 0., 0, 0., 0, 0., 0, 0., 0, 0., 0, 0., 0, 0., 0, 0., 1636, 68.02494802494803, 282, 11.725571725571726, 0, 0., 4, 0.16632016632016633, 0, 0., 0, 0., 0, 0., 450, 2169, 2619, 2405, 0.9182894234440626
, generated\gt\sample_000243.krn, generated\xml_homr\sample_000243.xml, 0, 0., 176, 11.069182389937106, 0, 0., 18, 1.1320754716981132, 0, 0., 0, 0., 4, 0.25157232704402516, 0, 0., 0, 0., 2, 0.12578616352201258, 2, 0.12578616352201258, 2, 0.12578616352201258, 0, 0., 1, 0.06289308176100629, 2, 0.12578616352201258, 0, 0., 0, 0., 0, 0., 0, 0., 0, 0., 0, 0., 0, 0., 6, 0.37735849056603776, 0, 0., 0, 0., 0, 0., 0, 0., 0, 0., 0, 0., 0, 0., 0, 0., 0, 0., 1223, 76.91823899371069, 150, 9.433962264150944, 0, 0., 4, 0.25157232704402516, 0, 0., 0, 0., 0, 0., 283, 1448, 1731, 1590, 0.9185441941074524
, generated\gt\sample_000129.krn, generated\xml_homr\sample_000129.xml, 0, 0., 68, 3.114979386165827, 0, 0., 40, 1.832340815391663, 0, 0., 0, 0., 1, 0.04580852038479157, 0, 0., 0, 0., 0, 0., 0, 0., 0, 0., 0, 0., 0, 0., 3, 0.1374255611543747, 0, 0., 0, 0., 0, 0., 0, 0., 0, 0., 0, 0., 0, 0., 9, 0.4122766834631241, 0, 0., 0, 0., 0, 0., 0, 0., 0, 0., 0, 0., 0, 0., 0, 0., 0, 0., 2062, 94.45716903344022, 0, 0., 0, 0., 0, 0., 0, 0., 0, 0., 0, 0., 143, 2232, 2375, 2183, 0.9191578947368421
, generated\gt\sample_000626.krn, generated\xml_homr\sample_000626.xml, 0, 0., 610, 23.707734162456276, 0, 0., 65, 2.5262339681305868, 0, 0., 0, 0., 0, 0., 0, 0., 0, 0., 0, 0., 0, 0., 0, 0., 0, 0., 1, 0.0388651379712398, 4, 0.1554605518849592, 1, 0.0388651379712398, 0, 0., 0, 0., 0, 0., 0, 0., 0, 0., 0, 0., 3, 0.11659541391371939, 0, 0., 0, 0., 0, 0., 0, 0., 0, 0., 0, 0., 0, 0., 0, 0., 0, 0., 1731, 67.27555382821609, 154, 5.985231247570929, 0, 0., 4, 0.1554605518849592, 0, 0., 0, 0., 0, 0., 615, 2183, 2798, 2573, 0.9195854181558256
, generated\gt\sample_000414.krn, generated\xml_homr\sample_000414.xml, 0, 0., 212, 13.910761154855644, 0, 0., 11, 0.7217847769028871, 0, 0., 2, 0.13123359580052493, 4, 0.26246719160104987, 0, 0., 0, 0., 2, 0.13123359580052493, 0, 0., 1, 0.06561679790026247, 0, 0., 1, 0.06561679790026247, 2, 0.13123359580052493, 0, 0., 0, 0., 0, 0., 0, 0., 0, 0., 0, 0., 0, 0., 7, 0.45931758530183725, 0, 0., 0, 0., 0, 0., 0, 0., 0, 0., 0, 0., 0, 0., 0, 0., 0, 0., 1099, 72.11286089238845, 179, 11.745406824146981, 0, 0., 4, 0.26246719160104987, 0, 0., 0, 0., 0, 0., 300, 1357, 1657, 1524, 0.9197344598672299
, generated\gt\sample_000356.krn, generated\xml_homr\sample_000356.xml, 0, 0., 119, 10.37489102005231, 0, 0., 18, 1.5693112467306016, 0, 0., 0, 0., 0, 0., 0, 0., 0, 0., 0, 0., 1, 0.08718395815170009, 0, 0., 0, 0., 1, 0.08718395815170009, 0, 0., 0, 0., 0, 0., 0, 0., 0, 0., 0, 0., 0, 0., 0, 0., 3, 0.26155187445510025, 0, 0., 0, 0., 0, 0., 0, 0., 0, 0., 0, 0., 0, 0., 0, 0., 0, 0., 923, 80.47079337401918, 78, 6.800348735832607, 0, 0., 4, 0.34873583260680036, 0, 0., 0, 0., 0, 0., 172, 1075, 1247, 1147, 0.9198075380914194
, generated\gt\sample_000221.krn, generated\xml_homr\sample_000221.xml, 0, 0., 69, 7.135470527404343, 0, 0., 0, 0., 0, 0., 0, 0., 0, 0., 0, 0., 0, 0., 2, 0.20682523267838676, 3, 0.31023784901758017, 0, 0., 0, 0., 1, 0.10341261633919338, 2, 0.20682523267838676, 0, 0., 0, 0., 0, 0., 0, 0., 0, 0., 0, 0., 0, 0., 0, 0., 0, 0., 0, 0., 0, 0., 0, 0., 0, 0., 0, 0., 0, 0., 0, 0., 0, 0., 802, 82.93691830403309, 84, 8.686659772492243, 0, 0., 4, 0.4136504653567735, 0, 0., 0, 0., 0, 0., 137, 914, 1051, 967, 0.9200761179828735
, generated\gt\sample_000483.krn, generated\xml_homr\sample_000483.xml, 0, 0., 90, 5.545286506469501, 0, 0., 12, 0.7393715341959335, 0, 0., 0, 0., 6, 0.36968576709796674, 0, 0., 0, 0., 0, 0., 0, 0., 0, 0., 0, 0., 2, 0.12322858903265557, 2, 0.12322858903265557, 0, 0., 0, 0., 0, 0., 0, 0., 0, 0., 0, 0., 0, 0., 2, 0.12322858903265557, 0, 0., 0, 0., 0, 0., 0, 0., 0, 0., 0, 0., 0, 0., 0, 0., 0, 0., 1401, 86.32162661737523, 104, 6.40788662969809, 0, 0., 4, 0.24645717806531114, 0, 0., 0, 0., 0, 0., 194, 1569, 1763, 1623, 0.9205899035734544
, generated\gt\sample_000047.krn, generated\xml_homr\sample_000047.xml, 0, 0., 235, 17.762660619803476, 6, 0.45351473922902497, 8, 0.6046863189720333, 1, 0.07558578987150416, 0, 0., 2, 0.15117157974300832, 0, 0., 0, 0., 1, 0.07558578987150416, 0, 0., 0, 0., 0, 0., 3, 0.22675736961451248, 2, 0.15117157974300832, 0, 0., 0, 0., 0, 0., 0, 0., 0, 0., 0, 0., 0, 0., 7, 0.5291005291005291, 0, 0., 0, 0., 0, 0., 0, 0., 0, 0., 0, 0., 0, 0., 0, 0., 0, 0., 915, 69.16099773242631, 139, 10.506424792139077, 0, 0., 4, 0.30234315948601664, 0, 0., 0, 0., 0, 0., 280, 1157, 1437, 1323, 0.9206680584551148
, generated\gt\sample_000051.krn, generated\xml_homr\sample_000051.xml, 0, 0., 125, 9.881422924901186, 0, 0., 8, 0.6324110671936759, 0, 0., 0, 0., 3, 0.23715415019762845, 0, 0., 0, 0., 0, 0., 0, 0., 0, 0., 0, 0., 1, 0.07905138339920949, 2, 0.15810276679841898, 2, 0.15810276679841898, 0, 0., 0, 0., 0, 0., 0, 0., 0, 0., 0, 0., 1, 0.07905138339920949, 0, 0., 0, 0., 0, 0., 0, 0., 0, 0., 0, 0., 0, 0., 0, 0., 0, 0., 945, 74.70355731225297, 174, 13.754940711462451, 0, 0., 4, 0.31620553359683795, 0, 0., 0, 0., 0, 0., 302, 1071, 1373, 1265, 0.9213401310997815
, generated\gt\sample_000541.krn, generated\xml_homr\sample_000541.xml, 0, 0., 208, 10.51567239635996, 0, 0., 50, 2.5278058645096055, 0, 0., 0, 0., 0, 0., 0, 0., 0, 0., 0, 0., 0, 0., 0, 0., 0, 0., 2, 0.10111223458038422, 0, 0., 0, 0., 0, 0., 2, 0.10111223458038422, 0, 0., 0, 0., 0, 0., 0, 0., 0, 0., 0, 0., 0, 0., 0, 0., 0, 0., 0, 0., 0, 0., 0, 0., 0, 0., 0, 0., 1560, 78.8675429726997, 152, 7.684529828109201, 0, 0., 4, 0.20222446916076844, 0, 0., 0, 0., 0, 0., 281, 1863, 2144, 1978, 0.9225746268656716
, generated\gt\sample_000004.krn, generated\xml_homr\sample_000004.xml, 0, 0., 320, 38.00475059382423, 0, 0., 20, 2.375296912114014, 0, 0., 6, 0.7125890736342043, 2, 0.2375296912114014, 0, 0., 0, 0., 0, 0., 0, 0., 0, 0., 0, 0., 1, 0.1187648456057007, 2, 0.2375296912114014, 0, 0., 0, 0., 0, 0., 0, 0., 0, 0., 0, 0., 0, 0., 4, 0.4750593824228028, 0, 0., 0, 0., 0, 0., 0, 0., 0, 0., 0, 0., 0, 0., 0, 0., 0, 0., 312, 37.05463182897862, 171, 20.30878859857482, 0, 0., 4, 0.4750593824228028, 0, 0., 0, 0., 0, 0., 295, 617, 912, 842, 0.9232456140350878
, generated\gt\sample_000202.krn, generated\xml_homr\sample_000202.xml, 0, 0., 189, 15.75, 0, 0., 13, 1.0833333333333333, 0, 0., 2, 0.16666666666666666, 1, 0.08333333333333333, 0, 0., 0, 0., 0, 0., 1, 0.08333333333333333, 0, 0., 0, 0., 1, 0.08333333333333333, 0, 0., 0, 0., 0, 0., 4, 0.3333333333333333, 0, 0., 0, 0., 0, 0., 0, 0., 3, 0.25, 0, 0., 0, 0., 0, 0., 0, 0., 0, 0., 0, 0., 0, 0., 0, 0., 0, 0., 841, 70.08333333333333, 141, 11.75, 0, 0., 4, 0.3333333333333333, 0, 0., 0, 0., 0, 0., 226, 1073, 1299, 1200, 0.9237875288683602
, generated\gt\sample_000516.krn, generated\xml_homr\sample_000516.xml, 0, 0., 419, 25.01492537313433, 0, 0., 20, 1.1940298507462686, 0, 0., 0, 0., 1, 0.05970149253731343, 0, 0., 0, 0., 0, 0., 1, 0.05970149253731343, 0, 0., 0, 0., 3, 0.1791044776119403, 4, 0.23880597014925373, 0, 0., 0, 0., 2, 0.11940298507462686, 0, 0., 0, 0., 0, 0., 0, 0., 10, 0.5970149253731343, 0, 0., 0, 0., 0, 0., 0, 0., 0, 0., 0, 0., 0, 0., 0, 0., 0, 0., 1081, 64.53731343283582, 130, 7.7611940298507465, 0, 0., 4, 0.23880597014925373, 0, 0., 0, 0., 0, 0., 399, 1414, 1813, 1675, 0.9238830667402096
, generated\gt\sample_000510.krn, generated\xml_homr\sample_000510.xml, 0, 0., 45, 3.8593481989708405, 0, 0., 0, 0., 0, 0., 0, 0., 2, 0.17152658662092624, 0, 0., 0, 0., 2, 0.17152658662092624, 3, 0.25728987993138935, 0, 0., 0, 0., 3, 0.25728987993138935, 8, 0.6861063464837049, 0, 0., 0, 0., 4, 0.34305317324185247, 0, 0., 0, 0., 0, 0., 0, 0., 0, 0., 0, 0., 0, 0., 0, 0., 0, 0., 0, 0., 0, 0., 0, 0., 0, 0., 0, 0., 985, 84.47684391080618, 110, 9.433962264150944, 0, 0., 4, 0.34305317324185247, 0, 0., 0, 0., 0, 0., 204, 1058, 1262, 1166, 0.9239302694136292
, generated\gt\sample_000377.krn, generated\xml_homr\sample_000377.xml, 0, 0., 162, 8.011869436201781, 0, 0., 28, 1.3847675568743818, 0, 0., 0, 0., 1, 0.04945598417408507, 0, 0., 0, 0., 3, 0.14836795252225518, 0, 0., 0, 0., 0, 0., 1, 0.04945598417408507, 2, 0.09891196834817013, 0, 0., 0, 0., 0, 0., 0, 0., 0, 0., 0, 0., 0, 0., 0, 0., 0, 0., 0, 0., 0, 0., 0, 0., 0, 0., 0, 0., 0, 0., 0, 0., 0, 0., 1660, 82.09693372898121, 161, 7.962413452027695, 0, 0., 4, 0.19782393669634027, 0, 0., 0, 0., 0, 0., 274, 1914, 2188, 2022, 0.9241316270566727
, generated\gt\sample_000357.krn, generated\xml_homr\sample_000357.xml, 0, 0., 81, 7.377049180327869, 0, 0., 9, 0.819672131147541, 0, 0., 0, 0., 0, 0., 0, 0., 0, 0., 2, 0.18214936247723132, 0, 0., 1, 0.09107468123861566, 0, 0., 1, 0.09107468123861566, 0, 0., 0, 0., 0, 0., 2, 0.18214936247723132, 0, 0., 0, 0., 0, 0., 0, 0., 1, 0.09107468123861566, 0, 0., 0, 0., 0, 0., 0, 0., 0, 0., 0, 0., 0, 0., 0, 0., 0, 0., 904, 82.33151183970855, 93, 8.469945355191257, 0, 0., 4, 0.36429872495446264, 0, 0., 0, 0., 0, 0., 152, 1036, 1188, 1098, 0.9242424242424242
, generated\gt\sample_000010.krn, generated\xml_homr\sample_000010.xml, 0, 0., 197, 11.52046783625731, 0, 0., 12, 0.7017543859649122, 2, 0.11695906432748537, 0, 0., 1, 0.05847953216374269, 0, 0., 0, 0., 0, 0., 0, 0., 5, 0.29239766081871343, 0, 0., 1, 0.05847953216374269, 2, 0.11695906432748537, 0, 0., 0, 0., 0, 0., 0, 0., 0, 0., 0, 0., 0, 0., 6, 0.3508771929824561, 0, 0., 0, 0., 0, 0., 0, 0., 0, 0., 0, 0., 0, 0., 0, 0., 0, 0., 1416, 82.80701754385964, 64, 3.742690058479532, 0, 0., 4, 0.23391812865497075, 0, 0., 0, 0., 0, 0., 233, 1617, 1850, 1710, 0.9243243243243243
, generated\gt\sample_000627.krn, generated\xml_homr\sample_000627.xml, 0, 0., 383, 15.344551282051283, 0, 0., 24, 0.9615384615384616, 0, 0., 1, 0.04006410256410257, 2, 0.08012820512820513, 0, 0., 0, 0., 0, 0., 4, 0.16025641025641027, 0, 0., 0, 0., 2, 0.08012820512820513, 2, 0.08012820512820513, 1, 0.04006410256410257, 0, 0., 0, 0., 0, 0., 0, 0., 0, 0., 0, 0., 5, 0.20032051282051283, 0, 0., 0, 0., 0, 0., 0, 0., 0, 0., 0, 0., 0, 0., 0, 0., 0, 0., 1700, 68.10897435897436, 368, 14.743589743589743, 0, 0., 4, 0.16025641025641027, 0, 0., 0, 0., 0, 0., 663, 2037, 2700, 2496, 0.9244444444444444
, generated\gt\sample_000254.krn, generated\xml_homr\sample_000254.xml, 0, 0., 99, 6.837016574585635, 0, 0., 22, 1.5193370165745856, 0, 0., 0, 0., 1, 0.06906077348066299, 0, 0., 0, 0., 0, 0., 0, 0., 0, 0., 0, 0., 2, 0.13812154696132597, 4, 0.27624309392265195, 0, 0., 0, 0., 4, 0.27624309392265195, 0, 0., 0, 0., 0, 0., 0, 0., 2, 0.13812154696132597, 0, 0., 0, 0., 0, 0., 0, 0., 0, 0., 0, 0., 0, 0., 0, 0., 0, 0., 1201, 82.94198895027624, 109, 7.527624309392265, 0, 0., 4, 0.27624309392265195, 0, 0., 0, 0., 0, 0., 191, 1375, 1566, 1448, 0.9246487867177522
, generated\gt\sample_000170.krn, generated\xml_homr\sample_000170.xml, 0, 0., 0, 0., 0, 0., 0, 0., 0, 0., 0, 0., 0, 0., 0, 0., 0, 0., 0, 0., 0, 0., 0, 0., 0, 0., 0, 0., 0, 0., 0, 0., 0, 0., 0, 0., 0, 0., 0, 0., 0, 0., 0, 0., 1, 0.08143322475570032, 0, 0., 0, 0., 0, 0., 0, 0., 0, 0., 0, 0., 0, 0., 0, 0., 0, 0., 1227, 99.9185667752443, 0, 0., 0, 0., 0, 0., 0, 0., 0, 0., 0, 0., 75, 1253, 1328, 1228, 0.9246987951807228
, generated\gt\sample_000173.krn, generated\xml_homr\sample_000173.xml, 0, 0., 50, 4.0096230954290295, 2, 0.16038492381716118, 18, 1.4434643143544508, 0, 0., 0, 0., 0, 0., 0, 0., 0, 0., 0, 0., 8, 0.6415396952686447, 0, 0., 0, 0., 1, 0.08019246190858059, 0, 0., 1, 0.08019246190858059, 0, 0., 0, 0., 0, 0., 0, 0., 0, 0., 0, 0., 2, 0.16038492381716118, 0, 0., 0, 0., 0, 0., 0, 0., 0, 0., 0, 0., 0, 0., 0, 0., 0, 0., 1104, 88.53247794707298, 57, 4.570970328789094, 0, 0., 4, 0.32076984763432237, 0, 0., 0, 0., 0, 0., 125, 1223, 1348, 1247, 0.9250741839762612
, generated\gt\sample_000611.krn, generated\xml_homr\sample_000611.xml, 0, 0., 122, 9.767814251401122, 0, 0., 33, 2.6421136909527623, 0, 0., 0, 0., 0, 0., 0, 0., 0, 0., 0, 0., 5, 0.400320256204964, 1, 0.08006405124099279, 0, 0., 1, 0.08006405124099279, 2, 0.16012810248198558, 2, 0.16012810248198558, 0, 0., 0, 0., 0, 0., 0, 0., 0, 0., 0, 0., 3, 0.2401921537229784, 0, 0., 0, 0., 0, 0., 0, 0., 0, 0., 0, 0., 0, 0., 0, 0., 0, 0., 984, 78.78302642113691, 92, 7.365892714171337, 0, 0., 4, 0.32025620496397117, 0, 0., 0, 0., 0, 0., 194, 1156, 1350, 1249, 0.9251851851851852
, generated\gt\sample_000171.krn, generated\xml_homr\sample_000171.xml, 0, 0., 162, 14.148471615720524, 0, 0., 1, 0.08733624454148471, 0, 0., 0, 0., 3, 0.26200873362445415, 0, 0., 0, 0., 0, 0., 4, 0.34934497816593885, 0, 0., 0, 0., 1, 0.08733624454148471, 0, 0., 0, 0., 0, 0., 2, 0.17467248908296942, 0, 0., 0, 0., 0, 0., 0, 0., 3, 0.26200873362445415, 0, 0., 0, 0., 0, 0., 0, 0., 0, 0., 0, 0., 0, 0., 0, 0., 0, 0., 861, 75.19650655021834, 104, 9.08296943231441, 0, 0., 4, 0.34934497816593885, 0, 0., 0, 0., 0, 0., 176, 1061, 1237, 1145, 0.9256265157639451
, generated\gt\sample_000432.krn, generated\xml_homr\sample_000432.xml, 0, 0., 139, 9.781843771991555, 0, 0., 14, 0.9852216748768473, 0, 0., 0, 0., 0, 0., 0, 0., 0, 0., 0, 0., 0, 0., 0, 0., 0, 0., 0, 0., 1, 0.07037297677691766, 0, 0., 0, 0., 0, 0., 0, 0., 0, 0., 0, 0., 0, 0., 6, 0.422237860661506, 0, 0., 0, 0., 0, 0., 0, 0., 0, 0., 0, 0., 0, 0., 0, 0., 0, 0., 1176, 82.75862068965517, 81, 5.700211118930331, 0, 0., 4, 0.28149190710767064, 0, 0., 0, 0., 0, 0., 191, 1344, 1535, 1421, 0.9257328990228013
, generated\gt\sample_000456.krn, generated\xml_homr\sample_000456.xml, 0, 0., 192, 10.666666666666666, 0, 0., 15, 0.8333333333333334, 0, 0., 0, 0., 0, 0., 0, 0., 0, 0., 0, 0., 2, 0.1111111111111111, 1, 0.05555555555555555, 0, 0., 1, 0.05555555555555555, 0, 0., 0, 0., 0, 0., 0, 0., 0, 0., 0, 0., 0, 0., 0, 0., 3, 0.16666666666666666, 0, 0., 0, 0., 0, 0., 0, 0., 0, 0., 0, 0., 0, 0., 0, 0., 0, 0., 1355, 75.27777777777777, 227, 12.61111111111111, 0, 0., 4, 0.2222222222222222, 0, 0., 0, 0., 0, 0., 314, 1630, 1944, 1800, 0.9259259259259259
, generated\gt\sample_000252.krn, generated\xml_homr\sample_000252.xml, 0, 0., 163, 9.04048807542984, 0, 0., 16, 0.8874098724348308, 0, 0., 0, 0., 1, 0.05546311702717693, 0, 0., 3, 0.16638935108153077, 0, 0., 4, 0.2218524681087077, 1, 0.05546311702717693, 0, 0., 1, 0.05546311702717693, 0, 0., 0, 0., 0, 0., 0, 0., 0, 0., 0, 0., 0, 0., 0, 0., 7, 0.3882418191902385, 0, 0., 0, 0., 0, 0., 0, 0., 0, 0., 0, 0., 0, 0., 0, 0., 0, 0., 1433, 79.47864669994453, 170, 9.428729894620078, 0, 0., 4, 0.2218524681087077, 0, 0., 0, 0., 0, 0., 264, 1683, 1947, 1803, 0.926040061633282
, generated\gt\sample_000359.krn, generated\xml_homr\sample_000359.xml, 0, 0., 186, 6.971514242878561, 0, 0., 71, 2.661169415292354, 0, 0., 0, 0., 7, 0.2623688155922039, 0, 0., 0, 0., 0, 0., 0, 0., 0, 0., 0, 0., 3, 0.11244377811094453, 2, 0.07496251874062969, 0, 0., 0, 0., 0, 0., 0, 0., 0, 0., 0, 0., 0, 0., 5, 0.1874062968515742, 0, 0., 0, 0., 0, 0., 0, 0., 0, 0., 0, 0., 0, 0., 0, 0., 0, 0., 2215, 83.02098950524737, 175, 6.559220389805097, 0, 0., 4, 0.14992503748125938, 0, 0., 0, 0., 0, 0., 337, 2543, 2880, 2668, 0.9263888888888889
, generated\gt\sample_000005.krn, generated\xml_homr\sample_000005.xml, 0, 0., 288, 14.922279792746114, 0, 0., 42, 2.1761658031088085, 0, 0., 0, 0., 8, 0.41450777202072536, 0, 0., 0, 0., 0, 0., 4, 0.20725388601036268, 0, 0., 0, 0., 1, 0.05181347150259067, 2, 0.10362694300518134, 0, 0., 0, 0., 0, 0., 0, 0., 0, 0., 0, 0., 0, 0., 2, 0.10362694300518134, 0, 0., 0, 0., 0, 0., 0, 0., 0, 0., 0, 0., 0, 0., 0, 0., 0, 0., 1410, 73.05699481865285, 169, 8.756476683937823, 0, 0., 4, 0.20725388601036268, 0, 0., 0, 0., 0, 0., 347, 1735, 2082, 1930, 0.9269932756964457
, generated\gt\sample_000036.krn, generated\xml_homr\sample_000036.xml, 0, 0., 195, 15.98360655737705, 0, 0., 8, 0.6557377049180327, 4, 0.32786885245901637, 0, 0., 0, 0., 0, 0., 0, 0., 0, 0., 2, 0.16393442622950818, 0, 0., 0, 0., 3, 0.2459016393442623, 4, 0.32786885245901637, 1, 0.08196721311475409, 0, 0., 0, 0., 0, 0., 0, 0., 0, 0., 0, 0., 0, 0., 0, 0., 0, 0., 0, 0., 0, 0., 0, 0., 0, 0., 0, 0., 0, 0., 0, 0., 908, 74.42622950819673, 91, 7.459016393442623, 0, 0., 4, 0.32786885245901637, 0, 0., 0, 0., 0, 0., 275, 1041, 1316, 1220, 0.9270516717325228
, generated\gt\sample_000160.krn, generated\xml_homr\sample_000160.xml, 0, 0., 184, 19.763694951664878, 0, 0., 6, 0.644468313641246, 0, 0., 2, 0.21482277121374865, 2, 0.21482277121374865, 0, 0., 0, 0., 0, 0., 0, 0., 1, 0.10741138560687433, 0, 0., 1, 0.10741138560687433, 1, 0.10741138560687433, 0, 0., 0, 0., 0, 0., 0, 0., 0, 0., 0, 0., 0, 0., 3, 0.322234156820623, 0, 0., 0, 0., 0, 0., 0, 0., 0, 0., 0, 0., 0, 0., 0, 0., 0, 0., 664, 71.32116004296455, 63, 6.7669172932330826, 0, 0., 4, 0.4296455424274973, 0, 0., 0, 0., 0, 0., 187, 817, 1004, 931, 0.9272908366533864
, generated\gt\sample_000253.krn, generated\xml_homr\sample_000253.xml, 0, 0., 163, 8.975770925110131, 0, 0., 16, 0.8810572687224669, 0, 0., 0, 0., 1, 0.05506607929515418, 0, 0., 3, 0.16519823788546256, 0, 0., 0, 0., 0, 0., 0, 0., 1, 0.05506607929515418, 4, 0.22026431718061673, 0, 0., 0, 0., 2, 0.11013215859030837, 0, 0., 0, 0., 0, 0., 0, 0., 7, 0.3854625550660793, 0, 0., 0, 0., 0, 0., 0, 0., 0, 0., 0, 0., 0, 0., 0, 0., 0, 0., 1444, 79.51541850220265, 171, 9.416299559471366, 0, 0., 4, 0.22026431718061673, 0, 0., 0, 0., 0, 0., 267, 1691, 1958, 1816, 0.9274770173646578
, generated\gt\sample_000225.krn, generated\xml_homr\sample_000225.xml, 0, 0., 96, 8.480565371024735, 0, 0., 4, 0.35335689045936397, 0, 0., 0, 0., 0, 0., 0, 0., 0, 0., 0, 0., 0, 0., 1, 0.08833922261484099, 0, 0., 0, 0., 3, 0.26501766784452296, 0, 0., 0, 0., 0, 0., 0, 0., 0, 0., 0, 0., 0, 0., 2, 0.17667844522968199, 0, 0., 0, 0., 0, 0., 0, 0., 0, 0., 0, 0., 0, 0., 0, 0., 0, 0., 923, 81.53710247349824, 99, 8.745583038869258, 0, 0., 4, 0.35335689045936397, 0, 0., 0, 0., 0, 0., 153, 1067, 1220, 1132, 0.9278688524590164
, generated\gt\sample_000440.krn, generated\xml_homr\sample_000440.xml, 0, 0., 169, 7.3478260869565215, 0, 0., 34, 1.4782608695652173, 0, 0., 0, 0., 4, 0.17391304347826086, 0, 0., 0, 0., 0, 0., 0, 0., 0, 0., 0, 0., 1, 0.043478260869565216, 3, 0.13043478260869565, 0, 0., 0, 0., 2, 0.08695652173913043, 0, 0., 0, 0., 0, 0., 0, 0., 9, 0.391304347826087, 0, 0., 0, 0., 0, 0., 0, 0., 0, 0., 0, 0., 0, 0., 0, 0., 0, 0., 1931, 83.95652173913044, 143, 6.217391304347826, 0, 0., 4, 0.17391304347826086, 0, 0., 0, 0., 0, 0., 300, 2178, 2478, 2300, 0.9281678773204197
, generated\gt\sample_000636.krn, generated\xml_homr\sample_000636.xml, 0, 0., 105, 5.681818181818182, 0, 0., 14, 0.7575757575757576, 0, 0., 0, 0., 0, 0., 0, 0., 0, 0., 7, 0.3787878787878788, 0, 0., 1, 0.05411255411255411, 0, 0., 2, 0.10822510822510822, 0, 0., 0, 0., 0, 0., 4, 0.21645021645021645, 0, 0., 0, 0., 0, 0., 0, 0., 0, 0., 0, 0., 0, 0., 0, 0., 0, 0., 0, 0., 0, 0., 0, 0., 0, 0., 0, 0., 1596, 86.36363636363636, 115, 6.2229437229437226, 0, 0., 4, 0.21645021645021645, 0, 0., 0, 0., 0, 0., 207, 1783, 1990, 1848, 0.928643216080402
, generated\gt\sample_000137.krn, generated\xml_homr\sample_000137.xml, 0, 0., 163, 11.768953068592058, 0, 0., 10, 0.7220216606498195, 0, 0., 0, 0., 0, 0., 0, 0., 0, 0., 1, 0.07220216606498195, 2, 0.1444043321299639, 3, 0.21660649819494585, 0, 0., 1, 0.07220216606498195, 2, 0.1444043321299639, 0, 0., 0, 0., 0, 0., 0, 0., 0, 0., 0, 0., 0, 0., 6, 0.4332129963898917, 0, 0., 0, 0., 0, 0., 0, 0., 0, 0., 0, 0., 0, 0., 0, 0., 0, 0., 1054, 76.10108303249098, 139, 10.036101083032491, 0, 0., 4, 0.2888086642599278, 0, 0., 0, 0., 0, 0., 226, 1265, 1491, 1385, 0.9289067739771966
, generated\gt\sample_000007.krn, generated\xml_homr\sample_000007.xml, 0, 0., 335, 11.791622668074622, 0, 0., 64, 2.2527279127067934, 0, 0., 0, 0., 12, 0.42238648363252373, 0, 0., 0, 0., 1, 0.03519887363604365, 6, 0.21119324181626187, 0, 0., 0, 0., 1, 0.03519887363604365, 2, 0.0703977472720873, 0, 0., 0, 0., 0, 0., 0, 0., 0, 0., 0, 0., 0, 0., 1, 0.03519887363604365, 0, 0., 0, 0., 0, 0., 0, 0., 0, 0., 0, 0., 0, 0., 0, 0., 0, 0., 2197, 77.3319253783879, 218, 7.673354452657515, 0, 0., 4, 0.1407954945441746, 0, 0., 0, 0., 0, 0., 464, 2591, 3055, 2841, 0.9299509001636661
, generated\gt\sample_000476.krn, generated\xml_homr\sample_000476.xml, 0, 0., 93, 6.0272197018794555, 0, 0., 10, 0.6480881399870383, 0, 0., 0, 0., 0, 0., 0, 0., 3, 0.19442644199611148, 1, 0.06480881399870382, 0, 0., 0, 0., 0, 0., 1, 0.06480881399870382, 3, 0.19442644199611148, 0, 0., 0, 0., 0, 0., 0, 0., 0, 0., 0, 0., 0, 0., 7, 0.45366169799092676, 0, 0., 0, 0., 0, 0., 0, 0., 0, 0., 0, 0., 0, 0., 0, 0., 0, 0., 1362, 88.26960466623461, 59, 3.823720025923526, 0, 0., 4, 0.2592352559948153, 0, 0., 0, 0., 0, 0., 159, 1500, 1659, 1543, 0.9300783604581073
, generated\gt\sample_000305.krn, generated\xml_homr\sample_000305.xml, 0, 0., 277, 14.609704641350211, 0, 0., 20, 1.0548523206751055, 0, 0., 0, 0., 4, 0.2109704641350211, 0, 0., 0, 0., 0, 0., 1, 0.052742616033755275, 0, 0., 0, 0., 1, 0.052742616033755275, 2, 0.10548523206751055, 0, 0., 0, 0., 0, 0., 0, 0., 0, 0., 0, 0., 0, 0., 6, 0.31645569620253167, 0, 0., 0, 0., 0, 0., 0, 0., 0, 0., 0, 0., 0, 0., 0, 0., 0, 0., 1482, 78.16455696202532, 99, 5.2215189873417724, 0, 0., 4, 0.2109704641350211, 0, 0., 0, 0., 0, 0., 301, 1737, 2038, 1896, 0.930323846908734
, generated\gt\sample_000149.krn, generated\xml_homr\sample_000149.xml, 0, 0., 237, 13.166666666666666, 0, 0., 28, 1.5555555555555556, 0, 0., 2, 0.1111111111111111, 3, 0.16666666666666666, 0, 0., 0, 0., 0, 0., 0, 0., 0, 0., 0, 0., 2, 0.1111111111111111, 2, 0.1111111111111111, 0, 0., 0, 0., 0, 0., 0, 0., 0, 0., 0, 0., 0, 0., 4, 0.2222222222222222, 0, 0., 0, 0., 0, 0., 0, 0., 0, 0., 0, 0., 0, 0., 0, 0., 0, 0., 1420, 78.88888888888889, 98, 5.444444444444445, 0, 0., 4, 0.2222222222222222, 0, 0., 0, 0., 0, 0., 278, 1656, 1934, 1800, 0.9307135470527405
, generated\gt\sample_000245.krn, generated\xml_homr\sample_000245.xml, 0, 0., 290, 21.04499274310595, 0, 0., 13, 0.9433962264150944, 0, 0., 15, 1.0885341074020318, 3, 0.21770682148040638, 0, 0., 0, 0., 0, 0., 0, 0., 0, 0., 0, 0., 1, 0.07256894049346879, 2, 0.14513788098693758, 0, 0., 0, 0., 0, 0., 0, 0., 0, 0., 0, 0., 0, 0., 0, 0., 0, 0., 0, 0., 0, 0., 0, 0., 0, 0., 0, 0., 0, 0., 0, 0., 0, 0., 948, 68.79535558780842, 102, 7.402031930333817, 0, 0., 4, 0.29027576197387517, 0, 0., 0, 0., 0, 0., 304, 1176, 1480, 1378, 0.9310810810810811
, generated\gt\sample_000092.krn, generated\xml_homr\sample_000092.xml, 0, 0., 168, 9.45945945945946, 0, 0., 3, 0.16891891891891891, 0, 0., 0, 0., 1, 0.05630630630630631, 0, 0., 0, 0., 1, 0.05630630630630631, 0, 0., 0, 0., 0, 0., 2, 0.11261261261261261, 2, 0.11261261261261261, 0, 0., 0, 0., 0, 0., 0, 0., 0, 0., 0, 0., 0, 0., 8, 0.45045045045045046, 0, 0., 0, 0., 0, 0., 0, 0., 0, 0., 0, 0., 0, 0., 0, 0., 0, 0., 1457, 82.03828828828829, 130, 7.31981981981982, 0, 0., 4, 0.22522522522522523, 0, 0., 0, 0., 0, 0., 237, 1670, 1907, 1776, 0.9313057157839538
, generated\gt\sample_000198.krn, generated\xml_homr\sample_000198.xml, 0, 0., 395, 25.500322788896064, 0, 0., 13, 0.8392511297611362, 0, 0., 17, 1.0974822466107166, 7, 0.45190445448676564, 0, 0., 0, 0., 0, 0., 1, 0.0645577792123951, 0, 0., 0, 0., 1, 0.0645577792123951, 2, 0.1291155584247902, 0, 0., 0, 0., 0, 0., 0, 0., 0, 0., 0, 0., 0, 0., 4, 0.2582311168495804, 0, 0., 0, 0., 0, 0., 0, 0., 0, 0., 0, 0., 0, 0., 0, 0., 0, 0., 928, 59.90961910910265, 177, 11.426726920593932, 0, 0., 4, 0.2582311168495804, 0, 0., 0, 0., 0, 0., 414, 1248, 1662, 1549, 0.9320096269554753
, generated\gt\sample_000482.krn, generated\xml_homr\sample_000482.xml, 0, 0., 65, 4.377104377104377, 0, 0., 12, 0.8080808080808081, 0, 0., 0, 0., 5, 0.3367003367003367, 0, 0., 0, 0., 0, 0., 0, 0., 0, 0., 0, 0., 1, 0.06734006734006734, 2, 0.13468013468013468, 0, 0., 0, 0., 0, 0., 0, 0., 0, 0., 0, 0., 0, 0., 1, 0.06734006734006734, 0, 0., 0, 0., 0, 0., 0, 0., 0, 0., 0, 0., 0, 0., 0, 0., 0, 0., 1303, 87.74410774410775, 92, 6.1952861952861955, 0, 0., 4, 0.26936026936026936, 0, 0., 0, 0., 0, 0., 186, 1407, 1593, 1485, 0.9322033898305084
, generated\gt\sample_000294.krn, generated\xml_homr\sample_000294.xml, 0, 0., 166, 14.71631205673759, 4, 0.3546099290780142, 6, 0.5319148936170213, 2, 0.1773049645390071, 0, 0., 5, 0.4432624113475177, 0, 0., 0, 0., 0, 0., 3, 0.26595744680851063, 0, 0., 0, 0., 1, 0.08865248226950355, 4, 0.3546099290780142, 1, 0.08865248226950355, 0, 0., 1, 0.08865248226950355, 0, 0., 0, 0., 0, 0., 0, 0., 0, 0., 0, 0., 0, 0., 0, 0., 0, 0., 0, 0., 0, 0., 0, 0., 0, 0., 0, 0., 807, 71.54255319148936, 124, 10.99290780141844, 0, 0., 4, 0.3546099290780142, 0, 0., 0, 0., 0, 0., 225, 985, 1210, 1128, 0.9322314049586777
, generated\gt\sample_000597.krn, generated\xml_homr\sample_000597.xml, 0, 0., 475, 26.927437641723355, 0, 0., 39, 2.2108843537414966, 0, 0., 0, 0., 4, 0.22675736961451248, 0, 0., 0, 0., 0, 0., 0, 0., 0, 0., 0, 0., 1, 0.05668934240362812, 2, 0.11337868480725624, 0, 0., 0, 0., 0, 0., 0, 0., 0, 0., 0, 0., 0, 0., 8, 0.45351473922902497, 0, 0., 0, 0., 0, 0., 0, 0., 0, 0., 0, 0., 0, 0., 0, 0., 0, 0., 1164, 65.98639455782313, 67, 3.798185941043084, 0, 0., 4, 0.22675736961451248, 0, 0., 0, 0., 0, 0., 366, 1526, 1892, 1764, 0.9323467230443975
, generated\gt\sample_000373.krn, generated\xml_homr\sample_000373.xml, 0, 0., 184, 12.804453723034099, 0, 0., 8, 0.5567153792623522, 2, 0.13917884481558804, 0, 0., 0, 0., 0, 0., 3, 0.20876826722338204, 3, 0.20876826722338204, 0, 0., 2, 0.13917884481558804, 0, 0., 2, 0.13917884481558804, 2, 0.13917884481558804, 0, 0., 0, 0., 3, 0.20876826722338204, 0, 0., 0, 0., 0, 0., 0, 0., 6, 0.4175365344467641, 0, 0., 0, 0., 0, 0., 0, 0., 0, 0., 0, 0., 0, 0., 0, 0., 0, 0., 1126, 78.35768963117606, 92, 6.4022268615170494, 0, 0., 4, 0.2783576896311761, 0, 0., 0, 0., 0, 0., 212, 1328, 1540, 1437, 0.9331168831168831
, generated\gt\sample_000340.krn, generated\xml_homr\sample_000340.xml, 0, 0., 325, 16.590096988259315, 0, 0., 40, 2.041858090862685, 0, 0., 0, 0., 4, 0.20418580908626852, 0, 0., 0, 0., 1, 0.05104645227156713, 0, 0., 1, 0.05104645227156713, 0, 0., 2, 0.10209290454313426, 2, 0.10209290454313426, 0, 0., 0, 0., 0, 0., 0, 0., 0, 0., 0, 0., 0, 0., 5, 0.2552322613578356, 0, 0., 0, 0., 0, 0., 0, 0., 0, 0., 0, 0., 0, 0., 0, 0., 0, 0., 1384, 70.64828994384891, 191, 9.74987238386932, 0, 0., 4, 0.20418580908626852, 0, 0., 0, 0., 0, 0., 334, 1765, 2099, 1959, 0.9333015721772272
, generated\gt\sample_000058.krn, generated\xml_homr\sample_000058.xml, 0, 0., 55, 5.595116988809766, 0, 0., 0, 0., 0, 0., 0, 0., 0, 0., 0, 0., 0, 0., 0, 0., 0, 0., 0, 0., 0, 0., 1, 0.1017293997965412, 0, 0., 0, 0., 0, 0., 1, 0.1017293997965412, 0, 0., 0, 0., 0, 0., 0, 0., 1, 0.1017293997965412, 0, 0., 0, 0., 4, 0.4069175991861648, 0, 0., 0, 0., 0, 0., 0, 0., 0, 0., 0, 0., 866, 88.09766022380468, 51, 5.188199389623601, 0, 0., 4, 0.4069175991861648, 0, 0., 0, 0., 0, 0., 101, 952, 1053, 983, 0.9335232668566001
, generated\gt\sample_000208.krn, generated\xml_homr\sample_000208.xml, 0, 0., 90, 6.933744221879815, 0, 0., 6, 0.4622496147919877, 0, 0., 0, 0., 0, 0., 0, 0., 0, 0., 0, 0., 1, 0.07704160246533127, 0, 0., 0, 0., 3, 0.23112480739599384, 0, 0., 0, 0., 0, 0., 0, 0., 0, 0., 0, 0., 0, 0., 0, 0., 2, 0.15408320493066255, 0, 0., 0, 0., 0, 0., 0, 0., 0, 0., 0, 0., 0, 0., 0, 0., 0, 0., 1095, 84.36055469953774, 97, 7.473035439137134, 0, 0., 4, 0.3081664098613251, 0, 0., 0, 0., 0, 0., 153, 1237, 1390, 1298, 0.9338129496402877
, generated\gt\sample_000031.krn, generated\xml_homr\sample_000031.xml, 0, 0., 142, 14.32896064581231, 2, 0.20181634712411706, 11, 1.1099899091826437, 0, 0., 0, 0., 0, 0., 0, 0., 0, 0., 0, 0., 6, 0.6054490413723511, 0, 0., 0, 0., 1, 0.10090817356205853, 1, 0.10090817356205853, 0, 0., 0, 0., 0, 0., 0, 0., 0, 0., 0, 0., 0, 0., 3, 0.30272452068617556, 0, 0., 0, 0., 0, 0., 0, 0., 0, 0., 0, 0., 0, 0., 0, 0., 0, 0., 784, 79.11200807265388, 37, 3.7336024217961654, 0, 0., 4, 0.4036326942482341, 0, 0., 0, 0., 0, 0., 128, 933, 1061, 991, 0.9340245051837889
, generated\gt\sample_000529.krn, generated\xml_homr\sample_000529.xml, 0, 0., 275, 19.37984496124031, 0, 0., 6, 0.42283298097251587, 0, 0., 0, 0., 1, 0.07047216349541931, 0, 0., 0, 0., 0, 0., 1, 0.07047216349541931, 0, 0., 0, 0., 1, 0.07047216349541931, 4, 0.28188865398167723, 1, 0.07047216349541931, 0, 0., 0, 0., 0, 0., 0, 0., 0, 0., 0, 0., 0, 0., 0, 0., 0, 0., 0, 0., 0, 0., 0, 0., 0, 0., 0, 0., 0, 0., 0, 0., 1031, 72.65680056377731, 95, 6.694855532064834, 0, 0., 4, 0.28188865398167723, 0, 0., 0, 0., 0, 0., 332, 1187, 1519, 1419, 0.934167215273206
, generated\gt\sample_000111.krn, generated\xml_homr\sample_000111.xml, 0, 0., 165, 9.576320371445155, 0, 0., 33, 1.9152640742890308, 0, 0., 0, 0., 3, 0.17411491584445735, 0, 0., 0, 0., 0, 0., 0, 0., 0, 0., 0, 0., 1, 0.05803830528148578, 2, 0.11607661056297155, 0, 0., 0, 0., 0, 0., 0, 0., 0, 0., 0, 0., 0, 0., 3, 0.17411491584445735, 0, 0., 0, 0., 0, 0., 0, 0., 0, 0., 0, 0., 0, 0., 0, 0., 0, 0., 1280, 74.2890307603018, 232, 13.464886825304701, 0, 0., 4, 0.2321532211259431, 0, 0., 0, 0., 0, 0., 341, 1503, 1844, 1723, 0.9343817787418656
, generated\gt\sample_000589.krn, generated\xml_homr\sample_000589.xml, 0, 0., 272, 11.93505923650724, 0, 0., 44, 1.9306713470820536, 0, 0., 0, 0., 2, 0.0877577885037297, 0, 0., 0, 0., 0, 0., 0, 0., 0, 0., 0, 0., 1, 0.04387889425186485, 2, 0.0877577885037297, 0, 0., 0, 0., 0, 0., 0, 0., 0, 0., 0, 0., 0, 0., 3, 0.13163668275559456, 0, 0., 0, 0., 0, 0., 0, 0., 0, 0., 0, 0., 0, 0., 0, 0., 0, 0., 1691, 74.19921017990346, 260, 11.408512505484861, 0, 0., 4, 0.1755155770074594, 0, 0., 0, 0., 0, 0., 387, 2052, 2439, 2279, 0.9343993439934399
, generated\gt\sample_000147.krn, generated\xml_homr\sample_000147.xml, 0, 0., 369, 18.20424272323631, 0, 0., 44, 2.1706956092747904, 0, 0., 12, 0.5920078934385792, 3, 0.1480019733596448, 0, 0., 0, 0., 0, 0., 0, 0., 0, 0., 0, 0., 0, 0., 2, 0.0986679822397632, 0, 0., 0, 0., 0, 0., 0, 0., 0, 0., 0, 0., 0, 0., 0, 0., 0, 0., 0, 0., 0, 0., 0, 0., 0, 0., 0, 0., 0, 0., 0, 0., 0, 0., 1435, 70.79427725703009, 158, 7.794770596941293, 0, 0., 4, 0.1973359644795264, 0, 0., 0, 0., 0, 0., 335, 1834, 2169, 2027, 0.9345320424158599
, generated\gt\sample_000539.krn, generated\xml_homr\sample_000539.xml, 0, 0., 109, 5.612770339855818, 0, 0., 0, 0., 0, 0., 0, 0., 0, 0., 0, 0., 0, 0., 0, 0., 1, 0.05149330587023687, 2, 0.10298661174047374, 0, 0., 1, 0.05149330587023687, 0, 0., 0, 0., 0, 0., 0, 0., 0, 0., 0, 0., 0, 0., 0, 0., 3, 0.15447991761071062, 0, 0., 0, 0., 0, 0., 0, 0., 0, 0., 0, 0., 0, 0., 0, 0., 0, 0., 1697, 87.38414006179197, 125, 6.436663233779608, 0, 0., 4, 0.2059732234809475, 0, 0., 0, 0., 0, 0., 200, 1878, 2078, 1942, 0.9345524542829644
, generated\gt\sample_000617.krn, generated\xml_homr\sample_000617.xml, 0, 0., 252, 11.224944320712694, 0, 0., 8, 0.35634743875278396, 0, 0., 0, 0., 3, 0.133630289532294, 0, 0., 0, 0., 0, 0., 1, 0.044543429844097995, 0, 0., 0, 0., 1, 0.044543429844097995, 2, 0.08908685968819599, 0, 0., 0, 0., 0, 0., 0, 0., 0, 0., 0, 0., 0, 0., 5, 0.22271714922049, 0, 0., 0, 0., 0, 0., 0, 0., 0, 0., 0, 0., 0, 0., 0, 0., 0, 0., 1761, 78.44097995545657, 208, 9.265033407572384, 0, 0., 4, 0.17817371937639198, 0, 0., 0, 0., 0, 0., 327, 2072, 2399, 2245, 0.9358065860775323
, generated\gt\sample_000233.krn, generated\xml_homr\sample_000233.xml, 0, 0., 165, 7.9479768786127165, 0, 0., 22, 1.0597302504816957, 0, 0., 0, 0., 4, 0.1926782273603083, 0, 0., 0, 0., 0, 0., 0, 0., 2, 0.09633911368015415, 0, 0., 2, 0.09633911368015415, 0, 0., 0, 0., 0, 0., 0, 0., 0, 0., 0, 0., 0, 0., 0, 0., 7, 0.3371868978805395, 0, 0., 0, 0., 0, 0., 0, 0., 0, 0., 0, 0., 0, 0., 0, 0., 0, 0., 1776, 85.54913294797687, 94, 4.527938342967245, 0, 0., 4, 0.1926782273603083, 0, 0., 0, 0., 0, 0., 238, 1980, 2218, 2076, 0.9359783588818755
, generated\gt\sample_000663.krn, generated\xml_homr\sample_000663.xml, 0, 0., 80, 12.882447665056361, 0, 0., 0, 0., 0, 0., 0, 0., 3, 0.4830917874396135, 0, 0., 0, 0., 0, 0., 0, 0., 0, 0., 0, 0., 1, 0.1610305958132045, 1, 0.1610305958132045, 0, 0., 0, 0., 0, 0., 0, 0., 0, 0., 0, 0., 0, 0., 1, 0.1610305958132045, 0, 0., 0, 0., 0, 0., 0, 0., 0, 0., 0, 0., 0, 0., 0, 0., 0, 0., 440, 70.85346215780999, 91, 14.65378421900161, 0, 0., 4, 0.644122383252818, 0, 0., 0, 0., 0, 0., 121, 542, 663, 621, 0.9366515837104072
, generated\gt\sample_000381.krn, generated\xml_homr\sample_000381.xml, 0, 0., 234, 12.92817679558011, 0, 0., 17, 0.9392265193370166, 0, 0., 3, 0.16574585635359115, 2, 0.11049723756906077, 0, 0., 0, 0., 0, 0., 0, 0., 1, 0.055248618784530384, 0, 0., 2, 0.11049723756906077, 1, 0.055248618784530384, 0, 0., 0, 0., 0, 0., 0, 0., 0, 0., 0, 0., 0, 0., 8, 0.4419889502762431, 0, 0., 0, 0., 0, 0., 0, 0., 0, 0., 0, 0., 0, 0., 0, 0., 0, 0., 1398, 77.23756906077348, 140, 7.734806629834254, 0, 0., 4, 0.22099447513812154, 0, 0., 0, 0., 0, 0., 314, 1618, 1932, 1810, 0.9368530020703933
, generated\gt\sample_000396.krn, generated\xml_homr\sample_000396.xml, 0, 0., 257, 14.585698070374574, 0, 0., 4, 0.22701475595913734, 0, 0., 2, 0.11350737797956867, 0, 0., 0, 0., 0, 0., 0, 0., 0, 0., 0, 0., 0, 0., 1, 0.056753688989784334, 2, 0.11350737797956867, 0, 0., 0, 0., 0, 0., 0, 0., 0, 0., 0, 0., 0, 0., 3, 0.170261066969353, 0, 0., 0, 0., 0, 0., 0, 0., 0, 0., 0, 0., 0, 0., 0, 0., 0, 0., 1276, 72.41770715096482, 213, 12.088535754824063, 0, 0., 4, 0.22701475595913734, 0, 0., 0, 0., 0, 0., 332, 1548, 1880, 1762, 0.9372340425531915
, generated\gt\sample_000214.krn, generated\xml_homr\sample_000214.xml, 0, 0., 72, 7.929515418502203, 0, 0., 0, 0., 0, 0., 0, 0., 0, 0., 0, 0., 6, 0.6607929515418502, 0, 0., 0, 0., 0, 0., 0, 0., 1, 0.11013215859030837, 0, 0., 0, 0., 0, 0., 0, 0., 0, 0., 0, 0., 0, 0., 0, 0., 3, 0.3303964757709251, 0, 0., 0, 0., 0, 0., 0, 0., 0, 0., 0, 0., 0, 0., 0, 0., 0, 0., 763, 84.03083700440529, 59, 6.497797356828194, 0, 0., 4, 0.44052863436123346, 0, 0., 0, 0., 0, 0., 98, 870, 968, 908, 0.9380165289256198
, generated\gt\sample_000257.krn, generated\xml_homr\sample_000257.xml, 0, 0., 47, 3.034215622982569, 0, 0., 11, 0.7101355713363461, 0, 0., 0, 0., 0, 0., 0, 0., 0, 0., 0, 0., 0, 0., 0, 0., 0, 0., 0, 0., 3, 0.19367333763718528, 1, 0.0645577792123951, 0, 0., 0, 0., 0, 0., 0, 0., 0, 0., 0, 0., 5, 0.32278889606197547, 0, 0., 0, 0., 0, 0., 0, 0., 0, 0., 0, 0., 0, 0., 0, 0., 0, 0., 1482, 95.67462879276952, 0, 0., 0, 0., 0, 0., 0, 0., 0, 0., 0, 0., 88, 1563, 1651, 1549, 0.9382192610539067
, generated\gt\sample_000434.krn, generated\xml_homr\sample_000434.xml, 0, 0., 164, 10.399492707672797, 0, 0., 20, 1.2682308180088777, 0, 0., 0, 0., 2, 0.12682308180088775, 0, 0., 0, 0., 0, 0., 0, 0., 1, 0.06341154090044387, 0, 0., 2, 0.12682308180088775, 1, 0.06341154090044387, 0, 0., 0, 0., 0, 0., 0, 0., 0, 0., 0, 0., 0, 0., 5, 0.31705770450221943, 0, 0., 0, 0., 0, 0., 0, 0., 0, 0., 0, 0., 0, 0., 0, 0., 0, 0., 1237, 78.44007609384909, 141, 8.941027266962587, 0, 0., 4, 0.2536461636017755, 0, 0., 0, 0., 0, 0., 243, 1437, 1680, 1577, 0.9386904761904762
, generated\gt\sample_000065.krn, generated\xml_homr\sample_000065.xml, 0, 0., 435, 18.463497453310698, 0, 0., 37, 1.570458404074703, 0, 0., 2, 0.08488964346349745, 7, 0.29711375212224106, 0, 0., 0, 0., 1, 0.042444821731748725, 0, 0., 1, 0.042444821731748725, 0, 0., 1, 0.042444821731748725, 1, 0.042444821731748725, 0, 0., 0, 0., 0, 0., 0, 0., 0, 0., 0, 0., 0, 0., 7, 0.29711375212224106, 0, 0., 0, 0., 0, 0., 0, 0., 0, 0., 0, 0., 0, 0., 0, 0., 0, 0., 1645, 69.82173174872665, 215, 9.125636672325976, 0, 0., 4, 0.1697792869269949, 0, 0., 0, 0., 0, 0., 449, 2060, 2509, 2356, 0.9390195296931049
, generated\gt\sample_000658.krn, generated\xml_homr\sample_000658.xml, 0, 0., 223, 10.878048780487806, 0, 0., 49, 2.3902439024390243, 0, 0., 2, 0.0975609756097561, 5, 0.24390243902439024, 0, 0., 0, 0., 0, 0., 0, 0., 0, 0., 0, 0., 1, 0.04878048780487805, 2, 0.0975609756097561, 4, 0.1951219512195122, 0, 0., 0, 0., 0, 0., 0, 0., 0, 0., 0, 0., 2, 0.0975609756097561, 0, 0., 0, 0., 0, 0., 0, 0., 0, 0., 0, 0., 0, 0., 0, 0., 0, 0., 1600, 78.04878048780488, 158, 7.7073170731707314, 0, 0., 4, 0.1951219512195122, 0, 0., 0, 0., 0, 0., 314, 1866, 2180, 2050, 0.9403669724770642
, generated\gt\sample_000375.krn, generated\xml_homr\sample_000375.xml, 0, 0., 153, 8.006279434850864, 0, 0., 23, 1.2035583464154893, 0, 0., 0, 0., 0, 0., 0, 0., 0, 0., 0, 0., 0, 0., 0, 0., 0, 0., 1, 0.052328623757195186, 0, 0., 0, 0., 0, 0., 0, 0., 0, 0., 0, 0., 0, 0., 0, 0., 0, 0., 0, 0., 0, 0., 0, 0., 0, 0., 0, 0., 0, 0., 0, 0., 0, 0., 0, 0., 1573, 82.31292517006803, 157, 8.215593929879644, 0, 0., 4, 0.20931449502878074, 0, 0., 0, 0., 0, 0., 233, 1799, 2032, 1911, 0.9404527559055118
, generated\gt\sample_000615.krn, generated\xml_homr\sample_000615.xml, 0, 0., 273, 14.630225080385852, 0, 0., 4, 0.21436227224008575, 0, 0., 0, 0., 1, 0.05359056806002144, 0, 0., 0, 0., 0, 0., 0, 0., 0, 0., 0, 0., 1, 0.05359056806002144, 0, 0., 0, 0., 0, 0., 0, 0., 0, 0., 0, 0., 0, 0., 0, 0., 3, 0.1607717041800643, 0, 0., 0, 0., 0, 0., 0, 0., 0, 0., 0, 0., 0, 0., 0, 0., 0, 0., 1352, 72.45444801714898, 228, 12.218649517684888, 0, 0., 4, 0.21436227224008575, 0, 0., 0, 0., 0, 0., 321, 1663, 1984, 1866, 0.9405241935483871
, generated\gt\sample_000439.krn, generated\xml_homr\sample_000439.xml, 0, 0., 287, 14.40040140491721, 0, 0., 24, 1.2042147516307076, 0, 0., 0, 0., 0, 0., 0, 0., 0, 0., 1, 0.050175614651279475, 1, 0.050175614651279475, 0, 0., 0, 0., 3, 0.15052684395383845, 3, 0.15052684395383845, 0, 0., 0, 0., 0, 0., 0, 0., 0, 0., 0, 0., 0, 0., 9, 0.4515805318615153, 0, 0., 0, 0., 0, 0., 0, 0., 0, 0., 0, 0., 0, 0., 0, 0., 0, 0., 1538, 77.17009533366783, 123, 6.171600602107376, 0, 0., 4, 0.2007024586051179, 0, 0., 0, 0., 0, 0., 276, 1841, 2117, 1993, 0.9414265470004723
, generated\gt\sample_000604.krn, generated\xml_homr\sample_000604.xml, 0, 0., 230, 17.24137931034483, 0, 0., 16, 1.199400299850075, 0, 0., 0, 0., 1, 0.07496251874062969, 0, 0., 0, 0., 0, 0., 0, 0., 0, 0., 0, 0., 3, 0.22488755622188905, 2, 0.14992503748125938, 2, 0.14992503748125938, 0, 0., 4, 0.29985007496251875, 0, 0., 0, 0., 0, 0., 0, 0., 0, 0., 0, 0., 0, 0., 0, 0., 0, 0., 0, 0., 0, 0., 0, 0., 0, 0., 0, 0., 953, 71.43928035982009, 119, 8.920539730134932, 0, 0., 4, 0.29985007496251875, 0, 0., 0, 0., 0, 0., 233, 1183, 1416, 1334, 0.942090395480226
, generated\gt\sample_000467.krn, generated\xml_homr\sample_000467.xml, 0, 0., 403, 21.516284036305393, 6, 0.3203416978109984, 16, 0.8542445274959958, 3, 0.1601708489054992, 0, 0., 0, 0., 0, 0., 0, 0., 0, 0., 2, 0.10678056593699947, 0, 0., 0, 0., 2, 0.10678056593699947, 4, 0.21356113187399894, 2, 0.10678056593699947, 0, 0., 0, 0., 0, 0., 0, 0., 0, 0., 0, 0., 7, 0.37373198077949815, 0, 0., 0, 0., 0, 0., 0, 0., 0, 0., 0, 0., 0, 0., 0, 0., 0, 0., 1267, 67.64548852108916, 157, 8.382274426054458, 0, 0., 4, 0.21356113187399894, 0, 0., 0, 0., 0, 0., 413, 1575, 1988, 1873, 0.9421529175050302
, generated\gt\sample_000450.krn, generated\xml_homr\sample_000450.xml, 0, 0., 244, 10.99099099099099, 0, 0., 14, 0.6306306306306306, 0, 0., 10, 0.45045045045045046, 2, 0.09009009009009009, 0, 0., 3, 0.13513513513513514, 0, 0., 0, 0., 0, 0., 0, 0., 0, 0., 2, 0.09009009009009009, 0, 0., 0, 0., 0, 0., 0, 0., 0, 0., 0, 0., 0, 0., 15, 0.6756756756756757, 0, 0., 0, 0., 0, 0., 0, 0., 0, 0., 0, 0., 0, 0., 0, 0., 0, 0., 1930, 86.93693693693693, 0, 0., 0, 0., 0, 0., 0, 0., 0, 0., 0, 0., 277, 2079, 2356, 2220, 0.9422750424448217
, generated\gt\sample_000073.krn, generated\xml_homr\sample_000073.xml, 0, 0., 192, 10.32258064516129, 0, 0., 24, 1.2903225806451613, 0, 0., 0, 0., 1, 0.053763440860215055, 0, 0., 0, 0., 0, 0., 0, 0., 0, 0., 0, 0., 1, 0.053763440860215055, 2, 0.10752688172043011, 0, 0., 0, 0., 0, 0., 0, 0., 0, 0., 0, 0., 0, 0., 2, 0.10752688172043011, 0, 0., 0, 0., 0, 0., 0, 0., 0, 0., 0, 0., 0, 0., 0, 0., 0, 0., 1436, 77.20430107526882, 198, 10.64516129032258, 0, 0., 4, 0.21505376344086022, 0, 0., 0, 0., 0, 0., 275, 1697, 1972, 1860, 0.9432048681541582
, generated\gt\sample_000526.krn, generated\xml_homr\sample_000526.xml, 0, 0., 370, 14.481409001956948, 0, 0., 33, 1.2915851272015655, 0, 0., 14, 0.547945205479452, 0, 0., 0, 0., 0, 0., 2, 0.07827788649706457, 0, 0., 0, 0., 0, 0., 2, 0.07827788649706457, 2, 0.07827788649706457, 0, 0., 0, 0., 0, 0., 0, 0., 0, 0., 0, 0., 0, 0., 2, 0.07827788649706457, 0, 0., 0, 0., 0, 0., 0, 0., 0, 0., 0, 0., 0, 0., 0, 0., 0, 0., 1962, 76.79060665362036, 164, 6.418786692759295, 0, 0., 4, 0.15655577299412915, 0, 0., 0, 0., 0, 0., 427, 2278, 2705, 2555, 0.944547134935305
, generated\gt\sample_000392.krn, generated\xml_homr\sample_000392.xml, 0, 0., 207, 13.15120711562897, 6, 0.3811944091486658, 1, 0.06353240152477764, 0, 0., 0, 0., 2, 0.12706480304955528, 0, 0., 0, 0., 0, 0., 2, 0.12706480304955528, 1, 0.06353240152477764, 0, 0., 1, 0.06353240152477764, 2, 0.12706480304955528, 0, 0., 0, 0., 0, 0., 0, 0., 0, 0., 0, 0., 0, 0., 4, 0.25412960609911056, 0, 0., 0, 0., 0, 0., 0, 0., 0, 0., 0, 0., 0, 0., 0, 0., 0, 0., 1093, 69.44091486658196, 251, 15.946632782719186, 0, 0., 4, 0.25412960609911056, 0, 0., 0, 0., 0, 0., 326, 1340, 1666, 1574, 0.9447779111644657
, generated\gt\sample_000151.krn, generated\xml_homr\sample_000151.xml, 0, 0., 429, 18.427835051546392, 0, 0., 28, 1.2027491408934707, 0, 0., 8, 0.3436426116838488, 3, 0.12886597938144329, 0, 0., 0, 0., 0, 0., 1, 0.0429553264604811, 0, 0., 0, 0., 4, 0.1718213058419244, 2, 0.0859106529209622, 0, 0., 0, 0., 0, 0., 0, 0., 0, 0., 0, 0., 0, 0., 2, 0.0859106529209622, 0, 0., 0, 0., 0, 0., 0, 0., 0, 0., 0, 0., 0, 0., 0, 0., 0, 0., 1629, 69.97422680412372, 218, 9.36426116838488, 0, 0., 4, 0.1718213058419244, 0, 0., 0, 0., 0, 0., 410, 2054, 2464, 2328, 0.9448051948051948
, generated\gt\sample_000255.krn, generated\xml_homr\sample_000255.xml, 0, 0., 139, 9.217506631299734, 0, 0., 8, 0.5305039787798409, 0, 0., 0, 0., 0, 0., 0, 0., 0, 0., 0, 0., 0, 0., 0, 0., 0, 0., 1, 0.06631299734748011, 2, 0.13262599469496023, 0, 0., 0, 0., 0, 0., 0, 0., 0, 0., 0, 0., 0, 0., 5, 0.33156498673740054, 0, 0., 0, 0., 0, 0., 0, 0., 0, 0., 0, 0., 0, 0., 0, 0., 0, 0., 1239, 82.16180371352785, 110, 7.294429708222812, 0, 0., 4, 0.26525198938992045, 0, 0., 0, 0., 0, 0., 185, 1411, 1596, 1508, 0.9448621553884712
, generated\gt\sample_000078.krn, generated\xml_homr\sample_000078.xml, 0, 0., 120, 9.266409266409266, 0, 0., 0, 0., 0, 0., 0, 0., 0, 0., 0, 0., 0, 0., 1, 0.07722007722007722, 0, 0., 0, 0., 0, 0., 1, 0.07722007722007722, 2, 0.15444015444015444, 0, 0., 0, 0., 0, 0., 0, 0., 0, 0., 0, 0., 0, 0., 1, 0.07722007722007722, 0, 0., 0, 0., 0, 0., 0, 0., 0, 0., 0, 0., 0, 0., 0, 0., 0, 0., 1040, 80.3088803088803, 126, 9.72972972972973, 0, 0., 4, 0.3088803088803089, 0, 0., 0, 0., 0, 0., 174, 1195, 1369, 1295, 0.9459459459459459
, generated\gt\sample_000640.krn, generated\xml_homr\sample_000640.xml, 0, 0., 162, 8.256880733944953, 2, 0.1019367991845056, 20, 1.019367991845056, 0, 0., 0, 0., 5, 0.254841997961264, 0, 0., 0, 0., 0, 0., 3, 0.1529051987767584, 0, 0., 0, 0., 1, 0.0509683995922528, 2, 0.1019367991845056, 0, 0., 0, 0., 0, 0., 0, 0., 0, 0., 0, 0., 0, 0., 0, 0., 0, 0., 0, 0., 0, 0., 0, 0., 0, 0., 0, 0., 0, 0., 0, 0., 0, 0., 1594, 81.24362895005096, 169, 8.613659531090724, 0, 0., 4, 0.2038735983690112, 0, 0., 0, 0., 0, 0., 288, 1786, 2074, 1962, 0.9459980713596914
, generated\gt\sample_000341.krn, generated\xml_homr\sample_000341.xml, 0, 0., 255, 13.821138211382113, 0, 0., 22, 1.1924119241192412, 1, 0.05420054200542006, 0, 0., 0, 0., 0, 0., 0, 0., 0, 0., 0, 0., 0, 0., 0, 0., 2, 0.10840108401084012, 2, 0.10840108401084012, 0, 0., 0, 0., 0, 0., 0, 0., 0, 0., 0, 0., 0, 0., 6, 0.3252032520325203, 0, 0., 0, 0., 0, 0., 0, 0., 0, 0., 0, 0., 0, 0., 0, 0., 0, 0., 1481, 80.2710027100271, 72, 3.902439024390244, 0, 0., 4, 0.21680216802168023, 0, 0., 0, 0., 0, 0., 245, 1704, 1949, 1845, 0.9466393022062596
, generated\gt\sample_000249.krn, generated\xml_homr\sample_000249.xml, 0, 0., 121, 9.991742361684558, 6, 0.495458298926507, 2, 0.16515276630883569, 5, 0.41288191577208916, 0, 0., 6, 0.495458298926507, 0, 0., 0, 0., 1, 0.08257638315441784, 2, 0.16515276630883569, 0, 0., 0, 0., 2, 0.16515276630883569, 2, 0.16515276630883569, 0, 0., 0, 0., 0, 0., 0, 0., 0, 0., 0, 0., 0, 0., 4, 0.33030553261767137, 0, 0., 0, 0., 0, 0., 0, 0., 0, 0., 0, 0., 0, 0., 0, 0., 0, 0., 975, 80.51197357555739, 81, 6.6886870355078445, 0, 0., 4, 0.33030553261767137, 0, 0., 0, 0., 0, 0., 186, 1093, 1279, 1211, 0.9468334636434714
, generated\gt\sample_000641.krn, generated\xml_homr\sample_000641.xml, 0, 0., 276, 13.77245508982036, 0, 0., 25, 1.2475049900199602, 0, 0., 0, 0., 5, 0.249500998003992, 0, 0., 0, 0., 0, 0., 0, 0., 1, 0.0499001996007984, 0, 0., 1, 0.0499001996007984, 2, 0.0998003992015968, 0, 0., 0, 0., 0, 0., 0, 0., 0, 0., 0, 0., 0, 0., 0, 0., 0, 0., 0, 0., 0, 0., 0, 0., 0, 0., 0, 0., 0, 0., 0, 0., 0, 0., 1570, 78.3433133732535, 120, 5.9880239520958085, 0, 0., 4, 0.1996007984031936, 0, 0., 0, 0., 0, 0., 335, 1781, 2116, 2004, 0.947069943289225
, generated\gt\sample_000118.krn, generated\xml_homr\sample_000118.xml, 0, 0., 321, 16.614906832298136, 0, 0., 15, 0.7763975155279503, 0, 0., 0, 0., 1, 0.051759834368530024, 0, 0., 0, 0., 0, 0., 1, 0.051759834368530024, 1, 0.051759834368530024, 0, 0., 0, 0., 2, 0.10351966873706005, 0, 0., 0, 0., 0, 0., 0, 0., 0, 0., 0, 0., 0, 0., 0, 0., 0, 0., 0, 0., 0, 0., 0, 0., 0, 0., 0, 0., 0, 0., 0, 0., 0, 0., 1429, 73.9648033126294, 158, 8.178053830227743, 0, 0., 4, 0.2070393374741201, 0, 0., 0, 0., 0, 0., 430, 1609, 2039, 1932, 0.9475232957332026
, generated\gt\sample_000237.krn, generated\xml_homr\sample_000237.xml, 0, 0., 286, 19.24629878869448, 4, 0.2691790040376851, 9, 0.6056527590847914, 0, 0., 0, 0., 0, 0., 0, 0., 0, 0., 0, 0., 0, 0., 0, 0., 0, 0., 0, 0., 2, 0.13458950201884254, 0, 0., 0, 0., 0, 0., 0, 0., 0, 0., 0, 0., 0, 0., 1, 0.06729475100942127, 0, 0., 0, 0., 0, 0., 0, 0., 0, 0., 0, 0., 0, 0., 0, 0., 0, 0., 1095, 73.68775235531629, 85, 5.720053835800807, 0, 0., 4, 0.2691790040376851, 0, 0., 0, 0., 0, 0., 242, 1326, 1568, 1486, 0.9477040816326531
, generated\gt\sample_000030.krn, generated\xml_homr\sample_000030.xml, 0, 0., 211, 17.495854063018243, 0, 0., 8, 0.6633499170812603, 0, 0., 0, 0., 1, 0.08291873963515754, 0, 0., 0, 0., 0, 0., 0, 0., 2, 0.16583747927031509, 0, 0., 1, 0.08291873963515754, 1, 0.08291873963515754, 0, 0., 0, 0., 0, 0., 0, 0., 0, 0., 0, 0., 0, 0., 4, 0.33167495854063017, 0, 0., 0, 0., 0, 0., 0, 0., 0, 0., 0, 0., 0, 0., 0, 0., 0, 0., 888, 73.6318407960199, 86, 7.131011608623549, 0, 0., 4, 0.33167495854063017, 0, 0., 0, 0., 0, 0., 201, 1071, 1272, 1206, 0.9481132075471698
, generated\gt\sample_000096.krn, generated\xml_homr\sample_000096.xml, 0, 0., 292, 25.704225352112676, 0, 0., 11, 0.9683098591549296, 0, 0., 0, 0., 3, 0.2640845070422535, 0, 0., 0, 0., 2, 0.176056338028169, 0, 0., 1, 0.0880281690140845, 0, 0., 1, 0.0880281690140845, 1, 0.0880281690140845, 1, 0.0880281690140845, 0, 0., 0, 0., 0, 0., 0, 0., 0, 0., 0, 0., 2, 0.176056338028169, 0, 0., 0, 0., 0, 0., 0, 0., 0, 0., 0, 0., 0, 0., 0, 0., 0, 0., 721, 63.46830985915493, 97, 8.538732394366198, 0, 0., 4, 0.352112676056338, 0, 0., 0, 0., 0, 0., 253, 945, 1198, 1136, 0.9482470784641068
, generated\gt\sample_000655.krn, generated\xml_homr\sample_000655.xml, 0, 0., 252, 11.858823529411765, 0, 0., 11, 0.5176470588235295, 0, 0., 0, 0., 1, 0.047058823529411764, 0, 0., 0, 0., 0, 0., 0, 0., 3, 0.1411764705882353, 0, 0., 1, 0.047058823529411764, 0, 0., 0, 0., 0, 0., 0, 0., 0, 0., 0, 0., 0, 0., 0, 0., 5, 0.23529411764705882, 0, 0., 0, 0., 0, 0., 0, 0., 0, 0., 0, 0., 0, 0., 0, 0., 0, 0., 1751, 82.4, 97, 4.564705882352941, 0, 0., 4, 0.18823529411764706, 0, 0., 0, 0., 0, 0., 240, 1998, 2238, 2125, 0.949508489722967
, generated\gt\sample_000424.krn, generated\xml_homr\sample_000424.xml, 0, 0., 375, 14.970059880239521, 0, 0., 39, 1.5568862275449102, 0, 0., 0, 0., 2, 0.07984031936127745, 0, 0., 3, 0.11976047904191617, 0, 0., 3, 0.11976047904191617, 0, 0., 0, 0., 2, 0.07984031936127745, 2, 0.07984031936127745, 0, 0., 0, 0., 0, 0., 0, 0., 0, 0., 0, 0., 0, 0., 15, 0.5988023952095808, 0, 0., 0, 0., 0, 0., 0, 0., 0, 0., 0, 0., 0, 0., 0, 0., 0, 0., 1915, 76.44710578842316, 145, 5.788423153692615, 0, 0., 4, 0.1596806387225549, 0, 0., 0, 0., 0, 0., 396, 2242, 2638, 2505, 0.9495830174374527
, generated\gt\sample_000657.krn, generated\xml_homr\sample_000657.xml, 0, 0., 289, 13.625648279113626, 0, 0., 4, 0.1885902876001886, 0, 0., 2, 0.0942951438000943, 8, 0.3771805752003772, 0, 0., 0, 0., 0, 0., 0, 0., 2, 0.0942951438000943, 0, 0., 1, 0.04714757190004715, 2, 0.0942951438000943, 4, 0.1885902876001886, 0, 0., 0, 0., 0, 0., 0, 0., 0, 0., 0, 0., 4, 0.1885902876001886, 0, 0., 0, 0., 0, 0., 0, 0., 0, 0., 0, 0., 0, 0., 0, 0., 0, 0., 1508, 71.0985384252711, 293, 13.814238566713815, 0, 0., 4, 0.1885902876001886, 0, 0., 0, 0., 0, 0., 381, 1852, 2233, 2121, 0.9498432601880877
, generated\gt\sample_000219.krn, generated\xml_homr\sample_000219.xml, 0, 0., 67, 5.201863354037267, 0, 0., 0, 0., 0, 0., 0, 0., 2, 0.15527950310559005, 0, 0., 0, 0., 5, 0.38819875776397517, 0, 0., 0, 0., 0, 0., 1, 0.07763975155279502, 0, 0., 0, 0., 0, 0., 0, 0., 0, 0., 0, 0., 0, 0., 0, 0., 1, 0.07763975155279502, 0, 0., 0, 0., 0, 0., 0, 0., 0, 0., 0, 0., 0, 0., 0, 0., 0, 0., 1140, 88.50931677018633, 68, 5.279503105590062, 0, 0., 4, 0.3105590062111801, 0, 0., 0, 0., 0, 0., 114, 1242, 1356, 1288, 0.9498525073746312
, generated\gt\sample_000027.krn, generated\xml_homr\sample_000027.xml, 0, 0., 118, 13.378684807256235, 0, 0., 0, 0., 0, 0., 0, 0., 0, 0., 0, 0., 3, 0.3401360544217687, 1, 0.11337868480725624, 0, 0., 1, 0.11337868480725624, 0, 0., 1, 0.11337868480725624, 1, 0.11337868480725624, 0, 0., 0, 0., 0, 0., 0, 0., 0, 0., 0, 0., 0, 0., 1, 0.11337868480725624, 0, 0., 0, 0., 0, 0., 0, 0., 0, 0., 0, 0., 0, 0., 0, 0., 0, 0., 656, 74.37641723356009, 96, 10.884353741496598, 0, 0., 4, 0.45351473922902497, 0, 0., 0, 0., 0, 0., 167, 761, 928, 882, 0.9504310344827587
, generated\gt\sample_000394.krn, generated\xml_homr\sample_000394.xml, 0, 0., 145, 9.615384615384615, 0, 0., 0, 0., 0, 0., 0, 0., 0, 0., 0, 0., 0, 0., 0, 0., 0, 0., 1, 0.06631299734748011, 0, 0., 1, 0.06631299734748011, 2, 0.13262599469496023, 0, 0., 0, 0., 0, 0., 0, 0., 0, 0., 0, 0., 0, 0., 4, 0.26525198938992045, 0, 0., 0, 0., 0, 0., 0, 0., 0, 0., 0, 0., 0, 0., 0, 0., 0, 0., 1196, 79.3103448275862, 155, 10.278514588859416, 0, 0., 4, 0.26525198938992045, 0, 0., 0, 0., 0, 0., 210, 1376, 1586, 1508, 0.9508196721311475
, generated\gt\sample_000591.krn, generated\xml_homr\sample_000591.xml, 0, 0., 255, 13.164687661331957, 0, 0., 16, 0.8260196179659267, 0, 0., 0, 0., 2, 0.10325245224574084, 0, 0., 0, 0., 0, 0., 0, 0., 0, 0., 0, 0., 1, 0.05162622612287042, 2, 0.10325245224574084, 0, 0., 0, 0., 0, 0., 0, 0., 0, 0., 0, 0., 0, 0., 0, 0., 0, 0., 0, 0., 0, 0., 0, 0., 0, 0., 0, 0., 0, 0., 0, 0., 0, 0., 1431, 73.87712958182757, 226, 11.667527103768714, 0, 0., 4, 0.20650490449148168, 0, 0., 0, 0., 0, 0., 422, 1615, 2037, 1937, 0.9509081983308787
, generated\gt\sample_000177.krn, generated\xml_homr\sample_000177.xml, 0, 0., 273, 15.789473684210526, 2, 0.1156737998843262, 16, 0.9253903990746096, 1, 0.0578368999421631, 0, 0., 0, 0., 0, 0., 0, 0., 0, 0., 0, 0., 0, 0., 0, 0., 1, 0.0578368999421631, 2, 0.1156737998843262, 0, 0., 0, 0., 0, 0., 0, 0., 0, 0., 0, 0., 0, 0., 3, 0.1735106998264893, 0, 0., 0, 0., 0, 0., 0, 0., 0, 0., 0, 0., 0, 0., 0, 0., 0, 0., 1313, 75.93984962406014, 114, 6.593406593406593, 0, 0., 4, 0.2313475997686524, 0, 0., 0, 0., 0, 0., 232, 1578, 1810, 1729, 0.9552486187845304
, generated\gt\sample_000336.krn, generated\xml_homr\sample_000336.xml, 0, 0., 385, 15.357000398883127, 0, 0., 38, 1.515755883526127, 0, 0., 0, 0., 4, 0.15955325089748704, 0, 0., 0, 0., 0, 0., 0, 0., 3, 0.11966493817311527, 0, 0., 1, 0.03988831272437176, 2, 0.07977662544874352, 0, 0., 0, 0., 0, 0., 0, 0., 0, 0., 0, 0., 0, 0., 8, 0.3191065017949741, 0, 0., 0, 0., 0, 0., 0, 0., 0, 0., 0, 0., 0, 0., 0, 0., 0, 0., 1810, 72.19784603111289, 252, 10.051854806541684, 0, 0., 4, 0.15955325089748704, 0, 0., 0, 0., 0, 0., 393, 2231, 2624, 2507, 0.9554115853658537
, generated\gt\sample_000326.krn, generated\xml_homr\sample_000326.xml, 0, 0., 298, 17.550058892815077, 0, 0., 8, 0.4711425206124853, 0, 0., 0, 0., 0, 0., 0, 0., 0, 0., 3, 0.17667844522968199, 0, 0., 0, 0., 0, 0., 1, 0.05889281507656066, 2, 0.11778563015312132, 0, 0., 0, 0., 0, 0., 0, 0., 0, 0., 0, 0., 0, 0., 3, 0.17667844522968199, 0, 0., 0, 0., 0, 0., 0, 0., 0, 0., 0, 0., 0, 0., 0, 0., 0, 0., 1297, 76.38398115429918, 82, 4.829210836277974, 0, 0., 4, 0.23557126030624265, 0, 0., 0, 0., 0, 0., 178, 1599, 1777, 1698, 0.955543050084412
, generated\gt\sample_000585.krn, generated\xml_homr\sample_000585.xml, 0, 0., 289, 13.348729792147806, 0, 0., 10, 0.4618937644341801, 0, 0., 2, 0.09237875288683603, 2, 0.09237875288683603, 0, 0., 0, 0., 1, 0.046189376443418015, 0, 0., 0, 0., 0, 0., 6, 0.27713625866050806, 2, 0.09237875288683603, 0, 0., 0, 0., 0, 0., 0, 0., 0, 0., 0, 0., 0, 0., 6, 0.27713625866050806, 0, 0., 0, 0., 0, 0., 0, 0., 0, 0., 0, 0., 0, 0., 0, 0., 0, 0., 1645, 75.98152424942263, 198, 9.145496535796767, 0, 0., 4, 0.18475750577367206, 0, 0., 0, 0., 0, 0., 319, 1946, 2265, 2165, 0.9558498896247241
, generated\gt\sample_000593.krn, generated\xml_homr\sample_000593.xml, 0, 0., 414, 20.434353405725567, 0, 0., 26, 1.2833168805528135, 0, 0., 0, 0., 2, 0.09871668311944719, 0, 0., 0, 0., 0, 0., 0, 0., 0, 0., 0, 0., 0, 0., 2, 0.09871668311944719, 0, 0., 0, 0., 0, 0., 0, 0., 0, 0., 0, 0., 0, 0., 0, 0., 0, 0., 0, 0., 0, 0., 0, 0., 0, 0., 0, 0., 0, 0., 0, 0., 0, 0., 1435, 70.82922013820335, 143, 7.058242843040474, 0, 0., 4, 0.19743336623889438, 0, 0., 0, 0., 0, 0., 354, 1762, 2116, 2026, 0.9574669187145558
, generated\gt\sample_000011.krn, generated\xml_homr\sample_000011.xml, 0, 0., 303, 14.539347408829174, 0, 0., 27, 1.2955854126679462, 0, 0., 2, 0.09596928982725528, 6, 0.28790786948176583, 0, 0., 0, 0., 0, 0., 9, 0.43186180422264875, 0, 0., 0, 0., 1, 0.04798464491362764, 2, 0.09596928982725528, 0, 0., 0, 0., 0, 0., 0, 0., 0, 0., 0, 0., 0, 0., 3, 0.14395393474088292, 0, 0., 0, 0., 0, 0., 0, 0., 0, 0., 0, 0., 0, 0., 0, 0., 0, 0., 1552, 74.4721689059501, 175, 8.397312859884837, 0, 0., 4, 0.19193857965451055, 0, 0., 0, 0., 0, 0., 301, 1875, 2176, 2084, 0.9577205882352942
, generated\gt\sample_000583.krn, generated\xml_homr\sample_000583.xml, 0, 0., 325, 12.97923322683706, 0, 0., 13, 0.5191693290734825, 0, 0., 11, 0.43929712460063897, 5, 0.19968051118210864, 0, 0., 0, 0., 0, 0., 1, 0.039936102236421724, 0, 0., 0, 0., 3, 0.11980830670926518, 2, 0.07987220447284345, 0, 0., 0, 0., 0, 0., 0, 0., 0, 0., 0, 0., 0, 0., 2, 0.07987220447284345, 0, 0., 0, 0., 0, 0., 0, 0., 0, 0., 0, 0., 0, 0., 0, 0., 0, 0., 2088, 83.38658146964856, 50, 1.9968051118210863, 0, 0., 4, 0.1597444089456869, 0, 0., 0, 0., 0, 0., 344, 2270, 2614, 2504, 0.9579188982402448
, generated\gt\sample_000161.krn, generated\xml_homr\sample_000161.xml, 0, 0., 168, 16.184971098265898, 0, 0., 4, 0.3853564547206166, 0, 0., 0, 0., 4, 0.3853564547206166, 0, 0., 0, 0., 1, 0.09633911368015415, 0, 0., 0, 0., 0, 0., 1, 0.09633911368015415, 1, 0.09633911368015415, 0, 0., 0, 0., 0, 0., 0, 0., 0, 0., 0, 0., 0, 0., 4, 0.3853564547206166, 0, 0., 0, 0., 0, 0., 0, 0., 0, 0., 0, 0., 0, 0., 0, 0., 0, 0., 812, 78.22736030828517, 39, 3.7572254335260116, 0, 0., 4, 0.3853564547206166, 0, 0., 0, 0., 0, 0., 136, 947, 1083, 1038, 0.9584487534626038
, generated\gt\sample_000494.krn, generated\xml_homr\sample_000494.xml, 0, 0., 198, 11.154929577464788, 0, 0., 0, 0., 0, 0., 0, 0., 0, 0., 0, 0., 0, 0., 0, 0., 0, 0., 1, 0.056338028169014086, 0, 0., 1, 0.056338028169014086, 0, 0., 0, 0., 0, 0., 0, 0., 0, 0., 0, 0., 0, 0., 0, 0., 0, 0., 0, 0., 0, 0., 0, 0., 0, 0., 0, 0., 0, 0., 0, 0., 0, 0., 0, 0., 1358, 76.50704225352112, 213, 12.0, 0, 0., 4, 0.22535211267605634, 0, 0., 0, 0., 0, 0., 263, 1588, 1851, 1775, 0.9589411129119395
, generated\gt\sample_000228.krn, generated\xml_homr\sample_000228.xml, 0, 0., 218, 14.389438943894389, 0, 0., 7, 0.46204620462046203, 0, 0., 0, 0., 0, 0., 0, 0., 0, 0., 0, 0., 0, 0., 0, 0., 0, 0., 1, 0.066006600660066, 1, 0.066006600660066, 0, 0., 0, 0., 0, 0., 0, 0., 0, 0., 0, 0., 0, 0., 0, 0., 0, 0., 0, 0., 0, 0., 0, 0., 0, 0., 0, 0., 0, 0., 0, 0., 0, 0., 1195, 78.87788778877888, 89, 5.874587458745874, 0, 0., 4, 0.264026402640264, 0, 0., 0, 0., 0, 0., 196, 1382, 1578, 1515, 0.9600760456273765
, generated\gt\sample_000616.krn, generated\xml_homr\sample_000616.xml, 0, 0., 272, 13.320274240940254, 0, 0., 15, 0.7345739471106758, 0, 0., 8, 0.3917727717923604, 2, 0.0979431929480901, 0, 0., 0, 0., 0, 0., 0, 0., 0, 0., 0, 0., 3, 0.14691478942213515, 2, 0.0979431929480901, 0, 0., 0, 0., 0, 0., 0, 0., 0, 0., 0, 0., 0, 0., 5, 0.24485798237022527, 0, 0., 0, 0., 0, 0., 0, 0., 0, 0., 0, 0., 0, 0., 0, 0., 0, 0., 1621, 79.38295788442703, 110, 5.386875612144956, 0, 0., 4, 0.1958863858961802, 0, 0., 0, 0., 0, 0., 309, 1812, 2121, 2042, 0.9627534181989628
, generated\gt\sample_000371.krn, generated\xml_homr\sample_000371.xml, 0, 0., 330, 20.833333333333332, 0, 0., 12, 0.7575757575757576, 2, 0.12626262626262627, 0, 0., 3, 0.1893939393939394, 0, 0., 0, 0., 0, 0., 2, 0.12626262626262627, 0, 0., 0, 0., 1, 0.06313131313131314, 2, 0.12626262626262627, 0, 0., 0, 0., 0, 0., 0, 0., 0, 0., 0, 0., 0, 0., 7, 0.44191919191919193, 0, 0., 0, 0., 0, 0., 0, 0., 0, 0., 0, 0., 0, 0., 0, 0., 0, 0., 1072, 67.67676767676768, 149, 9.406565656565656, 0, 0., 4, 0.25252525252525254, 0, 0., 0, 0., 0, 0., 308, 1337, 1645, 1584, 0.9629179331306991
, generated\gt\sample_000674.krn, generated\xml_homr\sample_000674.xml, 0, 0., 421, 20.426977195536146, 0, 0., 4, 0.19408054342552158, 0, 0., 4, 0.19408054342552158, 3, 0.14556040756914118, 0, 0., 0, 0., 0, 0., 2, 0.09704027171276079, 1, 0.048520135856380396, 0, 0., 2, 0.09704027171276079, 2, 0.09704027171276079, 0, 0., 0, 0., 0, 0., 0, 0., 0, 0., 0, 0., 0, 0., 2, 0.09704027171276079, 0, 0., 0, 0., 0, 0., 0, 0., 0, 0., 0, 0., 0, 0., 0, 0., 0, 0., 1450, 70.35419699175158, 166, 8.054342552159145, 0, 0., 4, 0.19408054342552158, 0, 0., 0, 0., 0, 0., 316, 1824, 2140, 2061, 0.9630841121495327
, generated\gt\sample_000422.krn, generated\xml_homr\sample_000422.xml, 0, 0., 494, 17.699749193837334, 0, 0., 24, 0.8599068434252956, 0, 0., 10, 0.35829451809387314, 2, 0.07165890361877464, 0, 0., 0, 0., 0, 0., 0, 0., 0, 0., 0, 0., 2, 0.07165890361877464, 2, 0.07165890361877464, 0, 0., 0, 0., 0, 0., 0, 0., 0, 0., 0, 0., 0, 0., 2, 0.07165890361877464, 0, 0., 0, 0., 0, 0., 0, 0., 0, 0., 0, 0., 0, 0., 0, 0., 0, 0., 2148, 76.96166248656395, 103, 3.6904335363668936, 0, 0., 4, 0.14331780723754928, 0, 0., 0, 0., 0, 0., 341, 2556, 2897, 2791, 0.9634104245771488
, generated\gt\sample_000654.krn, generated\xml_homr\sample_000654.xml, 0, 0., 177, 9.320695102685624, 0, 0., 0, 0., 0, 0., 0, 0., 1, 0.0526592943654555, 0, 0., 0, 0., 0, 0., 0, 0., 0, 0., 0, 0., 1, 0.0526592943654555, 1, 0.0526592943654555, 0, 0., 0, 0., 0, 0., 0, 0., 0, 0., 0, 0., 0, 0., 0, 0., 0, 0., 0, 0., 0, 0., 0, 0., 0, 0., 0, 0., 0, 0., 0, 0., 0, 0., 1532, 80.67403896787783, 183, 9.636650868878357, 0, 0., 4, 0.210637177461822, 0, 0., 0, 0., 0, 0., 225, 1746, 1971, 1899, 0.9634703196347032
, generated\gt\sample_000163.krn, generated\xml_homr\sample_000163.xml, 0, 0., 185, 20.555555555555557, 0, 0., 2, 0.2222222222222222, 0, 0., 4, 0.4444444444444444, 0, 0., 0, 0., 0, 0., 0, 0., 0, 0., 2, 0.2222222222222222, 0, 0., 0, 0., 1, 0.1111111111111111, 0, 0., 0, 0., 0, 0., 0, 0., 0, 0., 0, 0., 0, 0., 2, 0.2222222222222222, 0, 0., 0, 0., 0, 0., 0, 0., 0, 0., 0, 0., 0, 0., 0, 0., 0, 0., 658, 73.11111111111111, 42, 4.666666666666667, 0, 0., 4, 0.4444444444444444, 0, 0., 0, 0., 0, 0., 162, 772, 934, 900, 0.9635974304068522
, generated\gt\sample_000218.krn, generated\xml_homr\sample_000218.xml, 0, 0., 149, 16.03875134553283, 0, 0., 3, 0.32292787944025836, 1, 0.10764262648008611, 6, 0.6458557588805167, 0, 0., 0, 0., 0, 0., 0, 0., 0, 0., 1, 0.10764262648008611, 0, 0., 1, 0.10764262648008611, 0, 0., 0, 0., 0, 0., 2, 0.21528525296017223, 0, 0., 0, 0., 0, 0., 0, 0., 3, 0.32292787944025836, 0, 0., 0, 0., 0, 0., 0, 0., 0, 0., 0, 0., 0, 0., 0, 0., 0, 0., 704, 75.78040904198062, 55, 5.920344456404736, 0, 0., 4, 0.43057050592034446, 0, 0., 0, 0., 0, 0., 141, 823, 964, 929, 0.9636929460580913
, generated\gt\sample_000012.krn, generated\xml_homr\sample_000012.xml, 0, 0., 659, 26.13005551149881, 0, 0., 23, 0.9119746233148295, 0, 0., 9, 0.3568596352101507, 5, 0.19825535289452814, 0, 0., 0, 0., 0, 0., 0, 0., 0, 0., 0, 0., 1, 0.03965107057890563, 2, 0.07930214115781126, 0, 0., 0, 0., 0, 0., 0, 0., 0, 0., 0, 0., 0, 0., 1, 0.03965107057890563, 0, 0., 0, 0., 0, 0., 0, 0., 0, 0., 0, 0., 0, 0., 0, 0., 0, 0., 1627, 64.51229183187947, 191, 7.573354480570975, 0, 0., 4, 0.1586042823156225, 0, 0., 0, 0., 0, 0., 565, 2050, 2615, 2522, 0.9644359464627151
, generated\gt\sample_000154.krn, generated\xml_homr\sample_000154.xml, 0, 0., 199, 9.553528564570332, 4, 0.19203072491598655, 0, 0., 1, 0.04800768122899664, 0, 0., 1, 0.04800768122899664, 0, 0., 0, 0., 0, 0., 0, 0., 0, 0., 0, 0., 1, 0.04800768122899664, 2, 0.09601536245799328, 0, 0., 0, 0., 0, 0., 0, 0., 0, 0., 0, 0., 0, 0., 1, 0.04800768122899664, 0, 0., 0, 0., 0, 0., 0, 0., 0, 0., 0, 0., 0, 0., 0, 0., 0, 0., 1696, 81.4210273643783, 174, 8.353336533845415, 0, 0., 4, 0.19203072491598655, 0, 0., 0, 0., 0, 0., 237, 1920, 2157, 2083, 0.9656930922577655
, generated\gt\sample_000647.krn, generated\xml_homr\sample_000647.xml, 0, 0., 464, 19.213250517598343, 0, 0., 26, 1.0766045548654244, 0, 0., 10, 0.4140786749482402, 5, 0.2070393374741201, 0, 0., 0, 0., 0, 0., 1, 0.041407867494824016, 0, 0., 0, 0., 3, 0.12422360248447205, 2, 0.08281573498964803, 0, 0., 0, 0., 0, 0., 0, 0., 0, 0., 0, 0., 0, 0., 0, 0., 0, 0., 0, 0., 0, 0., 0, 0., 0, 0., 0, 0., 0, 0., 0, 0., 0, 0., 1762, 72.96066252587991, 138, 5.714285714285714, 0, 0., 4, 0.16563146997929606, 0, 0., 0, 0., 0, 0., 318, 2179, 2497, 2415, 0.9671605927112535
, generated\gt\sample_000586.krn, generated\xml_homr\sample_000586.xml, 0, 0., 349, 16.04597701149425, 0, 0., 10, 0.45977011494252873, 0, 0., 6, 0.27586206896551724, 3, 0.13793103448275862, 0, 0., 0, 0., 0, 0., 2, 0.09195402298850575, 0, 0., 0, 0., 1, 0.04597701149425287, 2, 0.09195402298850575, 0, 0., 0, 0., 0, 0., 0, 0., 0, 0., 0, 0., 0, 0., 4, 0.1839080459770115, 0, 0., 0, 0., 0, 0., 0, 0., 0, 0., 0, 0., 0, 0., 0, 0., 0, 0., 1505, 69.19540229885058, 289, 13.28735632183908, 0, 0., 4, 0.1839080459770115, 0, 0., 0, 0., 0, 0., 466, 1778, 2244, 2175, 0.9692513368983957
, generated\gt\sample_000162.krn, generated\xml_homr\sample_000162.xml, 0, 0., 349, 30.086206896551722, 0, 0., 2, 0.1724137931034483, 1, 0.08620689655172414, 2, 0.1724137931034483, 0, 0., 0, 0., 3, 0.25862068965517243, 1, 0.08620689655172414, 0, 0., 3, 0.25862068965517243, 0, 0., 1, 0.08620689655172414, 1, 0.08620689655172414, 0, 0., 0, 0., 0, 0., 0, 0., 0, 0., 0, 0., 0, 0., 5, 0.43103448275862066, 0, 0., 0, 0., 0, 0., 0, 0., 0, 0., 0, 0., 0, 0., 0, 0., 0, 0., 734, 63.275862068965516, 54, 4.655172413793103, 0, 0., 4, 0.3448275862068966, 0, 0., 0, 0., 0, 0., 261, 935, 1196, 1160, 0.9698996655518395
, generated\gt\sample_000409.krn, generated\xml_homr\sample_000409.xml, 0, 0., 505, 31.84110970996217, 0, 0., 8, 0.5044136191677175, 0, 0., 5, 0.31525851197982346, 0, 0., 0, 0., 0, 0., 0, 0., 2, 0.12610340479192939, 0, 0., 0, 0., 2, 0.12610340479192939, 2, 0.12610340479192939, 0, 0., 0, 0., 0, 0., 0, 0., 0, 0., 0, 0., 0, 0., 0, 0., 0, 0., 0, 0., 0, 0., 0, 0., 0, 0., 0, 0., 0, 0., 0, 0., 0, 0., 1025, 64.62799495586381, 33, 2.080706179066835, 0, 0., 4, 0.25220680958385877, 0, 0., 0, 0., 0, 0., 312, 1323, 1635, 1586, 0.9700305810397554
, generated\gt\sample_000508.krn, generated\xml_homr\sample_000508.xml, 0, 0., 54, 6.474820143884892, 0, 0., 0, 0., 0, 0., 0, 0., 0, 0., 0, 0., 0, 0., 0, 0., 0, 0., 0, 0., 0, 0., 4, 0.47961630695443647, 4, 0.47961630695443647, 2, 0.23980815347721823, 0, 0., 0, 0., 0, 0., 0, 0., 0, 0., 0, 0., 0, 0., 0, 0., 0, 0., 0, 0., 0, 0., 0, 0., 0, 0., 0, 0., 0, 0., 0, 0., 594, 71.22302158273381, 172, 20.623501199040767, 0, 0., 4, 0.47961630695443647, 0, 0., 0, 0., 0, 0., 365, 493, 858, 834, 0.972027972027972
, generated\gt\sample_000110.krn, generated\xml_homr\sample_000110.xml, 0, 0., 397, 21.646673936750272, 0, 0., 12, 0.6543075245365322, 0, 0., 0, 0., 1, 0.05452562704471101, 0, 0., 0, 0., 0, 0., 3, 0.16357688113413305, 0, 0., 0, 0., 2, 0.10905125408942203, 2, 0.10905125408942203, 0, 0., 0, 0., 0, 0., 0, 0., 0, 0., 0, 0., 0, 0., 1, 0.05452562704471101, 0, 0., 0, 0., 0, 0., 0, 0., 0, 0., 0, 0., 0, 0., 0, 0., 0, 0., 1387, 75.62704471101418, 25, 1.3631406761177753, 0, 0., 4, 0.21810250817884405, 0, 0., 0, 0., 0, 0., 268, 1618, 1886, 1834, 0.9724284199363733
, generated\gt\sample_000618.krn, generated\xml_homr\sample_000618.xml, 0, 0., 367, 26.71033478893741, 0, 0., 2, 0.14556040756914118, 0, 0., 10, 0.727802037845706, 0, 0., 0, 0., 0, 0., 0, 0., 1, 0.07278020378457059, 0, 0., 0, 0., 2, 0.14556040756914118, 2, 0.14556040756914118, 0, 0., 0, 0., 0, 0., 0, 0., 0, 0., 0, 0., 0, 0., 3, 0.2183406113537118, 0, 0., 0, 0., 0, 0., 0, 0., 0, 0., 0, 0., 0, 0., 0, 0., 0, 0., 876, 63.75545851528384, 107, 7.787481804949054, 0, 0., 4, 0.29112081513828236, 0, 0., 0, 0., 0, 0., 322, 1090, 1412, 1374, 0.9730878186968839
, generated\gt\sample_000564.krn, generated\xml_homr\sample_000564.xml, 0, 0., 398, 27.01968771215207, 0, 0., 12, 0.814663951120163, 0, 0., 0, 0., 1, 0.06788866259334692, 0, 0., 0, 0., 0, 0., 3, 0.20366598778004075, 1, 0.06788866259334692, 0, 0., 0, 0., 2, 0.13577732518669383, 0, 0., 0, 0., 0, 0., 0, 0., 0, 0., 0, 0., 0, 0., 8, 0.5431093007467753, 0, 0., 0, 0., 0, 0., 0, 0., 0, 0., 0, 0., 0, 0., 0, 0., 0, 0., 954, 64.76578411405295, 90, 6.109979633401222, 0, 0., 4, 0.27155465037338766, 0, 0., 0, 0., 0, 0., 292, 1219, 1511, 1473, 0.9748510919920582
, generated\gt\sample_000492.krn, generated\xml_homr\sample_000492.xml, 0, 0., 568, 38.43031123139377, 0, 0., 8, 0.5412719891745602, 0, 0., 8, 0.5412719891745602, 0, 0., 0, 0., 0, 0., 0, 0., 2, 0.13531799729364005, 0, 0., 0, 0., 2, 0.13531799729364005, 2, 0.13531799729364005, 0, 0., 0, 0., 0, 0., 0, 0., 0, 0., 0, 0., 0, 0., 0, 0., 0, 0., 0, 0., 0, 0., 0, 0., 0, 0., 0, 0., 0, 0., 0, 0., 0, 0., 770, 52.097428958051424, 114, 7.713125845737483, 0, 0., 4, 0.2706359945872801, 0, 0., 0, 0., 0, 0., 415, 1101, 1516, 1478, 0.974934036939314
, generated\gt\sample_000338.krn, generated\xml_homr\sample_000338.xml, 0, 0., 344, 19.2071468453378, 0, 0., 9, 0.5025125628140703, 0, 0., 2, 0.11166945840312674, 0, 0., 0, 0., 0, 0., 1, 0.05583472920156337, 1, 0.05583472920156337, 1, 0.05583472920156337, 0, 0., 3, 0.16750418760469013, 2, 0.11166945840312674, 0, 0., 0, 0., 0, 0., 0, 0., 0, 0., 0, 0., 0, 0., 4, 0.22333891680625348, 0, 0., 0, 0., 0, 0., 0, 0., 0, 0., 0, 0., 0, 0., 0, 0., 0, 0., 1205, 67.28084868788386, 215, 12.004466778336125, 0, 0., 4, 0.22333891680625348, 0, 0., 0, 0., 0, 0., 301, 1536, 1837, 1791, 0.974959172563963
, generated\gt\sample_000391.krn, generated\xml_homr\sample_000391.xml, 0, 0., 412, 23.0812324929972, 4, 0.22408963585434175, 4, 0.22408963585434175, 0, 0., 6, 0.33613445378151263, 0, 0., 0, 0., 0, 0., 0, 0., 0, 0., 0, 0., 0, 0., 1, 0.056022408963585436, 2, 0.11204481792717087, 0, 0., 0, 0., 0, 0., 0, 0., 0, 0., 0, 0., 0, 0., 0, 0., 0, 0., 0, 0., 0, 0., 0, 0., 0, 0., 0, 0., 0, 0., 0, 0., 0, 0., 1204, 67.45098039215686, 148, 8.291316526610645, 0, 0., 4, 0.22408963585434175, 0, 0., 0, 0., 0, 0., 390, 1440, 1830, 1785, 0.9754098360655737
, generated\gt\sample_000587.krn, generated\xml_homr\sample_000587.xml, 0, 0., 448, 20.846905537459282, 0, 0., 7, 0.3257328990228013, 0, 0., 11, 0.5118659841786878, 1, 0.04653327128897161, 0, 0., 0, 0., 0, 0., 0, 0., 0, 0., 0, 0., 1, 0.04653327128897161, 2, 0.09306654257794322, 0, 0., 0, 0., 0, 0., 0, 0., 0, 0., 0, 0., 0, 0., 0, 0., 0, 0., 0, 0., 0, 0., 0, 0., 0, 0., 0, 0., 0, 0., 0, 0., 0, 0., 1417, 65.93764541647278, 258, 12.005583992554676, 0, 0., 4, 0.18613308515588645, 0, 0., 0, 0., 0, 0., 484, 1719, 2203, 2149, 0.9754879709487063
, generated\gt\sample_000197.krn, generated\xml_homr\sample_000197.xml, 0, 0., 711, 23.002264639275314, 0, 0., 14, 0.45292785506308636, 0, 0., 28, 0.9058557101261727, 1, 0.03235198964736331, 0, 0., 0, 0., 0, 0., 0, 0., 0, 0., 0, 0., 1, 0.03235198964736331, 2, 0.06470397929472663, 0, 0., 0, 0., 0, 0., 0, 0., 0, 0., 0, 0., 0, 0., 0, 0., 0, 0., 0, 0., 0, 0., 0, 0., 0, 0., 0, 0., 0, 0., 0, 0., 0, 0., 1985, 64.21869945001617, 345, 11.161436428340343, 0, 0., 4, 0.12940795858945325, 0, 0., 0, 0., 0, 0., 721, 2446, 3167, 3091, 0.9760025260498895
, generated\gt\sample_000098.krn, generated\xml_homr\sample_000098.xml, 0, 0., 274, 17.955439056356486, 0, 0., 5, 0.32765399737876805, 0, 0., 10, 0.6553079947575361, 0, 0., 0, 0., 0, 0., 0, 0., 0, 0., 0, 0., 0, 0., 2, 0.1310615989515072, 2, 0.1310615989515072, 0, 0., 0, 0., 0, 0., 0, 0., 0, 0., 0, 0., 0, 0., 0, 0., 0, 0., 0, 0., 0, 0., 0, 0., 0, 0., 0, 0., 0, 0., 0, 0., 0, 0., 1081, 70.83879423328965, 148, 9.698558322411534, 0, 0., 4, 0.2621231979030144, 0, 0., 0, 0., 0, 0., 291, 1272, 1563, 1526, 0.9763275751759437
, generated\gt\sample_000491.krn, generated\xml_homr\sample_000491.xml, 0, 0., 534, 25.734939759036145, 0, 0., 12, 0.5783132530120482, 0, 0., 12, 0.5783132530120482, 0, 0., 0, 0., 0, 0., 0, 0., 0, 0., 0, 0., 0, 0., 1, 0.04819277108433735, 2, 0.0963855421686747, 0, 0., 0, 0., 0, 0., 0, 0., 0, 0., 0, 0., 0, 0., 0, 0., 0, 0., 0, 0., 0, 0., 0, 0., 0, 0., 0, 0., 0, 0., 0, 0., 0, 0., 1365, 65.78313253012048, 145, 6.9879518072289155, 0, 0., 4, 0.1927710843373494, 0, 0., 0, 0., 0, 0., 446, 1679, 2125, 2075, 0.9764705882352941
, generated\gt\sample_000260.krn, generated\xml_homr\sample_000260.xml, 0, 0., 311, 13.336192109777015, 0, 0., 9, 0.38593481989708406, 0, 0., 18, 0.7718696397941681, 0, 0., 0, 0., 0, 0., 0, 0., 0, 0., 0, 0., 0, 0., 1, 0.04288164665523156, 2, 0.08576329331046312, 0, 0., 0, 0., 0, 0., 0, 0., 0, 0., 0, 0., 0, 0., 0, 0., 0, 0., 0, 0., 0, 0., 0, 0., 0, 0., 0, 0., 0, 0., 0, 0., 0, 0., 1991, 85.37735849056604, 0, 0., 0, 0., 0, 0., 0, 0., 0, 0., 0, 0., 252, 2136, 2388, 2332, 0.9765494137353434
, generated\gt\sample_000135.krn, generated\xml_homr\sample_000135.xml, 0, 0., 197, 12.5, 0, 0., 5, 0.31725888324873097, 0, 0., 0, 0., 0, 0., 0, 0., 0, 0., 0, 0., 0, 0., 0, 0., 0, 0., 2, 0.12690355329949238, 2, 0.12690355329949238, 0, 0., 0, 0., 0, 0., 0, 0., 0, 0., 0, 0., 0, 0., 5, 0.31725888324873097, 0, 0., 0, 0., 0, 0., 0, 0., 0, 0., 0, 0., 0, 0., 0, 0., 0, 0., 1213, 76.96700507614213, 148, 9.390862944162437, 0, 0., 4, 0.25380710659898476, 0, 0., 0, 0., 0, 0., 234, 1378, 1612, 1576, 0.9776674937965261
, generated\gt\sample_000490.krn, generated\xml_homr\sample_000490.xml, 0, 0., 558, 28.125, 0, 0., 10, 0.5040322580645161, 0, 0., 10, 0.5040322580645161, 0, 0., 0, 0., 0, 0., 0, 0., 3, 0.15120967741935484, 0, 0., 0, 0., 1, 0.05040322580645161, 2, 0.10080645161290322, 0, 0., 0, 0., 0, 0., 0, 0., 0, 0., 0, 0., 0, 0., 5, 0.25201612903225806, 0, 0., 0, 0., 0, 0., 0, 0., 0, 0., 0, 0., 0, 0., 0, 0., 0, 0., 1278, 64.41532258064517, 113, 5.695564516129032, 0, 0., 4, 0.20161290322580644, 0, 0., 0, 0., 0, 0., 428, 1600, 2028, 1984, 0.9783037475345168
, generated\gt\sample_000431.krn, generated\xml_homr\sample_000431.xml, 0, 0., 375, 21.58894645941278, 0, 0., 1, 0.057570523891767415, 0, 0., 0, 0., 2, 0.11514104778353483, 0, 0., 0, 0., 4, 0.23028209556706966, 0, 0., 0, 0., 0, 0., 1, 0.057570523891767415, 1, 0.057570523891767415, 0, 0., 0, 0., 0, 0., 0, 0., 0, 0., 0, 0., 0, 0., 2, 0.11514104778353483, 0, 0., 0, 0., 0, 0., 0, 0., 0, 0., 0, 0., 0, 0., 0, 0., 0, 0., 1102, 63.44271732872769, 245, 14.104778353483017, 0, 0., 4, 0.23028209556706966, 0, 0., 0, 0., 0, 0., 429, 1346, 1775, 1737, 0.9785915492957746
, generated\gt\sample_000263.krn, generated\xml_homr\sample_000263.xml, 0, 0., 192, 14.906832298136646, 2, 0.15527950310559005, 0, 0., 1, 0.07763975155279502, 0, 0., 0, 0., 0, 0., 0, 0., 0, 0., 0, 0., 0, 0., 0, 0., 1, 0.07763975155279502, 4, 0.3105590062111801, 0, 0., 0, 0., 0, 0., 0, 0., 0, 0., 0, 0., 0, 0., 0, 0., 0, 0., 0, 0., 0, 0., 0, 0., 0, 0., 0, 0., 0, 0., 0, 0., 0, 0., 884, 68.63354037267081, 200, 15.527950310559007, 0, 0., 4, 0.3105590062111801, 0, 0., 0, 0., 0, 0., 221, 1093, 1314, 1288, 0.9802130898021308
, generated\gt\sample_000646.krn, generated\xml_homr\sample_000646.xml, 0, 0., 317, 14.628518689432395, 6, 0.2768804799261652, 12, 0.5537609598523304, 0, 0., 6, 0.2768804799261652, 0, 0., 0, 0., 0, 0., 0, 0., 0, 0., 0, 0., 0, 0., 2, 0.09229349330872173, 2, 0.09229349330872173, 0, 0., 0, 0., 0, 0., 0, 0., 0, 0., 0, 0., 0, 0., 2, 0.09229349330872173, 0, 0., 0, 0., 0, 0., 0, 0., 0, 0., 0, 0., 0, 0., 0, 0., 0, 0., 1665, 76.83433317951085, 151, 6.968158744808491, 0, 0., 4, 0.18458698661744347, 0, 0., 0, 0., 0, 0., 246, 1963, 2209, 2167, 0.980986871887732
, generated\gt\sample_000681.krn, generated\xml_homr\sample_000681.xml, 0, 0., 260, 12.578616352201259, 0, 0., 5, 0.24189646831156264, 0, 0., 0, 0., 3, 0.14513788098693758, 0, 0., 0, 0., 0, 0., 1, 0.04837929366231253, 1, 0.04837929366231253, 0, 0., 1, 0.04837929366231253, 2, 0.09675858732462506, 0, 0., 0, 0., 0, 0., 0, 0., 0, 0., 0, 0., 0, 0., 7, 0.3386550556361877, 0, 0., 0, 0., 0, 0., 0, 0., 0, 0., 0, 0., 0, 0., 0, 0., 0, 0., 1614, 78.08417997097243, 169, 8.176100628930818, 0, 0., 4, 0.1935171746492501, 0, 0., 0, 0., 0, 0., 256, 1851, 2107, 2067, 0.981015662078785
, generated\gt\sample_000026.krn, generated\xml_homr\sample_000026.xml, 0, 0., 58, 6.189967982924227, 0, 0., 0, 0., 0, 0., 0, 0., 0, 0., 0, 0., 0, 0., 0, 0., 0, 0., 0, 0., 0, 0., 1, 0.10672358591248667, 3, 0.32017075773745995, 0, 0., 0, 0., 0, 0., 0, 0., 0, 0., 0, 0., 0, 0., 0, 0., 0, 0., 0, 0., 0, 0., 0, 0., 0, 0., 0, 0., 0, 0., 0, 0., 0, 0., 813, 86.76627534685166, 58, 6.189967982924227, 0, 0., 4, 0.42689434364994666, 0, 0., 0, 0., 0, 0., 72, 883, 955, 937, 0.981151832460733
, generated\gt\sample_000489.krn, generated\xml_homr\sample_000489.xml, 0, 0., 410, 18.336314847942756, 0, 0., 8, 0.35778175313059035, 0, 0., 8, 0.35778175313059035, 0, 0., 0, 0., 0, 0., 0, 0., 0, 0., 0, 0., 0, 0., 2, 0.08944543828264759, 2, 0.08944543828264759, 0, 0., 0, 0., 0, 0., 0, 0., 0, 0., 0, 0., 0, 0., 1, 0.044722719141323794, 0, 0., 0, 0., 0, 0., 0, 0., 0, 0., 0, 0., 0, 0., 0, 0., 0, 0., 1656, 74.0608228980322, 145, 6.48479427549195, 0, 0., 4, 0.17889087656529518, 0, 0., 0, 0., 0, 0., 447, 1829, 2276, 2236, 0.9824253075571178
, generated\gt\sample_000433.krn, generated\xml_homr\sample_000433.xml, 0, 0., 255, 15.692307692307692, 2, 0.12307692307692308, 3, 0.18461538461538463, 0, 0., 6, 0.36923076923076925, 6, 0.36923076923076925, 0, 0., 0, 0., 1, 0.06153846153846154, 0, 0., 0, 0., 0, 0., 1, 0.06153846153846154, 1, 0.06153846153846154, 0, 0., 0, 0., 0, 0., 0, 0., 0, 0., 0, 0., 0, 0., 0, 0., 0, 0., 0, 0., 0, 0., 0, 0., 0, 0., 0, 0., 0, 0., 0, 0., 0, 0., 1200, 73.84615384615384, 146, 8.984615384615385, 0, 0., 4, 0.24615384615384617, 0, 0., 0, 0., 0, 0., 301, 1353, 1654, 1625, 0.9824667472793228
, generated\gt\sample_000201.krn, generated\xml_homr\sample_000201.xml, 0, 0., 643, 28.14004376367615, 0, 0., 11, 0.4814004376367615, 0, 0., 8, 0.350109409190372, 2, 0.087527352297593, 0, 0., 0, 0., 0, 0., 0, 0., 3, 0.13129102844638948, 0, 0., 1, 0.0437636761487965, 2, 0.087527352297593, 1, 0.0437636761487965, 0, 0., 0, 0., 0, 0., 0, 0., 0, 0., 0, 0., 6, 0.26258205689277897, 0, 0., 0, 0., 0, 0., 0, 0., 0, 0., 0, 0., 0, 0., 0, 0., 0, 0., 1488, 65.12035010940919, 116, 5.076586433260394, 0, 0., 4, 0.175054704595186, 0, 0., 0, 0., 0, 0., 448, 1875, 2323, 2285, 0.9836418424451141
, generated\gt\sample_000684.krn, generated\xml_homr\sample_000684.xml, 0, 0., 207, 10.23232822540781, 0, 0., 2, 0.09886307464162135, 0, 0., 0, 0., 0, 0., 0, 0., 0, 0., 0, 0., 1, 0.049431537320810674, 0, 0., 0, 0., 5, 0.24715768660405338, 2, 0.09886307464162135, 0, 0., 0, 0., 0, 0., 0, 0., 0, 0., 0, 0., 0, 0., 2, 0.09886307464162135, 0, 0., 0, 0., 0, 0., 0, 0., 0, 0., 0, 0., 0, 0., 0, 0., 0, 0., 1526, 75.4325259515571, 274, 13.544241225902125, 0, 0., 4, 0.1977261492832427, 0, 0., 0, 0., 0, 0., 315, 1741, 2056, 2023, 0.9839494163424124
, generated\gt\sample_000410.krn, generated\xml_homr\sample_000410.xml, 0, 0., 203, 9.406858202038926, 0, 0., 5, 0.23169601482854496, 0, 0., 0, 0., 4, 0.18535681186283595, 0, 0., 0, 0., 0, 0., 5, 0.23169601482854496, 0, 0., 0, 0., 1, 0.04633920296570899, 2, 0.09267840593141798, 0, 0., 0, 0., 0, 0., 0, 0., 0, 0., 0, 0., 0, 0., 0, 0., 0, 0., 0, 0., 0, 0., 0, 0., 0, 0., 0, 0., 0, 0., 0, 0., 0, 0., 1637, 75.85727525486561, 297, 13.76274328081557, 0, 0., 4, 0.18535681186283595, 0, 0., 0, 0., 0, 0., 330, 1860, 2190, 2158, 0.9853881278538813
, generated\gt\sample_000362.krn, generated\xml_homr\sample_000362.xml, 0, 0., 110, 4.966139954853273, 0, 0., 0, 0., 0, 0., 0, 0., 0, 0., 0, 0., 0, 0., 0, 0., 0, 0., 0, 0., 0, 0., 1, 0.045146726862302484, 0, 0., 0, 0., 0, 0., 0, 0., 0, 0., 0, 0., 0, 0., 0, 0., 0, 0., 0, 0., 0, 0., 0, 0., 0, 0., 0, 0., 0, 0., 0, 0., 0, 0., 0, 0., 1777, 80.22573363431151, 323, 14.582392776523703, 0, 0., 4, 0.18058690744920994, 0, 0., 0, 0., 0, 0., 344, 1901, 2245, 2215, 0.9866369710467706
, generated\gt\sample_000074.krn, generated\xml_homr\sample_000074.xml, 0, 0., 191, 11.32187314759929, 6, 0.35566093657379966, 0, 0., 0, 0., 0, 0., 0, 0., 0, 0., 0, 0., 0, 0., 0, 0., 1, 0.05927682276229994, 0, 0., 2, 0.11855364552459988, 2, 0.11855364552459988, 2, 0.11855364552459988, 0, 0., 0, 0., 0, 0., 0, 0., 0, 0., 0, 0., 1, 0.05927682276229994, 0, 0., 0, 0., 0, 0., 0, 0., 0, 0., 0, 0., 0, 0., 0, 0., 0, 0., 1281, 75.93360995850622, 197, 11.677534084173088, 0, 0., 4, 0.23710729104919975, 0, 0., 0, 0., 0, 0., 239, 1470, 1709, 1687, 0.9871269748390872
, generated\gt\sample_000675.krn, generated\xml_homr\sample_000675.xml, 0, 0., 499, 18.066618392469227, 2, 0.07241129616220131, 5, 0.18102824040550325, 0, 0., 2, 0.07241129616220131, 0, 0., 0, 0., 0, 0., 0, 0., 0, 0., 0, 0., 0, 0., 1, 0.036205648081100654, 2, 0.07241129616220131, 0, 0., 0, 0., 0, 0., 0, 0., 0, 0., 0, 0., 0, 0., 7, 0.25343953656770457, 0, 0., 0, 0., 0, 0., 0, 0., 0, 0., 0, 0., 0, 0., 0, 0., 0, 0., 2044, 74.00434467776974, 196, 7.0963070238957275, 0, 0., 4, 0.14482259232440262, 0, 0., 0, 0., 0, 0., 557, 2231, 2788, 2762, 0.990674318507891
, generated\gt\sample_000264.krn, generated\xml_homr\sample_000264.xml, 0, 0., 386, 66.78200692041523, 0, 0., 0, 0., 0, 0., 0, 0., 0, 0., 0, 0., 0, 0., 0, 0., 0, 0., 0, 0., 0, 0., 0, 0., 3, 0.5190311418685121, 0, 0., 0, 0., 0, 0., 0, 0., 0, 0., 0, 0., 0, 0., 4, 0.6920415224913494, 0, 0., 0, 0., 0, 0., 0, 0., 0, 0., 0, 0., 0, 0., 0, 0., 0, 0., 175, 30.27681660899654, 6, 1.0380622837370241, 0, 0., 4, 0.6920415224913494, 0, 0., 0, 0., 0, 0., 237, 345, 582, 578, 0.993127147766323
, generated\gt\sample_000383.krn, generated\xml_homr\sample_000383.xml, 0, 0., 0, 0., 0, 0., 0, 0., 0, 0., 0, 0., 0, 0., 0, 0., 0, 0., 0, 0., 0, 0., 0, 0., 0, 0., 0, 0., 0, 0., 0, 0., 0, 0., 0, 0., 0, 0., 0, 0., 0, 0., 0, 0., 0, 0., 0, 0., 0, 0., 0, 0., 0, 0., 0, 0., 0, 0., 0, 0., 0, 0., 0, 0., 0, 0., 267, 98.5239852398524, 0, 0., 4, 1.4760147601476015, 0, 0., 0, 0., 0, 0., 271, 0, 271, 271, 1.0
Total:, , , 0, 0., 96502, 10.029099374363451, 224, 0.023279499490760948, 21225, 2.205836503086612, 111, 0.011535823408368149, 562, 0.05840660140092702, 2132, 0.2215709505102783, 0, 0., 147, 0.015277171540811872, 494, 0.05133961048408888, 977, 0.10153603126104217, 282, 0.029307227037475837, 0, 0., 845, 0.08781775477541519, 1132, 0.11764461349795265, 146, 0.015173245203799547, 0, 0., 257, 0.026709068612167694, 0, 0., 0, 0., 0, 0., 0, 0., 2426, 0.25212529359190206, 0, 0., 4, 0.00041570534804930264, 26, 0.002702084762320467, 0, 0., 0, 0., 0, 0., 0, 0., 0, 0., 0, 0., 766601, 79.67003387998587, 65863, 6.844900334642805, 0, 0., 2264, 0.2352892269959053, 0, 0., 0, 0., 0, 0., 173376, 920307, 1093683, 962220, 0.8797978939052724
, gtpath, predpath, bad kern syntax OMR-ED, bad kern syntax % contribution to OMR-NED, wrong note OMR-ED, wrong note % contribution to OMR-NED, wrong note head OMR-ED, wrong note head % contribution to OMR-NED, wrong flag/beam OMR-ED, wrong flag/beam % contribution to OMR-NED, wrong dot OMR-ED, wrong dot % contribution to OMR-NED, wrong tuplet OMR-ED, wrong tuplet % contribution to OMR-NED, wrong accidental OMR-ED, wrong accidental % contribution to OMR-NED, wrong note stem OMR-ED, wrong note stem % contribution to OMR-NED, wrong graceness OMR-ED, wrong graceness % contribution to OMR-NED, wrong tie OMR-ED, wrong tie % contribution to OMR-NED, wrong articulation OMR-ED, wrong articulation % contribution to OMR-NED, wrong ornament OMR-ED, wrong ornament % contribution to OMR-NED, wrong lyric OMR-ED, wrong lyric % contribution to OMR-NED, wrong clef OMR-ED, wrong clef % contribution to OMR-NED, wrong timesig OMR-ED, wrong timesig % contribution to OMR-NED, wrong keysig OMR-ED, wrong keysig % contribution to OMR-NED, wrong tempo OMR-ED, wrong tempo % contribution to OMR-NED, wrong barline OMR-ED, wrong barline % contribution to OMR-NED, wrong direction OMR-ED, wrong direction % contribution to OMR-NED, wrong dynamic OMR-ED, wrong dynamic % contribution to OMR-NED, wrong crescendo OMR-ED, wrong crescendo % contribution to OMR-NED, wrong diminuendo OMR-ED, wrong diminuendo % contribution to OMR-NED, wrong slur OMR-ED, wrong slur % contribution to OMR-NED, wrong ottava OMR-ED, wrong ottava % contribution to OMR-NED, wrong multi-staff arpeggio OMR-ED, wrong multi-staff arpeggio % contribution to OMR-NED, wrong fingered tremolo OMR-ED, wrong fingered tremolo % contribution to OMR-NED, wrong chord symbol OMR-ED, wrong chord symbol % contribution to OMR-NED, wrong ending OMR-ED, wrong ending % contribution to OMR-NED, wrong staff info OMR-ED, wrong staff info % contribution to OMR-NED, wrong system break OMR-ED, wrong system break % contribution to OMR-NED, wrong page break OMR-ED, wrong page break % contribution to OMR-NED, wrong other object OMR-ED, wrong other object % contribution to OMR-NED, entire measure insert/delete OMR-ED, entire measure insert/delete % contribution to OMR-NED, entire staff insert/delete OMR-ED, entire staff insert/delete % contribution to OMR-NED, wrong metadata OMR-ED, wrong metadata % contribution to OMR-NED, wrong staff group OMR-ED, wrong staff group % contribution to OMR-NED, wrong staff group name/abbrev OMR-ED, wrong staff group name/abbrev % contribution to OMR-NED, wrong staff group brace OMR-ED, wrong staff group brace % contribution to OMR-NED, wrong staff group barline OMR-ED, wrong staff group barline % contribution to OMR-NED, gt numsyms, pred numsyms, total numsyms (in both scores), OMR-ED (OMR Edit Distance), OMR-NED (OMR-ED / total numsyms)
