, gtpath, predpath, bad kern syntax OMR-ED, bad kern syntax % contribution to OMR-NED, wrong note OMR-ED, wrong note % contribution to OMR-NED, wrong note head OMR-ED, wrong note head % contribution to OMR-NED, wrong flag/beam OMR-ED, wrong flag/beam % contribution to OMR-NED, wrong dot OMR-ED, wrong dot % contribution to OMR-NED, wrong tuplet OMR-ED, wrong tuplet % contribution to OMR-NED, wrong accidental OMR-ED, wrong accidental % contribution to OMR-NED, wrong note stem OMR-ED, wrong note stem % contribution to OMR-NED, wrong graceness OMR-ED, wrong graceness % contribution to OMR-NED, wrong tie OMR-ED, wrong tie % contribution to OMR-NED, wrong articulation OMR-ED, wrong articulation % contribution to OMR-NED, wrong ornament OMR-ED, wrong ornament % contribution to OMR-NED, wrong lyric OMR-ED, wrong lyric % contribution to OMR-NED, wrong clef OMR-ED, wrong clef % contribution to OMR-NED, wrong timesig OMR-ED, wrong timesig % contribution to OMR-NED, wrong keysig OMR-ED, wrong keysig % contribution to OMR-NED, wrong tempo OMR-ED, wrong tempo % contribution to OMR-NED, wrong barline OMR-ED, wrong barline % contribution to OMR-NED, wrong direction OMR-ED, wrong direction % contribution to OMR-NED, wrong dynamic OMR-ED, wrong dynamic % contribution to OMR-NED, wrong crescendo OMR-ED, wrong crescendo % contribution to OMR-NED, wrong diminuendo OMR-ED, wrong diminuendo % contribution to OMR-NED, wrong slur OMR-ED, wrong slur % contribution to OMR-NED, wrong ottava OMR-ED, wrong ottava % contribution to OMR-NED, wrong multi-staff arpeggio OMR-ED, wrong multi-staff arpeggio % contribution to OMR-NED, wrong fingered tremolo OMR-ED, wrong fingered tremolo % contribution to OMR-NED, wrong chord symbol OMR-ED, wrong chord symbol % contribution to OMR-NED, wrong ending OMR-ED, wrong ending % contribution to OMR-NED, wrong staff info OMR-ED, wrong staff info % contribution to OMR-NED, wrong system break OMR-ED, wrong system break % contribution to OMR-NED, wrong page break OMR-ED, wrong page break % contribution to OMR-NED, wrong other object OMR-ED, wrong other object % contribution to OMR-NED, entire measure insert/delete OMR-ED, entire measure insert/delete % contribution to OMR-NED, entire staff insert/delete OMR-ED, entire staff insert/delete % contribution to OMR-NED, wrong metadata OMR-ED, wrong metadata % contribution to OMR-NED, wrong staff group OMR-ED, wrong staff group % contribution to OMR-NED, wrong staff group name/abbrev OMR-ED, wrong staff group name/abbrev % contribution to OMR-NED, wrong staff group brace OMR-ED, wrong staff group brace % contribution to OMR-NED, wrong staff group barline OMR-ED, wrong staff group barline % contribution to OMR-NED, gt numsyms, pred numsyms, total numsyms (in both scores), OMR-ED (OMR Edit Distance), OMR-NED (OMR-ED / total numsyms)
, generated\gt\sample_000191.krn, generated\xml_oemer\sample_000191.xml, 0, 0., 163, 32.92929292929293, 0, 0., 12, 2.4242424242424243, 3, 0.6060606060606061, 0, 0., 0, 0., 0, 0., 0, 0., 0, 0., 0, 0., 0, 0., 0, 0., 2, 0.40404040404040403, 2, 0.40404040404040403, 2, 0.40404040404040403, 0, 0., 0, 0., 0, 0., 0, 0., 0, 0., 0, 0., 5, 1.0101010101010102, 0, 0., 0, 0., 0, 0., 0, 0., 0, 0., 0, 0., 0, 0., 0, 0., 0, 0., 306, 61.81818181818182, 0, 0., 0, 0., 0, 0., 0, 0., 0, 0., 0, 0., 191, 498, 689, 495, 0.7184325108853411
, generated\gt\sample_000609.krn, generated\xml_oemer\sample_000609.xml, 0, 0., 46, 9.181636726546905, 8, 1.596806387225549, 10, 1.996007984031936, 0, 0., 0, 0., 10, 1.996007984031936, 0, 0., 0, 0., 2, 0.3992015968063872, 0, 0., 2, 0.3992015968063872, 0, 0., 0, 0., 4, 0.7984031936127745, 4, 0.7984031936127745, 0, 0., 2, 0.3992015968063872, 0, 0., 0, 0., 0, 0., 0, 0., 0, 0., 0, 0., 0, 0., 0, 0., 0, 0., 0, 0., 0, 0., 0, 0., 0, 0., 0, 0., 408, 81.437125748503, 0, 0., 0, 0., 0, 0., 5, 0.998003992015968, 0, 0., 0, 0., 138, 537, 675, 501, 0.7422222222222222
, generated\gt\sample_000355.krn, generated\xml_oemer\sample_000355.xml, 0, 0., 201, 20.59426229508197, 0, 0., 69, 7.069672131147541, 0, 0., 0, 0., 1, 0.10245901639344263, 0, 0., 0, 0., 0, 0., 0, 0., 0, 0., 0, 0., 1, 0.10245901639344263, 2, 0.20491803278688525, 2, 0.20491803278688525, 0, 0., 2, 0.20491803278688525, 0, 0., 0, 0., 0, 0., 0, 0., 0, 0., 0, 0., 0, 0., 0, 0., 0, 0., 0, 0., 0, 0., 0, 0., 0, 0., 0, 0., 698, 71.51639344262296, 0, 0., 0, 0., 0, 0., 0, 0., 0, 0., 0, 0., 320, 993, 1313, 976, 0.7433358720487433
, generated\gt\sample_000475.krn, generated\xml_oemer\sample_000475.xml, 0, 0., 121, 21.37809187279152, 0, 0., 12, 2.1201413427561837, 1, 0.17667844522968199, 0, 0., 4, 0.7067137809187279, 0, 0., 0, 0., 0, 0., 2, 0.35335689045936397, 0, 0., 0, 0., 0, 0., 2, 0.35335689045936397, 1, 0.17667844522968199, 0, 0., 0, 0., 0, 0., 0, 0., 0, 0., 0, 0., 9, 1.5901060070671378, 0, 0., 0, 0., 0, 0., 0, 0., 0, 0., 0, 0., 0, 0., 0, 0., 0, 0., 414, 73.14487632508833, 0, 0., 0, 0., 0, 0., 0, 0., 0, 0., 0, 0., 223, 535, 758, 566, 0.7467018469656992
, generated\gt\sample_000111.krn, generated\xml_oemer\sample_000111.xml, 0, 0., 85, 6.415094339622642, 2, 0.1509433962264151, 129, 9.735849056603774, 2, 0.1509433962264151, 0, 0., 5, 0.37735849056603776, 0, 0., 0, 0., 2, 0.1509433962264151, 0, 0., 0, 0., 0, 0., 0, 0., 4, 0.3018867924528302, 0, 0., 0, 0., 0, 0., 0, 0., 0, 0., 0, 0., 0, 0., 3, 0.22641509433962265, 0, 0., 0, 0., 0, 0., 0, 0., 0, 0., 0, 0., 0, 0., 0, 0., 0, 0., 1088, 82.11320754716981, 0, 0., 0, 0., 0, 0., 5, 0.37735849056603776, 0, 0., 0, 0., 341, 1417, 1758, 1325, 0.7536973833902162
, generated\gt\sample_000263.krn, generated\xml_oemer\sample_000263.xml, 0, 0., 110, 11.16751269035533, 2, 0.20304568527918782, 2, 0.20304568527918782, 3, 0.30456852791878175, 0, 0., 3, 0.30456852791878175, 0, 0., 0, 0., 0, 0., 0, 0., 0, 0., 0, 0., 0, 0., 4, 0.40609137055837563, 0, 0., 0, 0., 0, 0., 0, 0., 0, 0., 0, 0., 0, 0., 0, 0., 0, 0., 0, 0., 0, 0., 0, 0., 0, 0., 0, 0., 0, 0., 0, 0., 0, 0., 856, 86.90355329949239, 0, 0., 0, 0., 0, 0., 5, 0.5076142131979695, 0, 0., 0, 0., 221, 1078, 1299, 985, 0.7582755966127791
, generated\gt\sample_000038.krn, generated\xml_oemer\sample_000038.xml, 0, 0., 119, 19.636963696369637, 10, 1.6501650165016502, 24, 3.9603960396039604, 1, 0.16501650165016502, 0, 0., 2, 0.33003300330033003, 0, 0., 0, 0., 0, 0., 6, 0.9900990099009901, 0, 0., 0, 0., 0, 0., 4, 0.6600660066006601, 0, 0., 0, 0., 4, 0.6600660066006601, 0, 0., 0, 0., 0, 0., 0, 0., 4, 0.6600660066006601, 0, 0., 0, 0., 0, 0., 0, 0., 0, 0., 0, 0., 0, 0., 0, 0., 0, 0., 427, 70.46204620462046, 0, 0., 0, 0., 0, 0., 5, 0.8250825082508251, 0, 0., 0, 0., 188, 609, 797, 606, 0.7603513174404015
, generated\gt\sample_000281.krn, generated\xml_oemer\sample_000281.xml, 0, 0., 42, 5.7534246575342465, 2, 0.273972602739726, 25, 3.4246575342465753, 3, 0.410958904109589, 0, 0., 0, 0., 0, 0., 0, 0., 0, 0., 0, 0., 0, 0., 0, 0., 5, 0.684931506849315, 2, 0.273972602739726, 0, 0., 0, 0., 0, 0., 0, 0., 0, 0., 0, 0., 0, 0., 12, 1.643835616438356, 0, 0., 0, 0., 0, 0., 0, 0., 0, 0., 0, 0., 0, 0., 0, 0., 0, 0., 634, 86.84931506849315, 0, 0., 0, 0., 0, 0., 5, 0.684931506849315, 0, 0., 0, 0., 163, 797, 960, 730, 0.7604166666666666
, generated\gt\sample_000248.krn, generated\xml_oemer\sample_000248.xml, 0, 0., 155, 26.22673434856176, 18, 3.045685279187817, 1, 0.1692047377326565, 14, 2.3688663282571913, 0, 0., 10, 1.6920473773265652, 0, 0., 0, 0., 3, 0.5076142131979695, 1, 0.1692047377326565, 0, 0., 0, 0., 2, 0.338409475465313, 4, 0.676818950930626, 4, 0.676818950930626, 0, 0., 0, 0., 0, 0., 0, 0., 0, 0., 0, 0., 11, 1.8612521150592216, 0, 0., 0, 0., 0, 0., 0, 0., 0, 0., 0, 0., 0, 0., 0, 0., 0, 0., 363, 61.421319796954315, 0, 0., 0, 0., 0, 0., 5, 0.8460236886632826, 0, 0., 0, 0., 228, 549, 777, 591, 0.7606177606177607
, generated\gt\sample_000112.krn, generated\xml_oemer\sample_000112.xml, 0, 0., 41, 2.775897088693297, 8, 0.5416384563303994, 48, 3.2498307379823967, 2, 0.13540961408259986, 0, 0., 3, 0.2031144211238998, 0, 0., 0, 0., 0, 0., 32, 2.1665538253215977, 0, 0., 0, 0., 4, 0.2708192281651997, 4, 0.2708192281651997, 0, 0., 0, 0., 0, 0., 0, 0., 0, 0., 0, 0., 0, 0., 0, 0., 0, 0., 0, 0., 0, 0., 0, 0., 0, 0., 0, 0., 0, 0., 0, 0., 0, 0., 1330, 90.04739336492891, 0, 0., 0, 0., 0, 0., 5, 0.33852403520649965, 0, 0., 0, 0., 311, 1613, 1924, 1477, 0.7676715176715176
, generated\gt\sample_000329.krn, generated\xml_oemer\sample_000329.xml, 0, 0., 128, 11.562782294489612, 0, 0., 108, 9.75609756097561, 1, 0.09033423667570009, 0, 0., 1, 0.09033423667570009, 0, 0., 0, 0., 0, 0., 0, 0., 0, 0., 0, 0., 0, 0., 2, 0.18066847335140018, 0, 0., 0, 0., 0, 0., 0, 0., 0, 0., 0, 0., 0, 0., 2, 0.18066847335140018, 0, 0., 0, 0., 0, 0., 0, 0., 0, 0., 0, 0., 0, 0., 0, 0., 0, 0., 865, 78.13911472448058, 0, 0., 0, 0., 0, 0., 0, 0., 0, 0., 0, 0., 289, 1148, 1437, 1107, 0.7703549060542797
, generated\gt\sample_000378.krn, generated\xml_oemer\sample_000378.xml, 0, 0., 43, 5.6356487549148095, 6, 0.7863695937090432, 10, 1.3106159895150722, 4, 0.5242463958060288, 0, 0., 6, 0.7863695937090432, 0, 0., 0, 0., 0, 0., 9, 1.1795543905635648, 0, 0., 0, 0., 1, 0.1310615989515072, 4, 0.5242463958060288, 1, 0.1310615989515072, 0, 0., 0, 0., 0, 0., 0, 0., 0, 0., 0, 0., 9, 1.1795543905635648, 0, 0., 0, 0., 0, 0., 0, 0., 0, 0., 0, 0., 0, 0., 0, 0., 0, 0., 665, 87.1559633027523, 0, 0., 0, 0., 0, 0., 5, 0.6553079947575361, 0, 0., 0, 0., 167, 821, 988, 763, 0.7722672064777328
, generated\gt\sample_000498.krn, generated\xml_oemer\sample_000498.xml, 0, 0., 98, 31.0126582278481, 4, 1.2658227848101267, 15, 4.746835443037975, 0, 0., 0, 0., 4, 1.2658227848101267, 0, 0., 0, 0., 0, 0., 1, 0.31645569620253167, 0, 0., 0, 0., 0, 0., 1, 0.31645569620253167, 2, 0.6329113924050633, 0, 0., 0, 0., 0, 0., 0, 0., 0, 0., 0, 0., 4, 1.2658227848101267, 0, 0., 0, 0., 0, 0., 0, 0., 0, 0., 0, 0., 0, 0., 0, 0., 0, 0., 187, 59.177215189873415, 0, 0., 0, 0., 0, 0., 0, 0., 0, 0., 0, 0., 104, 305, 409, 316, 0.7726161369193154
, generated\gt\sample_000118.krn, generated\xml_oemer\sample_000118.xml, 0, 0., 203, 14.593817397555716, 0, 0., 78, 5.607476635514018, 3, 0.21567217828900073, 0, 0., 12, 0.8626887131560029, 0, 0., 0, 0., 0, 0., 52, 3.7383177570093458, 0, 0., 0, 0., 0, 0., 4, 0.2875629043853343, 0, 0., 0, 0., 0, 0., 0, 0., 0, 0., 0, 0., 0, 0., 0, 0., 0, 0., 0, 0., 0, 0., 0, 0., 0, 0., 0, 0., 0, 0., 0, 0., 0, 0., 1034, 74.33501078360891, 0, 0., 0, 0., 0, 0., 5, 0.35945363048166784, 0, 0., 0, 0., 430, 1364, 1794, 1391, 0.7753623188405797
, generated\gt\sample_000077.krn, generated\xml_oemer\sample_000077.xml, 0, 0., 62, 5.303678357570573, 0, 0., 14, 1.1976047904191616, 0, 0., 0, 0., 0, 0., 0, 0., 0, 0., 0, 0., 0, 0., 0, 0., 0, 0., 2, 0.1710863986313088, 4, 0.3421727972626176, 2, 0.1710863986313088, 0, 0., 4, 0.3421727972626176, 0, 0., 0, 0., 0, 0., 0, 0., 2, 0.1710863986313088, 0, 0., 0, 0., 0, 0., 0, 0., 0, 0., 0, 0., 0, 0., 0, 0., 0, 0., 1074, 91.87339606501283, 0, 0., 0, 0., 0, 0., 5, 0.42771599657827203, 0, 0., 0, 0., 213, 1293, 1506, 1169, 0.7762284196547145
, generated\gt\sample_000172.krn, generated\xml_oemer\sample_000172.xml, 0, 0., 117, 21.54696132596685, 22, 4.051565377532229, 2, 0.3683241252302026, 6, 1.1049723756906078, 0, 0., 7, 1.289134438305709, 0, 0., 0, 0., 1, 0.1841620626151013, 16, 2.9465930018416207, 0, 0., 0, 0., 1, 0.1841620626151013, 4, 0.7366482504604052, 1, 0.1841620626151013, 0, 0., 4, 0.7366482504604052, 0, 0., 0, 0., 0, 0., 0, 0., 6, 1.1049723756906078, 0, 0., 0, 0., 0, 0., 0, 0., 0, 0., 0, 0., 0, 0., 0, 0., 0, 0., 351, 64.64088397790056, 0, 0., 0, 0., 0, 0., 5, 0.9208103130755064, 0, 0., 0, 0., 208, 487, 695, 543, 0.781294964028777
, generated\gt\sample_000604.krn, generated\xml_oemer\sample_000604.xml, 0, 0., 112, 12.32123212321232, 4, 0.44004400440044006, 45, 4.9504950495049505, 0, 0., 0, 0., 8, 0.8800880088008801, 0, 0., 0, 0., 0, 0., 3, 0.33003300330033003, 0, 0., 0, 0., 3, 0.33003300330033003, 4, 0.44004400440044006, 8, 0.8800880088008801, 0, 0., 8, 0.8800880088008801, 0, 0., 0, 0., 0, 0., 0, 0., 0, 0., 0, 0., 0, 0., 0, 0., 0, 0., 0, 0., 0, 0., 0, 0., 0, 0., 0, 0., 709, 77.997799779978, 0, 0., 0, 0., 0, 0., 5, 0.5500550055005501, 0, 0., 0, 0., 233, 930, 1163, 909, 0.7815993121238177
, generated\gt\sample_000185.krn, generated\xml_oemer\sample_000185.xml, 0, 0., 87, 13.343558282208589, 0, 0., 29, 4.447852760736196, 0, 0., 0, 0., 0, 0., 0, 0., 0, 0., 0, 0., 2, 0.3067484662576687, 3, 0.4601226993865031, 0, 0., 0, 0., 2, 0.3067484662576687, 0, 0., 0, 0., 0, 0., 3, 0.4601226993865031, 0, 0., 0, 0., 0, 0., 5, 0.7668711656441718, 0, 0., 0, 0., 0, 0., 0, 0., 0, 0., 0, 0., 0, 0., 0, 0., 0, 0., 516, 79.14110429447852, 0, 0., 0, 0., 0, 0., 5, 0.7668711656441718, 0, 0., 0, 0., 161, 672, 833, 652, 0.7827130852340937
, generated\gt\sample_000043.krn, generated\xml_oemer\sample_000043.xml, 0, 0., 69, 12.545454545454545, 0, 0., 8, 1.4545454545454546, 0, 0., 0, 0., 4, 0.7272727272727273, 0, 0., 0, 0., 0, 0., 0, 0., 0, 0., 0, 0., 1, 0.18181818181818182, 4, 0.7272727272727273, 2, 0.36363636363636365, 0, 0., 0, 0., 0, 0., 0, 0., 0, 0., 0, 0., 1, 0.18181818181818182, 0, 0., 0, 0., 0, 0., 0, 0., 0, 0., 0, 0., 0, 0., 0, 0., 0, 0., 456, 82.9090909090909, 0, 0., 0, 0., 0, 0., 5, 0.9090909090909091, 0, 0., 0, 0., 129, 573, 702, 550, 0.7834757834757835
, generated\gt\sample_000041.krn, generated\xml_oemer\sample_000041.xml, 0, 0., 87, 12.965722801788376, 10, 1.4903129657228018, 3, 0.44709388971684055, 5, 0.7451564828614009, 0, 0., 13, 1.9374068554396424, 0, 0., 0, 0., 0, 0., 3, 0.44709388971684055, 0, 0., 0, 0., 0, 0., 4, 0.5961251862891207, 4, 0.5961251862891207, 0, 0., 0, 0., 9, 1.3412816691505216, 0, 0., 0, 0., 0, 0., 0, 0., 0, 0., 0, 0., 0, 0., 0, 0., 0, 0., 0, 0., 0, 0., 0, 0., 0, 0., 528, 78.68852459016394, 0, 0., 0, 0., 0, 0., 5, 0.7451564828614009, 0, 0., 0, 0., 182, 673, 855, 671, 0.7847953216374269
, generated\gt\sample_000283.krn, generated\xml_oemer\sample_000283.xml, 0, 0., 4, 0.40899795501022496, 4, 0.40899795501022496, 40, 4.08997955010225, 1, 0.10224948875255624, 0, 0., 4, 0.40899795501022496, 0, 0., 0, 0., 0, 0., 2, 0.20449897750511248, 0, 0., 0, 0., 0, 0., 2, 0.20449897750511248, 10, 1.0224948875255624, 0, 0., 0, 0., 0, 0., 0, 0., 0, 0., 0, 0., 16, 1.6359918200408998, 0, 0., 0, 0., 0, 0., 0, 0., 0, 0., 0, 0., 0, 0., 0, 0., 0, 0., 890, 91.00204498977506, 0, 0., 0, 0., 0, 0., 5, 0.5112474437627812, 0, 0., 0, 0., 186, 1058, 1244, 978, 0.7861736334405145
, generated\gt\sample_000393.krn, generated\xml_oemer\sample_000393.xml, 0, 0., 72, 5.896805896805897, 12, 0.9828009828009828, 11, 0.9009009009009009, 0, 0., 0, 0., 2, 0.1638001638001638, 0, 0., 0, 0., 0, 0., 0, 0., 1, 0.0819000819000819, 0, 0., 1, 0.0819000819000819, 4, 0.3276003276003276, 0, 0., 0, 0., 0, 0., 0, 0., 0, 0., 0, 0., 0, 0., 3, 0.2457002457002457, 0, 0., 0, 0., 0, 0., 0, 0., 0, 0., 0, 0., 0, 0., 0, 0., 0, 0., 1110, 90.9090909090909, 0, 0., 0, 0., 0, 0., 5, 0.4095004095004095, 0, 0., 0, 0., 223, 1330, 1553, 1221, 0.7862202189311011
, generated\gt\sample_000040.krn, generated\xml_oemer\sample_000040.xml, 0, 0., 87, 13.063063063063064, 4, 0.6006006006006006, 18, 2.7027027027027026, 2, 0.3003003003003003, 0, 0., 10, 1.5015015015015014, 0, 0., 0, 0., 0, 0., 12, 1.8018018018018018, 0, 0., 0, 0., 1, 0.15015015015015015, 4, 0.6006006006006006, 2, 0.3003003003003003, 0, 0., 0, 0., 6, 0.9009009009009009, 0, 0., 0, 0., 0, 0., 4, 0.6006006006006006, 0, 0., 0, 0., 0, 0., 0, 0., 0, 0., 0, 0., 0, 0., 0, 0., 0, 0., 511, 76.72672672672672, 0, 0., 0, 0., 0, 0., 5, 0.7507507507507507, 0, 0., 0, 0., 194, 651, 845, 666, 0.7881656804733728
, generated\gt\sample_000610.krn, generated\xml_oemer\sample_000610.xml, 0, 0., 59, 8.805970149253731, 4, 0.5970149253731343, 18, 2.6865671641791047, 0, 0., 0, 0., 17, 2.537313432835821, 0, 0., 0, 0., 0, 0., 0, 0., 0, 0., 0, 0., 0, 0., 4, 0.5970149253731343, 0, 0., 0, 0., 0, 0., 9, 1.3432835820895523, 0, 0., 0, 0., 0, 0., 3, 0.44776119402985076, 0, 0., 0, 0., 0, 0., 0, 0., 0, 0., 0, 0., 0, 0., 0, 0., 0, 0., 551, 82.23880597014926, 0, 0., 0, 0., 0, 0., 5, 0.746268656716418, 0, 0., 0, 0., 161, 689, 850, 670, 0.788235294117647
, generated\gt\sample_000078.krn, generated\xml_oemer\sample_000078.xml, 0, 0., 55, 5.213270142180095, 0, 0., 2, 0.1895734597156398, 2, 0.1895734597156398, 0, 0., 0, 0., 0, 0., 0, 0., 0, 0., 0, 0., 0, 0., 0, 0., 0, 0., 4, 0.3791469194312796, 11, 1.042654028436019, 0, 0., 0, 0., 0, 0., 0, 0., 0, 0., 0, 0., 1, 0.0947867298578199, 0, 0., 0, 0., 0, 0., 0, 0., 0, 0., 0, 0., 0, 0., 0, 0., 0, 0., 975, 92.41706161137441, 0, 0., 0, 0., 0, 0., 5, 0.47393364928909953, 0, 0., 0, 0., 174, 1161, 1335, 1055, 0.7902621722846442
, generated\gt\sample_000662.krn, generated\xml_oemer\sample_000662.xml, 0, 0., 60, 11.538461538461538, 2, 0.38461538461538464, 12, 2.3076923076923075, 2, 0.38461538461538464, 0, 0., 4, 0.7692307692307693, 0, 0., 0, 0., 1, 0.19230769230769232, 7, 1.3461538461538463, 1, 0.19230769230769232, 0, 0., 0, 0., 2, 0.38461538461538464, 0, 0., 0, 0., 0, 0., 0, 0., 0, 0., 0, 0., 0, 0., 7, 1.3461538461538463, 0, 0., 0, 0., 0, 0., 0, 0., 0, 0., 0, 0., 0, 0., 0, 0., 0, 0., 417, 80.1923076923077, 0, 0., 0, 0., 0, 0., 5, 0.9615384615384616, 0, 0., 0, 0., 125, 533, 658, 520, 0.790273556231003
, generated\gt\sample_000062.krn, generated\xml_oemer\sample_000062.xml, 0, 0., 61, 14.91442542787286, 4, 0.9779951100244498, 20, 4.88997555012225, 0, 0., 0, 0., 5, 1.2224938875305624, 0, 0., 0, 0., 0, 0., 0, 0., 0, 0., 0, 0., 0, 0., 2, 0.4889975550122249, 0, 0., 0, 0., 0, 0., 0, 0., 0, 0., 0, 0., 0, 0., 3, 0.7334963325183375, 0, 0., 0, 0., 0, 0., 0, 0., 0, 0., 0, 0., 0, 0., 0, 0., 0, 0., 314, 76.77261613691931, 0, 0., 0, 0., 0, 0., 0, 0., 0, 0., 0, 0., 125, 392, 517, 409, 0.7911025145067698
, generated\gt\sample_000182.krn, generated\xml_oemer\sample_000182.xml, 0, 0., 79, 13.412563667232597, 2, 0.3395585738539898, 23, 3.904923599320883, 0, 0., 0, 0., 1, 0.1697792869269949, 0, 0., 0, 0., 1, 0.1697792869269949, 4, 0.6791171477079796, 0, 0., 0, 0., 0, 0., 2, 0.3395585738539898, 0, 0., 0, 0., 0, 0., 0, 0., 0, 0., 0, 0., 0, 0., 2, 0.3395585738539898, 0, 0., 0, 0., 0, 0., 0, 0., 0, 0., 0, 0., 0, 0., 0, 0., 0, 0., 470, 79.79626485568761, 0, 0., 0, 0., 0, 0., 5, 0.8488964346349746, 0, 0., 0, 0., 136, 606, 742, 589, 0.793800539083558
, generated\gt\sample_000557.krn, generated\xml_oemer\sample_000557.xml, 0, 0., 56, 7.4866310160427805, 14, 1.8716577540106951, 12, 1.6042780748663101, 3, 0.40106951871657753, 0, 0., 0, 0., 0, 0., 0, 0., 0, 0., 12, 1.6042780748663101, 0, 0., 0, 0., 0, 0., 4, 0.5347593582887701, 2, 0.26737967914438504, 0, 0., 0, 0., 0, 0., 0, 0., 0, 0., 0, 0., 4, 0.5347593582887701, 0, 0., 0, 0., 0, 0., 0, 0., 0, 0., 0, 0., 0, 0., 0, 0., 0, 0., 636, 85.02673796791444, 0, 0., 0, 0., 0, 0., 5, 0.6684491978609626, 0, 0., 0, 0., 153, 783, 936, 748, 0.7991452991452992
, generated\gt\sample_000558.krn, generated\xml_oemer\sample_000558.xml, 0, 0., 62, 6.553911205073995, 34, 3.5940803382663846, 14, 1.4799154334038056, 14, 1.4799154334038056, 0, 0., 1, 0.10570824524312897, 0, 0., 0, 0., 0, 0., 12, 1.2684989429175475, 0, 0., 0, 0., 0, 0., 4, 0.42283298097251587, 6, 0.6342494714587738, 0, 0., 0, 0., 0, 0., 0, 0., 0, 0., 0, 0., 4, 0.42283298097251587, 0, 0., 0, 0., 0, 0., 0, 0., 0, 0., 0, 0., 0, 0., 0, 0., 0, 0., 790, 83.50951374207189, 0, 0., 0, 0., 0, 0., 5, 0.5285412262156448, 0, 0., 0, 0., 203, 974, 1177, 946, 0.8037383177570093
, generated\gt\sample_000109.krn, generated\xml_oemer\sample_000109.xml, 0, 0., 321, 52.8830313014827, 6, 0.9884678747940692, 20, 3.2948929159802307, 14, 2.3064250411861615, 0, 0., 1, 0.16474464579901152, 0, 0., 0, 0., 0, 0., 8, 1.3179571663920921, 0, 0., 0, 0., 3, 0.4942339373970346, 4, 0.6589785831960461, 0, 0., 0, 0., 0, 0., 0, 0., 0, 0., 0, 0., 0, 0., 0, 0., 0, 0., 0, 0., 0, 0., 0, 0., 0, 0., 0, 0., 0, 0., 0, 0., 0, 0., 225, 37.067545304777596, 0, 0., 0, 0., 0, 0., 5, 0.8237232289950577, 0, 0., 0, 0., 297, 458, 755, 607, 0.8039735099337748
, generated\gt\sample_000258.krn, generated\xml_oemer\sample_000258.xml, 0, 0., 108, 28.272251308900522, 0, 0., 18, 4.712041884816754, 0, 0., 0, 0., 0, 0., 0, 0., 0, 0., 0, 0., 0, 0., 0, 0., 0, 0., 0, 0., 1, 0.2617801047120419, 0, 0., 0, 0., 0, 0., 0, 0., 0, 0., 0, 0., 0, 0., 0, 0., 0, 0., 0, 0., 0, 0., 0, 0., 0, 0., 0, 0., 0, 0., 0, 0., 0, 0., 255, 66.75392670157068, 0, 0., 0, 0., 0, 0., 0, 0., 0, 0., 0, 0., 102, 372, 474, 382, 0.8059071729957806
, generated\gt\sample_000379.krn, generated\xml_oemer\sample_000379.xml, 0, 0., 33, 3.518123667377399, 16, 1.7057569296375266, 16, 1.7057569296375266, 4, 0.42643923240938164, 0, 0., 0, 0., 0, 0., 0, 0., 0, 0., 10, 1.0660980810234542, 0, 0., 0, 0., 0, 0., 4, 0.42643923240938164, 2, 0.21321961620469082, 0, 0., 0, 0., 0, 0., 0, 0., 0, 0., 0, 0., 13, 1.3859275053304905, 0, 0., 0, 0., 0, 0., 0, 0., 0, 0., 0, 0., 0, 0., 0, 0., 0, 0., 835, 89.01918976545842, 0, 0., 0, 0., 0, 0., 5, 0.5330490405117271, 0, 0., 0, 0., 209, 953, 1162, 938, 0.8072289156626506
, generated\gt\sample_000581.krn, generated\xml_oemer\sample_000581.xml, 0, 0., 156, 8.414239482200648, 2, 0.10787486515641856, 86, 4.638619201725998, 3, 0.16181229773462782, 0, 0., 0, 0., 0, 0., 0, 0., 0, 0., 0, 0., 0, 0., 0, 0., 3, 0.16181229773462782, 4, 0.21574973031283712, 0, 0., 0, 0., 4, 0.21574973031283712, 0, 0., 0, 0., 0, 0., 0, 0., 3, 0.16181229773462782, 0, 0., 0, 0., 0, 0., 0, 0., 0, 0., 0, 0., 0, 0., 0, 0., 0, 0., 1588, 85.65264293419634, 0, 0., 0, 0., 0, 0., 5, 0.2696871628910464, 0, 0., 0, 0., 358, 1929, 2287, 1854, 0.8106689986882378
, generated\gt\sample_000238.krn, generated\xml_oemer\sample_000238.xml, 0, 0., 102, 11.233480176211454, 4, 0.44052863436123346, 38, 4.185022026431718, 1, 0.11013215859030837, 0, 0., 4, 0.44052863436123346, 0, 0., 0, 0., 0, 0., 0, 0., 0, 0., 0, 0., 1, 0.11013215859030837, 4, 0.44052863436123346, 8, 0.8810572687224669, 0, 0., 0, 0., 0, 0., 0, 0., 0, 0., 0, 0., 0, 0., 0, 0., 0, 0., 0, 0., 0, 0., 0, 0., 0, 0., 0, 0., 0, 0., 0, 0., 741, 81.6079295154185, 0, 0., 0, 0., 0, 0., 5, 0.5506607929515418, 0, 0., 0, 0., 213, 907, 1120, 908, 0.8107142857142857
, generated\gt\sample_000080.krn, generated\xml_oemer\sample_000080.xml, 0, 0., 117, 9.01386748844376, 4, 0.3081664098613251, 54, 4.160246533127889, 2, 0.15408320493066255, 0, 0., 1, 0.07704160246533127, 0, 0., 0, 0., 0, 0., 0, 0., 0, 0., 0, 0., 2, 0.15408320493066255, 2, 0.15408320493066255, 8, 0.6163328197226502, 0, 0., 0, 0., 0, 0., 0, 0., 0, 0., 0, 0., 4, 0.3081664098613251, 0, 0., 0, 0., 0, 0., 0, 0., 0, 0., 0, 0., 0, 0., 0, 0., 0, 0., 1099, 84.66872110939907, 0, 0., 0, 0., 0, 0., 5, 0.3852080123266564, 0, 0., 0, 0., 247, 1352, 1599, 1298, 0.8117573483427142
, generated\gt\sample_000134.krn, generated\xml_oemer\sample_000134.xml, 0, 0., 209, 46.34146341463415, 4, 0.8869179600886918, 17, 3.7694013303769403, 7, 1.5521064301552105, 0, 0., 0, 0., 0, 0., 0, 0., 1, 0.22172949002217296, 0, 0., 0, 0., 0, 0., 0, 0., 4, 0.8869179600886918, 4, 0.8869179600886918, 0, 0., 0, 0., 0, 0., 0, 0., 0, 0., 0, 0., 7, 1.5521064301552105, 0, 0., 0, 0., 0, 0., 0, 0., 0, 0., 0, 0., 0, 0., 0, 0., 0, 0., 193, 42.79379157427938, 0, 0., 0, 0., 0, 0., 5, 1.1086474501108647, 0, 0., 0, 0., 217, 338, 555, 451, 0.8126126126126126
, generated\gt\sample_000673.krn, generated\xml_oemer\sample_000673.xml, 0, 0., 106, 7.305306685044797, 12, 0.8270158511371468, 29, 1.9986216402481047, 0, 0., 0, 0., 2, 0.13783597518952448, 0, 0., 0, 0., 3, 0.2067539627842867, 11, 0.7580978635423845, 0, 0., 0, 0., 0, 0., 4, 0.27567195037904896, 0, 0., 0, 0., 0, 0., 0, 0., 0, 0., 0, 0., 0, 0., 10, 0.6891798759476223, 0, 0., 0, 0., 0, 0., 0, 0., 0, 0., 0, 0., 0, 0., 0, 0., 0, 0., 1269, 87.45692625775327, 0, 0., 0, 0., 0, 0., 5, 0.34458993797381116, 0, 0., 0, 0., 269, 1515, 1784, 1451, 0.8133408071748879
, generated\gt\sample_000107.krn, generated\xml_oemer\sample_000107.xml, 0, 0., 103, 12.018669778296383, 0, 0., 49, 5.717619603267211, 1, 0.11668611435239207, 0, 0., 5, 0.5834305717619603, 0, 0., 0, 0., 0, 0., 3, 0.3500583430571762, 0, 0., 0, 0., 3, 0.3500583430571762, 4, 0.46674445740956827, 0, 0., 0, 0., 0, 0., 0, 0., 0, 0., 0, 0., 0, 0., 4, 0.46674445740956827, 0, 0., 0, 0., 0, 0., 0, 0., 0, 0., 0, 0., 0, 0., 0, 0., 0, 0., 680, 79.3465577596266, 0, 0., 0, 0., 0, 0., 5, 0.5834305717619603, 0, 0., 0, 0., 197, 856, 1053, 857, 0.8138651471984806
, generated\gt\sample_000171.krn, generated\xml_oemer\sample_000171.xml, 0, 0., 108, 11.73913043478261, 10, 1.0869565217391304, 6, 0.6521739130434783, 4, 0.43478260869565216, 0, 0., 2, 0.21739130434782608, 0, 0., 0, 0., 1, 0.10869565217391304, 6, 0.6521739130434783, 0, 0., 0, 0., 0, 0., 4, 0.43478260869565216, 0, 0., 0, 0., 0, 0., 0, 0., 0, 0., 0, 0., 0, 0., 5, 0.5434782608695652, 0, 0., 0, 0., 0, 0., 0, 0., 0, 0., 0, 0., 0, 0., 0, 0., 0, 0., 769, 83.58695652173913, 0, 0., 0, 0., 0, 0., 5, 0.5434782608695652, 0, 0., 0, 0., 176, 954, 1130, 920, 0.8141592920353983
, generated\gt\sample_000676.krn, generated\xml_oemer\sample_000676.xml, 0, 0., 24, 1.735357917570499, 6, 0.43383947939262474, 40, 2.8922631959508314, 0, 0., 0, 0., 0, 0., 0, 0., 0, 0., 0, 0., 6, 0.43383947939262474, 1, 0.07230657989877079, 0, 0., 0, 0., 4, 0.28922631959508316, 0, 0., 0, 0., 0, 0., 0, 0., 0, 0., 0, 0., 0, 0., 11, 0.7953723788864787, 0, 0., 0, 0., 0, 0., 0, 0., 0, 0., 0, 0., 0, 0., 0, 0., 0, 0., 1286, 92.98626174981923, 0, 0., 0, 0., 0, 0., 5, 0.3615328994938539, 0, 0., 0, 0., 213, 1482, 1695, 1383, 0.815929203539823
, generated\gt\sample_000417.krn, generated\xml_oemer\sample_000417.xml, 0, 0., 176, 18.526315789473685, 12, 1.263157894736842, 34, 3.5789473684210527, 0, 0., 0, 0., 0, 0., 0, 0., 0, 0., 0, 0., 0, 0., 0, 0., 0, 0., 0, 0., 4, 0.42105263157894735, 0, 0., 0, 0., 0, 0., 0, 0., 0, 0., 0, 0., 0, 0., 0, 0., 0, 0., 0, 0., 0, 0., 0, 0., 0, 0., 0, 0., 0, 0., 0, 0., 0, 0., 677, 71.26315789473684, 41, 4.315789473684211, 0, 0., 1, 0.10526315789473684, 5, 0.5263157894736842, 0, 0., 0, 0., 274, 888, 1162, 950, 0.8175559380378657
, generated\gt\sample_000114.krn, generated\xml_oemer\sample_000114.xml, 0, 0., 127, 10.9106529209622, 6, 0.5154639175257731, 19, 1.6323024054982818, 25, 2.147766323024055, 0, 0., 7, 0.6013745704467354, 0, 0., 0, 0., 0, 0., 0, 0., 0, 0., 0, 0., 0, 0., 4, 0.3436426116838488, 0, 0., 0, 0., 0, 0., 0, 0., 0, 0., 0, 0., 0, 0., 12, 1.0309278350515463, 0, 0., 0, 0., 0, 0., 0, 0., 0, 0., 0, 0., 0, 0., 0, 0., 0, 0., 959, 82.38831615120274, 0, 0., 0, 0., 0, 0., 5, 0.42955326460481097, 0, 0., 0, 0., 246, 1176, 1422, 1164, 0.8185654008438819
, generated\gt\sample_000103.krn, generated\xml_oemer\sample_000103.xml, 0, 0., 81, 7.086614173228346, 34, 2.974628171478565, 6, 0.5249343832020997, 5, 0.4374453193350831, 0, 0., 12, 1.0498687664041995, 0, 0., 0, 0., 15, 1.3123359580052494, 10, 0.8748906386701663, 0, 0., 0, 0., 0, 0., 4, 0.34995625546806647, 0, 0., 0, 0., 0, 0., 0, 0., 0, 0., 0, 0., 0, 0., 7, 0.6124234470691163, 0, 0., 0, 0., 0, 0., 0, 0., 0, 0., 0, 0., 0, 0., 0, 0., 0, 0., 964, 84.33945756780402, 0, 0., 0, 0., 0, 0., 5, 0.4374453193350831, 0, 0., 0, 0., 238, 1157, 1395, 1143, 0.8193548387096774
, generated\gt\sample_000553.krn, generated\xml_oemer\sample_000553.xml, 0, 0., 62, 9.117647058823529, 4, 0.5882352941176471, 18, 2.6470588235294117, 3, 0.4411764705882353, 0, 0., 4, 0.5882352941176471, 0, 0., 0, 0., 0, 0., 5, 0.7352941176470589, 0, 0., 0, 0., 2, 0.29411764705882354, 4, 0.5882352941176471, 4, 0.5882352941176471, 0, 0., 0, 0., 0, 0., 0, 0., 0, 0., 0, 0., 3, 0.4411764705882353, 0, 0., 0, 0., 0, 0., 0, 0., 0, 0., 0, 0., 0, 0., 0, 0., 0, 0., 566, 83.23529411764706, 0, 0., 0, 0., 0, 0., 5, 0.7352941176470589, 0, 0., 0, 0., 132, 696, 828, 680, 0.821256038647343
, generated\gt\sample_000042.krn, generated\xml_oemer\sample_000042.xml, 0, 0., 114, 23.076923076923077, 2, 0.4048582995951417, 10, 2.0242914979757085, 1, 0.20242914979757085, 0, 0., 1, 0.20242914979757085, 0, 0., 0, 0., 0, 0., 6, 1.214574898785425, 0, 0., 0, 0., 0, 0., 4, 0.8097165991902834, 0, 0., 0, 0., 0, 0., 6, 1.214574898785425, 0, 0., 0, 0., 0, 0., 4, 0.8097165991902834, 0, 0., 0, 0., 0, 0., 0, 0., 0, 0., 0, 0., 0, 0., 0, 0., 0, 0., 341, 69.02834008097166, 0, 0., 0, 0., 0, 0., 5, 1.0121457489878543, 0, 0., 0, 0., 144, 457, 601, 494, 0.8219633943427621
, generated\gt\sample_000522.krn, generated\xml_oemer\sample_000522.xml, 0, 0., 106, 9.41385435168739, 0, 0., 13, 1.1545293072824157, 0, 0., 0, 0., 5, 0.44404973357015987, 0, 0., 0, 0., 4, 0.3552397868561279, 1, 0.08880994671403197, 0, 0., 0, 0., 0, 0., 4, 0.3552397868561279, 0, 0., 0, 0., 0, 0., 0, 0., 0, 0., 0, 0., 0, 0., 2, 0.17761989342806395, 0, 0., 0, 0., 0, 0., 0, 0., 0, 0., 0, 0., 0, 0., 0, 0., 0, 0., 986, 87.56660746003553, 0, 0., 0, 0., 0, 0., 5, 0.44404973357015987, 0, 0., 0, 0., 235, 1133, 1368, 1126, 0.8230994152046783
, generated\gt\sample_000615.krn, generated\xml_oemer\sample_000615.xml, 0, 0., 249, 15.229357798165138, 2, 0.12232415902140673, 52, 3.180428134556575, 3, 0.1834862385321101, 0, 0., 0, 0., 0, 0., 0, 0., 0, 0., 2, 0.12232415902140673, 1, 0.06116207951070336, 0, 0., 0, 0., 4, 0.24464831804281345, 2, 0.12232415902140673, 0, 0., 0, 0., 0, 0., 0, 0., 0, 0., 0, 0., 3, 0.1834862385321101, 0, 0., 0, 0., 0, 0., 0, 0., 0, 0., 0, 0., 0, 0., 0, 0., 0, 0., 1312, 80.24464831804282, 0, 0., 0, 0., 0, 0., 5, 0.3058103975535168, 0, 0., 0, 0., 321, 1665, 1986, 1635, 0.823262839879154
, generated\gt\sample_000327.krn, generated\xml_oemer\sample_000327.xml, 0, 0., 371, 20.784313725490197, 8, 0.4481792717086835, 8, 0.4481792717086835, 2, 0.11204481792717087, 2, 0.11204481792717087, 11, 0.6162464985994398, 0, 0., 0, 0., 0, 0., 1, 0.056022408963585436, 0, 0., 0, 0., 3, 0.16806722689075632, 4, 0.22408963585434175, 2, 0.11204481792717087, 0, 0., 4, 0.22408963585434175, 0, 0., 0, 0., 0, 0., 0, 0., 2, 0.11204481792717087, 0, 0., 0, 0., 0, 0., 0, 0., 0, 0., 0, 0., 0, 0., 0, 0., 0, 0., 1362, 76.30252100840336, 0, 0., 0, 0., 0, 0., 5, 0.2801120448179272, 0, 0., 0, 0., 438, 1729, 2167, 1785, 0.8237194277803415
, generated\gt\sample_000352.krn, generated\xml_oemer\sample_000352.xml, 0, 0., 107, 20.8984375, 4, 0.78125, 27, 5.2734375, 0, 0., 0, 0., 2, 0.390625, 0, 0., 0, 0., 0, 0., 0, 0., 1, 0.1953125, 0, 0., 0, 0., 1, 0.1953125, 0, 0., 0, 0., 0, 0., 0, 0., 0, 0., 0, 0., 0, 0., 4, 0.78125, 0, 0., 0, 0., 0, 0., 0, 0., 0, 0., 0, 0., 0, 0., 0, 0., 0, 0., 366, 71.484375, 0, 0., 0, 0., 0, 0., 0, 0., 0, 0., 0, 0., 138, 483, 621, 512, 0.8244766505636071
, generated\gt\sample_000672.krn, generated\xml_oemer\sample_000672.xml, 0, 0., 135, 11.35407905803196, 16, 1.3456686291000841, 39, 3.280067283431455, 2, 0.16820857863751051, 0, 0., 7, 0.5887300252312868, 0, 0., 0, 0., 0, 0., 13, 1.0933557611438183, 0, 0., 0, 0., 0, 0., 4, 0.33641715727502103, 0, 0., 0, 0., 0, 0., 0, 0., 0, 0., 0, 0., 0, 0., 5, 0.42052144659377627, 0, 0., 0, 0., 0, 0., 0, 0., 0, 0., 0, 0., 0, 0., 0, 0., 0, 0., 963, 80.99243061396132, 0, 0., 0, 0., 0, 0., 5, 0.42052144659377627, 0, 0., 0, 0., 257, 1184, 1441, 1189, 0.8251214434420542
, generated\gt\sample_000086.krn, generated\xml_oemer\sample_000086.xml, 0, 0., 49, 11.238532110091743, 2, 0.45871559633027525, 1, 0.22935779816513763, 0, 0., 2, 0.45871559633027525, 3, 0.6880733944954128, 0, 0., 0, 0., 0, 0., 0, 0., 0, 0., 0, 0., 0, 0., 2, 0.45871559633027525, 0, 0., 0, 0., 0, 0., 0, 0., 0, 0., 0, 0., 0, 0., 0, 0., 0, 0., 0, 0., 0, 0., 0, 0., 0, 0., 0, 0., 0, 0., 0, 0., 0, 0., 345, 79.12844036697248, 28, 6.422018348623853, 0, 0., 4, 0.9174311926605505, 0, 0., 0, 0., 0, 0., 108, 420, 528, 436, 0.8257575757575758
, generated\gt\sample_000407.krn, generated\xml_oemer\sample_000407.xml, 0, 0., 138, 10.7981220657277, 4, 0.3129890453834116, 35, 2.7386541471048513, 0, 0., 2, 0.1564945226917058, 0, 0., 0, 0., 0, 0., 0, 0., 18, 1.408450704225352, 0, 0., 0, 0., 0, 0., 4, 0.3129890453834116, 8, 0.6259780907668232, 0, 0., 0, 0., 0, 0., 0, 0., 0, 0., 0, 0., 5, 0.39123630672926446, 0, 0., 0, 0., 0, 0., 0, 0., 0, 0., 0, 0., 0, 0., 0, 0., 0, 0., 1059, 82.86384976525821, 0, 0., 0, 0., 0, 0., 5, 0.39123630672926446, 0, 0., 0, 0., 261, 1285, 1546, 1278, 0.8266494178525227
, generated\gt\sample_000340.krn, generated\xml_oemer\sample_000340.xml, 0, 0., 170, 10.372178157413057, 2, 0.12202562538133008, 99, 6.040268456375839, 6, 0.36607687614399026, 0, 0., 4, 0.24405125076266015, 0, 0., 0, 0., 1, 0.06101281269066504, 0, 0., 3, 0.18303843807199513, 0, 0., 1, 0.06101281269066504, 4, 0.24405125076266015, 4, 0.24405125076266015, 0, 0., 0, 0., 0, 0., 0, 0., 0, 0., 0, 0., 9, 0.5491153142159854, 0, 0., 0, 0., 0, 0., 0, 0., 0, 0., 0, 0., 0, 0., 0, 0., 0, 0., 1331, 81.20805369127517, 0, 0., 0, 0., 0, 0., 5, 0.3050640634533252, 0, 0., 0, 0., 334, 1647, 1981, 1639, 0.8273599192327108
, generated\gt\sample_000192.krn, generated\xml_oemer\sample_000192.xml, 0, 0., 71, 9.943977591036415, 6, 0.8403361344537815, 8, 1.1204481792717087, 0, 0., 0, 0., 0, 0., 0, 0., 0, 0., 0, 0., 0, 0., 0, 0., 0, 0., 0, 0., 4, 0.5602240896358543, 0, 0., 0, 0., 0, 0., 8, 1.1204481792717087, 0, 0., 0, 0., 0, 0., 3, 0.42016806722689076, 0, 0., 0, 0., 0, 0., 0, 0., 0, 0., 0, 0., 0, 0., 0, 0., 0, 0., 609, 85.29411764705883, 0, 0., 0, 0., 0, 0., 5, 0.7002801120448179, 0, 0., 0, 0., 133, 729, 862, 714, 0.8283062645011601
, generated\gt\sample_000250.krn, generated\xml_oemer\sample_000250.xml, 0, 0., 70, 7.157464212678937, 24, 2.4539877300613497, 1, 0.10224948875255624, 5, 0.5112474437627812, 0, 0., 3, 0.3067484662576687, 0, 0., 0, 0., 3, 0.3067484662576687, 0, 0., 0, 0., 0, 0., 2, 0.20449897750511248, 4, 0.40899795501022496, 2, 0.20449897750511248, 0, 0., 0, 0., 0, 0., 0, 0., 0, 0., 0, 0., 2, 0.20449897750511248, 0, 0., 0, 0., 0, 0., 0, 0., 0, 0., 0, 0., 0, 0., 0, 0., 0, 0., 857, 87.6278118609407, 0, 0., 0, 0., 0, 0., 5, 0.5112474437627812, 0, 0., 0, 0., 167, 1013, 1180, 978, 0.8288135593220339
, generated\gt\sample_000070.krn, generated\xml_oemer\sample_000070.xml, 0, 0., 107, 8.485329103885805, 4, 0.317208564631245, 33, 2.6169706582077716, 0, 0., 0, 0., 8, 0.63441712926249, 0, 0., 0, 0., 0, 0., 17, 1.3481363996827915, 0, 0., 0, 0., 2, 0.1586042823156225, 4, 0.317208564631245, 4, 0.317208564631245, 0, 0., 0, 0., 0, 0., 0, 0., 0, 0., 0, 0., 5, 0.3965107057890563, 0, 0., 0, 0., 0, 0., 0, 0., 0, 0., 0, 0., 0, 0., 0, 0., 0, 0., 1072, 85.01189532117367, 0, 0., 0, 0., 0, 0., 5, 0.3965107057890563, 0, 0., 0, 0., 239, 1282, 1521, 1261, 0.8290598290598291
, generated\gt\sample_000339.krn, generated\xml_oemer\sample_000339.xml, 0, 0., 257, 51.814516129032256, 6, 1.2096774193548387, 9, 1.814516129032258, 11, 2.217741935483871, 0, 0., 0, 0., 0, 0., 0, 0., 0, 0., 0, 0., 1, 0.20161290322580644, 0, 0., 1, 0.20161290322580644, 4, 0.8064516129032258, 4, 0.8064516129032258, 0, 0., 0, 0., 0, 0., 0, 0., 0, 0., 0, 0., 11, 2.217741935483871, 0, 0., 0, 0., 0, 0., 0, 0., 0, 0., 0, 0., 0, 0., 0, 0., 0, 0., 187, 37.70161290322581, 0, 0., 0, 0., 0, 0., 5, 1.0080645161290323, 0, 0., 0, 0., 208, 390, 598, 496, 0.8294314381270903
, generated\gt\sample_000638.krn, generated\xml_oemer\sample_000638.xml, 0, 0., 87, 6.575963718820861, 26, 1.965230536659108, 27, 2.0408163265306123, 3, 0.22675736961451248, 0, 0., 8, 0.6046863189720333, 0, 0., 0, 0., 0, 0., 12, 0.9070294784580499, 6, 0.45351473922902497, 0, 0., 0, 0., 4, 0.30234315948601664, 2, 0.15117157974300832, 0, 0., 2, 0.15117157974300832, 0, 0., 0, 0., 0, 0., 0, 0., 5, 0.3779289493575208, 0, 0., 0, 0., 0, 0., 0, 0., 0, 0., 0, 0., 0, 0., 0, 0., 0, 0., 1136, 85.86545729402873, 0, 0., 0, 0., 0, 0., 5, 0.3779289493575208, 0, 0., 0, 0., 250, 1344, 1594, 1323, 0.8299874529485571
, generated\gt\sample_000099.krn, generated\xml_oemer\sample_000099.xml, 0, 0., 148, 13.466787989080983, 16, 1.4558689717925386, 9, 0.818926296633303, 3, 0.272975432211101, 0, 0., 11, 1.0009099181073704, 0, 0., 0, 0., 6, 0.545950864422202, 5, 0.4549590536851683, 0, 0., 0, 0., 2, 0.18198362147406733, 4, 0.36396724294813465, 0, 0., 0, 0., 0, 0., 0, 0., 0, 0., 0, 0., 0, 0., 7, 0.6369426751592356, 0, 0., 0, 0., 0, 0., 0, 0., 0, 0., 0, 0., 0, 0., 0, 0., 0, 0., 883, 80.34576888080073, 0, 0., 0, 0., 0, 0., 5, 0.4549590536851683, 0, 0., 0, 0., 227, 1096, 1323, 1099, 0.8306878306878307
, generated\gt\sample_000106.krn, generated\xml_oemer\sample_000106.xml, 0, 0., 24, 2.860548271752086, 2, 0.23837902264600716, 21, 2.502979737783075, 11, 1.3110846245530394, 0, 0., 4, 0.4767580452920143, 0, 0., 0, 0., 0, 0., 21, 2.502979737783075, 0, 0., 0, 0., 1, 0.11918951132300358, 4, 0.4767580452920143, 0, 0., 0, 0., 0, 0., 5, 0.5959475566150179, 0, 0., 0, 0., 0, 0., 2, 0.23837902264600716, 0, 0., 0, 0., 0, 0., 0, 0., 0, 0., 0, 0., 0, 0., 0, 0., 0, 0., 739, 88.08104886769964, 0, 0., 0, 0., 0, 0., 5, 0.5959475566150179, 0, 0., 0, 0., 144, 866, 1010, 839, 0.8306930693069307
, generated\gt\sample_000282.krn, generated\xml_oemer\sample_000282.xml, 0, 0., 172, 15.852534562211982, 2, 0.18433179723502305, 31, 2.857142857142857, 0, 0., 0, 0., 7, 0.6451612903225806, 0, 0., 0, 0., 0, 0., 20, 1.8433179723502304, 0, 0., 0, 0., 0, 0., 2, 0.18433179723502305, 0, 0., 0, 0., 0, 0., 0, 0., 0, 0., 0, 0., 0, 0., 5, 0.4608294930875576, 0, 0., 0, 0., 0, 0., 0, 0., 0, 0., 0, 0., 0, 0., 0, 0., 0, 0., 841, 77.51152073732719, 0, 0., 0, 0., 0, 0., 5, 0.4608294930875576, 0, 0., 0, 0., 228, 1078, 1306, 1085, 0.830781010719755
, generated\gt\sample_000137.krn, generated\xml_oemer\sample_000137.xml, 0, 0., 126, 10.128617363344052, 4, 0.3215434083601286, 45, 3.617363344051447, 2, 0.1607717041800643, 0, 0., 1, 0.08038585209003216, 0, 0., 0, 0., 1, 0.08038585209003216, 0, 0., 0, 0., 0, 0., 1, 0.08038585209003216, 4, 0.3215434083601286, 1, 0.08038585209003216, 0, 0., 0, 0., 0, 0., 0, 0., 0, 0., 0, 0., 8, 0.6430868167202572, 0, 0., 0, 0., 0, 0., 0, 0., 0, 0., 0, 0., 0, 0., 0, 0., 0, 0., 1046, 84.08360128617363, 0, 0., 0, 0., 0, 0., 5, 0.40192926045016075, 0, 0., 0, 0., 226, 1271, 1497, 1244, 0.8309953239812959
, generated\gt\sample_000060.krn, generated\xml_oemer\sample_000060.xml, 0, 0., 123, 14.04109589041096, 8, 0.91324200913242, 4, 0.45662100456621, 4, 0.45662100456621, 0, 0., 0, 0., 0, 0., 0, 0., 8, 0.91324200913242, 0, 0., 0, 0., 0, 0., 1, 0.1141552511415525, 4, 0.45662100456621, 2, 0.228310502283105, 0, 0., 4, 0.45662100456621, 0, 0., 0, 0., 0, 0., 0, 0., 0, 0., 0, 0., 0, 0., 0, 0., 0, 0., 0, 0., 0, 0., 0, 0., 0, 0., 0, 0., 713, 81.39269406392694, 0, 0., 0, 0., 0, 0., 5, 0.5707762557077626, 0, 0., 0, 0., 205, 849, 1054, 876, 0.8311195445920304
, generated\gt\sample_000054.krn, generated\xml_oemer\sample_000054.xml, 0, 0., 54, 7.9411764705882355, 12, 1.7647058823529411, 16, 2.3529411764705883, 4, 0.5882352941176471, 0, 0., 0, 0., 0, 0., 0, 0., 4, 0.5882352941176471, 0, 0., 0, 0., 0, 0., 0, 0., 4, 0.5882352941176471, 0, 0., 0, 0., 0, 0., 6, 0.8823529411764706, 0, 0., 0, 0., 0, 0., 1, 0.14705882352941177, 0, 0., 0, 0., 0, 0., 0, 0., 0, 0., 0, 0., 0, 0., 0, 0., 0, 0., 574, 84.41176470588235, 0, 0., 0, 0., 0, 0., 5, 0.7352941176470589, 0, 0., 0, 0., 121, 697, 818, 680, 0.8312958435207825
, generated\gt\sample_000325.krn, generated\xml_oemer\sample_000325.xml, 0, 0., 268, 25.235404896421844, 12, 1.1299435028248588, 8, 0.7532956685499058, 2, 0.18832391713747645, 0, 0., 0, 0., 0, 0., 0, 0., 0, 0., 7, 0.6591337099811676, 0, 0., 0, 0., 0, 0., 4, 0.3766478342749529, 0, 0., 0, 0., 0, 0., 0, 0., 0, 0., 0, 0., 0, 0., 1, 0.09416195856873823, 0, 0., 0, 0., 0, 0., 0, 0., 0, 0., 0, 0., 0, 0., 0, 0., 0, 0., 755, 71.09227871939737, 0, 0., 0, 0., 0, 0., 5, 0.4708097928436911, 0, 0., 0, 0., 287, 987, 1274, 1062, 0.8335949764521193
, generated\gt\sample_000485.krn, generated\xml_oemer\sample_000485.xml, 0, 0., 41, 5.209656925031767, 6, 0.7623888182973316, 24, 3.0495552731893265, 1, 0.12706480304955528, 0, 0., 0, 0., 0, 0., 0, 0., 0, 0., 5, 0.6353240152477764, 3, 0.3811944091486658, 0, 0., 5, 0.6353240152477764, 4, 0.5082592121982211, 0, 0., 0, 0., 0, 0., 0, 0., 0, 0., 0, 0., 0, 0., 2, 0.25412960609911056, 0, 0., 0, 0., 0, 0., 0, 0., 0, 0., 0, 0., 0, 0., 0, 0., 0, 0., 691, 87.80177890724269, 0, 0., 0, 0., 0, 0., 5, 0.6353240152477764, 0, 0., 0, 0., 134, 809, 943, 787, 0.8345705196182397
, generated\gt\sample_000145.krn, generated\xml_oemer\sample_000145.xml, 0, 0., 82, 7.341092211280215, 14, 1.2533572068039391, 44, 3.9391226499552374, 2, 0.17905102954341987, 0, 0., 8, 0.7162041181736795, 0, 0., 0, 0., 0, 0., 3, 0.26857654431512984, 2, 0.17905102954341987, 0, 0., 0, 0., 4, 0.35810205908683973, 0, 0., 0, 0., 0, 0., 0, 0., 0, 0., 0, 0., 0, 0., 0, 0., 0, 0., 0, 0., 0, 0., 0, 0., 0, 0., 0, 0., 0, 0., 0, 0., 0, 0., 953, 85.31781557743957, 0, 0., 0, 0., 0, 0., 5, 0.4476275738585497, 0, 0., 0, 0., 193, 1144, 1337, 1117, 0.8354525056095736
, generated\gt\sample_000087.krn, generated\xml_oemer\sample_000087.xml, 0, 0., 5, 0.9363295880149812, 4, 0.7490636704119851, 0, 0., 0, 0., 0, 0., 1, 0.18726591760299627, 0, 0., 0, 0., 0, 0., 0, 0., 0, 0., 0, 0., 0, 0., 2, 0.37453183520599254, 0, 0., 0, 0., 0, 0., 0, 0., 0, 0., 0, 0., 0, 0., 0, 0., 0, 0., 0, 0., 0, 0., 0, 0., 0, 0., 0, 0., 0, 0., 0, 0., 0, 0., 454, 85.0187265917603, 64, 11.985018726591761, 0, 0., 4, 0.7490636704119851, 0, 0., 0, 0., 0, 0., 128, 510, 638, 534, 0.8369905956112853
, generated\gt\sample_000279.krn, generated\xml_oemer\sample_000279.xml, 0, 0., 57, 5.912863070539419, 6, 0.6224066390041494, 29, 3.008298755186722, 1, 0.1037344398340249, 0, 0., 6, 0.6224066390041494, 0, 0., 0, 0., 0, 0., 12, 1.2448132780082988, 0, 0., 0, 0., 2, 0.2074688796680498, 2, 0.2074688796680498, 4, 0.4149377593360996, 0, 0., 4, 0.4149377593360996, 0, 0., 0, 0., 0, 0., 0, 0., 3, 0.3112033195020747, 0, 0., 0, 0., 0, 0., 0, 0., 0, 0., 0, 0., 0, 0., 0, 0., 0, 0., 833, 86.41078838174273, 0, 0., 0, 0., 0, 0., 5, 0.5186721991701245, 0, 0., 0, 0., 173, 978, 1151, 964, 0.8375325803649001
, generated\gt\sample_000089.krn, generated\xml_oemer\sample_000089.xml, 0, 0., 50, 4.716981132075472, 10, 0.9433962264150944, 27, 2.547169811320755, 6, 0.5660377358490566, 0, 0., 0, 0., 0, 0., 0, 0., 0, 0., 0, 0., 0, 0., 0, 0., 0, 0., 4, 0.37735849056603776, 0, 0., 0, 0., 0, 0., 0, 0., 0, 0., 0, 0., 0, 0., 11, 1.0377358490566038, 0, 0., 0, 0., 0, 0., 0, 0., 0, 0., 0, 0., 0, 0., 0, 0., 0, 0., 947, 89.33962264150944, 0, 0., 0, 0., 0, 0., 5, 0.4716981132075472, 0, 0., 0, 0., 160, 1102, 1262, 1060, 0.8399366085578447
, generated\gt\sample_000007.krn, generated\xml_oemer\sample_000007.xml, 0, 0., 236, 9.995764506565015, 2, 0.08470986869970351, 133, 5.633206268530284, 6, 0.25412960609911056, 0, 0., 12, 0.5082592121982211, 0, 0., 0, 0., 2, 0.08470986869970351, 0, 0., 0, 0., 0, 0., 0, 0., 4, 0.16941973739940702, 0, 0., 0, 0., 0, 0., 0, 0., 0, 0., 0, 0., 0, 0., 3, 0.12706480304955528, 0, 0., 0, 0., 0, 0., 0, 0., 0, 0., 0, 0., 0, 0., 0, 0., 0, 0., 1958, 82.93096145700974, 0, 0., 0, 0., 0, 0., 5, 0.2117746717492588, 0, 0., 0, 0., 464, 2345, 2809, 2361, 0.8405126379494482
, generated\gt\sample_000135.krn, generated\xml_oemer\sample_000135.xml, 0, 0., 145, 10.943396226415095, 14, 1.0566037735849056, 45, 3.3962264150943398, 6, 0.4528301886792453, 0, 0., 0, 0., 0, 0., 0, 0., 1, 0.07547169811320754, 0, 0., 0, 0., 0, 0., 0, 0., 4, 0.3018867924528302, 0, 0., 0, 0., 0, 0., 0, 0., 0, 0., 0, 0., 0, 0., 7, 0.5283018867924528, 0, 0., 0, 0., 0, 0., 0, 0., 0, 0., 0, 0., 0, 0., 0, 0., 0, 0., 1098, 82.86792452830188, 0, 0., 0, 0., 0, 0., 5, 0.37735849056603776, 0, 0., 0, 0., 234, 1340, 1574, 1325, 0.8418043202033036
, generated\gt\sample_000405.krn, generated\xml_oemer\sample_000405.xml, 0, 0., 56, 6.363636363636363, 24, 2.727272727272727, 0, 0., 0, 0., 0, 0., 2, 0.22727272727272727, 0, 0., 0, 0., 0, 0., 16, 1.8181818181818181, 0, 0., 0, 0., 3, 0.3409090909090909, 4, 0.45454545454545453, 0, 0., 0, 0., 0, 0., 0, 0., 0, 0., 0, 0., 0, 0., 0, 0., 0, 0., 0, 0., 0, 0., 0, 0., 0, 0., 0, 0., 0, 0., 0, 0., 0, 0., 770, 87.5, 0, 0., 0, 0., 0, 0., 5, 0.5681818181818182, 0, 0., 0, 0., 146, 898, 1044, 880, 0.842911877394636
, generated\gt\sample_000158.krn, generated\xml_oemer\sample_000158.xml, 0, 0., 76, 16.23931623931624, 6, 1.2820512820512822, 8, 1.7094017094017093, 2, 0.42735042735042733, 0, 0., 1, 0.21367521367521367, 0, 0., 0, 0., 0, 0., 2, 0.42735042735042733, 1, 0.21367521367521367, 0, 0., 0, 0., 2, 0.42735042735042733, 0, 0., 0, 0., 0, 0., 0, 0., 0, 0., 0, 0., 0, 0., 5, 1.0683760683760684, 0, 0., 0, 0., 0, 0., 0, 0., 0, 0., 0, 0., 0, 0., 0, 0., 0, 0., 360, 76.92307692307692, 0, 0., 0, 0., 0, 0., 5, 1.0683760683760684, 0, 0., 0, 0., 108, 447, 555, 468, 0.8432432432432433
, generated\gt\sample_000105.krn, generated\xml_oemer\sample_000105.xml, 0, 0., 88, 9.92108229988726, 0, 0., 44, 4.96054114994363, 4, 0.4509582863585118, 0, 0., 0, 0., 0, 0., 0, 0., 0, 0., 0, 0., 2, 0.2254791431792559, 0, 0., 0, 0., 4, 0.4509582863585118, 0, 0., 0, 0., 0, 0., 0, 0., 0, 0., 0, 0., 0, 0., 5, 0.5636978579481398, 0, 0., 0, 0., 0, 0., 0, 0., 0, 0., 0, 0., 0, 0., 0, 0., 0, 0., 735, 82.86358511837655, 0, 0., 0, 0., 0, 0., 5, 0.5636978579481398, 0, 0., 0, 0., 158, 893, 1051, 887, 0.8439581351094196
, generated\gt\sample_000525.krn, generated\xml_oemer\sample_000525.xml, 0, 0., 209, 9.54337899543379, 10, 0.45662100456621, 62, 2.8310502283105023, 6, 0.273972602739726, 0, 0., 0, 0., 0, 0., 0, 0., 2, 0.091324200913242, 0, 0., 2, 0.091324200913242, 0, 0., 1, 0.045662100456621, 4, 0.182648401826484, 0, 0., 0, 0., 0, 0., 0, 0., 0, 0., 0, 0., 0, 0., 10, 0.45662100456621, 0, 0., 0, 0., 0, 0., 0, 0., 0, 0., 0, 0., 0, 0., 0, 0., 0, 0., 1879, 85.79908675799086, 0, 0., 0, 0., 0, 0., 5, 0.228310502283105, 0, 0., 0, 0., 354, 2240, 2594, 2190, 0.8442559753276793
, generated\gt\sample_000617.krn, generated\xml_oemer\sample_000617.xml, 0, 0., 163, 7.765602667937113, 18, 0.857551214864221, 56, 2.6679371129109097, 0, 0., 0, 0., 6, 0.28585040495474034, 0, 0., 0, 0., 0, 0., 4, 0.19056693663649357, 1, 0.04764173415912339, 0, 0., 0, 0., 4, 0.19056693663649357, 0, 0., 0, 0., 0, 0., 0, 0., 0, 0., 0, 0., 0, 0., 5, 0.23820867079561697, 0, 0., 0, 0., 0, 0., 0, 0., 0, 0., 0, 0., 0, 0., 0, 0., 0, 0., 1837, 87.51786565030967, 0, 0., 0, 0., 0, 0., 5, 0.23820867079561697, 0, 0., 0, 0., 327, 2155, 2482, 2099, 0.8456889605157132
, generated\gt\sample_000395.krn, generated\xml_oemer\sample_000395.xml, 0, 0., 114, 8.321167883211679, 6, 0.43795620437956206, 23, 1.6788321167883211, 1, 0.072992700729927, 0, 0., 3, 0.21897810218978103, 0, 0., 0, 0., 0, 0., 6, 0.43795620437956206, 2, 0.145985401459854, 0, 0., 2, 0.145985401459854, 4, 0.291970802919708, 0, 0., 0, 0., 0, 0., 0, 0., 0, 0., 0, 0., 0, 0., 14, 1.0218978102189782, 0, 0., 0, 0., 0, 0., 0, 0., 0, 0., 0, 0., 0, 0., 0, 0., 0, 0., 1190, 86.86131386861314, 0, 0., 0, 0., 0, 0., 5, 0.36496350364963503, 0, 0., 0, 0., 219, 1398, 1617, 1370, 0.847247990105133
, generated\gt\sample_000603.krn, generated\xml_oemer\sample_000603.xml, 0, 0., 235, 50.10660980810235, 2, 0.42643923240938164, 9, 1.9189765458422174, 2, 0.42643923240938164, 0, 0., 2, 0.42643923240938164, 0, 0., 0, 0., 0, 0., 1, 0.21321961620469082, 0, 0., 0, 0., 0, 0., 4, 0.8528784648187633, 8, 1.7057569296375266, 0, 0., 0, 0., 0, 0., 0, 0., 0, 0., 0, 0., 12, 2.55863539445629, 0, 0., 0, 0., 0, 0., 0, 0., 0, 0., 0, 0., 0, 0., 0, 0., 0, 0., 189, 40.298507462686565, 0, 0., 0, 0., 0, 0., 5, 1.0660980810234542, 0, 0., 0, 0., 221, 332, 553, 469, 0.8481012658227848
, generated\gt\sample_000146.krn, generated\xml_oemer\sample_000146.xml, 0, 0., 167, 34.29158110882957, 2, 0.4106776180698152, 13, 2.6694045174537986, 9, 1.8480492813141685, 0, 0., 3, 0.6160164271047228, 0, 0., 0, 0., 0, 0., 0, 0., 0, 0., 0, 0., 1, 0.2053388090349076, 2, 0.4106776180698152, 5, 1.0266940451745379, 0, 0., 0, 0., 3, 0.6160164271047228, 0, 0., 0, 0., 0, 0., 0, 0., 0, 0., 0, 0., 0, 0., 0, 0., 0, 0., 0, 0., 0, 0., 0, 0., 0, 0., 277, 56.878850102669404, 0, 0., 0, 0., 0, 0., 5, 1.0266940451745379, 0, 0., 0, 0., 273, 301, 574, 487, 0.8484320557491289
, generated\gt\sample_000371.krn, generated\xml_oemer\sample_000371.xml, 0, 0., 240, 19.12350597609562, 0, 0., 46, 3.6653386454183265, 3, 0.23904382470119523, 0, 0., 12, 0.9561752988047809, 0, 0., 0, 0., 0, 0., 9, 0.7171314741035857, 0, 0., 0, 0., 1, 0.0796812749003984, 4, 0.3187250996015936, 1, 0.0796812749003984, 0, 0., 0, 0., 0, 0., 0, 0., 0, 0., 0, 0., 14, 1.1155378486055776, 0, 0., 0, 0., 0, 0., 0, 0., 0, 0., 0, 0., 0, 0., 0, 0., 0, 0., 920, 73.30677290836654, 0, 0., 0, 0., 0, 0., 5, 0.398406374501992, 0, 0., 0, 0., 308, 1171, 1479, 1255, 0.8485463150777552
, generated\gt\sample_000068.krn, generated\xml_oemer\sample_000068.xml, 0, 0., 226, 14.966887417218542, 4, 0.26490066225165565, 68, 4.503311258278146, 1, 0.06622516556291391, 0, 0., 6, 0.3973509933774834, 0, 0., 0, 0., 0, 0., 0, 0., 0, 0., 0, 0., 0, 0., 4, 0.26490066225165565, 0, 0., 0, 0., 0, 0., 0, 0., 0, 0., 0, 0., 0, 0., 0, 0., 0, 0., 0, 0., 0, 0., 0, 0., 0, 0., 0, 0., 0, 0., 0, 0., 0, 0., 1196, 79.20529801324503, 0, 0., 0, 0., 0, 0., 5, 0.33112582781456956, 0, 0., 0, 0., 291, 1486, 1777, 1510, 0.8497467642093416
, generated\gt\sample_000005.krn, generated\xml_oemer\sample_000005.xml, 0, 0., 263, 15.767386091127099, 0, 0., 82, 4.916067146282973, 2, 0.11990407673860912, 0, 0., 10, 0.5995203836930456, 0, 0., 0, 0., 1, 0.05995203836930456, 0, 0., 0, 0., 0, 0., 0, 0., 4, 0.23980815347721823, 0, 0., 0, 0., 0, 0., 0, 0., 0, 0., 0, 0., 0, 0., 2, 0.11990407673860912, 0, 0., 0, 0., 0, 0., 0, 0., 0, 0., 0, 0., 0, 0., 0, 0., 0, 0., 1299, 77.87769784172662, 0, 0., 0, 0., 0, 0., 5, 0.2997601918465228, 0, 0., 0, 0., 347, 1615, 1962, 1668, 0.8501529051987767
, generated\gt\sample_000113.krn, generated\xml_oemer\sample_000113.xml, 0, 0., 97, 8.297690333618478, 6, 0.5132591958939264, 17, 1.4542343883661248, 19, 1.6253207869974338, 0, 0., 1, 0.0855431993156544, 0, 0., 0, 0., 0, 0., 0, 0., 0, 0., 0, 0., 0, 0., 4, 0.3421727972626176, 0, 0., 0, 0., 0, 0., 0, 0., 0, 0., 0, 0., 0, 0., 10, 0.8554319931565441, 0, 0., 0, 0., 0, 0., 0, 0., 0, 0., 0, 0., 0, 0., 0, 0., 0, 0., 1010, 86.39863130881095, 0, 0., 0, 0., 0, 0., 5, 0.42771599657827203, 0, 0., 0, 0., 206, 1169, 1375, 1169, 0.8501818181818181
, generated\gt\sample_000235.krn, generated\xml_oemer\sample_000235.xml, 0, 0., 156, 17.48878923766816, 2, 0.2242152466367713, 6, 0.672645739910314, 3, 0.336322869955157, 0, 0., 4, 0.4484304932735426, 0, 0., 0, 0., 1, 0.11210762331838565, 4, 0.4484304932735426, 0, 0., 0, 0., 4, 0.4484304932735426, 4, 0.4484304932735426, 9, 1.0089686098654709, 0, 0., 0, 0., 0, 0., 0, 0., 0, 0., 0, 0., 9, 1.0089686098654709, 0, 0., 0, 0., 0, 0., 0, 0., 0, 0., 0, 0., 0, 0., 0, 0., 0, 0., 685, 76.79372197309416, 0, 0., 0, 0., 0, 0., 5, 0.5605381165919282, 0, 0., 0, 0., 206, 842, 1048, 892, 0.851145038167939
, generated\gt\sample_000372.krn, generated\xml_oemer\sample_000372.xml, 0, 0., 177, 15.258620689655173, 0, 0., 65, 5.603448275862069, 0, 0., 0, 0., 0, 0., 0, 0., 0, 0., 4, 0.3448275862068966, 6, 0.5172413793103449, 4, 0.3448275862068966, 0, 0., 1, 0.08620689655172414, 4, 0.3448275862068966, 1, 0.08620689655172414, 0, 0., 0, 0., 0, 0., 0, 0., 0, 0., 0, 0., 6, 0.5172413793103449, 0, 0., 0, 0., 0, 0., 0, 0., 0, 0., 0, 0., 0, 0., 0, 0., 0, 0., 887, 76.46551724137932, 0, 0., 0, 0., 0, 0., 5, 0.43103448275862066, 0, 0., 0, 0., 252, 1110, 1362, 1160, 0.8516886930983847
, generated\gt\sample_000401.krn, generated\xml_oemer\sample_000401.xml, 0, 0., 256, 22.775800711743774, 6, 0.5338078291814946, 6, 0.5338078291814946, 2, 0.17793594306049823, 0, 0., 0, 0., 0, 0., 0, 0., 2, 0.17793594306049823, 0, 0., 0, 0., 0, 0., 1, 0.08896797153024912, 4, 0.35587188612099646, 1, 0.08896797153024912, 0, 0., 4, 0.35587188612099646, 0, 0., 0, 0., 0, 0., 0, 0., 0, 0., 0, 0., 0, 0., 0, 0., 0, 0., 0, 0., 0, 0., 0, 0., 0, 0., 0, 0., 837, 74.4661921708185, 0, 0., 0, 0., 0, 0., 5, 0.44483985765124556, 0, 0., 0, 0., 294, 1024, 1318, 1124, 0.8528072837632777
, generated\gt\sample_000411.krn, generated\xml_oemer\sample_000411.xml, 0, 0., 195, 12.476007677543187, 8, 0.5118362124120281, 33, 2.111324376199616, 2, 0.12795905310300704, 0, 0., 5, 0.3198976327575176, 0, 0., 0, 0., 0, 0., 7, 0.44785668586052463, 0, 0., 0, 0., 0, 0., 4, 0.2559181062060141, 0, 0., 0, 0., 0, 0., 0, 0., 0, 0., 0, 0., 0, 0., 7, 0.44785668586052463, 0, 0., 0, 0., 0, 0., 0, 0., 0, 0., 0, 0., 0, 0., 0, 0., 0, 0., 1297, 82.98144593730007, 0, 0., 0, 0., 0, 0., 5, 0.3198976327575176, 0, 0., 0, 0., 282, 1550, 1832, 1563, 0.8531659388646288
, generated\gt\sample_000394.krn, generated\xml_oemer\sample_000394.xml, 0, 0., 158, 13.101160862354892, 8, 0.6633499170812603, 2, 0.16583747927031509, 0, 0., 4, 0.33167495854063017, 1, 0.08291873963515754, 0, 0., 0, 0., 0, 0., 1, 0.08291873963515754, 1, 0.08291873963515754, 0, 0., 0, 0., 4, 0.33167495854063017, 0, 0., 0, 0., 0, 0., 0, 0., 0, 0., 0, 0., 0, 0., 4, 0.33167495854063017, 0, 0., 0, 0., 0, 0., 0, 0., 0, 0., 0, 0., 0, 0., 0, 0., 0, 0., 1018, 84.41127694859038, 0, 0., 0, 0., 0, 0., 5, 0.41459369817578773, 0, 0., 0, 0., 210, 1202, 1412, 1206, 0.8541076487252125
, generated\gt\sample_000224.krn, generated\xml_oemer\sample_000224.xml, 0, 0., 186, 18.902439024390244, 12, 1.2195121951219512, 10, 1.016260162601626, 4, 0.4065040650406504, 2, 0.2032520325203252, 7, 0.7113821138211383, 0, 0., 0, 0., 0, 0., 0, 0., 0, 0., 0, 0., 0, 0., 4, 0.4065040650406504, 0, 0., 0, 0., 0, 0., 0, 0., 0, 0., 0, 0., 0, 0., 0, 0., 0, 0., 0, 0., 0, 0., 0, 0., 0, 0., 0, 0., 0, 0., 0, 0., 0, 0., 754, 76.6260162601626, 0, 0., 0, 0., 0, 0., 5, 0.508130081300813, 0, 0., 0, 0., 208, 943, 1151, 984, 0.8549087749782798
, generated\gt\sample_000308.krn, generated\xml_oemer\sample_000308.xml, 0, 0., 36, 5.529953917050691, 6, 0.9216589861751152, 9, 1.3824884792626728, 0, 0., 0, 0., 0, 0., 0, 0., 0, 0., 2, 0.30721966205837176, 0, 0., 0, 0., 0, 0., 0, 0., 2, 0.30721966205837176, 0, 0., 0, 0., 0, 0., 0, 0., 0, 0., 0, 0., 0, 0., 3, 0.4608294930875576, 0, 0., 0, 0., 0, 0., 0, 0., 0, 0., 0, 0., 0, 0., 0, 0., 0, 0., 593, 91.09062980030723, 0, 0., 0, 0., 0, 0., 0, 0., 0, 0., 0, 0., 96, 665, 761, 651, 0.8554533508541393
, generated\gt\sample_000268.krn, generated\xml_oemer\sample_000268.xml, 0, 0., 141, 16.68639053254438, 0, 0., 5, 0.591715976331361, 3, 0.35502958579881655, 0, 0., 1, 0.11834319526627218, 0, 0., 0, 0., 6, 0.7100591715976331, 0, 0., 0, 0., 0, 0., 2, 0.23668639053254437, 4, 0.47337278106508873, 0, 0., 0, 0., 4, 0.47337278106508873, 0, 0., 0, 0., 0, 0., 0, 0., 4, 0.47337278106508873, 0, 0., 0, 0., 0, 0., 0, 0., 0, 0., 0, 0., 0, 0., 0, 0., 0, 0., 670, 79.28994082840237, 0, 0., 0, 0., 0, 0., 5, 0.591715976331361, 0, 0., 0, 0., 181, 806, 987, 845, 0.85612968591692
, generated\gt\sample_000643.krn, generated\xml_oemer\sample_000643.xml, 0, 0., 290, 19.568151147098515, 0, 0., 54, 3.6437246963562755, 14, 0.9446693657219973, 0, 0., 0, 0., 0, 0., 0, 0., 3, 0.20242914979757085, 0, 0., 0, 0., 0, 0., 1, 0.06747638326585695, 4, 0.2699055330634278, 2, 0.1349527665317139, 0, 0., 0, 0., 0, 0., 0, 0., 0, 0., 0, 0., 0, 0., 0, 0., 0, 0., 0, 0., 0, 0., 0, 0., 0, 0., 0, 0., 0, 0., 0, 0., 1109, 74.83130904183535, 0, 0., 0, 0., 0, 0., 5, 0.33738191632928477, 0, 0., 0, 0., 358, 1371, 1729, 1482, 0.8571428571428571
, generated\gt\sample_000518.krn, generated\xml_oemer\sample_000518.xml, 0, 0., 120, 15.852047556142669, 4, 0.5284015852047557, 19, 2.509907529722589, 1, 0.13210039630118892, 0, 0., 2, 0.26420079260237783, 0, 0., 0, 0., 1, 0.13210039630118892, 0, 0., 0, 0., 0, 0., 0, 0., 1, 0.13210039630118892, 0, 0., 0, 0., 0, 0., 0, 0., 0, 0., 0, 0., 0, 0., 1, 0.13210039630118892, 0, 0., 0, 0., 0, 0., 0, 0., 0, 0., 0, 0., 0, 0., 0, 0., 0, 0., 608, 80.31704095112285, 0, 0., 0, 0., 0, 0., 0, 0., 0, 0., 0, 0., 153, 730, 883, 757, 0.8573046432616082
, generated\gt\sample_000493.krn, generated\xml_oemer\sample_000493.xml, 0, 0., 242, 32.2237017310253, 6, 0.7989347536617842, 31, 4.1278295605858855, 3, 0.3994673768308921, 2, 0.2663115845539281, 5, 0.6657789613848203, 0, 0., 0, 0., 0, 0., 4, 0.5326231691078562, 0, 0., 0, 0., 0, 0., 1, 0.13315579227696406, 2, 0.2663115845539281, 0, 0., 0, 0., 0, 0., 0, 0., 0, 0., 0, 0., 8, 1.0652463382157125, 0, 0., 0, 0., 0, 0., 0, 0., 0, 0., 0, 0., 0, 0., 0, 0., 0, 0., 447, 59.52063914780293, 0, 0., 0, 0., 0, 0., 0, 0., 0, 0., 0, 0., 174, 702, 876, 751, 0.8573059360730594
, generated\gt\sample_000270.krn, generated\xml_oemer\sample_000270.xml, 0, 0., 256, 28.31858407079646, 10, 1.1061946902654867, 13, 1.4380530973451326, 2, 0.22123893805309736, 0, 0., 2, 0.22123893805309736, 0, 0., 0, 0., 0, 0., 0, 0., 0, 0., 0, 0., 0, 0., 4, 0.4424778761061947, 6, 0.6637168141592921, 0, 0., 0, 0., 0, 0., 0, 0., 0, 0., 0, 0., 9, 0.995575221238938, 0, 0., 0, 0., 0, 0., 0, 0., 0, 0., 0, 0., 0, 0., 0, 0., 0, 0., 597, 66.03982300884955, 0, 0., 0, 0., 0, 0., 5, 0.5530973451327433, 0, 0., 0, 0., 246, 808, 1054, 904, 0.857685009487666
, generated\gt\sample_000240.krn, generated\xml_oemer\sample_000240.xml, 0, 0., 110, 17.377567140600316, 8, 1.263823064770932, 1, 0.1579778830963665, 0, 0., 0, 0., 0, 0., 0, 0., 0, 0., 2, 0.315955766192733, 0, 0., 0, 0., 0, 0., 0, 0., 2, 0.315955766192733, 0, 0., 0, 0., 0, 0., 0, 0., 0, 0., 0, 0., 0, 0., 7, 1.1058451816745656, 0, 0., 0, 0., 0, 0., 0, 0., 0, 0., 0, 0., 0, 0., 0, 0., 0, 0., 503, 79.46287519747236, 0, 0., 0, 0., 0, 0., 0, 0., 0, 0., 0, 0., 151, 587, 738, 633, 0.8577235772357723
, generated\gt\sample_000278.krn, generated\xml_oemer\sample_000278.xml, 0, 0., 131, 10.282574568288855, 4, 0.3139717425431711, 23, 1.805337519623234, 0, 0., 0, 0., 1, 0.07849293563579278, 0, 0., 0, 0., 0, 0., 3, 0.23547880690737832, 0, 0., 0, 0., 2, 0.15698587127158556, 2, 0.15698587127158556, 0, 0., 0, 0., 0, 0., 0, 0., 0, 0., 0, 0., 0, 0., 9, 0.706436420722135, 0, 0., 0, 0., 0, 0., 0, 0., 0, 0., 0, 0., 0, 0., 0, 0., 0, 0., 1094, 85.8712715855573, 0, 0., 0, 0., 0, 0., 5, 0.3924646781789639, 0, 0., 0, 0., 223, 1262, 1485, 1274, 0.857912457912458
, generated\gt\sample_000116.krn, generated\xml_oemer\sample_000116.xml, 0, 0., 129, 7.552693208430913, 6, 0.351288056206089, 31, 1.8149882903981265, 0, 0., 0, 0., 7, 0.4098360655737705, 0, 0., 0, 0., 0, 0., 21, 1.2295081967213115, 0, 0., 0, 0., 1, 0.0585480093676815, 4, 0.234192037470726, 0, 0., 0, 0., 0, 0., 0, 0., 0, 0., 0, 0., 0, 0., 0, 0., 0, 0., 0, 0., 0, 0., 0, 0., 0, 0., 0, 0., 0, 0., 0, 0., 0, 0., 1504, 88.05620608899298, 0, 0., 0, 0., 0, 0., 5, 0.2927400468384075, 0, 0., 0, 0., 297, 1693, 1990, 1708, 0.8582914572864322
, generated\gt\sample_000521.krn, generated\xml_oemer\sample_000521.xml, 0, 0., 144, 13.174748398902103, 6, 0.5489478499542544, 12, 1.0978956999085088, 0, 0., 0, 0., 1, 0.09149130832570906, 0, 0., 0, 0., 1, 0.09149130832570906, 2, 0.18298261665141813, 0, 0., 0, 0., 3, 0.2744739249771272, 4, 0.36596523330283626, 0, 0., 0, 0., 0, 0., 8, 0.7319304666056725, 0, 0., 0, 0., 0, 0., 4, 0.36596523330283626, 0, 0., 0, 0., 0, 0., 0, 0., 0, 0., 0, 0., 0, 0., 0, 0., 0, 0., 903, 82.61665141811528, 0, 0., 0, 0., 0, 0., 5, 0.45745654162854527, 0, 0., 0, 0., 176, 1097, 1273, 1093, 0.8586017282010998
, generated\gt\sample_000267.krn, generated\xml_oemer\sample_000267.xml, 0, 0., 185, 26.166902404526166, 4, 0.5657708628005658, 6, 0.8486562942008486, 2, 0.2828854314002829, 0, 0., 1, 0.14144271570014144, 0, 0., 0, 0., 0, 0., 0, 0., 0, 0., 0, 0., 0, 0., 4, 0.5657708628005658, 0, 0., 0, 0., 2, 0.2828854314002829, 0, 0., 0, 0., 0, 0., 0, 0., 13, 1.8387553041018387, 0, 0., 0, 0., 0, 0., 0, 0., 0, 0., 0, 0., 0, 0., 0, 0., 0, 0., 485, 68.5997171145686, 0, 0., 0, 0., 0, 0., 5, 0.7072135785007072, 0, 0., 0, 0., 178, 645, 823, 707, 0.8590522478736331
, generated\gt\sample_000555.krn, generated\xml_oemer\sample_000555.xml, 0, 0., 171, 20.16509433962264, 12, 1.4150943396226414, 21, 2.4764150943396226, 3, 0.35377358490566035, 0, 0., 1, 0.1179245283018868, 0, 0., 0, 0., 0, 0., 2, 0.2358490566037736, 0, 0., 0, 0., 1, 0.1179245283018868, 4, 0.4716981132075472, 2, 0.2358490566037736, 0, 0., 0, 0., 0, 0., 0, 0., 0, 0., 0, 0., 5, 0.589622641509434, 0, 0., 0, 0., 0, 0., 0, 0., 0, 0., 0, 0., 0, 0., 0, 0., 0, 0., 621, 73.23113207547169, 0, 0., 0, 0., 0, 0., 5, 0.589622641509434, 0, 0., 0, 0., 151, 836, 987, 848, 0.8591691995947315
, generated\gt\sample_000284.krn, generated\xml_oemer\sample_000284.xml, 0, 0., 204, 21.56448202959831, 6, 0.6342494714587738, 20, 2.1141649048625792, 0, 0., 0, 0., 2, 0.21141649048625794, 0, 0., 0, 0., 0, 0., 17, 1.7970401691331923, 0, 0., 0, 0., 0, 0., 2, 0.21141649048625794, 0, 0., 0, 0., 0, 0., 0, 0., 0, 0., 0, 0., 0, 0., 6, 0.6342494714587738, 0, 0., 0, 0., 0, 0., 0, 0., 0, 0., 0, 0., 0, 0., 0, 0., 0, 0., 684, 72.30443974630022, 0, 0., 0, 0., 0, 0., 5, 0.5285412262156448, 0, 0., 0, 0., 212, 889, 1101, 946, 0.8592188919164396
, generated\gt\sample_000124.krn, generated\xml_oemer\sample_000124.xml, 0, 0., 79, 6.186374314800314, 8, 0.6264682850430697, 10, 0.7830853563038371, 8, 0.6264682850430697, 0, 0., 8, 0.6264682850430697, 0, 0., 0, 0., 6, 0.46985121378230227, 1, 0.07830853563038372, 0, 0., 0, 0., 0, 0., 4, 0.31323414252153486, 0, 0., 0, 0., 0, 0., 0, 0., 0, 0., 0, 0., 0, 0., 1, 0.07830853563038372, 0, 0., 0, 0., 0, 0., 0, 0., 0, 0., 0, 0., 0, 0., 0, 0., 0, 0., 1147, 89.81989036805011, 0, 0., 0, 0., 0, 0., 5, 0.39154267815191857, 0, 0., 0, 0., 186, 1298, 1484, 1277, 0.860512129380054
, generated\gt\sample_000442.krn, generated\xml_oemer\sample_000442.xml, 0, 0., 89, 10.67146282973621, 6, 0.7194244604316546, 23, 2.7577937649880098, 7, 0.8393285371702638, 0, 0., 0, 0., 0, 0., 0, 0., 0, 0., 0, 0., 2, 0.23980815347721823, 0, 0., 0, 0., 4, 0.47961630695443647, 0, 0., 0, 0., 0, 0., 0, 0., 0, 0., 0, 0., 0, 0., 11, 1.3189448441247003, 0, 0., 0, 0., 0, 0., 0, 0., 0, 0., 0, 0., 0, 0., 0, 0., 0, 0., 687, 82.37410071942446, 0, 0., 0, 0., 0, 0., 5, 0.5995203836930456, 0, 0., 0, 0., 154, 814, 968, 834, 0.8615702479338843
, generated\gt\sample_000249.krn, generated\xml_oemer\sample_000249.xml, 0, 0., 78, 6.914893617021277, 46, 4.078014184397163, 0, 0., 15, 1.3297872340425532, 0, 0., 10, 0.8865248226950354, 0, 0., 0, 0., 4, 0.3546099290780142, 1, 0.08865248226950355, 2, 0.1773049645390071, 0, 0., 4, 0.3546099290780142, 4, 0.3546099290780142, 0, 0., 0, 0., 0, 0., 0, 0., 0, 0., 0, 0., 0, 0., 8, 0.7092198581560284, 0, 0., 0, 0., 0, 0., 0, 0., 0, 0., 0, 0., 0, 0., 0, 0., 0, 0., 951, 84.30851063829788, 0, 0., 0, 0., 0, 0., 5, 0.4432624113475177, 0, 0., 0, 0., 186, 1122, 1308, 1128, 0.8623853211009175
, generated\gt\sample_000540.krn, generated\xml_oemer\sample_000540.xml, 0, 0., 214, 12.52927400468384, 18, 1.053864168618267, 50, 2.927400468384075, 0, 0., 0, 0., 0, 0., 0, 0., 0, 0., 0, 0., 10, 0.585480093676815, 0, 0., 0, 0., 0, 0., 4, 0.234192037470726, 7, 0.4098360655737705, 0, 0., 0, 0., 0, 0., 0, 0., 0, 0., 0, 0., 7, 0.4098360655737705, 0, 0., 0, 0., 0, 0., 0, 0., 0, 0., 0, 0., 0, 0., 0, 0., 0, 0., 1393, 81.55737704918033, 0, 0., 0, 0., 0, 0., 5, 0.2927400468384075, 0, 0., 0, 0., 297, 1682, 1979, 1708, 0.8630621526023244
, generated\gt\sample_000365.krn, generated\xml_oemer\sample_000365.xml, 0, 0., 555, 68.01470588235294, 10, 1.2254901960784315, 22, 2.696078431372549, 0, 0., 0, 0., 1, 0.12254901960784313, 0, 0., 0, 0., 0, 0., 0, 0., 0, 0., 0, 0., 0, 0., 2, 0.24509803921568626, 0, 0., 0, 0., 0, 0., 0, 0., 0, 0., 0, 0., 0, 0., 1, 0.12254901960784313, 0, 0., 0, 0., 0, 0., 0, 0., 0, 0., 0, 0., 0, 0., 0, 0., 0, 0., 225, 27.573529411764707, 0, 0., 0, 0., 0, 0., 0, 0., 0, 0., 0, 0., 219, 726, 945, 816, 0.8634920634920635
, generated\gt\sample_000232.krn, generated\xml_oemer\sample_000232.xml, 0, 0., 567, 60.319148936170215, 6, 0.6382978723404256, 42, 4.468085106382978, 1, 0.10638297872340426, 0, 0., 0, 0., 0, 0., 0, 0., 0, 0., 0, 0., 0, 0., 0, 0., 3, 0.3191489361702128, 4, 0.425531914893617, 0, 0., 0, 0., 0, 0., 0, 0., 0, 0., 0, 0., 0, 0., 2, 0.2127659574468085, 0, 0., 0, 0., 0, 0., 0, 0., 0, 0., 0, 0., 0, 0., 0, 0., 0, 0., 310, 32.97872340425532, 0, 0., 0, 0., 0, 0., 5, 0.5319148936170213, 0, 0., 0, 0., 463, 625, 1088, 940, 0.8639705882352942
, generated\gt\sample_000115.krn, generated\xml_oemer\sample_000115.xml, 0, 0., 204, 13.563829787234043, 10, 0.6648936170212766, 40, 2.6595744680851063, 1, 0.06648936170212766, 0, 0., 2, 0.13297872340425532, 0, 0., 0, 0., 0, 0., 22, 1.4627659574468086, 0, 0., 0, 0., 3, 0.19946808510638298, 4, 0.26595744680851063, 0, 0., 0, 0., 0, 0., 0, 0., 0, 0., 0, 0., 0, 0., 0, 0., 0, 0., 0, 0., 0, 0., 0, 0., 0, 0., 0, 0., 0, 0., 0, 0., 0, 0., 1213, 80.65159574468085, 0, 0., 0, 0., 0, 0., 5, 0.3324468085106383, 0, 0., 0, 0., 278, 1462, 1740, 1504, 0.864367816091954
, generated\gt\sample_000059.krn, generated\xml_oemer\sample_000059.xml, 0, 0., 176, 14.991482112436115, 8, 0.6814310051107325, 16, 1.362862010221465, 5, 0.42589437819420783, 0, 0., 0, 0., 0, 0., 0, 0., 0, 0., 0, 0., 0, 0., 0, 0., 1, 0.08517887563884156, 4, 0.34071550255536626, 2, 0.17035775127768313, 0, 0., 4, 0.34071550255536626, 0, 0., 0, 0., 0, 0., 0, 0., 2, 0.17035775127768313, 0, 0., 0, 0., 0, 0., 0, 0., 0, 0., 0, 0., 0, 0., 0, 0., 0, 0., 951, 81.00511073253833, 0, 0., 0, 0., 0, 0., 5, 0.42589437819420783, 0, 0., 0, 0., 249, 1109, 1358, 1174, 0.8645066273932254
, generated\gt\sample_000272.krn, generated\xml_oemer\sample_000272.xml, 0, 0., 505, 77.8120184899846, 6, 0.9244992295839753, 25, 3.852080123266564, 5, 0.7704160246533128, 0, 0., 1, 0.15408320493066255, 0, 0., 0, 0., 0, 0., 0, 0., 0, 0., 0, 0., 0, 0., 4, 0.6163328197226502, 0, 0., 0, 0., 2, 0.3081664098613251, 0, 0., 0, 0., 0, 0., 0, 0., 13, 2.0030816640986133, 0, 0., 0, 0., 0, 0., 0, 0., 0, 0., 0, 0., 0, 0., 0, 0., 0, 0., 83, 12.788906009244993, 0, 0., 0, 0., 0, 0., 5, 0.7704160246533128, 0, 0., 0, 0., 439, 311, 750, 649, 0.8653333333333333
, generated\gt\sample_000243.krn, generated\xml_oemer\sample_000243.xml, 0, 0., 188, 13.001383125864454, 2, 0.13831258644536654, 42, 2.904564315352697, 0, 0., 0, 0., 6, 0.4149377593360996, 0, 0., 0, 0., 0, 0., 1, 0.06915629322268327, 0, 0., 0, 0., 0, 0., 4, 0.2766251728907331, 7, 0.48409405255878285, 0, 0., 0, 0., 0, 0., 0, 0., 0, 0., 0, 0., 5, 0.3457814661134163, 0, 0., 0, 0., 0, 0., 0, 0., 0, 0., 0, 0., 0, 0., 0, 0., 0, 0., 1186, 82.01936376210236, 0, 0., 0, 0., 0, 0., 5, 0.3457814661134163, 0, 0., 0, 0., 283, 1388, 1671, 1446, 0.8653500897666068
, generated\gt\sample_000520.krn, generated\xml_oemer\sample_000520.xml, 0, 0., 270, 12.962073931829092, 0, 0., 65, 3.1204992798847817, 0, 0., 0, 0., 0, 0., 0, 0., 0, 0., 0, 0., 0, 0., 0, 0., 0, 0., 0, 0., 1, 0.04800768122899664, 2, 0.09601536245799328, 0, 0., 0, 0., 0, 0., 0, 0., 0, 0., 0, 0., 0, 0., 0, 0., 0, 0., 0, 0., 0, 0., 0, 0., 0, 0., 0, 0., 0, 0., 0, 0., 1745, 83.77340374459914, 0, 0., 0, 0., 0, 0., 0, 0., 0, 0., 0, 0., 339, 2065, 2404, 2083, 0.8664725457570716
, generated\gt\sample_000021.krn, generated\xml_oemer\sample_000021.xml, 0, 0., 168, 22.888283378746593, 2, 0.2724795640326976, 20, 2.7247956403269753, 0, 0., 0, 0., 0, 0., 0, 0., 0, 0., 0, 0., 0, 0., 0, 0., 0, 0., 3, 0.4087193460490463, 1, 0.1362397820163488, 3, 0.4087193460490463, 0, 0., 0, 0., 0, 0., 0, 0., 0, 0., 0, 0., 1, 0.1362397820163488, 0, 0., 0, 0., 0, 0., 0, 0., 0, 0., 0, 0., 0, 0., 0, 0., 0, 0., 536, 73.02452316076294, 0, 0., 0, 0., 0, 0., 0, 0., 0, 0., 0, 0., 126, 721, 847, 734, 0.8665879574970484
, generated\gt\sample_000342.krn, generated\xml_oemer\sample_000342.xml, 0, 0., 106, 9.584086799276673, 8, 0.7233273056057866, 22, 1.9891500904159132, 3, 0.27124773960216997, 0, 0., 0, 0., 0, 0., 0, 0., 0, 0., 3, 0.27124773960216997, 0, 0., 0, 0., 2, 0.18083182640144665, 4, 0.3616636528028933, 6, 0.5424954792043399, 0, 0., 0, 0., 0, 0., 0, 0., 0, 0., 0, 0., 8, 0.7233273056057866, 0, 0., 0, 0., 0, 0., 0, 0., 0, 0., 0, 0., 0, 0., 0, 0., 0, 0., 939, 84.9005424954792, 0, 0., 0, 0., 0, 0., 5, 0.45207956600361665, 0, 0., 0, 0., 170, 1106, 1276, 1106, 0.8667711598746082
, generated\gt\sample_000004.krn, generated\xml_oemer\sample_000004.xml, 0, 0., 362, 70.84148727984345, 4, 0.7827788649706457, 25, 4.892367906066537, 0, 0., 0, 0., 3, 0.5870841487279843, 0, 0., 0, 0., 0, 0., 0, 0., 0, 0., 0, 0., 1, 0.19569471624266144, 4, 0.7827788649706457, 5, 0.9784735812133072, 0, 0., 0, 0., 0, 0., 0, 0., 0, 0., 0, 0., 4, 0.7827788649706457, 0, 0., 0, 0., 0, 0., 0, 0., 0, 0., 0, 0., 0, 0., 0, 0., 0, 0., 98, 19.17808219178082, 0, 0., 0, 0., 0, 0., 5, 0.9784735812133072, 0, 0., 0, 0., 295, 294, 589, 511, 0.8675721561969439
, generated\gt\sample_000357.krn, generated\xml_oemer\sample_000357.xml, 0, 0., 112, 11.244979919678714, 4, 0.40160642570281124, 21, 2.108433734939759, 9, 0.9036144578313253, 0, 0., 1, 0.10040160642570281, 0, 0., 0, 0., 2, 0.20080321285140562, 0, 0., 1, 0.10040160642570281, 0, 0., 0, 0., 4, 0.40160642570281124, 0, 0., 0, 0., 4, 0.40160642570281124, 0, 0., 0, 0., 0, 0., 0, 0., 5, 0.5020080321285141, 0, 0., 0, 0., 0, 0., 0, 0., 0, 0., 0, 0., 0, 0., 0, 0., 0, 0., 828, 83.13253012048193, 0, 0., 0, 0., 0, 0., 5, 0.5020080321285141, 0, 0., 0, 0., 152, 996, 1148, 996, 0.867595818815331
, generated\gt\sample_000184.krn, generated\xml_oemer\sample_000184.xml, 0, 0., 110, 15.10989010989011, 4, 0.5494505494505495, 10, 1.3736263736263736, 2, 0.27472527472527475, 0, 0., 0, 0., 0, 0., 0, 0., 0, 0., 7, 0.9615384615384616, 0, 0., 0, 0., 0, 0., 2, 0.27472527472527475, 0, 0., 0, 0., 0, 0., 3, 0.41208791208791207, 0, 0., 0, 0., 0, 0., 4, 0.5494505494505495, 0, 0., 0, 0., 0, 0., 0, 0., 0, 0., 0, 0., 0, 0., 0, 0., 0, 0., 581, 79.8076923076923, 0, 0., 0, 0., 0, 0., 5, 0.6868131868131868, 0, 0., 0, 0., 154, 685, 839, 728, 0.867699642431466
, generated\gt\sample_000552.krn, generated\xml_oemer\sample_000552.xml, 0, 0., 59, 8.89894419306184, 8, 1.2066365007541477, 9, 1.3574660633484164, 5, 0.7541478129713424, 0, 0., 0, 0., 0, 0., 0, 0., 0, 0., 5, 0.7541478129713424, 2, 0.30165912518853694, 0, 0., 1, 0.15082956259426847, 4, 0.6033182503770739, 0, 0., 0, 0., 0, 0., 0, 0., 0, 0., 0, 0., 0, 0., 2, 0.30165912518853694, 0, 0., 0, 0., 0, 0., 0, 0., 0, 0., 0, 0., 0, 0., 0, 0., 0, 0., 563, 84.91704374057315, 0, 0., 0, 0., 0, 0., 5, 0.7541478129713424, 0, 0., 0, 0., 89, 675, 764, 663, 0.8678010471204188
, generated\gt\sample_000418.krn, generated\xml_oemer\sample_000418.xml, 0, 0., 276, 32.81807372175981, 0, 0., 7, 0.8323424494649228, 7, 0.8323424494649228, 0, 0., 0, 0., 0, 0., 0, 0., 0, 0., 3, 0.356718192627824, 0, 0., 0, 0., 2, 0.23781212841854935, 2, 0.23781212841854935, 2, 0.23781212841854935, 0, 0., 4, 0.4756242568370987, 0, 0., 0, 0., 0, 0., 0, 0., 0, 0., 0, 0., 0, 0., 0, 0., 0, 0., 0, 0., 0, 0., 0, 0., 0, 0., 0, 0., 538, 63.97146254458978, 0, 0., 0, 0., 0, 0., 0, 0., 0, 0., 0, 0., 273, 696, 969, 841, 0.8679050567595459
, generated\gt\sample_000202.krn, generated\xml_oemer\sample_000202.xml, 0, 0., 221, 19.981916817359856, 0, 0., 24, 2.1699819168173597, 6, 0.5424954792043399, 0, 0., 1, 0.09041591320072333, 0, 0., 0, 0., 0, 0., 3, 0.27124773960216997, 0, 0., 0, 0., 0, 0., 4, 0.3616636528028933, 0, 0., 0, 0., 4, 0.3616636528028933, 0, 0., 0, 0., 0, 0., 0, 0., 3, 0.27124773960216997, 0, 0., 0, 0., 0, 0., 0, 0., 0, 0., 0, 0., 0, 0., 0, 0., 0, 0., 835, 75.49728752260398, 0, 0., 0, 0., 0, 0., 5, 0.45207956600361665, 0, 0., 0, 0., 226, 1048, 1274, 1106, 0.8681318681318682
, generated\gt\sample_000208.krn, generated\xml_oemer\sample_000208.xml, 0, 0., 28, 2.5454545454545454, 8, 0.7272727272727273, 2, 0.18181818181818182, 4, 0.36363636363636365, 0, 0., 0, 0., 0, 0., 0, 0., 0, 0., 20, 1.8181818181818181, 0, 0., 0, 0., 2, 0.18181818181818182, 4, 0.36363636363636365, 10, 0.9090909090909091, 0, 0., 0, 0., 0, 0., 0, 0., 0, 0., 0, 0., 1, 0.09090909090909091, 0, 0., 0, 0., 0, 0., 0, 0., 0, 0., 0, 0., 0, 0., 0, 0., 0, 0., 1016, 92.36363636363636, 0, 0., 0, 0., 0, 0., 5, 0.45454545454545453, 0, 0., 0, 0., 153, 1113, 1266, 1100, 0.8688783570300158
, generated\gt\sample_000030.krn, generated\xml_oemer\sample_000030.xml, 0, 0., 154, 14.666666666666666, 6, 0.5714285714285714, 25, 2.380952380952381, 2, 0.19047619047619047, 0, 0., 10, 0.9523809523809523, 0, 0., 0, 0., 0, 0., 2, 0.19047619047619047, 1, 0.09523809523809523, 0, 0., 2, 0.19047619047619047, 2, 0.19047619047619047, 0, 0., 0, 0., 0, 0., 0, 0., 0, 0., 0, 0., 0, 0., 4, 0.38095238095238093, 0, 0., 0, 0., 0, 0., 0, 0., 0, 0., 0, 0., 0, 0., 0, 0., 0, 0., 837, 79.71428571428571, 0, 0., 0, 0., 0, 0., 5, 0.47619047619047616, 0, 0., 0, 0., 201, 1007, 1208, 1050, 0.8692052980132451
, generated\gt\sample_000326.krn, generated\xml_oemer\sample_000326.xml, 0, 0., 101, 7.622641509433962, 8, 0.6037735849056604, 8, 0.6037735849056604, 2, 0.1509433962264151, 0, 0., 1, 0.07547169811320754, 0, 0., 0, 0., 2, 0.1509433962264151, 0, 0., 0, 0., 0, 0., 4, 0.3018867924528302, 4, 0.3018867924528302, 0, 0., 0, 0., 0, 0., 0, 0., 0, 0., 0, 0., 0, 0., 5, 0.37735849056603776, 0, 0., 0, 0., 0, 0., 0, 0., 0, 0., 0, 0., 0, 0., 0, 0., 0, 0., 1185, 89.43396226415095, 0, 0., 0, 0., 0, 0., 5, 0.37735849056603776, 0, 0., 0, 0., 178, 1346, 1524, 1325, 0.8694225721784777
, generated\gt\sample_000020.krn, generated\xml_oemer\sample_000020.xml, 0, 0., 39, 2.411873840445269, 4, 0.24737167594310452, 47, 2.906617192331478, 0, 0., 0, 0., 0, 0., 0, 0., 0, 0., 0, 0., 23, 1.4223871366728509, 0, 0., 0, 0., 0, 0., 2, 0.12368583797155226, 3, 0.18552875695732837, 0, 0., 4, 0.24737167594310452, 0, 0., 0, 0., 0, 0., 0, 0., 3, 0.18552875695732837, 0, 0., 0, 0., 0, 0., 0, 0., 0, 0., 0, 0., 0, 0., 0, 0., 0, 0., 1492, 92.26963512677798, 0, 0., 0, 0., 0, 0., 0, 0., 0, 0., 0, 0., 178, 1681, 1859, 1617, 0.8698224852071006
, generated\gt\sample_000535.krn, generated\xml_oemer\sample_000535.xml, 0, 0., 102, 6.9058903182125935, 0, 0., 27, 1.8280297901150981, 1, 0.06770480704129993, 0, 0., 4, 0.2708192281651997, 0, 0., 0, 0., 7, 0.47393364928909953, 0, 0., 1, 0.06770480704129993, 0, 0., 0, 0., 2, 0.13540961408259986, 0, 0., 0, 0., 0, 0., 0, 0., 0, 0., 0, 0., 0, 0., 1, 0.06770480704129993, 0, 0., 0, 0., 0, 0., 0, 0., 0, 0., 0, 0., 0, 0., 0, 0., 0, 0., 1332, 90.18280297901151, 0, 0., 0, 0., 0, 0., 0, 0., 0, 0., 0, 0., 192, 1505, 1697, 1477, 0.8703594578668238
, generated\gt\sample_000664.krn, generated\xml_oemer\sample_000664.xml, 0, 0., 124, 17.174515235457065, 18, 2.4930747922437675, 8, 1.10803324099723, 0, 0., 0, 0., 5, 0.6925207756232687, 0, 0., 0, 0., 1, 0.13850415512465375, 5, 0.6925207756232687, 0, 0., 0, 0., 0, 0., 2, 0.2770083102493075, 0, 0., 0, 0., 0, 0., 0, 0., 0, 0., 0, 0., 0, 0., 5, 0.6925207756232687, 0, 0., 0, 0., 0, 0., 0, 0., 0, 0., 0, 0., 0, 0., 0, 0., 0, 0., 549, 76.0387811634349, 0, 0., 0, 0., 0, 0., 5, 0.6925207756232687, 0, 0., 0, 0., 130, 699, 829, 722, 0.8709288299155609
, generated\gt\sample_000600.krn, generated\xml_oemer\sample_000600.xml, 0, 0., 82, 10.123456790123457, 0, 0., 3, 0.37037037037037035, 0, 0., 0, 0., 2, 0.24691358024691357, 0, 0., 0, 0., 0, 0., 0, 0., 0, 0., 0, 0., 1, 0.12345679012345678, 4, 0.49382716049382713, 6, 0.7407407407407407, 0, 0., 0, 0., 0, 0., 0, 0., 0, 0., 0, 0., 0, 0., 0, 0., 0, 0., 0, 0., 0, 0., 0, 0., 0, 0., 0, 0., 0, 0., 0, 0., 707, 87.28395061728395, 0, 0., 0, 0., 0, 0., 5, 0.6172839506172839, 0, 0., 0, 0., 143, 787, 930, 810, 0.8709677419354839
, generated\gt\sample_000621.krn, generated\xml_oemer\sample_000621.xml, 0, 0., 163, 12.957074721780604, 12, 0.9538950715421304, 28, 2.2257551669316373, 1, 0.0794912559618442, 0, 0., 0, 0., 0, 0., 0, 0., 2, 0.1589825119236884, 0, 0., 0, 0., 0, 0., 1, 0.0794912559618442, 2, 0.1589825119236884, 3, 0.2384737678855326, 0, 0., 0, 0., 0, 0., 0, 0., 0, 0., 0, 0., 7, 0.5564387917329093, 0, 0., 0, 0., 0, 0., 0, 0., 0, 0., 0, 0., 0, 0., 0, 0., 0, 0., 1039, 82.59141494435612, 0, 0., 0, 0., 0, 0., 0, 0., 0, 0., 0, 0., 188, 1256, 1444, 1258, 0.871191135734072
, generated\gt\sample_000222.krn, generated\xml_oemer\sample_000222.xml, 0, 0., 134, 13.280475718533202, 8, 0.7928642220019821, 6, 0.5946481665014867, 5, 0.49554013875123887, 2, 0.19821605550049554, 11, 1.0901883052527255, 0, 0., 0, 0., 0, 0., 3, 0.29732408325074333, 0, 0., 0, 0., 0, 0., 4, 0.39643211100099107, 0, 0., 0, 0., 0, 0., 0, 0., 0, 0., 0, 0., 0, 0., 2, 0.19821605550049554, 0, 0., 0, 0., 0, 0., 0, 0., 0, 0., 0, 0., 0, 0., 0, 0., 0, 0., 829, 82.1605550049554, 0, 0., 0, 0., 0, 0., 5, 0.49554013875123887, 0, 0., 0, 0., 164, 994, 1158, 1009, 0.8713298791018999
, generated\gt\sample_000505.krn, generated\xml_oemer\sample_000505.xml, 0, 0., 170, 14.418999151823579, 2, 0.16963528413910092, 35, 2.9686174724342664, 1, 0.08481764206955046, 0, 0., 3, 0.2544529262086514, 0, 0., 0, 0., 0, 0., 0, 0., 0, 0., 0, 0., 1, 0.08481764206955046, 4, 0.33927056827820185, 7, 0.5937234944868532, 0, 0., 0, 0., 0, 0., 0, 0., 0, 0., 0, 0., 2, 0.16963528413910092, 0, 0., 0, 0., 0, 0., 0, 0., 0, 0., 0, 0., 0, 0., 0, 0., 0, 0., 949, 80.49194232400339, 0, 0., 0, 0., 0, 0., 5, 0.42408821034775235, 0, 0., 0, 0., 240, 1113, 1353, 1179, 0.8713968957871396
, generated\gt\sample_000507.krn, generated\xml_oemer\sample_000507.xml, 0, 0., 95, 7.636655948553055, 20, 1.607717041800643, 14, 1.1254019292604502, 0, 0., 0, 0., 6, 0.48231511254019294, 0, 0., 0, 0., 0, 0., 24, 1.9292604501607717, 0, 0., 0, 0., 2, 0.1607717041800643, 4, 0.3215434083601286, 2, 0.1607717041800643, 0, 0., 4, 0.3215434083601286, 0, 0., 0, 0., 0, 0., 0, 0., 4, 0.3215434083601286, 0, 0., 0, 0., 0, 0., 0, 0., 0, 0., 0, 0., 0, 0., 0, 0., 0, 0., 1064, 85.53054662379421, 0, 0., 0, 0., 0, 0., 5, 0.40192926045016075, 0, 0., 0, 0., 202, 1224, 1426, 1244, 0.8723702664796634
, generated\gt\sample_000136.krn, generated\xml_oemer\sample_000136.xml, 0, 0., 184, 12.559726962457338, 6, 0.40955631399317405, 26, 1.7747440273037542, 6, 0.40955631399317405, 0, 0., 4, 0.27303754266211605, 0, 0., 0, 0., 0, 0., 0, 0., 0, 0., 0, 0., 1, 0.06825938566552901, 4, 0.27303754266211605, 0, 0., 0, 0., 0, 0., 0, 0., 0, 0., 0, 0., 0, 0., 7, 0.4778156996587031, 0, 0., 0, 0., 0, 0., 0, 0., 0, 0., 0, 0., 0, 0., 0, 0., 0, 0., 1222, 83.41296928327645, 0, 0., 0, 0., 0, 0., 5, 0.3412969283276451, 0, 0., 0, 0., 231, 1448, 1679, 1465, 0.8725431804645623
, generated\gt\sample_000670.krn, generated\xml_oemer\sample_000670.xml, 0, 0., 198, 12.635609444798979, 18, 1.148691767708998, 36, 2.297383535417996, 1, 0.06381620931716656, 0, 0., 9, 0.574345883854499, 0, 0., 0, 0., 0, 0., 0, 0., 2, 0.1276324186343331, 0, 0., 0, 0., 4, 0.2552648372686662, 0, 0., 0, 0., 0, 0., 0, 0., 0, 0., 0, 0., 0, 0., 8, 0.5105296745373324, 0, 0., 0, 0., 0, 0., 0, 0., 0, 0., 0, 0., 0, 0., 0, 0., 0, 0., 1286, 82.0676451818762, 0, 0., 0, 0., 0, 0., 5, 0.3190810465858328, 0, 0., 0, 0., 225, 1570, 1795, 1567, 0.8729805013927576
, generated\gt\sample_000094.krn, generated\xml_oemer\sample_000094.xml, 0, 0., 251, 21.84508268059182, 4, 0.34812880765883375, 34, 2.959094865100087, 1, 0.08703220191470844, 0, 0., 14, 1.2184508268059182, 0, 0., 0, 0., 0, 0., 0, 0., 0, 0., 0, 0., 0, 0., 2, 0.17406440382941687, 0, 0., 0, 0., 0, 0., 0, 0., 0, 0., 0, 0., 0, 0., 6, 0.5221932114882507, 0, 0., 0, 0., 0, 0., 0, 0., 0, 0., 0, 0., 0, 0., 0, 0., 0, 0., 832, 72.41079199303742, 0, 0., 0, 0., 0, 0., 5, 0.4351610095735422, 0, 0., 0, 0., 250, 1066, 1316, 1149, 0.8731003039513677
, generated\gt\sample_000412.krn, generated\xml_oemer\sample_000412.xml, 0, 0., 214, 14.738292011019285, 20, 1.3774104683195592, 24, 1.6528925619834711, 1, 0.06887052341597796, 0, 0., 8, 0.5509641873278237, 0, 0., 0, 0., 12, 0.8264462809917356, 12, 0.8264462809917356, 0, 0., 0, 0., 0, 0., 4, 0.27548209366391185, 0, 0., 0, 0., 0, 0., 0, 0., 0, 0., 0, 0., 0, 0., 1, 0.06887052341597796, 0, 0., 0, 0., 0, 0., 0, 0., 0, 0., 0, 0., 0, 0., 0, 0., 0, 0., 1151, 79.26997245179064, 0, 0., 0, 0., 0, 0., 5, 0.3443526170798898, 0, 0., 0, 0., 281, 1382, 1663, 1452, 0.8731208659049909
, generated\gt\sample_000611.krn, generated\xml_oemer\sample_000611.xml, 0, 0., 158, 16.04060913705584, 4, 0.40609137055837563, 31, 3.1472081218274113, 0, 0., 0, 0., 0, 0., 0, 0., 0, 0., 0, 0., 12, 1.218274111675127, 0, 0., 0, 0., 0, 0., 4, 0.40609137055837563, 0, 0., 0, 0., 0, 0., 0, 0., 0, 0., 0, 0., 0, 0., 3, 0.30456852791878175, 0, 0., 0, 0., 0, 0., 0, 0., 0, 0., 0, 0., 0, 0., 0, 0., 0, 0., 768, 77.96954314720813, 0, 0., 0, 0., 0, 0., 5, 0.5076142131979695, 0, 0., 0, 0., 194, 934, 1128, 985, 0.87322695035461
, generated\gt\sample_000640.krn, generated\xml_oemer\sample_000640.xml, 0, 0., 216, 12.18961625282167, 6, 0.33860045146726864, 43, 2.4266365688487586, 4, 0.22573363431151242, 0, 0., 13, 0.7336343115124153, 0, 0., 0, 0., 4, 0.22573363431151242, 10, 0.5643340857787811, 0, 0., 0, 0., 0, 0., 4, 0.22573363431151242, 0, 0., 0, 0., 0, 0., 0, 0., 0, 0., 0, 0., 0, 0., 0, 0., 0, 0., 0, 0., 0, 0., 0, 0., 0, 0., 0, 0., 0, 0., 0, 0., 0, 0., 1467, 82.78781038374717, 0, 0., 0, 0., 0, 0., 5, 0.28216704288939054, 0, 0., 0, 0., 288, 1740, 2028, 1772, 0.873767258382643
, generated\gt\sample_000376.krn, generated\xml_oemer\sample_000376.xml, 0, 0., 313, 17.408231368186875, 0, 0., 54, 3.0033370411568407, 8, 0.44493882091212456, 0, 0., 8, 0.44493882091212456, 0, 0., 0, 0., 1, 0.05561735261401557, 0, 0., 0, 0., 0, 0., 0, 0., 4, 0.22246941045606228, 0, 0., 0, 0., 0, 0., 0, 0., 0, 0., 0, 0., 0, 0., 0, 0., 0, 0., 0, 0., 0, 0., 0, 0., 0, 0., 0, 0., 0, 0., 0, 0., 0, 0., 1405, 78.14238042269189, 0, 0., 0, 0., 0, 0., 5, 0.27808676307007785, 0, 0., 0, 0., 340, 1715, 2055, 1798, 0.8749391727493917
, generated\gt\sample_000596.krn, generated\xml_oemer\sample_000596.xml, 0, 0., 292, 23.06477093206951, 6, 0.47393364928909953, 27, 2.132701421800948, 0, 0., 0, 0., 5, 0.3949447077409163, 0, 0., 0, 0., 1, 0.07898894154818326, 0, 0., 0, 0., 0, 0., 0, 0., 4, 0.315955766192733, 0, 0., 0, 0., 0, 0., 0, 0., 0, 0., 0, 0., 0, 0., 8, 0.631911532385466, 0, 0., 0, 0., 0, 0., 0, 0., 0, 0., 0, 0., 0, 0., 0, 0., 0, 0., 918, 72.51184834123222, 0, 0., 0, 0., 0, 0., 5, 0.3949447077409163, 0, 0., 0, 0., 229, 1217, 1446, 1266, 0.8755186721991701
, generated\gt\sample_000645.krn, generated\xml_oemer\sample_000645.xml, 0, 0., 72, 6.818181818181818, 4, 0.3787878787878788, 25, 2.367424242424242, 2, 0.1893939393939394, 0, 0., 2, 0.1893939393939394, 0, 0., 0, 0., 0, 0., 0, 0., 0, 0., 0, 0., 3, 0.2840909090909091, 2, 0.1893939393939394, 0, 0., 0, 0., 0, 0., 0, 0., 0, 0., 0, 0., 0, 0., 3, 0.2840909090909091, 0, 0., 0, 0., 0, 0., 0, 0., 0, 0., 0, 0., 0, 0., 0, 0., 0, 0., 943, 89.29924242424242, 0, 0., 0, 0., 0, 0., 0, 0., 0, 0., 0, 0., 129, 1077, 1206, 1056, 0.8756218905472637
, generated\gt\sample_000216.krn, generated\xml_oemer\sample_000216.xml, 0, 0., 142, 15.725359911406423, 0, 0., 31, 3.433001107419712, 9, 0.9966777408637874, 0, 0., 0, 0., 0, 0., 0, 0., 0, 0., 0, 0., 0, 0., 0, 0., 0, 0., 4, 0.4429678848283499, 0, 0., 0, 0., 0, 0., 0, 0., 0, 0., 0, 0., 0, 0., 3, 0.33222591362126247, 0, 0., 0, 0., 0, 0., 0, 0., 0, 0., 0, 0., 0, 0., 0, 0., 0, 0., 709, 78.51605758582502, 0, 0., 0, 0., 0, 0., 5, 0.5537098560354374, 0, 0., 0, 0., 146, 885, 1031, 903, 0.8758486905916586
, generated\gt\sample_000679.krn, generated\xml_oemer\sample_000679.xml, 0, 0., 157, 12.87940935192781, 12, 0.9844134536505332, 30, 2.4610336341263332, 8, 0.6562756357670222, 0, 0., 5, 0.41017227235438886, 0, 0., 0, 0., 1, 0.08203445447087777, 8, 0.6562756357670222, 0, 0., 0, 0., 5, 0.41017227235438886, 4, 0.3281378178835111, 0, 0., 0, 0., 0, 0., 0, 0., 0, 0., 0, 0., 0, 0., 8, 0.6562756357670222, 0, 0., 0, 0., 0, 0., 0, 0., 0, 0., 0, 0., 0, 0., 0, 0., 0, 0., 976, 80.0656275635767, 0, 0., 0, 0., 0, 0., 5, 0.41017227235438886, 0, 0., 0, 0., 200, 1191, 1391, 1219, 0.8763479511143063
, generated\gt\sample_000506.krn, generated\xml_oemer\sample_000506.xml, 0, 0., 176, 11.624834874504623, 8, 0.5284015852047557, 30, 1.9815059445178336, 3, 0.19815059445178335, 0, 0., 0, 0., 0, 0., 0, 0., 0, 0., 20, 1.321003963011889, 0, 0., 0, 0., 0, 0., 4, 0.26420079260237783, 0, 0., 0, 0., 0, 0., 0, 0., 0, 0., 0, 0., 0, 0., 2, 0.13210039630118892, 0, 0., 0, 0., 0, 0., 0, 0., 0, 0., 0, 0., 0, 0., 0, 0., 0, 0., 1266, 83.61955085865257, 0, 0., 0, 0., 0, 0., 5, 0.33025099075297226, 0, 0., 0, 0., 239, 1488, 1727, 1514, 0.876664736537348
, generated\gt\sample_000435.krn, generated\xml_oemer\sample_000435.xml, 0, 0., 141, 13.96039603960396, 8, 0.7920792079207921, 8, 0.7920792079207921, 1, 0.09900990099009901, 0, 0., 0, 0., 0, 0., 0, 0., 1, 0.09900990099009901, 5, 0.49504950495049505, 0, 0., 0, 0., 1, 0.09900990099009901, 4, 0.39603960396039606, 0, 0., 0, 0., 4, 0.39603960396039606, 9, 0.8910891089108911, 0, 0., 0, 0., 0, 0., 4, 0.39603960396039606, 0, 0., 0, 0., 0, 0., 0, 0., 0, 0., 0, 0., 0, 0., 0, 0., 0, 0., 819, 81.08910891089108, 0, 0., 0, 0., 0, 0., 5, 0.49504950495049505, 0, 0., 0, 0., 190, 962, 1152, 1010, 0.8767361111111112
, generated\gt\sample_000228.krn, generated\xml_oemer\sample_000228.xml, 0, 0., 153, 11.094996374184191, 2, 0.145032632342277, 40, 2.9006526468455403, 2, 0.145032632342277, 0, 0., 0, 0., 0, 0., 0, 0., 0, 0., 0, 0., 0, 0., 0, 0., 2, 0.145032632342277, 2, 0.145032632342277, 0, 0., 0, 0., 0, 0., 0, 0., 0, 0., 0, 0., 0, 0., 0, 0., 0, 0., 0, 0., 0, 0., 0, 0., 0, 0., 0, 0., 0, 0., 0, 0., 0, 0., 1173, 85.06163886874546, 0, 0., 0, 0., 0, 0., 5, 0.36258158085569253, 0, 0., 0, 0., 196, 1375, 1571, 1379, 0.8777848504137492
, generated\gt\sample_000090.krn, generated\xml_oemer\sample_000090.xml, 0, 0., 382, 22.80597014925373, 2, 0.11940298507462686, 66, 3.9402985074626864, 1, 0.05970149253731343, 0, 0., 2, 0.11940298507462686, 0, 0., 0, 0., 0, 0., 0, 0., 0, 0., 0, 0., 1, 0.05970149253731343, 4, 0.23880597014925373, 0, 0., 0, 0., 0, 0., 0, 0., 0, 0., 0, 0., 0, 0., 13, 0.7761194029850746, 0, 0., 0, 0., 0, 0., 0, 0., 0, 0., 0, 0., 0, 0., 0, 0., 0, 0., 1199, 71.58208955223881, 0, 0., 0, 0., 0, 0., 5, 0.29850746268656714, 0, 0., 0, 0., 356, 1552, 1908, 1675, 0.8778825995807128
, generated\gt\sample_000082.krn, generated\xml_oemer\sample_000082.xml, 0, 0., 294, 19.103313840155945, 4, 0.2599090318388564, 30, 1.949317738791423, 1, 0.0649772579597141, 0, 0., 3, 0.1949317738791423, 0, 0., 0, 0., 1, 0.0649772579597141, 11, 0.7147498375568551, 0, 0., 0, 0., 2, 0.1299545159194282, 2, 0.1299545159194282, 0, 0., 0, 0., 0, 0., 0, 0., 0, 0., 0, 0., 0, 0., 15, 0.9746588693957114, 0, 0., 0, 0., 0, 0., 0, 0., 0, 0., 0, 0., 0, 0., 0, 0., 0, 0., 1171, 76.08836907082521, 0, 0., 0, 0., 0, 0., 5, 0.3248862897985705, 0, 0., 0, 0., 320, 1433, 1753, 1539, 0.8779235596120936
, generated\gt\sample_000441.krn, generated\xml_oemer\sample_000441.xml, 0, 0., 94, 9.343936381709742, 4, 0.3976143141153082, 7, 0.6958250497017893, 3, 0.2982107355864811, 4, 0.3976143141153082, 3, 0.2982107355864811, 0, 0., 0, 0., 0, 0., 3, 0.2982107355864811, 0, 0., 0, 0., 0, 0., 4, 0.3976143141153082, 0, 0., 0, 0., 0, 0., 6, 0.5964214711729622, 0, 0., 0, 0., 0, 0., 2, 0.1988071570576541, 0, 0., 0, 0., 0, 0., 0, 0., 0, 0., 0, 0., 0, 0., 0, 0., 0, 0., 871, 86.58051689860835, 0, 0., 0, 0., 0, 0., 5, 0.4970178926441352, 0, 0., 0, 0., 146, 999, 1145, 1006, 0.8786026200873363
, generated\gt\sample_000503.krn, generated\xml_oemer\sample_000503.xml, 0, 0., 122, 11.520302171860246, 20, 1.8885741265344664, 1, 0.09442870632672333, 2, 0.18885741265344666, 0, 0., 3, 0.28328611898017, 0, 0., 0, 0., 5, 0.4721435316336166, 0, 0., 0, 0., 0, 0., 2, 0.18885741265344666, 4, 0.3777148253068933, 7, 0.6610009442870632, 0, 0., 0, 0., 0, 0., 0, 0., 0, 0., 0, 0., 1, 0.09442870632672333, 0, 0., 0, 0., 0, 0., 0, 0., 0, 0., 0, 0., 0, 0., 0, 0., 0, 0., 887, 83.7582625118036, 0, 0., 0, 0., 0, 0., 5, 0.4721435316336166, 0, 0., 0, 0., 184, 1021, 1205, 1059, 0.8788381742738589
, generated\gt\sample_000594.krn, generated\xml_oemer\sample_000594.xml, 0, 0., 257, 51.19521912350598, 14, 2.7888446215139444, 9, 1.792828685258964, 0, 0., 0, 0., 1, 0.199203187250996, 0, 0., 0, 0., 0, 0., 2, 0.398406374501992, 0, 0., 0, 0., 0, 0., 4, 0.796812749003984, 0, 0., 0, 0., 2, 0.398406374501992, 0, 0., 0, 0., 0, 0., 0, 0., 1, 0.199203187250996, 0, 0., 0, 0., 0, 0., 0, 0., 0, 0., 0, 0., 0, 0., 0, 0., 0, 0., 207, 41.235059760956176, 0, 0., 0, 0., 0, 0., 5, 0.9960159362549801, 0, 0., 0, 0., 364, 207, 571, 502, 0.8791593695271454
, generated\gt\sample_000039.krn, generated\xml_oemer\sample_000039.xml, 0, 0., 243, 24.34869739478958, 0, 0., 4, 0.40080160320641284, 1, 0.10020040080160321, 0, 0., 8, 0.8016032064128257, 0, 0., 0, 0., 0, 0., 0, 0., 0, 0., 0, 0., 1, 0.10020040080160321, 4, 0.40080160320641284, 4, 0.40080160320641284, 0, 0., 0, 0., 12, 1.2024048096192386, 0, 0., 0, 0., 0, 0., 3, 0.30060120240480964, 0, 0., 0, 0., 0, 0., 0, 0., 0, 0., 0, 0., 0, 0., 0, 0., 0, 0., 713, 71.44288577154309, 0, 0., 0, 0., 0, 0., 5, 0.501002004008016, 0, 0., 0, 0., 225, 910, 1135, 998, 0.879295154185022
, generated\gt\sample_000117.krn, generated\xml_oemer\sample_000117.xml, 0, 0., 232, 18.619582664526483, 0, 0., 32, 2.568218298555377, 0, 0., 0, 0., 12, 0.9630818619582665, 0, 0., 0, 0., 0, 0., 0, 0., 0, 0., 0, 0., 0, 0., 4, 0.32102728731942215, 0, 0., 0, 0., 0, 0., 0, 0., 0, 0., 0, 0., 0, 0., 0, 0., 0, 0., 0, 0., 0, 0., 0, 0., 0, 0., 0, 0., 0, 0., 0, 0., 0, 0., 961, 77.12680577849117, 0, 0., 0, 0., 0, 0., 5, 0.4012841091492777, 0, 0., 0, 0., 245, 1171, 1416, 1246, 0.8799435028248588
, generated\gt\sample_000478.krn, generated\xml_oemer\sample_000478.xml, 0, 0., 394, 26.058201058201057, 4, 0.26455026455026454, 59, 3.9021164021164023, 0, 0., 0, 0., 2, 0.13227513227513227, 0, 0., 0, 0., 0, 0., 0, 0., 0, 0., 0, 0., 0, 0., 2, 0.13227513227513227, 12, 0.7936507936507936, 0, 0., 0, 0., 0, 0., 0, 0., 0, 0., 0, 0., 7, 0.46296296296296297, 0, 0., 0, 0., 0, 0., 0, 0., 0, 0., 0, 0., 0, 0., 0, 0., 0, 0., 1027, 67.92328042328042, 0, 0., 0, 0., 0, 0., 5, 0.3306878306878307, 0, 0., 0, 0., 363, 1353, 1716, 1512, 0.8811188811188811
, generated\gt\sample_000681.krn, generated\xml_oemer\sample_000681.xml, 0, 0., 217, 14.21087098886706, 0, 0., 56, 3.66732154551408, 2, 0.13097576948264572, 0, 0., 6, 0.3929273084479371, 0, 0., 0, 0., 0, 0., 2, 0.13097576948264572, 0, 0., 0, 0., 0, 0., 4, 0.26195153896529144, 2, 0.13097576948264572, 0, 0., 0, 0., 0, 0., 0, 0., 0, 0., 0, 0., 12, 0.7858546168958742, 0, 0., 0, 0., 0, 0., 0, 0., 0, 0., 0, 0., 0, 0., 0, 0., 0, 0., 1221, 79.96070726915521, 0, 0., 0, 0., 0, 0., 5, 0.3274394237066143, 0, 0., 0, 0., 256, 1477, 1733, 1527, 0.881130986728217
, generated\gt\sample_000247.krn, generated\xml_oemer\sample_000247.xml, 0, 0., 299, 31.70731707317073, 4, 0.4241781548250265, 15, 1.5906680805938493, 3, 0.3181336161187699, 0, 0., 0, 0., 0, 0., 0, 0., 0, 0., 0, 0., 0, 0., 0, 0., 1, 0.10604453870625663, 2, 0.21208907741251326, 6, 0.6362672322375398, 0, 0., 0, 0., 0, 0., 0, 0., 0, 0., 0, 0., 4, 0.4241781548250265, 0, 0., 0, 0., 0, 0., 0, 0., 0, 0., 0, 0., 0, 0., 0, 0., 0, 0., 609, 64.58112407211028, 0, 0., 0, 0., 0, 0., 0, 0., 0, 0., 0, 0., 220, 850, 1070, 943, 0.8813084112149533
, generated\gt\sample_000130.krn, generated\xml_oemer\sample_000130.xml, 0, 0., 23, 1.3633669235328987, 14, 0.8298755186721992, 34, 2.015411973918198, 1, 0.05927682276229994, 0, 0., 0, 0., 0, 0., 0, 0., 2, 0.11855364552459988, 0, 0., 0, 0., 0, 0., 2, 0.11855364552459988, 2, 0.11855364552459988, 0, 0., 0, 0., 0, 0., 0, 0., 0, 0., 0, 0., 0, 0., 3, 0.17783046828689983, 0, 0., 0, 0., 0, 0., 0, 0., 0, 0., 0, 0., 0, 0., 0, 0., 0, 0., 1606, 95.19857735625371, 0, 0., 0, 0., 0, 0., 0, 0., 0, 0., 0, 0., 161, 1753, 1914, 1687, 0.8814002089864159
, generated\gt\sample_000002.krn, generated\xml_oemer\sample_000002.xml, 0, 0., 172, 23.369565217391305, 0, 0., 34, 4.619565217391305, 0, 0., 0, 0., 0, 0., 0, 0., 0, 0., 0, 0., 0, 0., 0, 0., 0, 0., 1, 0.1358695652173913, 1, 0.1358695652173913, 2, 0.2717391304347826, 0, 0., 2, 0.2717391304347826, 0, 0., 0, 0., 0, 0., 0, 0., 0, 0., 0, 0., 0, 0., 0, 0., 0, 0., 0, 0., 0, 0., 0, 0., 0, 0., 0, 0., 524, 71.19565217391305, 0, 0., 0, 0., 0, 0., 0, 0., 0, 0., 0, 0., 166, 669, 835, 736, 0.881437125748503
, generated\gt\sample_000541.krn, generated\xml_oemer\sample_000541.xml, 0, 0., 181, 10.402298850574713, 8, 0.45977011494252873, 54, 3.103448275862069, 2, 0.11494252873563218, 0, 0., 1, 0.05747126436781609, 0, 0., 0, 0., 0, 0., 0, 0., 0, 0., 0, 0., 3, 0.1724137931034483, 4, 0.22988505747126436, 1, 0.05747126436781609, 0, 0., 4, 0.22988505747126436, 0, 0., 0, 0., 0, 0., 0, 0., 0, 0., 0, 0., 0, 0., 0, 0., 0, 0., 0, 0., 0, 0., 0, 0., 0, 0., 0, 0., 1477, 84.88505747126437, 0, 0., 0, 0., 0, 0., 5, 0.28735632183908044, 0, 0., 0, 0., 281, 1692, 1973, 1740, 0.8819057273188039
, generated\gt\sample_000029.krn, generated\xml_oemer\sample_000029.xml, 0, 0., 148, 18.004866180048662, 2, 0.24330900243309003, 16, 1.9464720194647203, 1, 0.12165450121654502, 0, 0., 5, 0.6082725060827251, 0, 0., 0, 0., 0, 0., 0, 0., 0, 0., 0, 0., 0, 0., 2, 0.24330900243309003, 0, 0., 0, 0., 0, 0., 0, 0., 0, 0., 0, 0., 0, 0., 2, 0.24330900243309003, 0, 0., 0, 0., 0, 0., 0, 0., 0, 0., 0, 0., 0, 0., 0, 0., 0, 0., 641, 77.98053527980535, 0, 0., 0, 0., 0, 0., 5, 0.6082725060827251, 0, 0., 0, 0., 150, 781, 931, 822, 0.882921589688507
, generated\gt\sample_000277.krn, generated\xml_oemer\sample_000277.xml, 0, 0., 228, 19.0, 4, 0.3333333333333333, 27, 2.25, 2, 0.16666666666666666, 0, 0., 4, 0.3333333333333333, 0, 0., 0, 0., 0, 0., 7, 0.5833333333333334, 0, 0., 0, 0., 3, 0.25, 2, 0.16666666666666666, 0, 0., 0, 0., 0, 0., 0, 0., 0, 0., 0, 0., 0, 0., 6, 0.5, 0, 0., 0, 0., 0, 0., 0, 0., 0, 0., 0, 0., 0, 0., 0, 0., 0, 0., 912, 76.0, 0, 0., 0, 0., 0, 0., 5, 0.4166666666666667, 0, 0., 0, 0., 226, 1133, 1359, 1200, 0.8830022075055187
, generated\gt\sample_000183.krn, generated\xml_oemer\sample_000183.xml, 0, 0., 115, 17.293233082706767, 10, 1.5037593984962405, 3, 0.45112781954887216, 7, 1.0526315789473684, 0, 0., 4, 0.6015037593984962, 0, 0., 0, 0., 0, 0., 0, 0., 0, 0., 0, 0., 0, 0., 2, 0.3007518796992481, 0, 0., 0, 0., 0, 0., 0, 0., 0, 0., 0, 0., 0, 0., 7, 1.0526315789473684, 0, 0., 0, 0., 0, 0., 0, 0., 0, 0., 0, 0., 0, 0., 0, 0., 0, 0., 512, 76.99248120300751, 0, 0., 0, 0., 0, 0., 5, 0.7518796992481203, 0, 0., 0, 0., 132, 621, 753, 665, 0.8831341301460823
, generated\gt\sample_000251.krn, generated\xml_oemer\sample_000251.xml, 0, 0., 207, 20.39408866995074, 16, 1.5763546798029557, 10, 0.9852216748768473, 9, 0.8866995073891626, 0, 0., 6, 0.5911330049261084, 0, 0., 0, 0., 1, 0.09852216748768473, 0, 0., 0, 0., 0, 0., 1, 0.09852216748768473, 4, 0.39408866995073893, 1, 0.09852216748768473, 0, 0., 0, 0., 0, 0., 0, 0., 0, 0., 0, 0., 10, 0.9852216748768473, 0, 0., 0, 0., 0, 0., 0, 0., 0, 0., 0, 0., 0, 0., 0, 0., 0, 0., 745, 73.39901477832512, 0, 0., 0, 0., 0, 0., 5, 0.49261083743842365, 0, 0., 0, 0., 213, 936, 1149, 1015, 0.8833768494342907
, generated\gt\sample_000406.krn, generated\xml_oemer\sample_000406.xml, 0, 0., 83, 8.291708291708291, 16, 1.5984015984015985, 3, 0.2997002997002997, 0, 0., 0, 0., 8, 0.7992007992007992, 0, 0., 0, 0., 0, 0., 11, 1.098901098901099, 0, 0., 0, 0., 1, 0.0999000999000999, 4, 0.3996003996003996, 2, 0.1998001998001998, 0, 0., 0, 0., 0, 0., 0, 0., 0, 0., 0, 0., 0, 0., 0, 0., 0, 0., 0, 0., 0, 0., 0, 0., 0, 0., 0, 0., 0, 0., 0, 0., 868, 86.7132867132867, 0, 0., 0, 0., 0, 0., 5, 0.4995004995004995, 0, 0., 0, 0., 154, 979, 1133, 1001, 0.883495145631068
, generated\gt\sample_000660.krn, generated\xml_oemer\sample_000660.xml, 0, 0., 49, 9.351145038167939, 4, 0.7633587786259542, 6, 1.1450381679389312, 0, 0., 0, 0., 0, 0., 0, 0., 0, 0., 0, 0., 2, 0.3816793893129771, 0, 0., 0, 0., 0, 0., 2, 0.3816793893129771, 0, 0., 0, 0., 0, 0., 0, 0., 0, 0., 0, 0., 0, 0., 3, 0.5725190839694656, 0, 0., 0, 0., 0, 0., 0, 0., 0, 0., 0, 0., 0, 0., 0, 0., 0, 0., 453, 86.45038167938931, 0, 0., 0, 0., 0, 0., 5, 0.9541984732824428, 0, 0., 0, 0., 72, 521, 593, 524, 0.8836424957841484
, generated\gt\sample_000644.krn, generated\xml_oemer\sample_000644.xml, 0, 0., 316, 18.0881511161992, 0, 0., 32, 1.8317115054378936, 5, 0.28620492272467085, 0, 0., 1, 0.057240984544934176, 0, 0., 0, 0., 0, 0., 1, 0.057240984544934176, 0, 0., 0, 0., 3, 0.17172295363480253, 4, 0.2289639381797367, 4, 0.2289639381797367, 0, 0., 0, 0., 0, 0., 0, 0., 0, 0., 0, 0., 11, 0.6296508299942759, 0, 0., 0, 0., 0, 0., 0, 0., 0, 0., 0, 0., 0, 0., 0, 0., 0, 0., 1365, 78.13394390383515, 0, 0., 0, 0., 0, 0., 5, 0.28620492272467085, 0, 0., 0, 0., 325, 1652, 1977, 1747, 0.8836621143146182
, generated\gt\sample_000344.krn, generated\xml_oemer\sample_000344.xml, 0, 0., 26, 2.589641434262948, 16, 1.593625498007968, 7, 0.6972111553784861, 1, 0.099601593625498, 0, 0., 0, 0., 0, 0., 0, 0., 0, 0., 14, 1.3944223107569722, 0, 0., 0, 0., 0, 0., 2, 0.199203187250996, 0, 0., 0, 0., 4, 0.398406374501992, 0, 0., 0, 0., 0, 0., 0, 0., 0, 0., 0, 0., 0, 0., 0, 0., 0, 0., 0, 0., 0, 0., 0, 0., 0, 0., 0, 0., 934, 93.02788844621514, 0, 0., 0, 0., 0, 0., 0, 0., 0, 0., 0, 0., 101, 1035, 1136, 1004, 0.8838028169014085
, generated\gt\sample_000180.krn, generated\xml_oemer\sample_000180.xml, 0, 0., 71, 8.031674208144796, 2, 0.22624434389140272, 3, 0.3393665158371041, 4, 0.45248868778280543, 0, 0., 0, 0., 0, 0., 0, 0., 0, 0., 1, 0.11312217194570136, 1, 0.11312217194570136, 0, 0., 0, 0., 2, 0.22624434389140272, 0, 0., 0, 0., 0, 0., 0, 0., 0, 0., 0, 0., 0, 0., 8, 0.9049773755656109, 0, 0., 0, 0., 0, 0., 0, 0., 0, 0., 0, 0., 0, 0., 0, 0., 0, 0., 787, 89.02714932126698, 0, 0., 0, 0., 0, 0., 5, 0.5656108597285068, 0, 0., 0, 0., 151, 849, 1000, 884, 0.884
, generated\gt\sample_000320.krn, generated\xml_oemer\sample_000320.xml, 0, 0., 201, 57.10227272727273, 14, 3.977272727272727, 0, 0., 2, 0.5681818181818182, 0, 0., 8, 2.272727272727273, 0, 0., 0, 0., 1, 0.2840909090909091, 0, 0., 0, 0., 0, 0., 0, 0., 2, 0.5681818181818182, 14, 3.977272727272727, 0, 0., 1, 0.2840909090909091, 0, 0., 0, 0., 0, 0., 0, 0., 5, 1.4204545454545454, 0, 0., 0, 0., 0, 0., 0, 0., 0, 0., 0, 0., 0, 0., 0, 0., 0, 0., 99, 28.125, 0, 0., 0, 0., 0, 0., 5, 1.4204545454545454, 0, 0., 0, 0., 240, 158, 398, 352, 0.8844221105527639
, generated\gt\sample_000028.krn, generated\xml_oemer\sample_000028.xml, 0, 0., 149, 18.81313131313131, 6, 0.7575757575757576, 10, 1.2626262626262625, 0, 0., 0, 0., 2, 0.25252525252525254, 0, 0., 0, 0., 0, 0., 0, 0., 0, 0., 0, 0., 0, 0., 2, 0.25252525252525254, 0, 0., 0, 0., 0, 0., 0, 0., 0, 0., 0, 0., 0, 0., 2, 0.25252525252525254, 0, 0., 0, 0., 0, 0., 0, 0., 0, 0., 0, 0., 0, 0., 0, 0., 0, 0., 616, 77.77777777777777, 0, 0., 0, 0., 0, 0., 5, 0.6313131313131313, 0, 0., 0, 0., 148, 747, 895, 792, 0.8849162011173184
, generated\gt\sample_000480.krn, generated\xml_oemer\sample_000480.xml, 0, 0., 208, 14.606741573033707, 0, 0., 15, 1.053370786516854, 3, 0.21067415730337077, 0, 0., 0, 0., 0, 0., 0, 0., 2, 0.1404494382022472, 0, 0., 0, 0., 0, 0., 4, 0.2808988764044944, 4, 0.2808988764044944, 3, 0.21067415730337077, 0, 0., 0, 0., 0, 0., 0, 0., 0, 0., 0, 0., 7, 0.49157303370786515, 0, 0., 0, 0., 0, 0., 0, 0., 0, 0., 0, 0., 0, 0., 0, 0., 0, 0., 1173, 82.37359550561797, 0, 0., 0, 0., 0, 0., 5, 0.351123595505618, 0, 0., 0, 0., 234, 1374, 1608, 1424, 0.8855721393034826
, generated\gt\sample_000074.krn, generated\xml_oemer\sample_000074.xml, 0, 0., 215, 14.439220953660175, 10, 0.6715916722632639, 50, 3.3579583613163195, 2, 0.1343183344526528, 0, 0., 0, 0., 0, 0., 0, 0., 0, 0., 0, 0., 0, 0., 0, 0., 0, 0., 4, 0.2686366689053056, 0, 0., 0, 0., 0, 0., 0, 0., 0, 0., 0, 0., 0, 0., 1, 0.0671591672263264, 0, 0., 0, 0., 0, 0., 0, 0., 0, 0., 0, 0., 0, 0., 0, 0., 0, 0., 1202, 80.72531900604433, 0, 0., 0, 0., 0, 0., 5, 0.33579583613163194, 0, 0., 0, 0., 239, 1442, 1681, 1489, 0.8857822724568709
, generated\gt\sample_000096.krn, generated\xml_oemer\sample_000096.xml, 0, 0., 300, 29.940119760479043, 0, 0., 13, 1.2974051896207586, 3, 0.2994011976047904, 0, 0., 3, 0.2994011976047904, 0, 0., 0, 0., 1, 0.0998003992015968, 0, 0., 0, 0., 0, 0., 0, 0., 2, 0.1996007984031936, 0, 0., 0, 0., 0, 0., 0, 0., 0, 0., 0, 0., 0, 0., 3, 0.2994011976047904, 0, 0., 0, 0., 0, 0., 0, 0., 0, 0., 0, 0., 0, 0., 0, 0., 0, 0., 672, 67.06586826347305, 0, 0., 0, 0., 0, 0., 5, 0.499001996007984, 0, 0., 0, 0., 253, 878, 1131, 1002, 0.8859416445623343
, generated\gt\sample_000637.krn, generated\xml_oemer\sample_000637.xml, 0, 0., 181, 9.741657696447794, 6, 0.32292787944025836, 49, 2.63724434876211, 4, 0.21528525296017223, 0, 0., 1, 0.05382131324004306, 0, 0., 0, 0., 1, 0.05382131324004306, 0, 0., 0, 0., 0, 0., 0, 0., 4, 0.21528525296017223, 2, 0.10764262648008611, 0, 0., 0, 0., 0, 0., 0, 0., 0, 0., 0, 0., 0, 0., 0, 0., 0, 0., 0, 0., 0, 0., 0, 0., 0, 0., 0, 0., 0, 0., 0, 0., 1605, 86.38320775026911, 0, 0., 0, 0., 0, 0., 5, 0.2691065662002153, 0, 0., 0, 0., 246, 1851, 2097, 1858, 0.8860276585598474
, generated\gt\sample_000181.krn, generated\xml_oemer\sample_000181.xml, 0, 0., 104, 12.05098493626883, 10, 1.1587485515643106, 13, 1.5063731170336037, 4, 0.46349942062572425, 0, 0., 3, 0.34762456546929316, 0, 0., 0, 0., 0, 0., 1, 0.11587485515643106, 1, 0.11587485515643106, 0, 0., 2, 0.23174971031286212, 2, 0.23174971031286212, 0, 0., 0, 0., 0, 0., 7, 0.8111239860950173, 0, 0., 0, 0., 0, 0., 6, 0.6952491309385863, 0, 0., 0, 0., 0, 0., 0, 0., 0, 0., 0, 0., 0, 0., 0, 0., 0, 0., 705, 81.6917728852839, 0, 0., 0, 0., 0, 0., 5, 0.5793742757821553, 0, 0., 0, 0., 147, 826, 973, 863, 0.8869475847893115
, generated\gt\sample_000081.krn, generated\xml_oemer\sample_000081.xml, 0, 0., 339, 22.244094488188978, 2, 0.13123359580052493, 25, 1.6404199475065617, 2, 0.13123359580052493, 4, 0.26246719160104987, 10, 0.6561679790026247, 0, 0., 0, 0., 0, 0., 11, 0.7217847769028871, 1, 0.06561679790026247, 0, 0., 2, 0.13123359580052493, 2, 0.13123359580052493, 6, 0.3937007874015748, 0, 0., 4, 0.26246719160104987, 0, 0., 0, 0., 0, 0., 0, 0., 4, 0.26246719160104987, 0, 0., 0, 0., 0, 0., 0, 0., 0, 0., 0, 0., 0, 0., 0, 0., 0, 0., 1107, 72.63779527559055, 0, 0., 0, 0., 0, 0., 5, 0.32808398950131235, 0, 0., 0, 0., 343, 1375, 1718, 1524, 0.8870779976717112
, generated\gt\sample_000203.krn, generated\xml_oemer\sample_000203.xml, 0, 0., 137, 11.238720262510254, 4, 0.3281378178835111, 18, 1.4766201804758, 2, 0.16406890894175555, 0, 0., 11, 0.9023789991796555, 0, 0., 0, 0., 0, 0., 3, 0.2461033634126333, 0, 0., 0, 0., 6, 0.4922067268252666, 4, 0.3281378178835111, 0, 0., 0, 0., 0, 0., 3, 0.2461033634126333, 0, 0., 0, 0., 0, 0., 0, 0., 0, 0., 0, 0., 0, 0., 0, 0., 0, 0., 0, 0., 0, 0., 0, 0., 0, 0., 1026, 84.16735028712058, 0, 0., 0, 0., 0, 0., 5, 0.41017227235438886, 0, 0., 0, 0., 187, 1187, 1374, 1219, 0.8871906841339156
, generated\gt\sample_000056.krn, generated\xml_oemer\sample_000056.xml, 0, 0., 235, 22.48803827751196, 6, 0.5741626794258373, 18, 1.722488038277512, 4, 0.3827751196172249, 0, 0., 3, 0.28708133971291866, 0, 0., 0, 0., 2, 0.19138755980861244, 0, 0., 0, 0., 0, 0., 0, 0., 4, 0.3827751196172249, 0, 0., 0, 0., 0, 0., 0, 0., 0, 0., 0, 0., 0, 0., 5, 0.4784688995215311, 0, 0., 0, 0., 0, 0., 0, 0., 0, 0., 0, 0., 0, 0., 0, 0., 0, 0., 763, 73.01435406698565, 0, 0., 0, 0., 0, 0., 5, 0.4784688995215311, 0, 0., 0, 0., 191, 986, 1177, 1045, 0.8878504672897196
, generated\gt\sample_000057.krn, generated\xml_oemer\sample_000057.xml, 0, 0., 45, 2.1686746987951806, 0, 0., 86, 4.144578313253012, 1, 0.04819277108433735, 0, 0., 0, 0., 0, 0., 0, 0., 0, 0., 0, 0., 0, 0., 0, 0., 2, 0.0963855421686747, 2, 0.0963855421686747, 0, 0., 0, 0., 0, 0., 0, 0., 0, 0., 0, 0., 0, 0., 0, 0., 0, 0., 0, 0., 0, 0., 0, 0., 0, 0., 0, 0., 0, 0., 0, 0., 0, 0., 1939, 93.44578313253012, 0, 0., 0, 0., 0, 0., 0, 0., 0, 0., 0, 0., 198, 2138, 2336, 2075, 0.8882705479452054
, generated\gt\sample_000189.krn, generated\xml_oemer\sample_000189.xml, 0, 0., 89, 10.840438489646772, 2, 0.243605359317905, 12, 1.46163215590743, 2, 0.243605359317905, 0, 0., 0, 0., 0, 0., 0, 0., 0, 0., 0, 0., 1, 0.1218026796589525, 0, 0., 0, 0., 2, 0.243605359317905, 0, 0., 0, 0., 0, 0., 0, 0., 0, 0., 0, 0., 0, 0., 9, 1.0962241169305724, 0, 0., 0, 0., 0, 0., 0, 0., 0, 0., 0, 0., 0, 0., 0, 0., 0, 0., 704, 85.74908647990256, 0, 0., 0, 0., 0, 0., 0, 0., 0, 0., 0, 0., 101, 823, 924, 821, 0.8885281385281385
, generated\gt\sample_000546.krn, generated\xml_oemer\sample_000546.xml, 0, 0., 191, 12.541037426132633, 6, 0.3939592908732764, 38, 2.495075508864084, 0, 0., 2, 0.1313197636244255, 0, 0., 0, 0., 0, 0., 0, 0., 0, 0., 0, 0., 0, 0., 0, 0., 4, 0.262639527248851, 0, 0., 0, 0., 0, 0., 0, 0., 0, 0., 0, 0., 0, 0., 3, 0.1969796454366382, 0, 0., 0, 0., 0, 0., 0, 0., 0, 0., 0, 0., 0, 0., 0, 0., 0, 0., 1274, 83.65068942875902, 0, 0., 0, 0., 0, 0., 5, 0.3282994090610637, 0, 0., 0, 0., 237, 1476, 1713, 1523, 0.8890834792761237
, generated\gt\sample_000614.krn, generated\xml_oemer\sample_000614.xml, 0, 0., 172, 16.846229187071497, 0, 0., 25, 2.4485798237022527, 7, 0.6856023506366308, 0, 0., 5, 0.48971596474045054, 0, 0., 0, 0., 0, 0., 11, 1.0773751224289911, 1, 0.0979431929480901, 0, 0., 0, 0., 2, 0.1958863858961802, 0, 0., 0, 0., 0, 0., 0, 0., 0, 0., 0, 0., 0, 0., 7, 0.6856023506366308, 0, 0., 0, 0., 0, 0., 0, 0., 0, 0., 0, 0., 0, 0., 0, 0., 0, 0., 786, 76.98334965719883, 0, 0., 0, 0., 0, 0., 5, 0.48971596474045054, 0, 0., 0, 0., 185, 963, 1148, 1021, 0.8893728222996515
, generated\gt\sample_000482.krn, generated\xml_oemer\sample_000482.xml, 0, 0., 126, 8.677685950413224, 8, 0.5509641873278237, 19, 1.3085399449035813, 1, 0.06887052341597796, 0, 0., 14, 0.9641873278236914, 0, 0., 0, 0., 0, 0., 0, 0., 0, 0., 0, 0., 2, 0.13774104683195593, 4, 0.27548209366391185, 0, 0., 0, 0., 0, 0., 0, 0., 0, 0., 0, 0., 0, 0., 2, 0.13774104683195593, 0, 0., 0, 0., 0, 0., 0, 0., 0, 0., 0, 0., 0, 0., 0, 0., 0, 0., 1271, 87.53443526170798, 0, 0., 0, 0., 0, 0., 5, 0.3443526170798898, 0, 0., 0, 0., 186, 1446, 1632, 1452, 0.8897058823529411
, generated\gt\sample_000010.krn, generated\xml_oemer\sample_000010.xml, 0, 0., 240, 14.510278113663846, 4, 0.2418379685610641, 22, 1.3301088270858525, 4, 0.2418379685610641, 0, 0., 0, 0., 0, 0., 0, 0., 0, 0., 0, 0., 1, 0.060459492140266025, 0, 0., 0, 0., 4, 0.2418379685610641, 0, 0., 0, 0., 0, 0., 0, 0., 0, 0., 0, 0., 0, 0., 6, 0.36275695284159615, 0, 0., 0, 0., 0, 0., 0, 0., 0, 0., 0, 0., 0, 0., 0, 0., 0, 0., 1368, 82.70858524788392, 0, 0., 0, 0., 0, 0., 5, 0.3022974607013301, 0, 0., 0, 0., 233, 1626, 1859, 1654, 0.8897256589564282
, generated\gt\sample_000642.krn, generated\xml_oemer\sample_000642.xml, 0, 0., 265, 16.75094816687737, 6, 0.37926675094816686, 44, 2.781289506953224, 1, 0.0632111251580278, 0, 0., 6, 0.37926675094816686, 0, 0., 0, 0., 1, 0.0632111251580278, 0, 0., 0, 0., 0, 0., 0, 0., 4, 0.2528445006321112, 8, 0.5056890012642224, 0, 0., 0, 0., 0, 0., 0, 0., 0, 0., 0, 0., 1, 0.0632111251580278, 0, 0., 0, 0., 0, 0., 0, 0., 0, 0., 0, 0., 0, 0., 0, 0., 0, 0., 1241, 78.44500632111252, 0, 0., 0, 0., 0, 0., 5, 0.31605562579013907, 0, 0., 0, 0., 284, 1494, 1778, 1582, 0.889763779527559
, generated\gt\sample_000443.krn, generated\xml_oemer\sample_000443.xml, 0, 0., 350, 30.837004405286343, 0, 0., 46, 4.052863436123348, 1, 0.0881057268722467, 0, 0., 2, 0.1762114537444934, 0, 0., 0, 0., 0, 0., 0, 0., 0, 0., 0, 0., 1, 0.0881057268722467, 4, 0.3524229074889868, 1, 0.0881057268722467, 0, 0., 0, 0., 0, 0., 0, 0., 0, 0., 0, 0., 4, 0.3524229074889868, 0, 0., 0, 0., 0, 0., 0, 0., 0, 0., 0, 0., 0, 0., 0, 0., 0, 0., 721, 63.52422907488987, 0, 0., 0, 0., 0, 0., 5, 0.44052863436123346, 0, 0., 0, 0., 266, 1009, 1275, 1135, 0.8901960784313725
, generated\gt\sample_000108.krn, generated\xml_oemer\sample_000108.xml, 0, 0., 200, 18.281535648994517, 0, 0., 25, 2.2851919561243146, 4, 0.3656307129798903, 0, 0., 15, 1.3711151736745886, 0, 0., 0, 0., 0, 0., 6, 0.5484460694698354, 2, 0.18281535648994515, 0, 0., 1, 0.09140767824497258, 4, 0.3656307129798903, 0, 0., 0, 0., 0, 0., 0, 0., 0, 0., 0, 0., 0, 0., 9, 0.8226691042047533, 0, 0., 0, 0., 0, 0., 0, 0., 0, 0., 0, 0., 0, 0., 0, 0., 0, 0., 823, 75.22851919561244, 0, 0., 0, 0., 0, 0., 5, 0.4570383912248629, 0, 0., 0, 0., 236, 992, 1228, 1094, 0.8908794788273615
, generated\gt\sample_000053.krn, generated\xml_oemer\sample_000053.xml, 0, 0., 63, 2.7913159060700043, 0, 0., 92, 4.076207354895879, 0, 0., 0, 0., 2, 0.08861320336730173, 0, 0., 0, 0., 0, 0., 0, 0., 0, 0., 0, 0., 1, 0.044306601683650866, 2, 0.08861320336730173, 1, 0.044306601683650866, 0, 0., 0, 0., 0, 0., 0, 0., 0, 0., 0, 0., 0, 0., 0, 0., 0, 0., 0, 0., 0, 0., 0, 0., 0, 0., 0, 0., 0, 0., 0, 0., 2096, 92.86663712893221, 0, 0., 0, 0., 0, 0., 0, 0., 0, 0., 0, 0., 198, 2335, 2533, 2257, 0.8910382945124359
, generated\gt\sample_000075.krn, generated\xml_oemer\sample_000075.xml, 0, 0., 439, 27.57537688442211, 4, 0.25125628140703515, 44, 2.763819095477387, 1, 0.06281407035175879, 0, 0., 2, 0.12562814070351758, 0, 0., 0, 0., 2, 0.12562814070351758, 3, 0.1884422110552764, 0, 0., 0, 0., 0, 0., 4, 0.25125628140703515, 0, 0., 0, 0., 0, 0., 0, 0., 0, 0., 0, 0., 0, 0., 1, 0.06281407035175879, 0, 0., 0, 0., 0, 0., 0, 0., 0, 0., 0, 0., 0, 0., 0, 0., 0, 0., 1087, 68.27889447236181, 0, 0., 0, 0., 0, 0., 5, 0.314070351758794, 0, 0., 0, 0., 353, 1433, 1786, 1592, 0.8913773796192609
, generated\gt\sample_000445.krn, generated\xml_oemer\sample_000445.xml, 0, 0., 236, 19.29681112019624, 0, 0., 37, 3.0253475061324613, 5, 0.4088307440719542, 0, 0., 5, 0.4088307440719542, 0, 0., 0, 0., 0, 0., 9, 0.7358953393295176, 0, 0., 0, 0., 0, 0., 4, 0.3270645952575634, 0, 0., 0, 0., 0, 0., 15, 1.2264922322158627, 0, 0., 0, 0., 0, 0., 10, 0.8176614881439084, 0, 0., 0, 0., 0, 0., 0, 0., 0, 0., 0, 0., 0, 0., 0, 0., 0, 0., 897, 73.34423548650858, 0, 0., 0, 0., 0, 0., 5, 0.4088307440719542, 0, 0., 0, 0., 274, 1097, 1371, 1223, 0.8920495988329686
, generated\gt\sample_000084.krn, generated\xml_oemer\sample_000084.xml, 0, 0., 256, 11.536728255971159, 4, 0.18026137899954936, 58, 2.6137899954934656, 3, 0.135196034249662, 0, 0., 4, 0.18026137899954936, 0, 0., 0, 0., 0, 0., 3, 0.135196034249662, 0, 0., 0, 0., 0, 0., 4, 0.18026137899954936, 0, 0., 0, 0., 4, 0.18026137899954936, 0, 0., 0, 0., 0, 0., 0, 0., 6, 0.270392068499324, 0, 0., 0, 0., 0, 0., 0, 0., 0, 0., 0, 0., 0, 0., 0, 0., 0, 0., 1872, 84.3623253717891, 0, 0., 0, 0., 0, 0., 5, 0.22532672374943669, 0, 0., 0, 0., 321, 2165, 2486, 2219, 0.8925985518905873
, generated\gt\sample_000579.krn, generated\xml_oemer\sample_000579.xml, 0, 0., 79, 5.374149659863946, 4, 0.272108843537415, 25, 1.7006802721088434, 0, 0., 0, 0., 1, 0.06802721088435375, 0, 0., 0, 0., 2, 0.1360544217687075, 0, 0., 1, 0.06802721088435375, 0, 0., 0, 0., 4, 0.272108843537415, 2, 0.1360544217687075, 0, 0., 0, 0., 0, 0., 0, 0., 0, 0., 0, 0., 6, 0.40816326530612246, 0, 0., 0, 0., 0, 0., 0, 0., 0, 0., 0, 0., 0, 0., 0, 0., 0, 0., 1341, 91.22448979591837, 0, 0., 0, 0., 0, 0., 5, 0.3401360544217687, 0, 0., 0, 0., 167, 1479, 1646, 1470, 0.8930741190765492
, generated\gt\sample_000636.krn, generated\xml_oemer\sample_000636.xml, 0, 0., 104, 6.035983749274521, 10, 0.5803830528148578, 20, 1.1607661056297156, 4, 0.2321532211259431, 0, 0., 0, 0., 0, 0., 0, 0., 8, 0.4643064422518862, 6, 0.3482298316889147, 1, 0.05803830528148578, 0, 0., 5, 0.2901915264074289, 4, 0.2321532211259431, 2, 0.11607661056297155, 0, 0., 4, 0.2321532211259431, 0, 0., 0, 0., 0, 0., 0, 0., 0, 0., 0, 0., 0, 0., 0, 0., 0, 0., 0, 0., 0, 0., 0, 0., 0, 0., 0, 0., 1550, 89.95937318630295, 0, 0., 0, 0., 0, 0., 5, 0.2901915264074289, 0, 0., 0, 0., 207, 1721, 1928, 1723, 0.8936721991701245
, generated\gt\sample_000661.krn, generated\xml_oemer\sample_000661.xml, 0, 0., 208, 31.278195488721803, 2, 0.3007518796992481, 7, 1.0526315789473684, 4, 0.6015037593984962, 0, 0., 0, 0., 0, 0., 0, 0., 0, 0., 4, 0.6015037593984962, 0, 0., 0, 0., 2, 0.3007518796992481, 2, 0.3007518796992481, 0, 0., 0, 0., 0, 0., 0, 0., 0, 0., 0, 0., 0, 0., 8, 1.2030075187969924, 0, 0., 0, 0., 0, 0., 0, 0., 0, 0., 0, 0., 0, 0., 0, 0., 0, 0., 423, 63.609022556390975, 0, 0., 0, 0., 0, 0., 5, 0.7518796992481203, 0, 0., 0, 0., 147, 597, 744, 665, 0.8938172043010753
, generated\gt\sample_000613.krn, generated\xml_oemer\sample_000613.xml, 0, 0., 234, 21.062106210621064, 2, 0.18001800180018002, 23, 2.07020702070207, 2, 0.18001800180018002, 0, 0., 8, 0.7200720072007201, 0, 0., 0, 0., 1, 0.09000900090009001, 6, 0.54005400540054, 0, 0., 0, 0., 0, 0., 2, 0.18001800180018002, 1, 0.09000900090009001, 0, 0., 0, 0., 0, 0., 0, 0., 0, 0., 0, 0., 6, 0.54005400540054, 0, 0., 0, 0., 0, 0., 0, 0., 0, 0., 0, 0., 0, 0., 0, 0., 0, 0., 821, 73.8973897389739, 0, 0., 0, 0., 0, 0., 5, 0.45004500450045004, 0, 0., 0, 0., 205, 1037, 1242, 1111, 0.894524959742351
, generated\gt\sample_000591.krn, generated\xml_oemer\sample_000591.xml, 0, 0., 508, 28.765571913929787, 0, 0., 51, 2.887882219705549, 2, 0.11325028312570781, 0, 0., 4, 0.22650056625141562, 0, 0., 0, 0., 0, 0., 8, 0.45300113250283125, 0, 0., 0, 0., 0, 0., 4, 0.22650056625141562, 0, 0., 0, 0., 0, 0., 0, 0., 0, 0., 0, 0., 0, 0., 0, 0., 0, 0., 0, 0., 0, 0., 0, 0., 0, 0., 0, 0., 0, 0., 0, 0., 0, 0., 1184, 67.04416761041902, 0, 0., 0, 0., 0, 0., 5, 0.28312570781426954, 0, 0., 0, 0., 422, 1552, 1974, 1766, 0.894630192502533
, generated\gt\sample_000383.krn, generated\xml_oemer\sample_000383.xml, 0, 0., 163, 8.642629904559914, 8, 0.4241781548250265, 37, 1.9618239660657477, 2, 0.10604453870625663, 4, 0.21208907741251326, 2, 0.10604453870625663, 0, 0., 0, 0., 0, 0., 2, 0.10604453870625663, 1, 0.053022269353128315, 0, 0., 0, 0., 2, 0.10604453870625663, 0, 0., 0, 0., 0, 0., 0, 0., 0, 0., 0, 0., 0, 0., 7, 0.3711558854718982, 0, 0., 0, 0., 0, 0., 0, 0., 0, 0., 0, 0., 0, 0., 0, 0., 0, 0., 1653, 87.6458112407211, 0, 0., 0, 0., 0, 0., 5, 0.2651113467656416, 0, 0., 0, 0., 271, 1837, 2108, 1886, 0.8946869070208728
, generated\gt\sample_000488.krn, generated\xml_oemer\sample_000488.xml, 0, 0., 155, 19.59544879898862, 0, 0., 24, 3.034134007585335, 3, 0.37926675094816686, 0, 0., 0, 0., 0, 0., 0, 0., 0, 0., 1, 0.1264222503160556, 0, 0., 0, 0., 0, 0., 4, 0.5056890012642224, 0, 0., 0, 0., 0, 0., 6, 0.7585335018963337, 0, 0., 0, 0., 0, 0., 3, 0.37926675094816686, 0, 0., 0, 0., 0, 0., 0, 0., 0, 0., 0, 0., 0, 0., 0, 0., 0, 0., 590, 74.58912768647282, 0, 0., 0, 0., 0, 0., 5, 0.6321112515802781, 0, 0., 0, 0., 166, 718, 884, 791, 0.8947963800904978
, generated\gt\sample_000588.krn, generated\xml_oemer\sample_000588.xml, 0, 0., 546, 25.852272727272727, 0, 0., 46, 2.178030303030303, 0, 0., 0, 0., 0, 0., 0, 0., 0, 0., 0, 0., 0, 0., 0, 0., 0, 0., 3, 0.14204545454545456, 4, 0.1893939393939394, 0, 0., 0, 0., 0, 0., 0, 0., 0, 0., 0, 0., 0, 0., 1, 0.04734848484848485, 0, 0., 0, 0., 0, 0., 0, 0., 0, 0., 0, 0., 0, 0., 0, 0., 0, 0., 1507, 71.35416666666667, 0, 0., 0, 0., 0, 0., 5, 0.23674242424242425, 0, 0., 0, 0., 391, 1969, 2360, 2112, 0.8949152542372881
, generated\gt\sample_000031.krn, generated\xml_oemer\sample_000031.xml, 0, 0., 114, 11.728395061728396, 6, 0.6172839506172839, 17, 1.7489711934156378, 0, 0., 0, 0., 1, 0.102880658436214, 0, 0., 0, 0., 0, 0., 0, 0., 0, 0., 0, 0., 0, 0., 2, 0.205761316872428, 0, 0., 0, 0., 0, 0., 0, 0., 0, 0., 0, 0., 0, 0., 3, 0.30864197530864196, 0, 0., 0, 0., 0, 0., 0, 0., 0, 0., 0, 0., 0, 0., 0, 0., 0, 0., 824, 84.77366255144032, 0, 0., 0, 0., 0, 0., 5, 0.51440329218107, 0, 0., 0, 0., 128, 958, 1086, 972, 0.8950276243093923
, generated\gt\sample_000332.krn, generated\xml_oemer\sample_000332.xml, 0, 0., 241, 24.148296593186373, 0, 0., 16, 1.6032064128256514, 4, 0.40080160320641284, 0, 0., 2, 0.20040080160320642, 0, 0., 0, 0., 0, 0., 0, 0., 0, 0., 0, 0., 1, 0.10020040080160321, 4, 0.40080160320641284, 1, 0.10020040080160321, 0, 0., 0, 0., 0, 0., 0, 0., 0, 0., 0, 0., 1, 0.10020040080160321, 0, 0., 0, 0., 0, 0., 0, 0., 0, 0., 0, 0., 0, 0., 0, 0., 0, 0., 723, 72.44488977955912, 0, 0., 0, 0., 0, 0., 5, 0.501002004008016, 0, 0., 0, 0., 209, 906, 1115, 998, 0.895067264573991
, generated\gt\sample_000354.krn, generated\xml_oemer\sample_000354.xml, 0, 0., 22, 1.1375387797311272, 4, 0.20682523267838676, 30, 1.5511892450879008, 0, 0., 0, 0., 1, 0.05170630816959669, 0, 0., 0, 0., 0, 0., 0, 0., 0, 0., 0, 0., 0, 0., 1, 0.05170630816959669, 0, 0., 0, 0., 0, 0., 0, 0., 0, 0., 0, 0., 0, 0., 12, 0.6204756980351603, 0, 0., 0, 0., 0, 0., 0, 0., 0, 0., 0, 0., 0, 0., 0, 0., 0, 0., 1864, 96.38055842812823, 0, 0., 0, 0., 0, 0., 0, 0., 0, 0., 0, 0., 164, 1996, 2160, 1934, 0.8953703703703704
, generated\gt\sample_000165.krn, generated\xml_oemer\sample_000165.xml, 0, 0., 348, 19.73908111174135, 0, 0., 29, 1.6449234259784458, 9, 0.5104934770277936, 0, 0., 0, 0., 0, 0., 0, 0., 0, 0., 0, 0., 0, 0., 0, 0., 2, 0.11344299489506524, 4, 0.22688598979013047, 2, 0.11344299489506524, 0, 0., 4, 0.22688598979013047, 0, 0., 0, 0., 0, 0., 0, 0., 0, 0., 0, 0., 0, 0., 0, 0., 0, 0., 0, 0., 0, 0., 0, 0., 0, 0., 0, 0., 1360, 77.14123652864436, 0, 0., 0, 0., 0, 0., 5, 0.28360748723766305, 0, 0., 0, 0., 310, 1659, 1969, 1763, 0.8953783646521076
, generated\gt\sample_000209.krn, generated\xml_oemer\sample_000209.xml, 0, 0., 130, 12.53616200578592, 2, 0.19286403085824494, 7, 0.6750241080038573, 1, 0.09643201542912247, 0, 0., 2, 0.19286403085824494, 0, 0., 0, 0., 0, 0., 8, 0.7714561234329798, 0, 0., 0, 0., 1, 0.09643201542912247, 4, 0.3857280617164899, 10, 0.9643201542912246, 0, 0., 0, 0., 0, 0., 0, 0., 0, 0., 0, 0., 3, 0.2892960462873674, 0, 0., 0, 0., 0, 0., 0, 0., 0, 0., 0, 0., 0, 0., 0, 0., 0, 0., 864, 83.31726133076181, 0, 0., 0, 0., 0, 0., 5, 0.4821600771456123, 0, 0., 0, 0., 156, 1002, 1158, 1037, 0.8955094991364422
, generated\gt\sample_000511.krn, generated\xml_oemer\sample_000511.xml, 0, 0., 172, 18.554476806903992, 4, 0.43149946062567424, 35, 3.7756202804746493, 0, 0., 0, 0., 0, 0., 0, 0., 0, 0., 0, 0., 3, 0.32362459546925565, 1, 0.10787486515641856, 0, 0., 1, 0.10787486515641856, 2, 0.21574973031283712, 3, 0.32362459546925565, 0, 0., 2, 0.21574973031283712, 0, 0., 0, 0., 0, 0., 0, 0., 9, 0.970873786407767, 0, 0., 0, 0., 0, 0., 0, 0., 0, 0., 0, 0., 0, 0., 0, 0., 0, 0., 695, 74.9730312837109, 0, 0., 0, 0., 0, 0., 0, 0., 0, 0., 0, 0., 188, 847, 1035, 927, 0.8956521739130435
, generated\gt\sample_000420.krn, generated\xml_oemer\sample_000420.xml, 0, 0., 47, 3.2684283727399164, 8, 0.5563282336578581, 33, 2.2948539638386647, 0, 0., 0, 0., 2, 0.13908205841446453, 0, 0., 0, 0., 0, 0., 1, 0.06954102920723226, 0, 0., 0, 0., 5, 0.3477051460361613, 2, 0.13908205841446453, 0, 0., 0, 0., 0, 0., 0, 0., 0, 0., 0, 0., 0, 0., 5, 0.3477051460361613, 0, 0., 0, 0., 0, 0., 0, 0., 0, 0., 0, 0., 0, 0., 0, 0., 0, 0., 1335, 92.83727399165508, 0, 0., 0, 0., 0, 0., 0, 0., 0, 0., 0, 0., 141, 1464, 1605, 1438, 0.8959501557632399
, generated\gt\sample_000319.krn, generated\xml_oemer\sample_000319.xml, 0, 0., 135, 15.976331360946746, 6, 0.7100591715976331, 16, 1.893491124260355, 2, 0.23668639053254437, 0, 0., 2, 0.23668639053254437, 0, 0., 0, 0., 0, 0., 0, 0., 0, 0., 0, 0., 1, 0.11834319526627218, 2, 0.23668639053254437, 0, 0., 0, 0., 0, 0., 0, 0., 0, 0., 0, 0., 0, 0., 7, 0.8284023668639053, 0, 0., 0, 0., 0, 0., 0, 0., 0, 0., 0, 0., 0, 0., 0, 0., 0, 0., 674, 79.76331360946746, 0, 0., 0, 0., 0, 0., 0, 0., 0, 0., 0, 0., 175, 768, 943, 845, 0.8960763520678685
, generated\gt\sample_000001.krn, generated\xml_oemer\sample_000001.xml, 0, 0., 256, 14.13583655438984, 2, 0.11043622308117063, 49, 2.70568746548868, 4, 0.22087244616234125, 0, 0., 2, 0.11043622308117063, 0, 0., 0, 0., 1, 0.05521811154058531, 7, 0.3865267807840972, 0, 0., 0, 0., 11, 0.6073992269464384, 4, 0.22087244616234125, 10, 0.5521811154058531, 0, 0., 0, 0., 0, 0., 0, 0., 0, 0., 0, 0., 6, 0.3313086692435119, 0, 0., 0, 0., 0, 0., 0, 0., 0, 0., 0, 0., 0, 0., 0, 0., 0, 0., 1454, 80.28713418001104, 0, 0., 0, 0., 0, 0., 5, 0.27609055770292656, 0, 0., 0, 0., 294, 1727, 2021, 1811, 0.8960910440376052
, generated\gt\sample_000175.krn, generated\xml_oemer\sample_000175.xml, 0, 0., 150, 14.492753623188406, 2, 0.1932367149758454, 24, 2.318840579710145, 1, 0.0966183574879227, 0, 0., 0, 0., 0, 0., 0, 0., 1, 0.0966183574879227, 1, 0.0966183574879227, 0, 0., 0, 0., 0, 0., 4, 0.3864734299516908, 0, 0., 0, 0., 0, 0., 0, 0., 0, 0., 0, 0., 0, 0., 2, 0.1932367149758454, 0, 0., 0, 0., 0, 0., 0, 0., 0, 0., 0, 0., 0, 0., 0, 0., 0, 0., 845, 81.64251207729468, 0, 0., 0, 0., 0, 0., 5, 0.4830917874396135, 0, 0., 0, 0., 166, 989, 1155, 1035, 0.8961038961038961
, generated\gt\sample_000199.krn, generated\xml_oemer\sample_000199.xml, 0, 0., 270, 14.285714285714286, 8, 0.42328042328042326, 24, 1.2698412698412698, 6, 0.31746031746031744, 0, 0., 5, 0.26455026455026454, 0, 0., 0, 0., 7, 0.37037037037037035, 0, 0., 0, 0., 0, 0., 1, 0.05291005291005291, 4, 0.21164021164021163, 0, 0., 0, 0., 0, 0., 0, 0., 0, 0., 0, 0., 0, 0., 7, 0.37037037037037035, 0, 0., 0, 0., 0, 0., 0, 0., 0, 0., 0, 0., 0, 0., 0, 0., 0, 0., 1553, 82.16931216931216, 0, 0., 0, 0., 0, 0., 5, 0.26455026455026454, 0, 0., 0, 0., 315, 1794, 2109, 1890, 0.8961593172119487
, generated\gt\sample_000179.krn, generated\xml_oemer\sample_000179.xml, 0, 0., 96, 15.141955835962145, 2, 0.31545741324921134, 2, 0.31545741324921134, 1, 0.15772870662460567, 0, 0., 0, 0., 0, 0., 0, 0., 0, 0., 0, 0., 0, 0., 0, 0., 0, 0., 4, 0.6309148264984227, 4, 0.6309148264984227, 0, 0., 4, 0.6309148264984227, 0, 0., 0, 0., 0, 0., 0, 0., 3, 0.47318611987381703, 0, 0., 0, 0., 0, 0., 0, 0., 0, 0., 0, 0., 0, 0., 0, 0., 0, 0., 454, 71.60883280757098, 58, 9.14826498422713, 0, 0., 1, 0.15772870662460567, 5, 0.7886435331230284, 0, 0., 0, 0., 196, 511, 707, 634, 0.8967468175388967
, generated\gt\sample_000092.krn, generated\xml_oemer\sample_000092.xml, 0, 0., 191, 11.208920187793428, 6, 0.352112676056338, 32, 1.8779342723004695, 2, 0.11737089201877934, 0, 0., 0, 0., 0, 0., 0, 0., 0, 0., 0, 0., 0, 0., 0, 0., 0, 0., 4, 0.2347417840375587, 0, 0., 0, 0., 0, 0., 0, 0., 0, 0., 0, 0., 0, 0., 13, 0.7629107981220657, 0, 0., 0, 0., 0, 0., 0, 0., 0, 0., 0, 0., 0, 0., 0, 0., 0, 0., 1451, 85.15258215962442, 0, 0., 0, 0., 0, 0., 5, 0.2934272300469484, 0, 0., 0, 0., 237, 1663, 1900, 1704, 0.8968421052631579
, generated\gt\sample_000347.krn, generated\xml_oemer\sample_000347.xml, 0, 0., 323, 18.024553571428573, 2, 0.11160714285714286, 45, 2.5111607142857144, 0, 0., 0, 0., 0, 0., 0, 0., 0, 0., 0, 0., 6, 0.33482142857142855, 0, 0., 0, 0., 0, 0., 4, 0.22321428571428573, 0, 0., 0, 0., 0, 0., 0, 0., 0, 0., 0, 0., 0, 0., 10, 0.5580357142857143, 0, 0., 0, 0., 0, 0., 0, 0., 0, 0., 0, 0., 0, 0., 0, 0., 0, 0., 1397, 77.95758928571429, 0, 0., 0, 0., 0, 0., 5, 0.27901785714285715, 0, 0., 0, 0., 263, 1735, 1998, 1792, 0.8968968968968969
, generated\gt\sample_000481.krn, generated\xml_oemer\sample_000481.xml, 0, 0., 200, 11.554015020219527, 2, 0.11554015020219527, 34, 1.9641825534373194, 2, 0.11554015020219527, 0, 0., 2, 0.11554015020219527, 0, 0., 0, 0., 0, 0., 0, 0., 0, 0., 0, 0., 3, 0.1733102253032929, 4, 0.23108030040439054, 5, 0.28885037550548814, 0, 0., 0, 0., 0, 0., 0, 0., 0, 0., 0, 0., 0, 0., 0, 0., 0, 0., 0, 0., 0, 0., 0, 0., 0, 0., 0, 0., 0, 0., 0, 0., 1474, 85.15309069901791, 0, 0., 0, 0., 0, 0., 5, 0.28885037550548814, 0, 0., 0, 0., 238, 1691, 1929, 1731, 0.8973561430793157
, generated\gt\sample_000345.krn, generated\xml_oemer\sample_000345.xml, 0, 0., 75, 3.494874184529357, 8, 0.3727865796831314, 59, 2.7493010251630943, 1, 0.046598322460391424, 0, 0., 2, 0.09319664492078285, 0, 0., 0, 0., 0, 0., 0, 0., 0, 0., 0, 0., 0, 0., 2, 0.09319664492078285, 0, 0., 0, 0., 0, 0., 0, 0., 0, 0., 0, 0., 0, 0., 3, 0.13979496738117428, 0, 0., 0, 0., 0, 0., 0, 0., 0, 0., 0, 0., 0, 0., 0, 0., 0, 0., 1996, 93.01025163094128, 0, 0., 0, 0., 0, 0., 0, 0., 0, 0., 0, 0., 185, 2205, 2390, 2146, 0.897907949790795
, generated\gt\sample_000458.krn, generated\xml_oemer\sample_000458.xml, 0, 0., 260, 16.476552598225602, 4, 0.2534854245880862, 46, 2.915082382762991, 0, 0., 0, 0., 4, 0.2534854245880862, 0, 0., 0, 0., 0, 0., 1, 0.06337135614702155, 0, 0., 0, 0., 0, 0., 4, 0.2534854245880862, 0, 0., 0, 0., 0, 0., 18, 1.1406844106463878, 0, 0., 0, 0., 0, 0., 5, 0.31685678073510776, 0, 0., 0, 0., 0, 0., 0, 0., 0, 0., 0, 0., 0, 0., 0, 0., 0, 0., 1231, 78.01013941698352, 0, 0., 0, 0., 0, 0., 5, 0.31685678073510776, 0, 0., 0, 0., 290, 1467, 1757, 1578, 0.8981217985202049
, generated\gt\sample_000554.krn, generated\xml_oemer\sample_000554.xml, 0, 0., 172, 19.679633867276888, 2, 0.2288329519450801, 13, 1.4874141876430207, 3, 0.34324942791762014, 0, 0., 1, 0.11441647597254005, 0, 0., 0, 0., 0, 0., 7, 0.8009153318077803, 0, 0., 0, 0., 1, 0.11441647597254005, 4, 0.4576659038901602, 0, 0., 0, 0., 4, 0.4576659038901602, 0, 0., 0, 0., 0, 0., 0, 0., 1, 0.11441647597254005, 0, 0., 0, 0., 0, 0., 0, 0., 0, 0., 0, 0., 0, 0., 0, 0., 0, 0., 661, 75.62929061784897, 0, 0., 0, 0., 0, 0., 5, 0.5720823798627003, 0, 0., 0, 0., 150, 823, 973, 874, 0.8982528263103803
, generated\gt\sample_000606.krn, generated\xml_oemer\sample_000606.xml, 0, 0., 491, 32.21784776902887, 2, 0.13123359580052493, 43, 2.8215223097112863, 4, 0.26246719160104987, 0, 0., 5, 0.32808398950131235, 0, 0., 0, 0., 2, 0.13123359580052493, 0, 0., 0, 0., 0, 0., 0, 0., 4, 0.26246719160104987, 0, 0., 0, 0., 4, 0.26246719160104987, 0, 0., 0, 0., 0, 0., 0, 0., 4, 0.26246719160104987, 0, 0., 0, 0., 0, 0., 0, 0., 0, 0., 0, 0., 0, 0., 0, 0., 0, 0., 960, 62.99212598425197, 0, 0., 0, 0., 0, 0., 5, 0.32808398950131235, 0, 0., 0, 0., 416, 1280, 1696, 1524, 0.8985849056603774
, generated\gt\sample_000314.krn, generated\xml_oemer\sample_000314.xml, 0, 0., 175, 15.32399299474606, 4, 0.3502626970227671, 11, 0.9632224168126094, 0, 0., 0, 0., 4, 0.3502626970227671, 0, 0., 0, 0., 0, 0., 0, 0., 0, 0., 0, 0., 0, 0., 4, 0.3502626970227671, 0, 0., 0, 0., 2, 0.17513134851138354, 12, 1.0507880910683012, 0, 0., 0, 0., 0, 0., 3, 0.2626970227670753, 0, 0., 0, 0., 0, 0., 0, 0., 0, 0., 0, 0., 0, 0., 0, 0., 0, 0., 922, 80.73555166374781, 0, 0., 0, 0., 0, 0., 5, 0.43782837127845886, 0, 0., 0, 0., 177, 1093, 1270, 1142, 0.8992125984251969
, generated\gt\sample_000110.krn, generated\xml_oemer\sample_000110.xml, 0, 0., 279, 17.318435754189945, 8, 0.4965859714463066, 43, 2.6691495965238983, 6, 0.37243947858473, 0, 0., 4, 0.2482929857231533, 0, 0., 0, 0., 1, 0.06207324643078833, 0, 0., 0, 0., 0, 0., 2, 0.12414649286157665, 4, 0.2482929857231533, 2, 0.12414649286157665, 0, 0., 0, 0., 0, 0., 0, 0., 0, 0., 0, 0., 1, 0.06207324643078833, 0, 0., 0, 0., 0, 0., 0, 0., 0, 0., 0, 0., 0, 0., 0, 0., 0, 0., 1256, 77.96399751707014, 0, 0., 0, 0., 0, 0., 5, 0.31036623215394166, 0, 0., 0, 0., 268, 1523, 1791, 1611, 0.8994974874371859
, generated\gt\sample_000437.krn, generated\xml_oemer\sample_000437.xml, 0, 0., 33, 2.1653543307086616, 2, 0.13123359580052493, 25, 1.6404199475065617, 2, 0.13123359580052493, 0, 0., 1, 0.06561679790026247, 0, 0., 0, 0., 0, 0., 0, 0., 0, 0., 0, 0., 1, 0.06561679790026247, 2, 0.13123359580052493, 2, 0.13123359580052493, 0, 0., 0, 0., 0, 0., 0, 0., 0, 0., 0, 0., 3, 0.1968503937007874, 0, 0., 0, 0., 0, 0., 0, 0., 0, 0., 0, 0., 0, 0., 0, 0., 0, 0., 1453, 95.34120734908136, 0, 0., 0, 0., 0, 0., 0, 0., 0, 0., 0, 0., 124, 1570, 1694, 1524, 0.8996458087367178
, generated\gt\sample_000504.krn, generated\xml_oemer\sample_000504.xml, 0, 0., 94, 9.523809523809524, 10, 1.0131712259371835, 5, 0.5065856129685917, 2, 0.20263424518743667, 0, 0., 4, 0.40526849037487334, 0, 0., 0, 0., 0, 0., 0, 0., 0, 0., 0, 0., 1, 0.10131712259371833, 4, 0.40526849037487334, 7, 0.7092198581560284, 0, 0., 0, 0., 0, 0., 0, 0., 0, 0., 0, 0., 7, 0.7092198581560284, 0, 0., 0, 0., 0, 0., 0, 0., 0, 0., 0, 0., 0, 0., 0, 0., 0, 0., 848, 85.91691995947315, 0, 0., 0, 0., 0, 0., 5, 0.5065856129685917, 0, 0., 0, 0., 161, 936, 1097, 987, 0.8997265268915223
, generated\gt\sample_000265.krn, generated\xml_oemer\sample_000265.xml, 0, 0., 237, 61.398963730569946, 6, 1.5544041450777202, 6, 1.5544041450777202, 1, 0.25906735751295334, 0, 0., 0, 0., 0, 0., 0, 0., 1, 0.25906735751295334, 0, 0., 0, 0., 0, 0., 0, 0., 2, 0.5181347150259067, 4, 1.0362694300518134, 0, 0., 0, 0., 0, 0., 0, 0., 0, 0., 0, 0., 1, 0.25906735751295334, 0, 0., 0, 0., 0, 0., 0, 0., 0, 0., 0, 0., 0, 0., 0, 0., 0, 0., 123, 31.865284974093264, 0, 0., 0, 0., 0, 0., 5, 1.2953367875647668, 0, 0., 0, 0., 175, 254, 429, 386, 0.8997668997668997
, generated\gt\sample_000612.krn, generated\xml_oemer\sample_000612.xml, 0, 0., 223, 23.18087318087318, 0, 0., 19, 1.975051975051975, 0, 0., 0, 0., 3, 0.31185031185031187, 0, 0., 0, 0., 0, 0., 3, 0.31185031185031187, 1, 0.10395010395010396, 0, 0., 1, 0.10395010395010396, 2, 0.2079002079002079, 0, 0., 0, 0., 0, 0., 0, 0., 0, 0., 0, 0., 0, 0., 10, 1.0395010395010396, 0, 0., 0, 0., 0, 0., 0, 0., 0, 0., 0, 0., 0, 0., 0, 0., 0, 0., 695, 72.24532224532224, 0, 0., 0, 0., 0, 0., 5, 0.5197505197505198, 0, 0., 0, 0., 224, 845, 1069, 962, 0.8999064546304958
, generated\gt\sample_000353.krn, generated\xml_oemer\sample_000353.xml, 0, 0., 97, 4.85, 0, 0., 72, 3.6, 0, 0., 0, 0., 1, 0.05, 0, 0., 0, 0., 0, 0., 0, 0., 0, 0., 0, 0., 0, 0., 1, 0.05, 1, 0.05, 0, 0., 0, 0., 0, 0., 0, 0., 0, 0., 0, 0., 0, 0., 0, 0., 0, 0., 0, 0., 0, 0., 0, 0., 0, 0., 0, 0., 0, 0., 0, 0., 1828, 91.4, 0, 0., 0, 0., 0, 0., 0, 0., 0, 0., 0, 0., 198, 2022, 2220, 2000, 0.9009009009009009
, generated\gt\sample_000682.krn, generated\xml_oemer\sample_000682.xml, 0, 0., 233, 16.08005521048999, 8, 0.5521048999309869, 24, 1.6563146997929608, 6, 0.4140786749482402, 0, 0., 5, 0.3450655624568668, 0, 0., 0, 0., 1, 0.06901311249137336, 6, 0.4140786749482402, 0, 0., 0, 0., 4, 0.27605244996549344, 4, 0.27605244996549344, 0, 0., 0, 0., 0, 0., 0, 0., 0, 0., 0, 0., 0, 0., 10, 0.6901311249137336, 0, 0., 0, 0., 0, 0., 0, 0., 0, 0., 0, 0., 0, 0., 0, 0., 0, 0., 1143, 78.88198757763975, 0, 0., 0, 0., 0, 0., 5, 0.3450655624568668, 0, 0., 0, 0., 231, 1377, 1608, 1449, 0.9011194029850746
, generated\gt\sample_000620.krn, generated\xml_oemer\sample_000620.xml, 0, 0., 281, 14.134808853118713, 0, 0., 30, 1.5090543259557343, 5, 0.2515090543259557, 0, 0., 5, 0.2515090543259557, 0, 0., 0, 0., 6, 0.30181086519114686, 2, 0.1006036217303823, 1, 0.05030181086519115, 0, 0., 1, 0.05030181086519115, 4, 0.2012072434607646, 0, 0., 0, 0., 0, 0., 0, 0., 0, 0., 0, 0., 0, 0., 3, 0.15090543259557343, 0, 0., 0, 0., 0, 0., 0, 0., 0, 0., 0, 0., 0, 0., 0, 0., 0, 0., 1645, 82.74647887323944, 0, 0., 0, 0., 0, 0., 5, 0.2515090543259557, 0, 0., 0, 0., 282, 1924, 2206, 1988, 0.9011786038077969
, generated\gt\sample_000373.krn, generated\xml_oemer\sample_000373.xml, 0, 0., 209, 18.462897526501767, 2, 0.17667844522968199, 16, 1.4134275618374559, 5, 0.4416961130742049, 0, 0., 1, 0.08833922261484099, 0, 0., 0, 0., 2, 0.17667844522968199, 4, 0.35335689045936397, 2, 0.17667844522968199, 0, 0., 3, 0.26501766784452296, 4, 0.35335689045936397, 1, 0.08833922261484099, 0, 0., 4, 0.35335689045936397, 0, 0., 0, 0., 0, 0., 0, 0., 10, 0.8833922261484098, 0, 0., 0, 0., 0, 0., 0, 0., 0, 0., 0, 0., 0, 0., 0, 0., 0, 0., 864, 76.32508833922262, 0, 0., 0, 0., 0, 0., 5, 0.4416961130742049, 0, 0., 0, 0., 212, 1044, 1256, 1132, 0.9012738853503185
, generated\gt\sample_000484.krn, generated\xml_oemer\sample_000484.xml, 0, 0., 241, 22.191528545119706, 2, 0.1841620626151013, 23, 2.117863720073665, 1, 0.09208103130755065, 0, 0., 1, 0.09208103130755065, 0, 0., 0, 0., 0, 0., 0, 0., 0, 0., 0, 0., 2, 0.1841620626151013, 4, 0.3683241252302026, 0, 0., 0, 0., 0, 0., 0, 0., 0, 0., 0, 0., 0, 0., 0, 0., 0, 0., 0, 0., 0, 0., 0, 0., 0, 0., 0, 0., 0, 0., 0, 0., 0, 0., 807, 74.30939226519337, 0, 0., 0, 0., 0, 0., 5, 0.4604051565377532, 0, 0., 0, 0., 202, 1002, 1204, 1086, 0.9019933554817275
, generated\gt\sample_000436.krn, generated\xml_oemer\sample_000436.xml, 0, 0., 293, 21.800595238095237, 2, 0.1488095238095238, 14, 1.0416666666666667, 4, 0.2976190476190476, 4, 0.2976190476190476, 5, 0.37202380952380953, 0, 0., 0, 0., 0, 0., 4, 0.2976190476190476, 0, 0., 0, 0., 1, 0.0744047619047619, 4, 0.2976190476190476, 3, 0.22321428571428573, 0, 0., 4, 0.2976190476190476, 15, 1.1160714285714286, 0, 0., 0, 0., 0, 0., 8, 0.5952380952380952, 0, 0., 0, 0., 0, 0., 0, 0., 0, 0., 0, 0., 0, 0., 0, 0., 0, 0., 978, 72.76785714285714, 0, 0., 0, 0., 0, 0., 5, 0.37202380952380953, 0, 0., 0, 0., 248, 1242, 1490, 1344, 0.9020134228187919
, generated\gt\sample_000502.krn, generated\xml_oemer\sample_000502.xml, 0, 0., 185, 17.322097378277153, 10, 0.9363295880149812, 7, 0.6554307116104869, 11, 1.0299625468164795, 0, 0., 5, 0.4681647940074906, 0, 0., 0, 0., 0, 0., 3, 0.2808988764044944, 0, 0., 0, 0., 1, 0.09363295880149813, 4, 0.37453183520599254, 8, 0.7490636704119851, 0, 0., 0, 0., 0, 0., 0, 0., 0, 0., 0, 0., 3, 0.2808988764044944, 0, 0., 0, 0., 0, 0., 0, 0., 0, 0., 0, 0., 0, 0., 0, 0., 0, 0., 826, 77.34082397003745, 0, 0., 0, 0., 0, 0., 5, 0.4681647940074906, 0, 0., 0, 0., 207, 977, 1184, 1068, 0.902027027027027
, generated\gt\sample_000653.krn, generated\xml_oemer\sample_000653.xml, 0, 0., 345, 19.88472622478386, 4, 0.23054755043227665, 43, 2.478386167146974, 2, 0.11527377521613832, 0, 0., 1, 0.05763688760806916, 0, 0., 0, 0., 0, 0., 2, 0.11527377521613832, 0, 0., 0, 0., 0, 0., 2, 0.11527377521613832, 1, 0.05763688760806916, 0, 0., 4, 0.23054755043227665, 0, 0., 0, 0., 0, 0., 0, 0., 5, 0.2881844380403458, 0, 0., 0, 0., 0, 0., 0, 0., 0, 0., 0, 0., 0, 0., 0, 0., 0, 0., 1321, 76.13832853025937, 0, 0., 0, 0., 0, 0., 5, 0.2881844380403458, 0, 0., 0, 0., 261, 1662, 1923, 1735, 0.9022360894435777
, generated\gt\sample_000592.krn, generated\xml_oemer\sample_000592.xml, 0, 0., 530, 23.043478260869566, 0, 0., 49, 2.130434782608696, 3, 0.13043478260869565, 0, 0., 8, 0.34782608695652173, 0, 0., 0, 0., 0, 0., 0, 0., 0, 0., 0, 0., 3, 0.13043478260869565, 4, 0.17391304347826086, 3, 0.13043478260869565, 0, 0., 0, 0., 0, 0., 0, 0., 0, 0., 0, 0., 2, 0.08695652173913043, 0, 0., 0, 0., 0, 0., 0, 0., 0, 0., 0, 0., 0, 0., 0, 0., 0, 0., 1693, 73.6086956521739, 0, 0., 0, 0., 0, 0., 5, 0.21739130434782608, 0, 0., 0, 0., 450, 2099, 2549, 2300, 0.9023146331894861
, generated\gt\sample_000312.krn, generated\xml_oemer\sample_000312.xml, 0, 0., 304, 33.04347826086956, 6, 0.6521739130434783, 17, 1.8478260869565217, 2, 0.21739130434782608, 0, 0., 4, 0.43478260869565216, 0, 0., 0, 0., 0, 0., 0, 0., 0, 0., 0, 0., 0, 0., 2, 0.21739130434782608, 0, 0., 0, 0., 0, 0., 0, 0., 0, 0., 0, 0., 0, 0., 12, 1.3043478260869565, 0, 0., 0, 0., 0, 0., 0, 0., 0, 0., 0, 0., 0, 0., 0, 0., 0, 0., 573, 62.28260869565217, 0, 0., 0, 0., 0, 0., 0, 0., 0, 0., 0, 0., 214, 805, 1019, 920, 0.9028459273797841
, generated\gt\sample_000400.krn, generated\xml_oemer\sample_000400.xml, 0, 0., 204, 22.149837133550488, 0, 0., 13, 1.4115092290988056, 1, 0.10857763300760044, 0, 0., 7, 0.760043431053203, 0, 0., 0, 0., 0, 0., 1, 0.10857763300760044, 0, 0., 0, 0., 0, 0., 4, 0.43431053203040176, 0, 0., 0, 0., 2, 0.21715526601520088, 0, 0., 0, 0., 0, 0., 0, 0., 6, 0.6514657980456026, 0, 0., 0, 0., 0, 0., 0, 0., 0, 0., 0, 0., 0, 0., 0, 0., 0, 0., 678, 73.61563517915309, 0, 0., 0, 0., 0, 0., 5, 0.5428881650380022, 0, 0., 0, 0., 192, 828, 1020, 921, 0.9029411764705882
, generated\gt\sample_000370.krn, generated\xml_oemer\sample_000370.xml, 0, 0., 153, 15.223880597014926, 12, 1.1940298507462686, 17, 1.691542288557214, 6, 0.5970149253731343, 0, 0., 0, 0., 0, 0., 0, 0., 0, 0., 12, 1.1940298507462686, 0, 0., 0, 0., 0, 0., 4, 0.39800995024875624, 0, 0., 0, 0., 0, 0., 0, 0., 0, 0., 0, 0., 0, 0., 0, 0., 0, 0., 0, 0., 0, 0., 0, 0., 0, 0., 0, 0., 0, 0., 0, 0., 0, 0., 796, 79.20398009950249, 0, 0., 0, 0., 0, 0., 5, 0.4975124378109453, 0, 0., 0, 0., 165, 948, 1113, 1005, 0.9029649595687331
, generated\gt\sample_000386.krn, generated\xml_oemer\sample_000386.xml, 0, 0., 111, 27.611940298507463, 2, 0.4975124378109453, 2, 0.4975124378109453, 0, 0., 0, 0., 1, 0.24875621890547264, 0, 0., 0, 0., 0, 0., 0, 0., 0, 0., 0, 0., 2, 0.4975124378109453, 4, 0.9950248756218906, 2, 0.4975124378109453, 0, 0., 0, 0., 0, 0., 0, 0., 0, 0., 0, 0., 3, 0.746268656716418, 0, 0., 0, 0., 0, 0., 0, 0., 0, 0., 0, 0., 0, 0., 0, 0., 0, 0., 186, 46.26865671641791, 83, 20.64676616915423, 0, 0., 1, 0.24875621890547264, 5, 1.243781094527363, 0, 0., 0, 0., 275, 170, 445, 402, 0.903370786516854
, generated\gt\sample_000220.krn, generated\xml_oemer\sample_000220.xml, 0, 0., 338, 22.134905042567127, 4, 0.26195153896529144, 7, 0.45841519318926, 2, 0.13097576948264572, 0, 0., 2, 0.13097576948264572, 0, 0., 0, 0., 0, 0., 3, 0.19646365422396855, 3, 0.19646365422396855, 0, 0., 1, 0.06548788474132286, 4, 0.26195153896529144, 9, 0.5893909626719057, 0, 0., 0, 0., 16, 1.0478061558611658, 0, 0., 0, 0., 0, 0., 4, 0.26195153896529144, 0, 0., 4, 0.26195153896529144, 0, 0., 0, 0., 0, 0., 0, 0., 0, 0., 0, 0., 0, 0., 1125, 73.67387033398822, 0, 0., 0, 0., 0, 0., 5, 0.3274394237066143, 0, 0., 0, 0., 379, 1311, 1690, 1527, 0.9035502958579882
, generated\gt\sample_000055.krn, generated\xml_oemer\sample_000055.xml, 0, 0., 265, 27.604166666666668, 0, 0., 13, 1.3541666666666667, 2, 0.20833333333333334, 0, 0., 0, 0., 0, 0., 0, 0., 0, 0., 0, 0., 0, 0., 0, 0., 0, 0., 4, 0.4166666666666667, 0, 0., 0, 0., 0, 0., 0, 0., 0, 0., 0, 0., 0, 0., 4, 0.4166666666666667, 0, 0., 0, 0., 0, 0., 0, 0., 0, 0., 0, 0., 0, 0., 0, 0., 0, 0., 667, 69.47916666666667, 0, 0., 0, 0., 0, 0., 5, 0.5208333333333334, 0, 0., 0, 0., 174, 888, 1062, 960, 0.903954802259887
, generated\gt\sample_000205.krn, generated\xml_oemer\sample_000205.xml, 0, 0., 230, 15.272244355909695, 14, 0.9296148738379814, 11, 0.7304116865869854, 2, 0.13280212483399734, 0, 0., 1, 0.06640106241699867, 0, 0., 0, 0., 0, 0., 1, 0.06640106241699867, 0, 0., 0, 0., 2, 0.13280212483399734, 4, 0.2656042496679947, 3, 0.199203187250996, 0, 0., 0, 0., 0, 0., 0, 0., 0, 0., 0, 0., 0, 0., 0, 0., 0, 0., 0, 0., 0, 0., 0, 0., 0, 0., 0, 0., 0, 0., 0, 0., 1233, 81.87250996015936, 0, 0., 0, 0., 0, 0., 5, 0.33200531208499334, 0, 0., 0, 0., 226, 1440, 1666, 1506, 0.9039615846338536
, generated\gt\sample_000259.krn, generated\xml_oemer\sample_000259.xml, 0, 0., 128, 6.930157011369789, 2, 0.10828370330265295, 60, 3.2485110990795887, 0, 0., 0, 0., 1, 0.05414185165132648, 0, 0., 0, 0., 0, 0., 6, 0.32485110990795885, 0, 0., 0, 0., 0, 0., 2, 0.10828370330265295, 0, 0., 0, 0., 0, 0., 0, 0., 0, 0., 0, 0., 0, 0., 3, 0.16242555495397942, 0, 0., 0, 0., 0, 0., 0, 0., 0, 0., 0, 0., 0, 0., 0, 0., 0, 0., 1645, 89.06334596643205, 0, 0., 0, 0., 0, 0., 0, 0., 0, 0., 0, 0., 183, 1860, 2043, 1847, 0.9040626529613314
, generated\gt\sample_000008.krn, generated\xml_oemer\sample_000008.xml, 0, 0., 323, 15.710116731517509, 12, 0.5836575875486382, 44, 2.140077821011673, 3, 0.14591439688715954, 0, 0., 11, 0.5350194552529183, 0, 0., 0, 0., 3, 0.14591439688715954, 3, 0.14591439688715954, 0, 0., 0, 0., 0, 0., 4, 0.19455252918287938, 0, 0., 0, 0., 0, 0., 0, 0., 0, 0., 0, 0., 0, 0., 11, 0.5350194552529183, 0, 0., 0, 0., 0, 0., 0, 0., 0, 0., 0, 0., 0, 0., 0, 0., 0, 0., 1637, 79.62062256809338, 0, 0., 0, 0., 0, 0., 5, 0.24319066147859922, 0, 0., 0, 0., 301, 1973, 2274, 2056, 0.9041336851363236
, generated\gt\sample_000566.krn, generated\xml_oemer\sample_000566.xml, 0, 0., 138, 13.663366336633663, 16, 1.5841584158415842, 23, 2.277227722772277, 5, 0.49504950495049505, 0, 0., 0, 0., 0, 0., 0, 0., 0, 0., 0, 0., 0, 0., 0, 0., 0, 0., 2, 0.19801980198019803, 0, 0., 0, 0., 0, 0., 0, 0., 0, 0., 0, 0., 0, 0., 9, 0.8910891089108911, 0, 0., 0, 0., 0, 0., 0, 0., 0, 0., 0, 0., 0, 0., 0, 0., 0, 0., 817, 80.89108910891089, 0, 0., 0, 0., 0, 0., 0, 0., 0, 0., 0, 0., 179, 938, 1117, 1010, 0.9042076991942704
, generated\gt\sample_000374.krn, generated\xml_oemer\sample_000374.xml, 0, 0., 295, 20.247083047357584, 2, 0.13726835964310227, 27, 1.8531228551818806, 0, 0., 0, 0., 0, 0., 0, 0., 0, 0., 0, 0., 0, 0., 0, 0., 0, 0., 0, 0., 2, 0.13726835964310227, 3, 0.2059025394646534, 0, 0., 0, 0., 0, 0., 0, 0., 0, 0., 0, 0., 0, 0., 0, 0., 0, 0., 0, 0., 0, 0., 0, 0., 0, 0., 0, 0., 0, 0., 0, 0., 1128, 77.41935483870968, 0, 0., 0, 0., 0, 0., 0, 0., 0, 0., 0, 0., 239, 1371, 1610, 1457, 0.9049689440993789
, generated\gt\sample_000072.krn, generated\xml_oemer\sample_000072.xml, 0, 0., 227, 17.029257314328582, 2, 0.15003750937734434, 39, 2.9257314328582145, 1, 0.07501875468867217, 0, 0., 2, 0.15003750937734434, 0, 0., 0, 0., 0, 0., 0, 0., 0, 0., 0, 0., 0, 0., 4, 0.30007501875468867, 2, 0.15003750937734434, 0, 0., 0, 0., 0, 0., 0, 0., 0, 0., 0, 0., 1, 0.07501875468867217, 0, 0., 0, 0., 0, 0., 0, 0., 0, 0., 0, 0., 0, 0., 0, 0., 0, 0., 1050, 78.76969242310578, 0, 0., 0, 0., 0, 0., 5, 0.37509377344336087, 0, 0., 0, 0., 251, 1221, 1472, 1333, 0.9055706521739131
, generated\gt\sample_000097.krn, generated\xml_oemer\sample_000097.xml, 0, 0., 254, 19.720496894409937, 6, 0.4658385093167702, 10, 0.7763975155279503, 4, 0.3105590062111801, 0, 0., 1, 0.07763975155279502, 0, 0., 0, 0., 3, 0.2329192546583851, 5, 0.38819875776397517, 3, 0.2329192546583851, 0, 0., 0, 0., 4, 0.3105590062111801, 0, 0., 0, 0., 0, 0., 3, 0.2329192546583851, 0, 0., 0, 0., 0, 0., 14, 1.0869565217391304, 0, 0., 0, 0., 0, 0., 0, 0., 0, 0., 0, 0., 0, 0., 0, 0., 0, 0., 976, 75.77639751552795, 0, 0., 0, 0., 0, 0., 5, 0.38819875776397517, 0, 0., 0, 0., 216, 1206, 1422, 1288, 0.9057665260196905
, generated\gt\sample_000318.krn, generated\xml_oemer\sample_000318.xml, 0, 0., 94, 5.092091007583965, 2, 0.10834236186348863, 48, 2.600216684723727, 0, 0., 0, 0., 2, 0.10834236186348863, 0, 0., 0, 0., 1, 0.05417118093174431, 3, 0.16251354279523295, 0, 0., 0, 0., 1, 0.05417118093174431, 1, 0.05417118093174431, 3, 0.16251354279523295, 0, 0., 2, 0.10834236186348863, 0, 0., 0, 0., 0, 0., 0, 0., 8, 0.4333694474539545, 0, 0., 0, 0., 0, 0., 0, 0., 0, 0., 0, 0., 0, 0., 0, 0., 0, 0., 1681, 91.06175514626219, 0, 0., 0, 0., 0, 0., 0, 0., 0, 0., 0, 0., 192, 1844, 2036, 1846, 0.906679764243615
, generated\gt\sample_000563.krn, generated\xml_oemer\sample_000563.xml, 0, 0., 231, 20.424403183023873, 4, 0.3536693191865606, 31, 2.7409372236958442, 2, 0.1768346595932803, 0, 0., 1, 0.08841732979664015, 0, 0., 0, 0., 0, 0., 0, 0., 0, 0., 0, 0., 1, 0.08841732979664015, 4, 0.3536693191865606, 3, 0.26525198938992045, 0, 0., 4, 0.3536693191865606, 0, 0., 0, 0., 0, 0., 0, 0., 2, 0.1768346595932803, 0, 0., 0, 0., 0, 0., 0, 0., 0, 0., 0, 0., 0, 0., 0, 0., 0, 0., 843, 74.53580901856763, 0, 0., 0, 0., 0, 0., 5, 0.4420866489832007, 0, 0., 0, 0., 182, 1065, 1247, 1131, 0.9069767441860465
, generated\gt\sample_000542.krn, generated\xml_oemer\sample_000542.xml, 0, 0., 230, 26.497695852534562, 4, 0.4608294930875576, 6, 0.6912442396313364, 1, 0.1152073732718894, 0, 0., 0, 0., 0, 0., 0, 0., 0, 0., 4, 0.4608294930875576, 0, 0., 0, 0., 1, 0.1152073732718894, 4, 0.4608294930875576, 8, 0.9216589861751152, 0, 0., 0, 0., 0, 0., 0, 0., 0, 0., 0, 0., 3, 0.3456221198156682, 0, 0., 0, 0., 0, 0., 0, 0., 0, 0., 0, 0., 0, 0., 0, 0., 0, 0., 602, 69.35483870967742, 0, 0., 0, 0., 0, 0., 5, 0.576036866359447, 0, 0., 0, 0., 212, 745, 957, 868, 0.9070010449320794
, generated\gt\sample_000126.krn, generated\xml_oemer\sample_000126.xml, 0, 0., 518, 38.4558277654046, 0, 0., 38, 2.8210838901262063, 6, 0.44543429844098, 0, 0., 0, 0., 0, 0., 0, 0., 3, 0.22271714922049, 0, 0., 0, 0., 0, 0., 2, 0.14847809948032664, 4, 0.2969561989606533, 3, 0.22271714922049, 0, 0., 4, 0.2969561989606533, 0, 0., 0, 0., 0, 0., 0, 0., 0, 0., 0, 0., 0, 0., 0, 0., 0, 0., 0, 0., 0, 0., 0, 0., 0, 0., 0, 0., 552, 40.97995545657015, 211, 15.664439495174461, 0, 0., 1, 0.07423904974016332, 5, 0.3711952487008166, 0, 0., 0, 0., 671, 814, 1485, 1347, 0.907070707070707
, generated\gt\sample_000453.krn, generated\xml_oemer\sample_000453.xml, 0, 0., 533, 28.47222222222222, 0, 0., 37, 1.9764957264957266, 2, 0.10683760683760683, 0, 0., 6, 0.32051282051282054, 0, 0., 0, 0., 1, 0.053418803418803416, 4, 0.21367521367521367, 0, 0., 0, 0., 0, 0., 4, 0.21367521367521367, 1, 0.053418803418803416, 0, 0., 4, 0.21367521367521367, 0, 0., 0, 0., 0, 0., 0, 0., 0, 0., 0, 0., 0, 0., 0, 0., 0, 0., 0, 0., 0, 0., 0, 0., 0, 0., 0, 0., 1275, 68.10897435897436, 0, 0., 0, 0., 0, 0., 5, 0.2670940170940171, 0, 0., 0, 0., 421, 1642, 2063, 1872, 0.9074163839069317
, generated\gt\sample_000221.krn, generated\xml_oemer\sample_000221.xml, 0, 0., 146, 16.186252771618626, 6, 0.6651884700665188, 11, 1.2195121951219512, 3, 0.3325942350332594, 0, 0., 2, 0.22172949002217296, 0, 0., 0, 0., 4, 0.4434589800443459, 2, 0.22172949002217296, 0, 0., 0, 0., 1, 0.11086474501108648, 4, 0.4434589800443459, 9, 0.9977827050997783, 0, 0., 0, 0., 0, 0., 0, 0., 0, 0., 0, 0., 2, 0.22172949002217296, 0, 0., 0, 0., 0, 0., 0, 0., 0, 0., 0, 0., 0, 0., 0, 0., 0, 0., 707, 78.38137472283813, 0, 0., 0, 0., 0, 0., 5, 0.5543237250554324, 0, 0., 0, 0., 137, 857, 994, 902, 0.9074446680080482
, generated\gt\sample_000630.krn, generated\xml_oemer\sample_000630.xml, 0, 0., 67, 9.490084985835693, 4, 0.56657223796034, 0, 0., 0, 0., 0, 0., 0, 0., 0, 0., 0, 0., 0, 0., 7, 0.9915014164305949, 0, 0., 0, 0., 1, 0.141643059490085, 2, 0.28328611898017, 1, 0.141643059490085, 0, 0., 2, 0.28328611898017, 0, 0., 0, 0., 0, 0., 0, 0., 0, 0., 0, 0., 0, 0., 0, 0., 0, 0., 0, 0., 0, 0., 0, 0., 0, 0., 0, 0., 622, 88.10198300283287, 0, 0., 0, 0., 0, 0., 0, 0., 0, 0., 0, 0., 65, 713, 778, 706, 0.9074550128534704
, generated\gt\sample_000083.krn, generated\xml_oemer\sample_000083.xml, 0, 0., 303, 18.566176470588236, 6, 0.36764705882352944, 24, 1.4705882352941178, 0, 0., 2, 0.12254901960784313, 6, 0.36764705882352944, 0, 0., 0, 0., 0, 0., 0, 0., 0, 0., 0, 0., 2, 0.12254901960784313, 2, 0.12254901960784313, 0, 0., 0, 0., 0, 0., 0, 0., 0, 0., 0, 0., 0, 0., 4, 0.24509803921568626, 0, 0., 0, 0., 0, 0., 0, 0., 0, 0., 0, 0., 0, 0., 0, 0., 0, 0., 1278, 78.30882352941177, 0, 0., 0, 0., 0, 0., 5, 0.30637254901960786, 0, 0., 0, 0., 289, 1507, 1796, 1632, 0.9086859688195991
, generated\gt\sample_000333.krn, generated\xml_oemer\sample_000333.xml, 0, 0., 408, 30.357142857142858, 4, 0.2976190476190476, 18, 1.3392857142857142, 6, 0.44642857142857145, 0, 0., 0, 0., 0, 0., 0, 0., 1, 0.0744047619047619, 0, 0., 0, 0., 0, 0., 0, 0., 4, 0.2976190476190476, 0, 0., 0, 0., 4, 0.2976190476190476, 0, 0., 0, 0., 0, 0., 0, 0., 2, 0.1488095238095238, 0, 0., 0, 0., 0, 0., 0, 0., 0, 0., 0, 0., 0, 0., 0, 0., 0, 0., 892, 66.36904761904762, 0, 0., 0, 0., 0, 0., 5, 0.37202380952380953, 0, 0., 0, 0., 312, 1167, 1479, 1344, 0.9087221095334685
, generated\gt\sample_000214.krn, generated\xml_oemer\sample_000214.xml, 0, 0., 63, 7.094594594594595, 2, 0.22522522522522523, 19, 2.1396396396396398, 3, 0.33783783783783783, 0, 0., 0, 0., 0, 0., 0, 0., 0, 0., 0, 0., 0, 0., 0, 0., 1, 0.11261261261261261, 4, 0.45045045045045046, 1, 0.11261261261261261, 0, 0., 0, 0., 0, 0., 0, 0., 0, 0., 0, 0., 3, 0.33783783783783783, 0, 0., 0, 0., 0, 0., 0, 0., 0, 0., 0, 0., 0, 0., 0, 0., 0, 0., 787, 88.62612612612612, 0, 0., 0, 0., 0, 0., 5, 0.5630630630630631, 0, 0., 0, 0., 98, 879, 977, 888, 0.9089048106448311
, generated\gt\sample_000301.krn, generated\xml_oemer\sample_000301.xml, 0, 0., 144, 18.02252816020025, 0, 0., 1, 0.1251564455569462, 3, 0.37546933667083854, 0, 0., 0, 0., 0, 0., 0, 0., 0, 0., 0, 0., 0, 0., 0, 0., 5, 0.6257822277847309, 4, 0.5006257822277848, 2, 0.2503128911138924, 0, 0., 0, 0., 0, 0., 0, 0., 0, 0., 0, 0., 7, 0.8760951188986232, 0, 0., 0, 0., 0, 0., 0, 0., 0, 0., 0, 0., 0, 0., 0, 0., 0, 0., 628, 78.5982478097622, 0, 0., 0, 0., 0, 0., 5, 0.6257822277847309, 0, 0., 0, 0., 256, 623, 879, 799, 0.9089874857792947
, generated\gt\sample_000011.krn, generated\xml_oemer\sample_000011.xml, 0, 0., 281, 16.057142857142857, 2, 0.11428571428571428, 50, 2.857142857142857, 0, 0., 0, 0., 9, 0.5142857142857142, 0, 0., 0, 0., 0, 0., 0, 0., 0, 0., 0, 0., 0, 0., 4, 0.22857142857142856, 0, 0., 0, 0., 0, 0., 0, 0., 0, 0., 0, 0., 0, 0., 4, 0.22857142857142856, 0, 0., 0, 0., 0, 0., 0, 0., 0, 0., 0, 0., 0, 0., 0, 0., 0, 0., 1395, 79.71428571428571, 0, 0., 0, 0., 0, 0., 5, 0.2857142857142857, 0, 0., 0, 0., 301, 1624, 1925, 1750, 0.9090909090909091
, generated\gt\sample_000315.krn, generated\xml_oemer\sample_000315.xml, 0, 0., 223, 17.6984126984127, 4, 0.31746031746031744, 6, 0.47619047619047616, 6, 0.47619047619047616, 0, 0., 4, 0.31746031746031744, 0, 0., 0, 0., 0, 0., 0, 0., 0, 0., 0, 0., 1, 0.07936507936507936, 4, 0.31746031746031744, 1, 0.07936507936507936, 0, 0., 0, 0., 9, 0.7142857142857143, 0, 0., 0, 0., 0, 0., 5, 0.3968253968253968, 0, 0., 0, 0., 0, 0., 0, 0., 0, 0., 0, 0., 0, 0., 0, 0., 0, 0., 992, 78.73015873015873, 0, 0., 0, 0., 0, 0., 5, 0.3968253968253968, 0, 0., 0, 0., 230, 1156, 1386, 1260, 0.9090909090909091
, generated\gt\sample_000585.krn, generated\xml_oemer\sample_000585.xml, 0, 0., 348, 20.555227406969877, 2, 0.11813349084465447, 32, 1.8901358535144714, 1, 0.05906674542232723, 0, 0., 1, 0.05906674542232723, 0, 0., 0, 0., 1, 0.05906674542232723, 0, 0., 0, 0., 0, 0., 4, 0.23626698168930893, 4, 0.23626698168930893, 0, 0., 0, 0., 0, 0., 0, 0., 0, 0., 0, 0., 0, 0., 4, 0.23626698168930893, 0, 0., 0, 0., 0, 0., 0, 0., 0, 0., 0, 0., 0, 0., 0, 0., 0, 0., 1291, 76.25516834022446, 0, 0., 0, 0., 0, 0., 5, 0.29533372711163614, 0, 0., 0, 0., 319, 1543, 1862, 1693, 0.9092373791621912
, generated\gt\sample_000223.krn, generated\xml_oemer\sample_000223.xml, 0, 0., 254, 19.345011424219344, 6, 0.456968773800457, 13, 0.9900990099009901, 0, 0., 2, 0.15232292460015232, 8, 0.6092916984006093, 0, 0., 0, 0., 0, 0., 3, 0.2284843869002285, 0, 0., 0, 0., 1, 0.07616146230007616, 4, 0.30464584920030463, 2, 0.15232292460015232, 0, 0., 0, 0., 0, 0., 0, 0., 0, 0., 0, 0., 1, 0.07616146230007616, 0, 0., 0, 0., 0, 0., 0, 0., 0, 0., 0, 0., 0, 0., 0, 0., 0, 0., 1014, 77.22772277227723, 0, 0., 0, 0., 0, 0., 5, 0.38080731150038083, 0, 0., 0, 0., 206, 1238, 1444, 1313, 0.9092797783933518
, generated\gt\sample_000666.krn, generated\xml_oemer\sample_000666.xml, 0, 0., 253, 25.199203187250998, 2, 0.199203187250996, 5, 0.49800796812749004, 0, 0., 0, 0., 0, 0., 0, 0., 0, 0., 0, 0., 0, 0., 2, 0.199203187250996, 0, 0., 0, 0., 4, 0.398406374501992, 2, 0.199203187250996, 0, 0., 0, 0., 0, 0., 0, 0., 0, 0., 0, 0., 0, 0., 0, 0., 0, 0., 0, 0., 0, 0., 0, 0., 0, 0., 0, 0., 0, 0., 0, 0., 731, 72.80876494023904, 0, 0., 0, 0., 0, 0., 5, 0.49800796812749004, 0, 0., 0, 0., 190, 914, 1104, 1004, 0.9094202898550725
, generated\gt\sample_000669.krn, generated\xml_oemer\sample_000669.xml, 0, 0., 337, 21.08886107634543, 4, 0.2503128911138924, 27, 1.6896120150187734, 1, 0.0625782227784731, 0, 0., 3, 0.18773466833541927, 0, 0., 0, 0., 0, 0., 2, 0.1251564455569462, 1, 0.0625782227784731, 0, 0., 0, 0., 4, 0.2503128911138924, 0, 0., 0, 0., 0, 0., 0, 0., 0, 0., 0, 0., 0, 0., 7, 0.4380475594493116, 0, 0., 0, 0., 0, 0., 0, 0., 0, 0., 0, 0., 0, 0., 0, 0., 0, 0., 1207, 75.53191489361703, 0, 0., 0, 0., 0, 0., 5, 0.31289111389236546, 0, 0., 0, 0., 283, 1474, 1757, 1598, 0.9095048377916903
, generated\gt\sample_000356.krn, generated\xml_oemer\sample_000356.xml, 0, 0., 238, 22.037037037037038, 2, 0.18518518518518517, 13, 1.2037037037037037, 5, 0.46296296296296297, 0, 0., 0, 0., 0, 0., 0, 0., 0, 0., 0, 0., 1, 0.09259259259259259, 0, 0., 0, 0., 4, 0.37037037037037035, 0, 0., 0, 0., 0, 0., 0, 0., 0, 0., 0, 0., 0, 0., 7, 0.6481481481481481, 0, 0., 0, 0., 0, 0., 0, 0., 0, 0., 0, 0., 0, 0., 0, 0., 0, 0., 805, 74.53703703703704, 0, 0., 0, 0., 0, 0., 5, 0.46296296296296297, 0, 0., 0, 0., 172, 1015, 1187, 1080, 0.9098567818028643
, generated\gt\sample_000156.krn, generated\xml_oemer\sample_000156.xml, 0, 0., 349, 18.16762103071317, 8, 0.41644976574700676, 42, 2.1863612701717856, 2, 0.10411244143675169, 0, 0., 6, 0.31233732431025507, 0, 0., 0, 0., 0, 0., 0, 0., 0, 0., 0, 0., 0, 0., 4, 0.20822488287350338, 10, 0.5205622071837585, 0, 0., 4, 0.20822488287350338, 0, 0., 0, 0., 0, 0., 0, 0., 0, 0., 0, 0., 0, 0., 0, 0., 0, 0., 0, 0., 0, 0., 0, 0., 0, 0., 0, 0., 1491, 77.61582509109839, 0, 0., 0, 0., 0, 0., 5, 0.2602811035918792, 0, 0., 0, 0., 359, 1752, 2111, 1921, 0.9099952629085741
, generated\gt\sample_000190.krn, generated\xml_oemer\sample_000190.xml, 0, 0., 19, 1.2171684817424728, 8, 0.5124919923126201, 28, 1.7937219730941705, 0, 0., 0, 0., 2, 0.12812299807815503, 0, 0., 0, 0., 0, 0., 0, 0., 0, 0., 0, 0., 3, 0.19218449711723254, 1, 0.06406149903907751, 0, 0., 0, 0., 0, 0., 0, 0., 0, 0., 0, 0., 0, 0., 2, 0.12812299807815503, 0, 0., 0, 0., 0, 0., 0, 0., 0, 0., 0, 0., 0, 0., 0, 0., 0, 0., 1498, 95.96412556053812, 0, 0., 0, 0., 0, 0., 0, 0., 0, 0., 0, 0., 108, 1607, 1715, 1561, 0.9102040816326531
, generated\gt\sample_000026.krn, generated\xml_oemer\sample_000026.xml, 0, 0., 63, 7.73955773955774, 0, 0., 8, 0.9828009828009828, 1, 0.12285012285012285, 0, 0., 2, 0.2457002457002457, 0, 0., 0, 0., 0, 0., 0, 0., 0, 0., 0, 0., 0, 0., 2, 0.2457002457002457, 0, 0., 0, 0., 0, 0., 0, 0., 0, 0., 0, 0., 0, 0., 3, 0.36855036855036855, 0, 0., 0, 0., 0, 0., 0, 0., 0, 0., 0, 0., 0, 0., 0, 0., 0, 0., 730, 89.68058968058968, 0, 0., 0, 0., 0, 0., 5, 0.6142506142506142, 0, 0., 0, 0., 72, 822, 894, 814, 0.9105145413870246
, generated\gt\sample_000321.krn, generated\xml_oemer\sample_000321.xml, 0, 0., 499, 28.977932636469223, 4, 0.23228803716608595, 22, 1.2775842044134726, 0, 0., 0, 0., 1, 0.05807200929152149, 0, 0., 0, 0., 1, 0.05807200929152149, 0, 0., 0, 0., 0, 0., 5, 0.29036004645760743, 4, 0.23228803716608595, 0, 0., 0, 0., 0, 0., 0, 0., 0, 0., 0, 0., 0, 0., 12, 0.6968641114982579, 0, 0., 0, 0., 0, 0., 0, 0., 0, 0., 0, 0., 0, 0., 0, 0., 0, 0., 1169, 67.88617886178862, 0, 0., 0, 0., 0, 0., 5, 0.29036004645760743, 0, 0., 0, 0., 285, 1606, 1891, 1722, 0.9106292966684294
, generated\gt\sample_000217.krn, generated\xml_oemer\sample_000217.xml, 0, 0., 143, 22.916666666666668, 18, 2.8846153846153846, 3, 0.4807692307692308, 0, 0., 6, 0.9615384615384616, 0, 0., 0, 0., 0, 0., 0, 0., 1, 0.16025641025641027, 1, 0.16025641025641027, 0, 0., 0, 0., 4, 0.6410256410256411, 0, 0., 0, 0., 0, 0., 0, 0., 0, 0., 0, 0., 0, 0., 3, 0.4807692307692308, 0, 0., 0, 0., 0, 0., 0, 0., 0, 0., 0, 0., 0, 0., 0, 0., 0, 0., 440, 70.51282051282051, 0, 0., 0, 0., 0, 0., 5, 0.8012820512820513, 0, 0., 0, 0., 127, 558, 685, 624, 0.910948905109489
, generated\gt\sample_000561.krn, generated\xml_oemer\sample_000561.xml, 0, 0., 226, 22.71356783919598, 6, 0.6030150753768844, 24, 2.4120603015075375, 0, 0., 0, 0., 0, 0., 0, 0., 0, 0., 0, 0., 0, 0., 0, 0., 0, 0., 0, 0., 4, 0.4020100502512563, 0, 0., 0, 0., 0, 0., 0, 0., 0, 0., 0, 0., 0, 0., 1, 0.10050251256281408, 0, 0., 0, 0., 0, 0., 0, 0., 0, 0., 0, 0., 0, 0., 0, 0., 0, 0., 729, 73.26633165829146, 0, 0., 0, 0., 0, 0., 5, 0.5025125628140703, 0, 0., 0, 0., 164, 928, 1092, 995, 0.9111721611721612
, generated\gt\sample_000101.krn, generated\xml_oemer\sample_000101.xml, 0, 0., 336, 22.950819672131146, 4, 0.273224043715847, 21, 1.4344262295081966, 2, 0.1366120218579235, 8, 0.546448087431694, 5, 0.34153005464480873, 0, 0., 0, 0., 0, 0., 0, 0., 0, 0., 0, 0., 0, 0., 4, 0.273224043715847, 2, 0.1366120218579235, 0, 0., 0, 0., 0, 0., 0, 0., 0, 0., 0, 0., 6, 0.4098360655737705, 0, 0., 0, 0., 0, 0., 0, 0., 0, 0., 0, 0., 0, 0., 0, 0., 0, 0., 1071, 73.15573770491804, 0, 0., 0, 0., 0, 0., 5, 0.34153005464480873, 0, 0., 0, 0., 285, 1320, 1605, 1464, 0.9121495327102803
, generated\gt\sample_000346.krn, generated\xml_oemer\sample_000346.xml, 0, 0., 201, 9.21595598349381, 0, 0., 55, 2.5217790004585052, 0, 0., 0, 0., 2, 0.09170105456212746, 0, 0., 0, 0., 0, 0., 3, 0.1375515818431912, 1, 0.04585052728106373, 0, 0., 0, 0., 2, 0.09170105456212746, 0, 0., 0, 0., 0, 0., 0, 0., 0, 0., 0, 0., 0, 0., 12, 0.5502063273727648, 0, 0., 0, 0., 0, 0., 0, 0., 0, 0., 0, 0., 0, 0., 0, 0., 0, 0., 1905, 87.34525447042641, 0, 0., 0, 0., 0, 0., 0, 0., 0, 0., 0, 0., 234, 2157, 2391, 2181, 0.9121706398996235
, generated\gt\sample_000231.krn, generated\xml_oemer\sample_000231.xml, 0, 0., 821, 33.118192819685355, 0, 0., 73, 2.9447357805566763, 1, 0.04033884630899556, 0, 0., 2, 0.08067769261799113, 0, 0., 0, 0., 0, 0., 0, 0., 0, 0., 0, 0., 1, 0.04033884630899556, 4, 0.16135538523598225, 1, 0.04033884630899556, 0, 0., 0, 0., 0, 0., 0, 0., 0, 0., 0, 0., 8, 0.3227107704719645, 0, 0., 0, 0., 0, 0., 0, 0., 0, 0., 0, 0., 0, 0., 0, 0., 0, 0., 1563, 63.049616780960065, 0, 0., 0, 0., 0, 0., 5, 0.20169423154497781, 0, 0., 0, 0., 544, 2173, 2717, 2479, 0.9124033860875966
, generated\gt\sample_000639.krn, generated\xml_oemer\sample_000639.xml, 0, 0., 316, 18.922155688622755, 4, 0.23952095808383234, 36, 2.155688622754491, 3, 0.17964071856287425, 0, 0., 3, 0.17964071856287425, 0, 0., 0, 0., 4, 0.23952095808383234, 1, 0.059880239520958084, 0, 0., 0, 0., 0, 0., 4, 0.23952095808383234, 0, 0., 0, 0., 0, 0., 0, 0., 0, 0., 0, 0., 0, 0., 0, 0., 0, 0., 0, 0., 0, 0., 0, 0., 0, 0., 0, 0., 0, 0., 0, 0., 0, 0., 1294, 77.48502994011976, 0, 0., 0, 0., 0, 0., 5, 0.2994011976047904, 0, 0., 0, 0., 267, 1563, 1830, 1670, 0.912568306010929
, generated\gt\sample_000215.krn, generated\xml_oemer\sample_000215.xml, 0, 0., 207, 19.5837275307474, 2, 0.1892147587511826, 19, 1.7975402081362346, 9, 0.8514664143803217, 0, 0., 3, 0.28382213812677387, 0, 0., 0, 0., 0, 0., 0, 0., 1, 0.0946073793755913, 0, 0., 0, 0., 4, 0.3784295175023652, 0, 0., 0, 0., 0, 0., 3, 0.28382213812677387, 0, 0., 0, 0., 0, 0., 6, 0.5676442762535477, 0, 0., 0, 0., 0, 0., 0, 0., 0, 0., 0, 0., 0, 0., 0, 0., 0, 0., 798, 75.49668874172185, 0, 0., 0, 0., 0, 0., 5, 0.47303689687795647, 0, 0., 0, 0., 161, 997, 1158, 1057, 0.9127806563039723
, generated\gt\sample_000668.krn, generated\xml_oemer\sample_000668.xml, 0, 0., 383, 23.671199011124845, 6, 0.37082818294190356, 13, 0.8034610630407911, 0, 0., 0, 0., 2, 0.12360939431396786, 0, 0., 0, 0., 1, 0.06180469715698393, 8, 0.49443757725587145, 0, 0., 0, 0., 0, 0., 4, 0.24721878862793573, 0, 0., 0, 0., 0, 0., 0, 0., 0, 0., 0, 0., 0, 0., 6, 0.37082818294190356, 0, 0., 0, 0., 0, 0., 0, 0., 0, 0., 0, 0., 0, 0., 0, 0., 0, 0., 1190, 73.54758961681088, 0, 0., 0, 0., 0, 0., 5, 0.30902348578491967, 0, 0., 0, 0., 265, 1507, 1772, 1618, 0.9130925507900677
, generated\gt\sample_000565.krn, generated\xml_oemer\sample_000565.xml, 0, 0., 323, 35.65121412803532, 2, 0.22075055187637968, 10, 1.1037527593818985, 2, 0.22075055187637968, 0, 0., 1, 0.11037527593818984, 0, 0., 0, 0., 1, 0.11037527593818984, 0, 0., 0, 0., 0, 0., 2, 0.22075055187637968, 2, 0.22075055187637968, 0, 0., 0, 0., 0, 0., 0, 0., 0, 0., 0, 0., 0, 0., 11, 1.2141280353200883, 0, 0., 0, 0., 0, 0., 0, 0., 0, 0., 0, 0., 0, 0., 0, 0., 0, 0., 547, 60.375275938189844, 0, 0., 0, 0., 0, 0., 5, 0.5518763796909493, 0, 0., 0, 0., 257, 735, 992, 906, 0.9133064516129032
, generated\gt\sample_000211.krn, generated\xml_oemer\sample_000211.xml, 0, 0., 177, 16.14963503649635, 0, 0., 19, 1.7335766423357664, 1, 0.09124087591240876, 0, 0., 2, 0.18248175182481752, 0, 0., 0, 0., 0, 0., 13, 1.186131386861314, 1, 0.09124087591240876, 0, 0., 0, 0., 4, 0.36496350364963503, 0, 0., 0, 0., 4, 0.36496350364963503, 0, 0., 0, 0., 0, 0., 0, 0., 7, 0.6386861313868614, 0, 0., 0, 0., 0, 0., 0, 0., 0, 0., 0, 0., 0, 0., 0, 0., 0, 0., 863, 78.74087591240875, 0, 0., 0, 0., 0, 0., 5, 0.4562043795620438, 0, 0., 0, 0., 197, 1003, 1200, 1096, 0.9133333333333333
, generated\gt\sample_000549.krn, generated\xml_oemer\sample_000549.xml, 0, 0., 295, 15.261251939989654, 2, 0.10346611484738748, 68, 3.517847904811174, 2, 0.10346611484738748, 0, 0., 4, 0.20693222969477496, 0, 0., 0, 0., 0, 0., 0, 0., 0, 0., 0, 0., 0, 0., 4, 0.20693222969477496, 10, 0.5173305742369374, 0, 0., 0, 0., 0, 0., 0, 0., 0, 0., 0, 0., 1, 0.05173305742369374, 0, 0., 0, 0., 0, 0., 0, 0., 0, 0., 0, 0., 0, 0., 0, 0., 0, 0., 1542, 79.77237454733574, 0, 0., 0, 0., 0, 0., 5, 0.2586652871184687, 0, 0., 0, 0., 304, 1811, 2115, 1933, 0.9139479905437352
, generated\gt\sample_000351.krn, generated\xml_oemer\sample_000351.xml, 0, 0., 36, 4.128440366972477, 4, 0.45871559633027525, 0, 0., 0, 0., 0, 0., 0, 0., 0, 0., 0, 0., 1, 0.11467889908256881, 0, 0., 0, 0., 0, 0., 0, 0., 1, 0.11467889908256881, 0, 0., 0, 0., 0, 0., 0, 0., 0, 0., 0, 0., 0, 0., 2, 0.22935779816513763, 0, 0., 0, 0., 0, 0., 0, 0., 0, 0., 0, 0., 0, 0., 0, 0., 0, 0., 828, 94.95412844036697, 0, 0., 0, 0., 0, 0., 0, 0., 0, 0., 0, 0., 59, 895, 954, 872, 0.9140461215932913
, generated\gt\sample_000408.krn, generated\xml_oemer\sample_000408.xml, 0, 0., 171, 12.545854732208364, 32, 2.347762289068232, 17, 1.247248716067498, 1, 0.07336757153338225, 0, 0., 11, 0.8070432868672047, 0, 0., 0, 0., 7, 0.5135730007336757, 0, 0., 0, 0., 0, 0., 0, 0., 4, 0.293470286133529, 2, 0.1467351430667645, 0, 0., 0, 0., 0, 0., 0, 0., 0, 0., 0, 0., 5, 0.36683785766691124, 0, 0., 0, 0., 0, 0., 0, 0., 0, 0., 0, 0., 0, 0., 0, 0., 0, 0., 1108, 81.29126925898753, 0, 0., 0, 0., 0, 0., 5, 0.36683785766691124, 0, 0., 0, 0., 208, 1283, 1491, 1363, 0.9141515761234071
, generated\gt\sample_000349.krn, generated\xml_oemer\sample_000349.xml, 0, 0., 500, 39.7456279809221, 4, 0.3179650238473768, 25, 1.987281399046105, 3, 0.2384737678855326, 0, 0., 1, 0.0794912559618442, 0, 0., 0, 0., 0, 0., 4, 0.3179650238473768, 0, 0., 0, 0., 1, 0.0794912559618442, 4, 0.3179650238473768, 3, 0.2384737678855326, 0, 0., 0, 0., 0, 0., 0, 0., 0, 0., 0, 0., 15, 1.192368839427663, 0, 0., 0, 0., 0, 0., 0, 0., 0, 0., 0, 0., 0, 0., 0, 0., 0, 0., 693, 55.087440381558025, 0, 0., 0, 0., 0, 0., 5, 0.397456279809221, 0, 0., 0, 0., 402, 974, 1376, 1258, 0.9142441860465116
, generated\gt\sample_000476.krn, generated\xml_oemer\sample_000476.xml, 0, 0., 139, 9.802538787023977, 4, 0.2820874471086037, 10, 0.7052186177715092, 2, 0.14104372355430184, 0, 0., 3, 0.21156558533145275, 0, 0., 0, 0., 1, 0.07052186177715092, 0, 0., 0, 0., 0, 0., 5, 0.3526093088857546, 2, 0.14104372355430184, 0, 0., 0, 0., 0, 0., 0, 0., 0, 0., 0, 0., 0, 0., 7, 0.4936530324400564, 0, 0., 0, 0., 0, 0., 0, 0., 0, 0., 0, 0., 0, 0., 0, 0., 0, 0., 1240, 87.44710860366713, 0, 0., 0, 0., 0, 0., 5, 0.3526093088857546, 0, 0., 0, 0., 159, 1392, 1551, 1418, 0.9142488716956803
, generated\gt\sample_000495.krn, generated\xml_oemer\sample_000495.xml, 0, 0., 422, 22.22222222222222, 0, 0., 38, 2.0010531858873093, 8, 0.421274354923644, 0, 0., 3, 0.1579778830963665, 0, 0., 0, 0., 0, 0., 0, 0., 0, 0., 0, 0., 0, 0., 4, 0.210637177461822, 3, 0.1579778830963665, 0, 0., 0, 0., 0, 0., 0, 0., 0, 0., 0, 0., 6, 0.315955766192733, 0, 0., 0, 0., 0, 0., 0, 0., 0, 0., 0, 0., 0, 0., 0, 0., 0, 0., 1410, 74.24960505529226, 0, 0., 0, 0., 0, 0., 5, 0.2632964718272775, 0, 0., 0, 0., 402, 1675, 2077, 1899, 0.9142994703899856
, generated\gt\sample_000472.krn, generated\xml_oemer\sample_000472.xml, 0, 0., 360, 28.75399361022364, 2, 0.1597444089456869, 25, 1.9968051118210863, 3, 0.23961661341853036, 0, 0., 0, 0., 0, 0., 0, 0., 2, 0.1597444089456869, 0, 0., 0, 0., 0, 0., 0, 0., 4, 0.3194888178913738, 0, 0., 0, 0., 4, 0.3194888178913738, 0, 0., 0, 0., 0, 0., 0, 0., 6, 0.4792332268370607, 0, 0., 0, 0., 0, 0., 0, 0., 0, 0., 0, 0., 0, 0., 0, 0., 0, 0., 841, 67.17252396166134, 0, 0., 0, 0., 0, 0., 5, 0.3993610223642173, 0, 0., 0, 0., 303, 1066, 1369, 1252, 0.914536157779401
, generated\gt\sample_000269.krn, generated\xml_oemer\sample_000269.xml, 0, 0., 215, 25.0, 6, 0.6976744186046512, 6, 0.6976744186046512, 7, 0.813953488372093, 0, 0., 0, 0., 0, 0., 0, 0., 0, 0., 0, 0., 0, 0., 0, 0., 0, 0., 4, 0.46511627906976744, 4, 0.46511627906976744, 0, 0., 0, 0., 0, 0., 0, 0., 0, 0., 0, 0., 7, 0.813953488372093, 0, 0., 0, 0., 0, 0., 0, 0., 0, 0., 0, 0., 0, 0., 0, 0., 0, 0., 606, 70.46511627906976, 0, 0., 0, 0., 0, 0., 5, 0.5813953488372093, 0, 0., 0, 0., 215, 725, 940, 860, 0.9148936170212766
, generated\gt\sample_000163.krn, generated\xml_oemer\sample_000163.xml, 0, 0., 221, 24.179431072210065, 4, 0.437636761487965, 2, 0.2188183807439825, 3, 0.3282275711159737, 2, 0.2188183807439825, 0, 0., 0, 0., 0, 0., 0, 0., 2, 0.2188183807439825, 3, 0.3282275711159737, 0, 0., 1, 0.10940919037199125, 2, 0.2188183807439825, 0, 0., 0, 0., 0, 0., 0, 0., 0, 0., 0, 0., 0, 0., 3, 0.3282275711159737, 0, 0., 0, 0., 0, 0., 0, 0., 0, 0., 0, 0., 0, 0., 0, 0., 0, 0., 666, 72.86652078774617, 0, 0., 0, 0., 0, 0., 5, 0.5470459518599562, 0, 0., 0, 0., 162, 837, 999, 914, 0.914914914914915
, generated\gt\sample_000500.krn, generated\xml_oemer\sample_000500.xml, 0, 0., 229, 18.60276198212835, 12, 0.974817221770918, 15, 1.2185215272136474, 5, 0.4061738424045491, 0, 0., 0, 0., 0, 0., 0, 0., 1, 0.08123476848090982, 0, 0., 0, 0., 0, 0., 2, 0.16246953696181965, 4, 0.3249390739236393, 8, 0.6498781478472786, 0, 0., 0, 0., 0, 0., 0, 0., 0, 0., 0, 0., 3, 0.2437043054427295, 0, 0., 0, 0., 0, 0., 0, 0., 0, 0., 0, 0., 0, 0., 0, 0., 0, 0., 947, 76.92932575142162, 0, 0., 0, 0., 0, 0., 5, 0.4061738424045491, 0, 0., 0, 0., 216, 1129, 1345, 1231, 0.9152416356877323
, generated\gt\sample_000483.krn, generated\xml_oemer\sample_000483.xml, 0, 0., 132, 8.06845965770171, 6, 0.36674816625916873, 19, 1.1613691931540342, 6, 0.36674816625916873, 0, 0., 10, 0.6112469437652812, 0, 0., 0, 0., 0, 0., 0, 0., 0, 0., 0, 0., 3, 0.18337408312958436, 4, 0.24449877750611246, 6, 0.36674816625916873, 0, 0., 0, 0., 0, 0., 0, 0., 0, 0., 0, 0., 2, 0.12224938875305623, 0, 0., 0, 0., 0, 0., 0, 0., 0, 0., 0, 0., 0, 0., 0, 0., 0, 0., 1443, 88.20293398533008, 0, 0., 0, 0., 0, 0., 5, 0.3056234718826406, 0, 0., 0, 0., 194, 1593, 1787, 1636, 0.9155008393956351
, generated\gt\sample_000390.krn, generated\xml_oemer\sample_000390.xml, 0, 0., 339, 28.156146179401993, 4, 0.33222591362126247, 4, 0.33222591362126247, 0, 0., 8, 0.6644518272425249, 0, 0., 0, 0., 0, 0., 0, 0., 3, 0.24916943521594684, 0, 0., 0, 0., 0, 0., 4, 0.33222591362126247, 0, 0., 0, 0., 4, 0.33222591362126247, 0, 0., 0, 0., 0, 0., 0, 0., 0, 0., 0, 0., 0, 0., 0, 0., 0, 0., 0, 0., 0, 0., 0, 0., 0, 0., 0, 0., 833, 69.18604651162791, 0, 0., 0, 0., 0, 0., 5, 0.4152823920265781, 0, 0., 0, 0., 289, 1026, 1315, 1204, 0.9155893536121673
, generated\gt\sample_000341.krn, generated\xml_oemer\sample_000341.xml, 0, 0., 286, 17.80821917808219, 0, 0., 22, 1.36986301369863, 2, 0.12453300124533001, 0, 0., 1, 0.062266500622665005, 0, 0., 0, 0., 0, 0., 0, 0., 0, 0., 0, 0., 3, 0.18679950186799502, 4, 0.24906600249066002, 0, 0., 0, 0., 0, 0., 0, 0., 0, 0., 0, 0., 0, 0., 9, 0.5603985056039851, 0, 0., 0, 0., 0, 0., 0, 0., 0, 0., 0, 0., 0, 0., 0, 0., 0, 0., 1274, 79.32752179327522, 0, 0., 0, 0., 0, 0., 5, 0.31133250311332505, 0, 0., 0, 0., 245, 1508, 1753, 1606, 0.9161437535653166
, generated\gt\sample_000133.krn, generated\xml_oemer\sample_000133.xml, 0, 0., 201, 22.40802675585284, 6, 0.6688963210702341, 6, 0.6688963210702341, 1, 0.11148272017837235, 0, 0., 1, 0.11148272017837235, 0, 0., 0, 0., 0, 0., 14, 1.560758082497213, 0, 0., 0, 0., 1, 0.11148272017837235, 2, 0.2229654403567447, 2, 0.2229654403567447, 0, 0., 2, 0.2229654403567447, 0, 0., 0, 0., 0, 0., 0, 0., 0, 0., 0, 0., 0, 0., 0, 0., 0, 0., 0, 0., 0, 0., 0, 0., 0, 0., 0, 0., 661, 73.69007803790413, 0, 0., 0, 0., 0, 0., 0, 0., 0, 0., 0, 0., 156, 823, 979, 897, 0.916241062308478
, generated\gt\sample_000573.krn, generated\xml_oemer\sample_000573.xml, 0, 0., 119, 6.42548596112311, 0, 0., 26, 1.4038876889848813, 0, 0., 0, 0., 2, 0.1079913606911447, 0, 0., 0, 0., 0, 0., 0, 0., 2, 0.1079913606911447, 0, 0., 0, 0., 2, 0.1079913606911447, 2, 0.1079913606911447, 0, 0., 0, 0., 0, 0., 0, 0., 0, 0., 0, 0., 2, 0.1079913606911447, 0, 0., 0, 0., 0, 0., 0, 0., 0, 0., 0, 0., 0, 0., 0, 0., 0, 0., 1697, 91.63066954643628, 0, 0., 0, 0., 0, 0., 0, 0., 0, 0., 0, 0., 236, 1785, 2021, 1852, 0.9163780306778823
, generated\gt\sample_000003.krn, generated\xml_oemer\sample_000003.xml, 0, 0., 183, 8.456561922365989, 2, 0.09242144177449169, 51, 2.3567467652495377, 2, 0.09242144177449169, 0, 0., 0, 0., 0, 0., 0, 0., 0, 0., 5, 0.23105360443622922, 1, 0.04621072088724584, 0, 0., 0, 0., 2, 0.09242144177449169, 0, 0., 0, 0., 0, 0., 0, 0., 0, 0., 0, 0., 0, 0., 9, 0.41589648798521256, 0, 0., 0, 0., 0, 0., 0, 0., 0, 0., 0, 0., 0, 0., 0, 0., 0, 0., 1909, 88.21626617375232, 0, 0., 0, 0., 0, 0., 0, 0., 0, 0., 0, 0., 232, 2128, 2360, 2164, 0.9169491525423729
, generated\gt\sample_000076.krn, generated\xml_oemer\sample_000076.xml, 0, 0., 359, 34.2230695900858, 2, 0.19065776930409914, 19, 1.8112488083889418, 0, 0., 0, 0., 2, 0.19065776930409914, 0, 0., 0, 0., 0, 0., 0, 0., 0, 0., 0, 0., 0, 0., 4, 0.3813155386081983, 0, 0., 0, 0., 0, 0., 0, 0., 0, 0., 0, 0., 0, 0., 0, 0., 0, 0., 0, 0., 0, 0., 0, 0., 0, 0., 0, 0., 0, 0., 0, 0., 0, 0., 658, 62.72640610104862, 0, 0., 0, 0., 0, 0., 5, 0.47664442326024786, 0, 0., 0, 0., 264, 880, 1144, 1049, 0.916958041958042
, generated\gt\sample_000079.krn, generated\xml_oemer\sample_000079.xml, 0, 0., 259, 17.452830188679247, 16, 1.0781671159029649, 6, 0.40431266846361186, 2, 0.1347708894878706, 0, 0., 4, 0.2695417789757412, 0, 0., 0, 0., 0, 0., 8, 0.5390835579514824, 0, 0., 0, 0., 6, 0.40431266846361186, 2, 0.1347708894878706, 0, 0., 0, 0., 0, 0., 0, 0., 0, 0., 0, 0., 0, 0., 4, 0.2695417789757412, 0, 0., 0, 0., 0, 0., 0, 0., 0, 0., 0, 0., 0, 0., 0, 0., 0, 0., 1172, 78.97574123989219, 0, 0., 0, 0., 0, 0., 5, 0.33692722371967654, 0, 0., 0, 0., 250, 1368, 1618, 1484, 0.9171817058096415
, generated\gt\sample_000187.krn, generated\xml_oemer\sample_000187.xml, 0, 0., 62, 3.3769063180827885, 4, 0.2178649237472767, 38, 2.0697167755991286, 0, 0., 0, 0., 3, 0.16339869281045752, 0, 0., 0, 0., 0, 0., 7, 0.3812636165577342, 0, 0., 0, 0., 0, 0., 2, 0.10893246187363835, 2, 0.10893246187363835, 0, 0., 0, 0., 0, 0., 0, 0., 0, 0., 0, 0., 6, 0.32679738562091504, 0, 0., 0, 0., 0, 0., 0, 0., 0, 0., 0, 0., 0, 0., 0, 0., 0, 0., 1712, 93.24618736383442, 0, 0., 0, 0., 0, 0., 0, 0., 0, 0., 0, 0., 153, 1847, 2000, 1836, 0.918
, generated\gt\sample_000132.krn, generated\xml_oemer\sample_000132.xml, 0, 0., 194, 9.984559958826557, 8, 0.4117344312918168, 53, 2.727740607308286, 0, 0., 0, 0., 0, 0., 0, 0., 0, 0., 0, 0., 0, 0., 0, 0., 0, 0., 2, 0.1029336078229542, 1, 0.0514668039114771, 0, 0., 0, 0., 0, 0., 0, 0., 0, 0., 0, 0., 0, 0., 3, 0.15440041173443128, 0, 0., 0, 0., 0, 0., 0, 0., 0, 0., 0, 0., 0, 0., 0, 0., 0, 0., 1682, 86.56716417910448, 0, 0., 0, 0., 0, 0., 0, 0., 0, 0., 0, 0., 156, 1960, 2116, 1943, 0.918241965973535
, generated\gt\sample_000236.krn, generated\xml_oemer\sample_000236.xml, 0, 0., 301, 21.21212121212121, 12, 0.8456659619450317, 8, 0.5637773079633545, 1, 0.07047216349541931, 0, 0., 4, 0.28188865398167723, 0, 0., 0, 0., 0, 0., 0, 0., 0, 0., 0, 0., 2, 0.14094432699083861, 4, 0.28188865398167723, 8, 0.5637773079633545, 0, 0., 0, 0., 0, 0., 0, 0., 0, 0., 0, 0., 19, 1.3389711064129668, 0, 0., 0, 0., 0, 0., 0, 0., 0, 0., 0, 0., 0, 0., 0, 0., 0, 0., 1055, 74.34813248766737, 0, 0., 0, 0., 0, 0., 5, 0.3523608174770965, 0, 0., 0, 0., 287, 1258, 1545, 1419, 0.9184466019417475
, generated\gt\sample_000683.krn, generated\xml_oemer\sample_000683.xml, 0, 0., 170, 9.906759906759907, 12, 0.6993006993006993, 24, 1.3986013986013985, 8, 0.4662004662004662, 0, 0., 5, 0.2913752913752914, 0, 0., 0, 0., 1, 0.05827505827505827, 3, 0.17482517482517482, 0, 0., 0, 0., 0, 0., 4, 0.2331002331002331, 4, 0.2331002331002331, 0, 0., 0, 0., 0, 0., 0, 0., 0, 0., 0, 0., 8, 0.4662004662004662, 0, 0., 0, 0., 0, 0., 0, 0., 0, 0., 0, 0., 0, 0., 0, 0., 0, 0., 1472, 85.78088578088578, 0, 0., 0, 0., 0, 0., 5, 0.2913752913752914, 0, 0., 0, 0., 208, 1660, 1868, 1716, 0.9186295503211992
, generated\gt\sample_000416.krn, generated\xml_oemer\sample_000416.xml, 0, 0., 285, 28.78787878787879, 8, 0.8080808080808081, 14, 1.4141414141414141, 1, 0.10101010101010101, 0, 0., 0, 0., 0, 0., 0, 0., 0, 0., 0, 0., 0, 0., 0, 0., 1, 0.10101010101010101, 4, 0.40404040404040403, 2, 0.20202020202020202, 0, 0., 0, 0., 0, 0., 0, 0., 0, 0., 0, 0., 0, 0., 0, 0., 0, 0., 0, 0., 0, 0., 0, 0., 0, 0., 0, 0., 0, 0., 0, 0., 628, 63.43434343434343, 41, 4.141414141414141, 0, 0., 1, 0.10101010101010101, 5, 0.5050505050505051, 0, 0., 0, 0., 272, 805, 1077, 990, 0.9192200557103064
, generated\gt\sample_000657.krn, generated\xml_oemer\sample_000657.xml, 0, 0., 334, 17.775412453432676, 0, 0., 48, 2.5545502927088877, 0, 0., 0, 0., 2, 0.10643959552953698, 0, 0., 0, 0., 0, 0., 0, 0., 0, 0., 0, 0., 1, 0.05321979776476849, 4, 0.21287919105907396, 1, 0.05321979776476849, 0, 0., 0, 0., 0, 0., 0, 0., 0, 0., 0, 0., 2, 0.10643959552953698, 0, 0., 0, 0., 0, 0., 0, 0., 0, 0., 0, 0., 0, 0., 0, 0., 0, 0., 1482, 78.87174028738691, 0, 0., 0, 0., 0, 0., 5, 0.2660989888238425, 0, 0., 0, 0., 381, 1663, 2044, 1879, 0.9192759295499021
, generated\gt\sample_000486.krn, generated\xml_oemer\sample_000486.xml, 0, 0., 166, 16.750756811301716, 2, 0.20181634712411706, 21, 2.119071644803229, 7, 0.7063572149344097, 0, 0., 3, 0.30272452068617556, 0, 0., 0, 0., 0, 0., 4, 0.4036326942482341, 1, 0.10090817356205853, 0, 0., 0, 0., 4, 0.4036326942482341, 0, 0., 0, 0., 0, 0., 0, 0., 0, 0., 0, 0., 0, 0., 4, 0.4036326942482341, 0, 0., 0, 0., 0, 0., 0, 0., 0, 0., 0, 0., 0, 0., 0, 0., 0, 0., 774, 78.1029263370333, 0, 0., 0, 0., 0, 0., 5, 0.5045408678102926, 0, 0., 0, 0., 154, 924, 1078, 991, 0.9192949907235621
, generated\gt\sample_000287.krn, generated\xml_oemer\sample_000287.xml, 0, 0., 83, 6.203288490284006, 4, 0.29895366218236175, 11, 0.8221225710014948, 1, 0.07473841554559044, 0, 0., 0, 0., 0, 0., 0, 0., 1, 0.07473841554559044, 0, 0., 0, 0., 0, 0., 2, 0.14947683109118087, 2, 0.14947683109118087, 0, 0., 0, 0., 0, 0., 0, 0., 0, 0., 0, 0., 0, 0., 3, 0.2242152466367713, 0, 0., 0, 0., 0, 0., 0, 0., 0, 0., 0, 0., 0, 0., 0, 0., 0, 0., 1231, 92.00298953662183, 0, 0., 0, 0., 0, 0., 0, 0., 0, 0., 0, 0., 113, 1342, 1455, 1338, 0.9195876288659793
, generated\gt\sample_000229.krn, generated\xml_oemer\sample_000229.xml, 0, 0., 346, 31.7722681359045, 4, 0.3673094582185491, 22, 2.0202020202020203, 1, 0.09182736455463728, 0, 0., 0, 0., 0, 0., 0, 0., 0, 0., 0, 0., 0, 0., 0, 0., 4, 0.3673094582185491, 4, 0.3673094582185491, 4, 0.3673094582185491, 0, 0., 0, 0., 0, 0., 0, 0., 0, 0., 0, 0., 4, 0.3673094582185491, 0, 0., 0, 0., 0, 0., 0, 0., 0, 0., 0, 0., 0, 0., 0, 0., 0, 0., 695, 63.82001836547291, 0, 0., 0, 0., 0, 0., 5, 0.4591368227731864, 0, 0., 0, 0., 237, 947, 1184, 1089, 0.9197635135135135
, generated\gt\sample_000414.krn, generated\xml_oemer\sample_000414.xml, 0, 0., 318, 23.695976154992547, 6, 0.44709388971684055, 19, 1.4157973174366616, 5, 0.37257824143070045, 0, 0., 3, 0.22354694485842028, 0, 0., 0, 0., 0, 0., 0, 0., 1, 0.07451564828614009, 0, 0., 2, 0.14903129657228018, 4, 0.29806259314456035, 8, 0.5961251862891207, 0, 0., 0, 0., 0, 0., 0, 0., 0, 0., 0, 0., 8, 0.5961251862891207, 0, 0., 0, 0., 0, 0., 0, 0., 0, 0., 0, 0., 0, 0., 0, 0., 0, 0., 963, 71.7585692995529, 0, 0., 0, 0., 0, 0., 5, 0.37257824143070045, 0, 0., 0, 0., 300, 1159, 1459, 1342, 0.9198080877313228
, generated\gt\sample_000307.krn, generated\xml_oemer\sample_000307.xml, 0, 0., 357, 17.097701149425287, 8, 0.3831417624521073, 25, 1.1973180076628354, 1, 0.04789272030651341, 0, 0., 6, 0.28735632183908044, 0, 0., 0, 0., 0, 0., 0, 0., 0, 0., 0, 0., 5, 0.23946360153256704, 4, 0.19157088122605365, 0, 0., 0, 0., 0, 0., 0, 0., 0, 0., 0, 0., 0, 0., 8, 0.3831417624521073, 0, 0., 0, 0., 0, 0., 0, 0., 0, 0., 0, 0., 0, 0., 0, 0., 0, 0., 1669, 79.93295019157088, 0, 0., 0, 0., 0, 0., 5, 0.23946360153256704, 0, 0., 0, 0., 315, 1955, 2270, 2088, 0.9198237885462555
, generated\gt\sample_000385.krn, generated\xml_oemer\sample_000385.xml, 0, 0., 76, 3.909465020576132, 0, 0., 33, 1.6975308641975309, 2, 0.102880658436214, 0, 0., 2, 0.102880658436214, 0, 0., 0, 0., 0, 0., 0, 0., 0, 0., 0, 0., 0, 0., 2, 0.102880658436214, 0, 0., 0, 0., 0, 0., 0, 0., 0, 0., 0, 0., 0, 0., 0, 0., 0, 0., 0, 0., 0, 0., 0, 0., 0, 0., 0, 0., 0, 0., 0, 0., 0, 0., 1829, 94.0843621399177, 0, 0., 0, 0., 0, 0., 0, 0., 0, 0., 0, 0., 150, 1963, 2113, 1944, 0.9200189304306673
, generated\gt\sample_000570.krn, generated\xml_oemer\sample_000570.xml, 0, 0., 341, 24.89051094890511, 6, 0.43795620437956206, 27, 1.9708029197080292, 5, 0.36496350364963503, 0, 0., 0, 0., 0, 0., 0, 0., 0, 0., 0, 0., 0, 0., 0, 0., 1, 0.072992700729927, 4, 0.291970802919708, 4, 0.291970802919708, 0, 0., 0, 0., 0, 0., 0, 0., 0, 0., 0, 0., 0, 0., 0, 0., 0, 0., 0, 0., 0, 0., 0, 0., 0, 0., 0, 0., 0, 0., 0, 0., 977, 71.31386861313868, 0, 0., 0, 0., 0, 0., 5, 0.36496350364963503, 0, 0., 0, 0., 245, 1243, 1488, 1370, 0.9206989247311828
, generated\gt\sample_000348.krn, generated\xml_oemer\sample_000348.xml, 0, 0., 439, 20.746691871455578, 4, 0.1890359168241966, 31, 1.4650283553875236, 3, 0.14177693761814744, 0, 0., 0, 0., 0, 0., 0, 0., 0, 0., 11, 0.5198487712665406, 0, 0., 0, 0., 1, 0.04725897920604915, 4, 0.1890359168241966, 4, 0.1890359168241966, 0, 0., 0, 0., 0, 0., 0, 0., 0, 0., 0, 0., 9, 0.42533081285444235, 0, 0., 0, 0., 0, 0., 0, 0., 0, 0., 0, 0., 0, 0., 0, 0., 0, 0., 1605, 75.85066162570888, 0, 0., 0, 0., 0, 0., 5, 0.23629489603024575, 0, 0., 0, 0., 434, 1864, 2298, 2116, 0.9208006962576153
, generated\gt\sample_000177.krn, generated\xml_oemer\sample_000177.xml, 0, 0., 342, 23.521320495185694, 4, 0.2751031636863824, 24, 1.6506189821182944, 2, 0.1375515818431912, 0, 0., 0, 0., 0, 0., 0, 0., 0, 0., 0, 0., 0, 0., 0, 0., 2, 0.1375515818431912, 4, 0.2751031636863824, 0, 0., 0, 0., 0, 0., 0, 0., 0, 0., 0, 0., 0, 0., 4, 0.2751031636863824, 0, 0., 0, 0., 0, 0., 0, 0., 0, 0., 0, 0., 0, 0., 0, 0., 0, 0., 1067, 73.38376891334251, 0, 0., 0, 0., 0, 0., 5, 0.343878954607978, 0, 0., 0, 0., 232, 1347, 1579, 1454, 0.9208359721342622
, generated\gt\sample_000577.krn, generated\xml_oemer\sample_000577.xml, 0, 0., 225, 13.47305389221557, 2, 0.11976047904191617, 19, 1.1377245508982037, 1, 0.059880239520958084, 0, 0., 0, 0., 0, 0., 0, 0., 0, 0., 9, 0.5389221556886228, 0, 0., 0, 0., 2, 0.11976047904191617, 4, 0.23952095808383234, 1, 0.059880239520958084, 0, 0., 0, 0., 0, 0., 0, 0., 0, 0., 0, 0., 2, 0.11976047904191617, 0, 0., 0, 0., 0, 0., 0, 0., 0, 0., 0, 0., 0, 0., 0, 0., 0, 0., 1400, 83.83233532934132, 0, 0., 0, 0., 0, 0., 5, 0.2994011976047904, 0, 0., 0, 0., 205, 1608, 1813, 1670, 0.9211252068394925
, generated\gt\sample_000067.krn, generated\xml_oemer\sample_000067.xml, 0, 0., 209, 13.440514469453376, 6, 0.3858520900321543, 17, 1.0932475884244373, 2, 0.12861736334405144, 0, 0., 1, 0.06430868167202572, 0, 0., 0, 0., 0, 0., 11, 0.707395498392283, 0, 0., 0, 0., 0, 0., 4, 0.2572347266881029, 8, 0.5144694533762058, 0, 0., 0, 0., 0, 0., 0, 0., 0, 0., 0, 0., 2, 0.12861736334405144, 0, 0., 0, 0., 0, 0., 0, 0., 0, 0., 0, 0., 0, 0., 0, 0., 0, 0., 1290, 82.95819935691318, 0, 0., 0, 0., 0, 0., 5, 0.3215434083601286, 0, 0., 0, 0., 209, 1479, 1688, 1555, 0.9212085308056872
, generated\gt\sample_000543.krn, generated\xml_oemer\sample_000543.xml, 0, 0., 251, 20.7953603976802, 2, 0.16570008285004142, 19, 1.5741507870753935, 3, 0.24855012427506215, 0, 0., 0, 0., 0, 0., 0, 0., 0, 0., 12, 0.9942004971002486, 0, 0., 0, 0., 0, 0., 2, 0.16570008285004142, 0, 0., 0, 0., 0, 0., 0, 0., 0, 0., 0, 0., 0, 0., 2, 0.16570008285004142, 0, 0., 0, 0., 0, 0., 0, 0., 0, 0., 0, 0., 0, 0., 0, 0., 0, 0., 911, 75.47638773819386, 0, 0., 0, 0., 0, 0., 5, 0.4142502071251036, 0, 0., 0, 0., 146, 1164, 1310, 1207, 0.9213740458015267
, generated\gt\sample_000402.krn, generated\xml_oemer\sample_000402.xml, 0, 0., 338, 25.644916540212442, 2, 0.15174506828528073, 8, 0.6069802731411229, 8, 0.6069802731411229, 0, 0., 1, 0.07587253414264036, 0, 0., 0, 0., 1, 0.07587253414264036, 0, 0., 0, 0., 0, 0., 1, 0.07587253414264036, 4, 0.30349013657056145, 2, 0.15174506828528073, 0, 0., 0, 0., 0, 0., 0, 0., 0, 0., 0, 0., 0, 0., 0, 0., 0, 0., 0, 0., 0, 0., 0, 0., 0, 0., 0, 0., 0, 0., 0, 0., 948, 71.92716236722306, 0, 0., 0, 0., 0, 0., 5, 0.37936267071320184, 0, 0., 0, 0., 211, 1219, 1430, 1318, 0.9216783216783216
, generated\gt\sample_000568.krn, generated\xml_oemer\sample_000568.xml, 0, 0., 232, 26.274065685164214, 8, 0.9060022650056625, 13, 1.4722536806342015, 0, 0., 0, 0., 2, 0.22650056625141562, 0, 0., 0, 0., 0, 0., 0, 0., 0, 0., 0, 0., 2, 0.22650056625141562, 4, 0.45300113250283125, 2, 0.22650056625141562, 0, 0., 4, 0.45300113250283125, 0, 0., 0, 0., 0, 0., 0, 0., 0, 0., 0, 0., 0, 0., 0, 0., 0, 0., 0, 0., 0, 0., 0, 0., 0, 0., 0, 0., 611, 69.19592298980747, 0, 0., 0, 0., 0, 0., 5, 0.5662514156285391, 0, 0., 0, 0., 205, 753, 958, 883, 0.9217118997912317
, generated\gt\sample_000196.krn, generated\xml_oemer\sample_000196.xml, 0, 0., 154, 9.98055735580039, 8, 0.5184705119896306, 10, 0.6480881399870383, 3, 0.19442644199611148, 0, 0., 0, 0., 0, 0., 0, 0., 2, 0.12961762799740764, 0, 0., 0, 0., 0, 0., 7, 0.45366169799092676, 4, 0.2592352559948153, 4, 0.2592352559948153, 0, 0., 0, 0., 0, 0., 0, 0., 0, 0., 0, 0., 10, 0.6480881399870383, 0, 0., 0, 0., 0, 0., 0, 0., 0, 0., 0, 0., 0, 0., 0, 0., 0, 0., 1336, 86.58457550226831, 0, 0., 0, 0., 0, 0., 5, 0.32404406999351915, 0, 0., 0, 0., 177, 1497, 1674, 1543, 0.9217443249701314
, generated\gt\sample_000125.krn, generated\xml_oemer\sample_000125.xml, 0, 0., 425, 24.065685164212912, 6, 0.33975084937712347, 15, 0.8493771234428086, 2, 0.11325028312570781, 0, 0., 5, 0.28312570781426954, 0, 0., 0, 0., 0, 0., 0, 0., 0, 0., 0, 0., 2, 0.11325028312570781, 4, 0.22650056625141562, 2, 0.11325028312570781, 0, 0., 0, 0., 0, 0., 0, 0., 0, 0., 0, 0., 3, 0.16987542468856173, 0, 0., 0, 0., 0, 0., 0, 0., 0, 0., 0, 0., 0, 0., 0, 0., 0, 0., 1297, 73.44280860702152, 0, 0., 0, 0., 0, 0., 5, 0.28312570781426954, 0, 0., 0, 0., 313, 1602, 1915, 1766, 0.9221932114882506
, generated\gt\sample_000680.krn, generated\xml_oemer\sample_000680.xml, 0, 0., 111, 8.901363271852446, 4, 0.32076984763432237, 15, 1.202886928628709, 5, 0.40096230954290296, 0, 0., 1, 0.08019246190858059, 0, 0., 0, 0., 0, 0., 4, 0.32076984763432237, 0, 0., 0, 0., 3, 0.24057738572574178, 4, 0.32076984763432237, 0, 0., 0, 0., 0, 0., 0, 0., 0, 0., 0, 0., 0, 0., 7, 0.5613472333600642, 0, 0., 0, 0., 0, 0., 0, 0., 0, 0., 0, 0., 0, 0., 0, 0., 0, 0., 1088, 87.24939855653568, 0, 0., 0, 0., 0, 0., 5, 0.40096230954290296, 0, 0., 0, 0., 176, 1176, 1352, 1247, 0.9223372781065089
, generated\gt\sample_000280.krn, generated\xml_oemer\sample_000280.xml, 0, 0., 194, 14.306784660766962, 2, 0.14749262536873156, 19, 1.40117994100295, 0, 0., 0, 0., 1, 0.07374631268436578, 0, 0., 0, 0., 0, 0., 2, 0.14749262536873156, 0, 0., 0, 0., 3, 0.22123893805309736, 2, 0.14749262536873156, 0, 0., 0, 0., 0, 0., 0, 0., 0, 0., 0, 0., 0, 0., 6, 0.4424778761061947, 0, 0., 0, 0., 0, 0., 0, 0., 0, 0., 0, 0., 0, 0., 0, 0., 0, 0., 1122, 82.7433628318584, 0, 0., 0, 0., 0, 0., 5, 0.3687315634218289, 0, 0., 0, 0., 220, 1250, 1470, 1356, 0.9224489795918367
, generated\gt\sample_000599.krn, generated\xml_oemer\sample_000599.xml, 0, 0., 121, 10.784313725490197, 2, 0.17825311942959002, 3, 0.26737967914438504, 0, 0., 0, 0., 2, 0.17825311942959002, 0, 0., 0, 0., 0, 0., 0, 0., 0, 0., 0, 0., 1, 0.08912655971479501, 4, 0.35650623885918004, 9, 0.8021390374331551, 0, 0., 0, 0., 0, 0., 0, 0., 0, 0., 0, 0., 2, 0.17825311942959002, 0, 0., 0, 0., 0, 0., 0, 0., 0, 0., 0, 0., 0, 0., 0, 0., 0, 0., 973, 86.72014260249554, 0, 0., 0, 0., 0, 0., 5, 0.44563279857397503, 0, 0., 0, 0., 209, 1007, 1216, 1122, 0.9226973684210527
, generated\gt\sample_000173.krn, generated\xml_oemer\sample_000173.xml, 0, 0., 142, 13.549618320610687, 4, 0.3816793893129771, 13, 1.2404580152671756, 0, 0., 0, 0., 0, 0., 0, 0., 0, 0., 0, 0., 0, 0., 0, 0., 0, 0., 0, 0., 4, 0.3816793893129771, 7, 0.6679389312977099, 0, 0., 0, 0., 0, 0., 0, 0., 0, 0., 0, 0., 3, 0.2862595419847328, 0, 0., 0, 0., 0, 0., 0, 0., 0, 0., 0, 0., 0, 0., 0, 0., 0, 0., 870, 83.01526717557252, 0, 0., 0, 0., 0, 0., 5, 0.4770992366412214, 0, 0., 0, 0., 125, 1010, 1135, 1048, 0.9233480176211454
, generated\gt\sample_000524.krn, generated\xml_oemer\sample_000524.xml, 0, 0., 237, 11.048951048951048, 4, 0.1864801864801865, 45, 2.097902097902098, 2, 0.09324009324009325, 0, 0., 4, 0.1864801864801865, 0, 0., 0, 0., 0, 0., 2, 0.09324009324009325, 0, 0., 0, 0., 0, 0., 2, 0.09324009324009325, 0, 0., 0, 0., 0, 0., 0, 0., 0, 0., 0, 0., 0, 0., 8, 0.372960372960373, 0, 0., 0, 0., 0, 0., 0, 0., 0, 0., 0, 0., 0, 0., 0, 0., 0, 0., 1841, 85.82750582750583, 0, 0., 0, 0., 0, 0., 0, 0., 0, 0., 0, 0., 196, 2127, 2323, 2145, 0.9233749461902712
, generated\gt\sample_000368.krn, generated\xml_oemer\sample_000368.xml, 0, 0., 379, 20.010559662090813, 12, 0.6335797254487856, 30, 1.583949313621964, 2, 0.10559662090813093, 0, 0., 3, 0.1583949313621964, 0, 0., 0, 0., 4, 0.21119324181626187, 0, 0., 0, 0., 0, 0., 0, 0., 4, 0.21119324181626187, 8, 0.42238648363252373, 0, 0., 0, 0., 0, 0., 0, 0., 0, 0., 0, 0., 4, 0.21119324181626187, 0, 0., 0, 0., 0, 0., 0, 0., 0, 0., 0, 0., 0, 0., 0, 0., 0, 0., 1443, 76.18796198521648, 0, 0., 0, 0., 0, 0., 5, 0.26399155227032733, 0, 0., 0, 0., 346, 1705, 2051, 1894, 0.9234519746465139
, generated\gt\sample_000123.krn, generated\xml_oemer\sample_000123.xml, 0, 0., 199, 15.92, 4, 0.32, 7, 0.56, 3, 0.24, 0, 0., 5, 0.4, 0, 0., 0, 0., 2, 0.16, 0, 0., 0, 0., 0, 0., 2, 0.16, 4, 0.32, 0, 0., 0, 0., 0, 0., 6, 0.48, 0, 0., 0, 0., 0, 0., 0, 0., 0, 0., 0, 0., 0, 0., 0, 0., 0, 0., 0, 0., 0, 0., 0, 0., 0, 0., 1013, 81.04, 0, 0., 0, 0., 0, 0., 5, 0.4, 0, 0., 0, 0., 177, 1176, 1353, 1250, 0.9238728750923872
, generated\gt\sample_000415.krn, generated\xml_oemer\sample_000415.xml, 0, 0., 309, 33.01282051282051, 18, 1.9230769230769231, 16, 1.7094017094017093, 2, 0.21367521367521367, 0, 0., 0, 0., 0, 0., 0, 0., 0, 0., 0, 0., 0, 0., 0, 0., 4, 0.42735042735042733, 4, 0.42735042735042733, 3, 0.32051282051282054, 0, 0., 0, 0., 0, 0., 0, 0., 0, 0., 0, 0., 0, 0., 0, 0., 0, 0., 0, 0., 0, 0., 0, 0., 0, 0., 0, 0., 0, 0., 0, 0., 533, 56.94444444444444, 41, 4.380341880341881, 0, 0., 1, 0.10683760683760683, 5, 0.5341880341880342, 0, 0., 0, 0., 272, 741, 1013, 936, 0.9239881539980257
, generated\gt\sample_000142.krn, generated\xml_oemer\sample_000142.xml, 0, 0., 107, 5.691489361702128, 8, 0.425531914893617, 21, 1.1170212765957446, 0, 0., 0, 0., 0, 0., 0, 0., 0, 0., 0, 0., 6, 0.3191489361702128, 1, 0.05319148936170213, 0, 0., 0, 0., 1, 0.05319148936170213, 0, 0., 0, 0., 0, 0., 0, 0., 0, 0., 0, 0., 0, 0., 2, 0.10638297872340426, 0, 0., 0, 0., 0, 0., 0, 0., 0, 0., 0, 0., 0, 0., 0, 0., 0, 0., 1734, 92.23404255319149, 0, 0., 0, 0., 0, 0., 0, 0., 0, 0., 0, 0., 156, 1878, 2034, 1880, 0.9242871189773845
, generated\gt\sample_000176.krn, generated\xml_oemer\sample_000176.xml, 0, 0., 255, 23.11876699909338, 0, 0., 20, 1.813236627379873, 2, 0.1813236627379873, 0, 0., 2, 0.1813236627379873, 0, 0., 0, 0., 4, 0.3626473254759746, 0, 0., 0, 0., 0, 0., 3, 0.271985494106981, 4, 0.3626473254759746, 2, 0.1813236627379873, 0, 0., 4, 0.3626473254759746, 0, 0., 0, 0., 0, 0., 0, 0., 6, 0.543970988213962, 0, 0., 0, 0., 0, 0., 0, 0., 0, 0., 0, 0., 0, 0., 0, 0., 0, 0., 796, 72.16681776971895, 0, 0., 0, 0., 0, 0., 5, 0.45330915684496825, 0, 0., 0, 0., 222, 971, 1193, 1103, 0.9245599329421627
, generated\gt\sample_000225.krn, generated\xml_oemer\sample_000225.xml, 0, 0., 246, 21.261884183232496, 4, 0.34572169403630076, 12, 1.0371650821089022, 0, 0., 0, 0., 0, 0., 0, 0., 0, 0., 0, 0., 0, 0., 1, 0.08643042350907519, 0, 0., 1, 0.08643042350907519, 2, 0.17286084701815038, 1, 0.08643042350907519, 0, 0., 0, 0., 0, 0., 0, 0., 0, 0., 0, 0., 2, 0.17286084701815038, 0, 0., 0, 0., 0, 0., 0, 0., 0, 0., 0, 0., 0, 0., 0, 0., 0, 0., 883, 76.31806395851339, 0, 0., 0, 0., 0, 0., 5, 0.43215211754537597, 0, 0., 0, 0., 153, 1098, 1251, 1157, 0.9248601119104716
, generated\gt\sample_000193.krn, generated\xml_oemer\sample_000193.xml, 0, 0., 245, 25.179856115107913, 2, 0.20554984583761562, 4, 0.41109969167523125, 1, 0.10277492291880781, 2, 0.20554984583761562, 2, 0.20554984583761562, 0, 0., 0, 0., 0, 0., 0, 0., 0, 0., 0, 0., 3, 0.30832476875642345, 4, 0.41109969167523125, 2, 0.20554984583761562, 0, 0., 0, 0., 6, 0.6166495375128469, 0, 0., 0, 0., 0, 0., 7, 0.7194244604316546, 0, 0., 0, 0., 0, 0., 0, 0., 0, 0., 0, 0., 0, 0., 0, 0., 0, 0., 690, 70.91469681397739, 0, 0., 0, 0., 0, 0., 5, 0.513874614594039, 0, 0., 0, 0., 220, 832, 1052, 973, 0.9249049429657795
, generated\gt\sample_000428.krn, generated\xml_oemer\sample_000428.xml, 0, 0., 172, 8.373904576436223, 2, 0.09737098344693282, 37, 1.801363193768257, 2, 0.09737098344693282, 0, 0., 0, 0., 0, 0., 0, 0., 0, 0., 0, 0., 0, 0., 0, 0., 0, 0., 2, 0.09737098344693282, 0, 0., 0, 0., 0, 0., 0, 0., 0, 0., 0, 0., 0, 0., 14, 0.6815968841285297, 0, 0., 0, 0., 0, 0., 0, 0., 0, 0., 0, 0., 0, 0., 0, 0., 0, 0., 1825, 88.8510223953262, 0, 0., 0, 0., 0, 0., 0, 0., 0, 0., 0, 0., 201, 2019, 2220, 2054, 0.9252252252252252
, generated\gt\sample_000331.krn, generated\xml_oemer\sample_000331.xml, 0, 0., 348, 30.155979202772965, 0, 0., 21, 1.8197573656845754, 4, 0.3466204506065858, 0, 0., 0, 0., 0, 0., 0, 0., 0, 0., 0, 0., 0, 0., 0, 0., 3, 0.25996533795493937, 4, 0.3466204506065858, 2, 0.1733102253032929, 0, 0., 4, 0.3466204506065858, 0, 0., 0, 0., 0, 0., 0, 0., 5, 0.43327556325823224, 0, 0., 0, 0., 0, 0., 0, 0., 0, 0., 0, 0., 0, 0., 0, 0., 0, 0., 758, 65.68457538994801, 0, 0., 0, 0., 0, 0., 5, 0.43327556325823224, 0, 0., 0, 0., 288, 959, 1247, 1154, 0.92542101042502
, generated\gt\sample_000102.krn, generated\xml_oemer\sample_000102.xml, 0, 0., 137, 10.686427457098285, 8, 0.62402496099844, 6, 0.46801872074882994, 0, 0., 0, 0., 9, 0.7020280811232449, 0, 0., 0, 0., 1, 0.078003120124805, 1, 0.078003120124805, 1, 0.078003120124805, 0, 0., 0, 0., 4, 0.31201248049922, 6, 0.46801872074882994, 0, 0., 0, 0., 0, 0., 0, 0., 0, 0., 0, 0., 1, 0.078003120124805, 0, 0., 0, 0., 0, 0., 0, 0., 0, 0., 0, 0., 0, 0., 0, 0., 0, 0., 1103, 86.03744149765991, 0, 0., 0, 0., 0, 0., 5, 0.39001560062402496, 0, 0., 0, 0., 155, 1230, 1385, 1282, 0.9256317689530686
, generated\gt\sample_000323.krn, generated\xml_oemer\sample_000323.xml, 0, 0., 319, 17.537108301264432, 0, 0., 26, 1.4293567894447499, 0, 0., 0, 0., 3, 0.16492578339747113, 0, 0., 0, 0., 0, 0., 0, 0., 2, 0.10995052226498075, 0, 0., 3, 0.16492578339747113, 4, 0.2199010445299615, 0, 0., 0, 0., 0, 0., 0, 0., 0, 0., 0, 0., 0, 0., 4, 0.2199010445299615, 0, 0., 0, 0., 0, 0., 0, 0., 0, 0., 0, 0., 0, 0., 0, 0., 0, 0., 1453, 79.87905442550853, 0, 0., 0, 0., 0, 0., 5, 0.2748763056624519, 0, 0., 0, 0., 319, 1646, 1965, 1819, 0.9256997455470738
, generated\gt\sample_000241.krn, generated\xml_oemer\sample_000241.xml, 0, 0., 134, 9.738372093023257, 2, 0.14534883720930233, 21, 1.5261627906976745, 0, 0., 0, 0., 2, 0.14534883720930233, 0, 0., 0, 0., 0, 0., 0, 0., 0, 0., 0, 0., 1, 0.07267441860465117, 4, 0.29069767441860467, 7, 0.5087209302325582, 0, 0., 0, 0., 0, 0., 0, 0., 0, 0., 0, 0., 5, 0.3633720930232558, 0, 0., 0, 0., 0, 0., 0, 0., 0, 0., 0, 0., 0, 0., 0, 0., 0, 0., 1195, 86.84593023255815, 0, 0., 0, 0., 0, 0., 5, 0.3633720930232558, 0, 0., 0, 0., 215, 1271, 1486, 1376, 0.9259757738896366
, generated\gt\sample_000574.krn, generated\xml_oemer\sample_000574.xml, 0, 0., 313, 24.282389449185416, 2, 0.1551590380139643, 15, 1.1636927851047323, 1, 0.07757951900698215, 0, 0., 2, 0.1551590380139643, 0, 0., 0, 0., 1, 0.07757951900698215, 0, 0., 0, 0., 0, 0., 0, 0., 4, 0.3103180760279286, 0, 0., 0, 0., 4, 0.3103180760279286, 0, 0., 0, 0., 0, 0., 0, 0., 2, 0.1551590380139643, 0, 0., 0, 0., 0, 0., 0, 0., 0, 0., 0, 0., 0, 0., 0, 0., 0, 0., 940, 72.92474786656322, 0, 0., 0, 0., 0, 0., 5, 0.3878975950349108, 0, 0., 0, 0., 247, 1145, 1392, 1289, 0.9260057471264368
, generated\gt\sample_000303.krn, generated\xml_oemer\sample_000303.xml, 0, 0., 282, 13.001383125864454, 2, 0.09220839096357769, 27, 1.2448132780082988, 7, 0.3227293683725219, 0, 0., 2, 0.09220839096357769, 0, 0., 0, 0., 0, 0., 2, 0.09220839096357769, 0, 0., 0, 0., 1, 0.046104195481788846, 4, 0.18441678192715538, 2, 0.09220839096357769, 0, 0., 0, 0., 0, 0., 0, 0., 0, 0., 0, 0., 5, 0.23052097740894423, 0, 0., 0, 0., 0, 0., 0, 0., 0, 0., 0, 0., 0, 0., 0, 0., 0, 0., 1830, 84.37067773167358, 0, 0., 0, 0., 0, 0., 5, 0.23052097740894423, 0, 0., 0, 0., 307, 2034, 2341, 2169, 0.926527125160188
, generated\gt\sample_000444.krn, generated\xml_oemer\sample_000444.xml, 0, 0., 282, 22.327790973871736, 0, 0., 24, 1.9002375296912113, 4, 0.3167062549485352, 0, 0., 0, 0., 0, 0., 0, 0., 0, 0., 4, 0.3167062549485352, 0, 0., 0, 0., 1, 0.0791765637371338, 4, 0.3167062549485352, 2, 0.1583531274742676, 0, 0., 4, 0.3167062549485352, 12, 0.9501187648456056, 0, 0., 0, 0., 0, 0., 9, 0.7125890736342043, 0, 0., 0, 0., 0, 0., 0, 0., 0, 0., 0, 0., 0, 0., 0, 0., 0, 0., 912, 72.20902612826603, 0, 0., 0, 0., 0, 0., 5, 0.39588281868566905, 0, 0., 0, 0., 252, 1111, 1363, 1263, 0.9266324284666178
, generated\gt\sample_000322.krn, generated\xml_oemer\sample_000322.xml, 0, 0., 279, 16.479621972829296, 10, 0.5906674542232723, 13, 0.7678676904902539, 6, 0.3544004725339634, 0, 0., 2, 0.11813349084465447, 0, 0., 0, 0., 5, 0.29533372711163614, 0, 0., 0, 0., 0, 0., 0, 0., 4, 0.23626698168930893, 0, 0., 0, 0., 0, 0., 0, 0., 0, 0., 0, 0., 0, 0., 5, 0.29533372711163614, 0, 0., 0, 0., 0, 0., 0, 0., 0, 0., 0, 0., 0, 0., 0, 0., 0, 0., 1364, 80.56704075605434, 0, 0., 0, 0., 0, 0., 5, 0.29533372711163614, 0, 0., 0, 0., 243, 1584, 1827, 1693, 0.926655719759168
, generated\gt\sample_000154.krn, generated\xml_oemer\sample_000154.xml, 0, 0., 406, 22.04125950054289, 2, 0.10857763300760044, 38, 2.0629750271444083, 4, 0.21715526601520088, 0, 0., 4, 0.21715526601520088, 0, 0., 0, 0., 0, 0., 0, 0., 0, 0., 0, 0., 3, 0.16286644951140064, 4, 0.21715526601520088, 9, 0.48859934853420195, 0, 0., 0, 0., 0, 0., 0, 0., 0, 0., 0, 0., 1, 0.05428881650380022, 0, 0., 0, 0., 0, 0., 0, 0., 0, 0., 0, 0., 0, 0., 0, 0., 0, 0., 1366, 74.1585233441911, 0, 0., 0, 0., 0, 0., 5, 0.2714440825190011, 0, 0., 0, 0., 237, 1750, 1987, 1842, 0.9270256668344238
, generated\gt\sample_000569.krn, generated\xml_oemer\sample_000569.xml, 0, 0., 274, 24.420677361853834, 0, 0., 17, 1.5151515151515151, 0, 0., 0, 0., 0, 0., 0, 0., 0, 0., 0, 0., 0, 0., 0, 0., 0, 0., 2, 0.17825311942959002, 4, 0.35650623885918004, 7, 0.6238859180035651, 0, 0., 8, 0.7130124777183601, 12, 1.0695187165775402, 0, 0., 0, 0., 0, 0., 0, 0., 0, 0., 0, 0., 0, 0., 0, 0., 0, 0., 0, 0., 0, 0., 0, 0., 0, 0., 793, 70.67736185383244, 0, 0., 0, 0., 0, 0., 5, 0.44563279857397503, 0, 0., 0, 0., 297, 913, 1210, 1122, 0.9272727272727272
, generated\gt\sample_000061.krn, generated\xml_oemer\sample_000061.xml, 0, 0., 193, 17.593436645396537, 20, 1.8231540565177757, 2, 0.18231540565177756, 2, 0.18231540565177756, 0, 0., 0, 0., 0, 0., 0, 0., 4, 0.3646308113035551, 0, 0., 0, 0., 0, 0., 2, 0.18231540565177756, 4, 0.3646308113035551, 7, 0.6381039197812215, 0, 0., 4, 0.3646308113035551, 0, 0., 0, 0., 0, 0., 0, 0., 0, 0., 0, 0., 0, 0., 0, 0., 0, 0., 0, 0., 0, 0., 0, 0., 0, 0., 0, 0., 854, 77.84867821330903, 0, 0., 0, 0., 0, 0., 5, 0.45578851412944393, 0, 0., 0, 0., 202, 981, 1183, 1097, 0.9273034657650042
, generated\gt\sample_000550.krn, generated\xml_oemer\sample_000550.xml, 0, 0., 118, 8.60685630926331, 8, 0.5835156819839533, 24, 1.75054704595186, 1, 0.07293946024799416, 0, 0., 0, 0., 0, 0., 0, 0., 0, 0., 0, 0., 0, 0., 0, 0., 4, 0.29175784099197666, 1, 0.07293946024799416, 1, 0.07293946024799416, 0, 0., 0, 0., 0, 0., 0, 0., 0, 0., 0, 0., 3, 0.2188183807439825, 0, 0., 0, 0., 0, 0., 0, 0., 0, 0., 0, 0., 0, 0., 0, 0., 0, 0., 1211, 88.32968636032093, 0, 0., 0, 0., 0, 0., 0, 0., 0, 0., 0, 0., 108, 1370, 1478, 1371, 0.9276048714479026
, generated\gt\sample_000572.krn, generated\xml_oemer\sample_000572.xml, 0, 0., 61, 3.1622602384655263, 8, 0.41472265422498705, 6, 0.3110419906687403, 1, 0.05184033177812338, 0, 0., 0, 0., 0, 0., 0, 0., 1, 0.05184033177812338, 0, 0., 0, 0., 0, 0., 0, 0., 2, 0.10368066355624676, 0, 0., 0, 0., 0, 0., 0, 0., 0, 0., 0, 0., 0, 0., 7, 0.36288232244686364, 0, 0., 0, 0., 0, 0., 0, 0., 0, 0., 0, 0., 0, 0., 0, 0., 0, 0., 1843, 95.54173146708139, 0, 0., 0, 0., 0, 0., 0, 0., 0, 0., 0, 0., 139, 1940, 2079, 1929, 0.9278499278499278
, generated\gt\sample_000131.krn, generated\xml_oemer\sample_000131.xml, 0, 0., 271, 13.142580019398642, 4, 0.19398642095053345, 40, 1.9398642095053347, 0, 0., 0, 0., 0, 0., 0, 0., 0, 0., 0, 0., 0, 0., 4, 0.19398642095053345, 0, 0., 0, 0., 1, 0.04849660523763336, 0, 0., 0, 0., 0, 0., 0, 0., 0, 0., 0, 0., 0, 0., 8, 0.3879728419010669, 0, 0., 0, 0., 0, 0., 0, 0., 0, 0., 0, 0., 0, 0., 0, 0., 0, 0., 1734, 84.09311348205625, 0, 0., 0, 0., 0, 0., 0, 0., 0, 0., 0, 0., 227, 1994, 2221, 2062, 0.9284106258442143
, generated\gt\sample_000276.krn, generated\xml_oemer\sample_000276.xml, 0, 0., 189, 36.34615384615385, 14, 2.6923076923076925, 8, 1.5384615384615385, 4, 0.7692307692307693, 0, 0., 0, 0., 0, 0., 0, 0., 1, 0.19230769230769232, 0, 0., 0, 0., 0, 0., 1, 0.19230769230769232, 4, 0.7692307692307693, 1, 0.19230769230769232, 0, 0., 1, 0.19230769230769232, 0, 0., 0, 0., 0, 0., 0, 0., 12, 2.3076923076923075, 0, 0., 0, 0., 0, 0., 0, 0., 0, 0., 0, 0., 0, 0., 0, 0., 0, 0., 280, 53.84615384615385, 0, 0., 0, 0., 0, 0., 5, 0.9615384615384616, 0, 0., 0, 0., 358, 202, 560, 520, 0.9285714285714286
, generated\gt\sample_000367.krn, generated\xml_oemer\sample_000367.xml, 0, 0., 378, 20.46561992420141, 8, 0.4331348132106118, 27, 1.4618299945858149, 1, 0.05414185165132648, 0, 0., 5, 0.2707092582566324, 0, 0., 0, 0., 0, 0., 1, 0.05414185165132648, 0, 0., 0, 0., 4, 0.2165674066053059, 4, 0.2165674066053059, 0, 0., 0, 0., 0, 0., 0, 0., 0, 0., 0, 0., 0, 0., 2, 0.10828370330265295, 0, 0., 0, 0., 0, 0., 0, 0., 0, 0., 0, 0., 0, 0., 0, 0., 0, 0., 1412, 76.44829453167299, 0, 0., 0, 0., 0, 0., 5, 0.2707092582566324, 0, 0., 0, 0., 313, 1676, 1989, 1847, 0.9286073403720463
, generated\gt\sample_000582.krn, generated\xml_oemer\sample_000582.xml, 0, 0., 582, 33.35243553008596, 0, 0., 40, 2.292263610315186, 0, 0., 0, 0., 7, 0.40114613180515757, 0, 0., 0, 0., 1, 0.05730659025787966, 0, 0., 0, 0., 0, 0., 0, 0., 4, 0.22922636103151864, 0, 0., 0, 0., 0, 0., 0, 0., 0, 0., 0, 0., 0, 0., 0, 0., 0, 0., 0, 0., 0, 0., 0, 0., 0, 0., 0, 0., 0, 0., 0, 0., 0, 0., 1106, 63.3810888252149, 0, 0., 0, 0., 0, 0., 5, 0.28653295128939826, 0, 0., 0, 0., 405, 1474, 1879, 1745, 0.9286854709952103
, generated\gt\sample_000576.krn, generated\xml_oemer\sample_000576.xml, 0, 0., 171, 12.84748309541698, 20, 1.5026296018031555, 8, 0.6010518407212622, 3, 0.22539444027047334, 0, 0., 0, 0., 0, 0., 0, 0., 0, 0., 0, 0., 0, 0., 0, 0., 4, 0.3005259203606311, 2, 0.15026296018031554, 1, 0.07513148009015777, 0, 0., 0, 0., 0, 0., 0, 0., 0, 0., 0, 0., 0, 0., 0, 0., 0, 0., 0, 0., 0, 0., 0, 0., 0, 0., 0, 0., 0, 0., 0, 0., 1122, 84.29752066115702, 0, 0., 0, 0., 0, 0., 0, 0., 0, 0., 0, 0., 108, 1325, 1433, 1331, 0.9288206559665039
, generated\gt\sample_000548.krn, generated\xml_oemer\sample_000548.xml, 0, 0., 345, 17.593064762876082, 6, 0.3059663437021928, 34, 1.7338092809790924, 0, 0., 0, 0., 0, 0., 0, 0., 0, 0., 0, 0., 0, 0., 0, 0., 0, 0., 0, 0., 4, 0.2039775624681285, 8, 0.407955124936257, 0, 0., 0, 0., 0, 0., 0, 0., 0, 0., 0, 0., 5, 0.25497195308516063, 0, 0., 0, 0., 0, 0., 0, 0., 0, 0., 0, 0., 0, 0., 0, 0., 0, 0., 1554, 79.24528301886792, 0, 0., 0, 0., 0, 0., 5, 0.25497195308516063, 0, 0., 0, 0., 285, 1826, 2111, 1961, 0.9289436286120322
, generated\gt\sample_000302.krn, generated\xml_oemer\sample_000302.xml, 0, 0., 354, 22.66325224071703, 8, 0.5121638924455826, 8, 0.5121638924455826, 3, 0.19206145966709348, 0, 0., 0, 0., 0, 0., 0, 0., 3, 0.19206145966709348, 1, 0.06402048655569782, 0, 0., 0, 0., 5, 0.3201024327784891, 4, 0.2560819462227913, 2, 0.12804097311139565, 0, 0., 0, 0., 0, 0., 0, 0., 0, 0., 0, 0., 10, 0.6402048655569782, 0, 0., 0, 0., 0, 0., 0, 0., 0, 0., 0, 0., 0, 0., 0, 0., 0, 0., 1159, 74.19974391805378, 0, 0., 0, 0., 0, 0., 5, 0.3201024327784891, 0, 0., 0, 0., 300, 1381, 1681, 1562, 0.9292088042831648
, generated\gt\sample_000219.krn, generated\xml_oemer\sample_000219.xml, 0, 0., 93, 7.6923076923076925, 4, 0.3308519437551696, 12, 0.9925558312655087, 2, 0.1654259718775848, 0, 0., 3, 0.24813895781637718, 0, 0., 0, 0., 2, 0.1654259718775848, 0, 0., 0, 0., 0, 0., 1, 0.0827129859387924, 4, 0.3308519437551696, 6, 0.49627791563275436, 0, 0., 0, 0., 0, 0., 0, 0., 0, 0., 0, 0., 5, 0.41356492969396197, 0, 0., 0, 0., 0, 0., 0, 0., 0, 0., 0, 0., 0, 0., 0, 0., 0, 0., 1072, 88.66832092638545, 0, 0., 0, 0., 0, 0., 5, 0.41356492969396197, 0, 0., 0, 0., 114, 1187, 1301, 1209, 0.9292851652574943
, generated\gt\sample_000330.krn, generated\xml_oemer\sample_000330.xml, 0, 0., 292, 29.554655870445345, 0, 0., 15, 1.5182186234817814, 1, 0.10121457489878542, 0, 0., 0, 0., 0, 0., 0, 0., 1, 0.10121457489878542, 0, 0., 0, 0., 0, 0., 1, 0.10121457489878542, 4, 0.4048582995951417, 1, 0.10121457489878542, 0, 0., 0, 0., 0, 0., 0, 0., 0, 0., 0, 0., 10, 1.0121457489878543, 0, 0., 0, 0., 0, 0., 0, 0., 0, 0., 0, 0., 0, 0., 0, 0., 0, 0., 658, 66.59919028340082, 0, 0., 0, 0., 0, 0., 5, 0.5060728744939271, 0, 0., 0, 0., 259, 804, 1063, 988, 0.929444967074318
, generated\gt\sample_000523.krn, generated\xml_oemer\sample_000523.xml, 0, 0., 57, 2.8875379939209727, 6, 0.303951367781155, 30, 1.5197568389057752, 1, 0.05065856129685917, 0, 0., 0, 0., 0, 0., 0, 0., 0, 0., 3, 0.1519756838905775, 0, 0., 0, 0., 0, 0., 2, 0.10131712259371833, 0, 0., 0, 0., 0, 0., 0, 0., 0, 0., 0, 0., 0, 0., 7, 0.3546099290780142, 0, 0., 0, 0., 0, 0., 0, 0., 0, 0., 0, 0., 0, 0., 0, 0., 0, 0., 1868, 94.63019250253292, 0, 0., 0, 0., 0, 0., 0, 0., 0, 0., 0, 0., 146, 1977, 2123, 1974, 0.9298162976919454
, generated\gt\sample_000169.krn, generated\xml_oemer\sample_000169.xml, 0, 0., 86, 4.658721560130011, 4, 0.21668472372697725, 26, 1.408450704225352, 0, 0., 0, 0., 3, 0.16251354279523295, 0, 0., 0, 0., 0, 0., 1, 0.05417118093174431, 0, 0., 0, 0., 0, 0., 2, 0.10834236186348863, 0, 0., 0, 0., 0, 0., 0, 0., 0, 0., 0, 0., 0, 0., 2, 0.10834236186348863, 0, 0., 0, 0., 0, 0., 0, 0., 0, 0., 0, 0., 0, 0., 0, 0., 0, 0., 1722, 93.28277356446371, 0, 0., 0, 0., 0, 0., 0, 0., 0, 0., 0, 0., 155, 1830, 1985, 1846, 0.9299748110831234
, generated\gt\sample_000519.krn, generated\xml_oemer\sample_000519.xml, 0, 0., 62, 2.5091056252529342, 6, 0.24281667341157426, 50, 2.0234722784297854, 0, 0., 0, 0., 0, 0., 0, 0., 0, 0., 0, 0., 0, 0., 0, 0., 0, 0., 1, 0.04046944556859571, 2, 0.08093889113719142, 0, 0., 0, 0., 0, 0., 0, 0., 0, 0., 0, 0., 0, 0., 2, 0.08093889113719142, 0, 0., 0, 0., 0, 0., 0, 0., 0, 0., 0, 0., 0, 0., 0, 0., 0, 0., 2348, 95.02225819506273, 0, 0., 0, 0., 0, 0., 0, 0., 0, 0., 0, 0., 168, 2489, 2657, 2471, 0.9299962363567934
, generated\gt\sample_000256.krn, generated\xml_oemer\sample_000256.xml, 0, 0., 176, 7.54070265638389, 10, 0.4284490145672665, 22, 0.9425878320479862, 0, 0., 0, 0., 5, 0.21422450728363324, 0, 0., 0, 0., 0, 0., 0, 0., 0, 0., 0, 0., 1, 0.04284490145672665, 2, 0.0856898029134533, 0, 0., 0, 0., 0, 0., 0, 0., 0, 0., 0, 0., 0, 0., 7, 0.29991431019708653, 0, 0., 0, 0., 0, 0., 0, 0., 0, 0., 0, 0., 0, 0., 0, 0., 0, 0., 2111, 90.44558697514995, 0, 0., 0, 0., 0, 0., 0, 0., 0, 0., 0, 0., 182, 2327, 2509, 2334, 0.9302510960542049
, generated\gt\sample_000369.krn, generated\xml_oemer\sample_000369.xml, 0, 0., 345, 19.018743109151046, 6, 0.33076074972436603, 22, 1.2127894156560088, 0, 0., 0, 0., 0, 0., 0, 0., 0, 0., 0, 0., 4, 0.2205071664829107, 1, 0.05512679162072767, 0, 0., 0, 0., 4, 0.2205071664829107, 0, 0., 0, 0., 0, 0., 0, 0., 0, 0., 0, 0., 0, 0., 5, 0.2756339581036384, 0, 0., 0, 0., 0, 0., 0, 0., 0, 0., 0, 0., 0, 0., 0, 0., 0, 0., 1422, 78.39029768467475, 0, 0., 0, 0., 0, 0., 5, 0.2756339581036384, 0, 0., 0, 0., 275, 1675, 1950, 1814, 0.9302564102564103
, generated\gt\sample_000403.krn, generated\xml_oemer\sample_000403.xml, 0, 0., 209, 10.994213571804314, 4, 0.21041557075223566, 42, 2.2093634928984747, 0, 0., 0, 0., 2, 0.10520778537611783, 0, 0., 0, 0., 0, 0., 0, 0., 0, 0., 0, 0., 0, 0., 2, 0.10520778537611783, 0, 0., 0, 0., 0, 0., 0, 0., 0, 0., 0, 0., 0, 0., 1, 0.052603892688058915, 0, 0., 0, 0., 0, 0., 0, 0., 0, 0., 0, 0., 0, 0., 0, 0., 0, 0., 1641, 86.32298790110468, 0, 0., 0, 0., 0, 0., 0, 0., 0, 0., 0, 0., 181, 1862, 2043, 1901, 0.9304943710230054
, generated\gt\sample_000454.krn, generated\xml_oemer\sample_000454.xml, 0, 0., 426, 27.608554763447827, 0, 0., 17, 1.101749837977965, 3, 0.19442644199611148, 0, 0., 3, 0.19442644199611148, 0, 0., 0, 0., 0, 0., 3, 0.19442644199611148, 0, 0., 0, 0., 0, 0., 4, 0.2592352559948153, 0, 0., 0, 0., 0, 0., 0, 0., 0, 0., 0, 0., 0, 0., 0, 0., 0, 0., 0, 0., 0, 0., 0, 0., 0, 0., 0, 0., 0, 0., 0, 0., 0, 0., 1082, 70.12313674659754, 0, 0., 0, 0., 0, 0., 5, 0.32404406999351915, 0, 0., 0, 0., 291, 1367, 1658, 1543, 0.9306393244873341
, generated\gt\sample_000210.krn, generated\xml_oemer\sample_000210.xml, 0, 0., 113, 10.521415270018622, 12, 1.1173184357541899, 12, 1.1173184357541899, 6, 0.5586592178770949, 0, 0., 0, 0., 0, 0., 0, 0., 0, 0., 14, 1.303538175046555, 0, 0., 0, 0., 0, 0., 4, 0.37243947858473, 0, 0., 0, 0., 0, 0., 0, 0., 0, 0., 0, 0., 0, 0., 1, 0.0931098696461825, 0, 0., 0, 0., 0, 0., 0, 0., 0, 0., 0, 0., 0, 0., 0, 0., 0, 0., 907, 84.45065176908753, 0, 0., 0, 0., 0, 0., 5, 0.4655493482309125, 0, 0., 0, 0., 119, 1035, 1154, 1074, 0.9306759098786829
, generated\gt\sample_000629.krn, generated\xml_oemer\sample_000629.xml, 0, 0., 204, 11.422172452407615, 10, 0.5599104143337066, 19, 1.0638297872340425, 5, 0.2799552071668533, 0, 0., 0, 0., 0, 0., 0, 0., 6, 0.335946248600224, 0, 0., 0, 0., 0, 0., 0, 0., 2, 0.11198208286674133, 0, 0., 0, 0., 0, 0., 0, 0., 0, 0., 0, 0., 0, 0., 1, 0.055991041433370664, 0, 0., 0, 0., 0, 0., 0, 0., 0, 0., 0, 0., 0, 0., 0, 0., 0, 0., 1539, 86.17021276595744, 0, 0., 0, 0., 0, 0., 0, 0., 0, 0., 0, 0., 180, 1739, 1919, 1786, 0.9306930693069307
, generated\gt\sample_000421.krn, generated\xml_oemer\sample_000421.xml, 0, 0., 457, 22.815776335496754, 0, 0., 41, 2.0469296055916124, 0, 0., 0, 0., 0, 0., 0, 0., 0, 0., 0, 0., 0, 0., 0, 0., 0, 0., 2, 0.09985022466300549, 4, 0.19970044932601097, 0, 0., 0, 0., 0, 0., 0, 0., 0, 0., 0, 0., 0, 0., 6, 0.29955067398901647, 0, 0., 0, 0., 0, 0., 0, 0., 0, 0., 0, 0., 0, 0., 0, 0., 0, 0., 1488, 74.28856714927609, 0, 0., 0, 0., 0, 0., 5, 0.24962556165751373, 0, 0., 0, 0., 364, 1788, 2152, 2003, 0.9307620817843866
, generated\gt\sample_000120.krn, generated\xml_oemer\sample_000120.xml, 0, 0., 224, 26.794258373205743, 0, 0., 9, 1.076555023923445, 2, 0.23923444976076555, 0, 0., 0, 0., 0, 0., 0, 0., 0, 0., 0, 0., 0, 0., 0, 0., 2, 0.23923444976076555, 4, 0.4784688995215311, 1, 0.11961722488038277, 0, 0., 0, 0., 0, 0., 0, 0., 0, 0., 0, 0., 0, 0., 0, 0., 0, 0., 0, 0., 0, 0., 0, 0., 0, 0., 0, 0., 0, 0., 0, 0., 493, 58.97129186602871, 95, 11.363636363636363, 0, 0., 1, 0.11961722488038277, 5, 0.5980861244019139, 0, 0., 0, 0., 243, 655, 898, 836, 0.9309576837416481
, generated\gt\sample_000447.krn, generated\xml_oemer\sample_000447.xml, 0, 0., 327, 19.044845661036693, 2, 0.11648223645894001, 44, 2.5626092020966804, 0, 0., 0, 0., 3, 0.17472335468841002, 0, 0., 0, 0., 0, 0., 0, 0., 0, 0., 0, 0., 0, 0., 2, 0.11648223645894001, 3, 0.17472335468841002, 0, 0., 0, 0., 0, 0., 0, 0., 0, 0., 0, 0., 0, 0., 0, 0., 0, 0., 0, 0., 0, 0., 0, 0., 0, 0., 0, 0., 0, 0., 0, 0., 1336, 77.81013395457192, 0, 0., 0, 0., 0, 0., 0, 0., 0, 0., 0, 0., 204, 1640, 1844, 1717, 0.9311279826464208
, generated\gt\sample_000607.krn, generated\xml_oemer\sample_000607.xml, 0, 0., 448, 27.053140096618357, 4, 0.24154589371980675, 27, 1.6304347826086956, 2, 0.12077294685990338, 0, 0., 2, 0.12077294685990338, 0, 0., 0, 0., 1, 0.06038647342995169, 0, 0., 0, 0., 0, 0., 0, 0., 4, 0.24154589371980675, 1, 0.06038647342995169, 0, 0., 0, 0., 0, 0., 0, 0., 0, 0., 0, 0., 9, 0.5434782608695652, 0, 0., 0, 0., 0, 0., 0, 0., 0, 0., 0, 0., 0, 0., 0, 0., 0, 0., 1153, 69.6256038647343, 0, 0., 0, 0., 0, 0., 5, 0.30193236714975846, 0, 0., 0, 0., 396, 1382, 1778, 1656, 0.9313835770528683
, generated\gt\sample_000562.krn, generated\xml_oemer\sample_000562.xml, 0, 0., 301, 22.09985315712188, 0, 0., 21, 1.5418502202643172, 2, 0.14684287812041116, 0, 0., 1, 0.07342143906020558, 0, 0., 0, 0., 0, 0., 0, 0., 0, 0., 0, 0., 0, 0., 4, 0.2936857562408223, 0, 0., 0, 0., 0, 0., 0, 0., 0, 0., 0, 0., 0, 0., 7, 0.5139500734214391, 0, 0., 0, 0., 0, 0., 0, 0., 0, 0., 0, 0., 0, 0., 0, 0., 0, 0., 1021, 74.9632892804699, 0, 0., 0, 0., 0, 0., 5, 0.3671071953010279, 0, 0., 0, 0., 221, 1241, 1462, 1362, 0.9316005471956225
, generated\gt\sample_000601.krn, generated\xml_oemer\sample_000601.xml, 0, 0., 338, 30.25962399283796, 2, 0.17905102954341987, 7, 0.6266786034019696, 1, 0.08952551477170993, 0, 0., 0, 0., 0, 0., 0, 0., 0, 0., 0, 0., 0, 0., 0, 0., 7, 0.6266786034019696, 2, 0.17905102954341987, 0, 0., 0, 0., 4, 0.35810205908683973, 0, 0., 0, 0., 0, 0., 0, 0., 13, 1.1638316920322291, 0, 0., 0, 0., 0, 0., 0, 0., 0, 0., 0, 0., 0, 0., 0, 0., 0, 0., 738, 66.06982990152193, 0, 0., 0, 0., 0, 0., 5, 0.4476275738585497, 0, 0., 0, 0., 359, 840, 1199, 1117, 0.9316096747289407
, generated\gt\sample_000641.krn, generated\xml_oemer\sample_000641.xml, 0, 0., 558, 29.032258064516128, 0, 0., 37, 1.9250780437044746, 1, 0.05202913631633715, 0, 0., 4, 0.2081165452653486, 0, 0., 0, 0., 0, 0., 3, 0.15608740894901144, 0, 0., 0, 0., 1, 0.05202913631633715, 4, 0.2081165452653486, 3, 0.15608740894901144, 0, 0., 0, 0., 0, 0., 0, 0., 0, 0., 0, 0., 0, 0., 0, 0., 0, 0., 0, 0., 0, 0., 0, 0., 0, 0., 0, 0., 0, 0., 0, 0., 1306, 67.95005202913632, 0, 0., 0, 0., 0, 0., 5, 0.2601456815816857, 0, 0., 0, 0., 335, 1728, 2063, 1922, 0.9316529326223946
, generated\gt\sample_000539.krn, generated\xml_oemer\sample_000539.xml, 0, 0., 214, 11.511565357719205, 16, 0.8606777837547068, 4, 0.2151694459386767, 0, 0., 0, 0., 0, 0., 0, 0., 0, 0., 0, 0., 6, 0.32275416890801506, 0, 0., 0, 0., 0, 0., 4, 0.2151694459386767, 0, 0., 0, 0., 0, 0., 0, 0., 0, 0., 0, 0., 0, 0., 6, 0.32275416890801506, 0, 0., 0, 0., 0, 0., 0, 0., 0, 0., 0, 0., 0, 0., 0, 0., 0, 0., 1604, 86.28294782140937, 0, 0., 0, 0., 0, 0., 5, 0.2689618074233459, 0, 0., 0, 0., 200, 1795, 1995, 1859, 0.9318295739348371
, generated\gt\sample_000448.krn, generated\xml_oemer\sample_000448.xml, 0, 0., 178, 9.165808444902163, 8, 0.411946446961895, 30, 1.544799176107106, 2, 0.10298661174047374, 0, 0., 0, 0., 0, 0., 0, 0., 0, 0., 4, 0.2059732234809475, 1, 0.05149330587023687, 0, 0., 0, 0., 1, 0.05149330587023687, 0, 0., 0, 0., 0, 0., 0, 0., 0, 0., 0, 0., 0, 0., 5, 0.25746652935118436, 0, 0., 0, 0., 0, 0., 0, 0., 0, 0., 0, 0., 0, 0., 0, 0., 0, 0., 1713, 88.20803295571575, 0, 0., 0, 0., 0, 0., 0, 0., 0, 0., 0, 0., 196, 1888, 2084, 1942, 0.9318618042226487
, generated\gt\sample_000419.krn, generated\xml_oemer\sample_000419.xml, 0, 0., 158, 8.490059108006449, 0, 0., 26, 1.3970983342289092, 2, 0.10746910263299302, 0, 0., 1, 0.05373455131649651, 0, 0., 0, 0., 0, 0., 0, 0., 0, 0., 0, 0., 0, 0., 2, 0.10746910263299302, 0, 0., 0, 0., 0, 0., 0, 0., 0, 0., 0, 0., 0, 0., 5, 0.2686727565824825, 0, 0., 0, 0., 0, 0., 0, 0., 0, 0., 0, 0., 0, 0., 0, 0., 0, 0., 1667, 89.57549704459967, 0, 0., 0, 0., 0, 0., 0, 0., 0, 0., 0, 0., 213, 1784, 1997, 1861, 0.9318978467701552
, generated\gt\sample_000377.krn, generated\xml_oemer\sample_000377.xml, 0, 0., 354, 17.302052785923753, 2, 0.09775171065493646, 42, 2.0527859237536656, 2, 0.09775171065493646, 0, 0., 1, 0.04887585532746823, 0, 0., 0, 0., 1, 0.04887585532746823, 0, 0., 0, 0., 0, 0., 0, 0., 4, 0.19550342130987292, 0, 0., 0, 0., 0, 0., 0, 0., 0, 0., 0, 0., 0, 0., 0, 0., 0, 0., 0, 0., 0, 0., 0, 0., 0, 0., 0, 0., 0, 0., 0, 0., 0, 0., 1635, 79.91202346041055, 0, 0., 0, 0., 0, 0., 5, 0.24437927663734116, 0, 0., 0, 0., 274, 1921, 2195, 2046, 0.932118451025057
, generated\gt\sample_000430.krn, generated\xml_oemer\sample_000430.xml, 0, 0., 173, 16.682738669238187, 6, 0.5785920925747348, 4, 0.3857280617164899, 1, 0.09643201542912247, 0, 0., 0, 0., 0, 0., 0, 0., 0, 0., 0, 0., 0, 0., 0, 0., 0, 0., 2, 0.19286403085824494, 0, 0., 0, 0., 0, 0., 0, 0., 0, 0., 0, 0., 0, 0., 7, 0.6750241080038573, 0, 0., 0, 0., 0, 0., 0, 0., 0, 0., 0, 0., 0, 0., 0, 0., 0, 0., 839, 80.90646094503376, 0, 0., 0, 0., 0, 0., 5, 0.4821600771456123, 0, 0., 0, 0., 171, 941, 1112, 1037, 0.9325539568345323
, generated\gt\sample_000160.krn, generated\xml_oemer\sample_000160.xml, 0, 0., 202, 20.95435684647303, 4, 0.4149377593360996, 7, 0.7261410788381742, 1, 0.1037344398340249, 2, 0.2074688796680498, 1, 0.1037344398340249, 0, 0., 0, 0., 0, 0., 1, 0.1037344398340249, 1, 0.1037344398340249, 0, 0., 1, 0.1037344398340249, 2, 0.2074688796680498, 1, 0.1037344398340249, 0, 0., 0, 0., 3, 0.3112033195020747, 0, 0., 0, 0., 0, 0., 5, 0.5186721991701245, 0, 0., 0, 0., 0, 0., 0, 0., 0, 0., 0, 0., 0, 0., 0, 0., 0, 0., 728, 75.51867219917013, 0, 0., 0, 0., 0, 0., 5, 0.5186721991701245, 0, 0., 0, 0., 187, 846, 1033, 964, 0.9332042594385286
, generated\gt\sample_000023.krn, generated\xml_oemer\sample_000023.xml, 0, 0., 450, 20.242914979757085, 4, 0.1799370220422852, 41, 1.8443544759334234, 2, 0.0899685110211426, 0, 0., 15, 0.6747638326585695, 0, 0., 0, 0., 0, 0., 0, 0., 0, 0., 0, 0., 2, 0.0899685110211426, 4, 0.1799370220422852, 6, 0.2699055330634278, 0, 0., 4, 0.1799370220422852, 0, 0., 0, 0., 0, 0., 0, 0., 0, 0., 0, 0., 0, 0., 0, 0., 0, 0., 0, 0., 0, 0., 0, 0., 0, 0., 0, 0., 1690, 76.0233918128655, 0, 0., 0, 0., 0, 0., 5, 0.2249212775528565, 0, 0., 0, 0., 397, 1984, 2381, 2223, 0.9336413271734565
, generated\gt\sample_000178.krn, generated\xml_oemer\sample_000178.xml, 0, 0., 557, 28.274111675126903, 4, 0.20304568527918782, 29, 1.4720812182741116, 0, 0., 0, 0., 4, 0.20304568527918782, 0, 0., 0, 0., 4, 0.20304568527918782, 0, 0., 0, 0., 0, 0., 2, 0.10152284263959391, 4, 0.20304568527918782, 0, 0., 0, 0., 0, 0., 0, 0., 0, 0., 0, 0., 0, 0., 6, 0.30456852791878175, 0, 0., 0, 0., 0, 0., 0, 0., 0, 0., 0, 0., 0, 0., 0, 0., 0, 0., 1355, 68.78172588832487, 0, 0., 0, 0., 0, 0., 5, 0.25380710659898476, 0, 0., 0, 0., 400, 1710, 2110, 1970, 0.933649289099526
, generated\gt\sample_000065.krn, generated\xml_oemer\sample_000065.xml, 0, 0., 808, 35.84738243123336, 2, 0.08873114463176575, 40, 1.774622892635315, 1, 0.044365572315882874, 0, 0., 7, 0.3105590062111801, 0, 0., 0, 0., 0, 0., 0, 0., 1, 0.044365572315882874, 0, 0., 2, 0.08873114463176575, 2, 0.08873114463176575, 2, 0.08873114463176575, 0, 0., 0, 0., 0, 0., 0, 0., 0, 0., 0, 0., 8, 0.354924578527063, 0, 0., 0, 0., 0, 0., 0, 0., 0, 0., 0, 0., 0, 0., 0, 0., 0, 0., 1376, 61.047027506654835, 0, 0., 0, 0., 0, 0., 5, 0.22182786157941436, 0, 0., 0, 0., 449, 1964, 2413, 2254, 0.9341069208454207
, generated\gt\sample_000663.krn, generated\xml_oemer\sample_000663.xml, 0, 0., 179, 26.2848751835536, 6, 0.8810572687224669, 3, 0.44052863436123346, 1, 0.14684287812041116, 0, 0., 3, 0.44052863436123346, 0, 0., 0, 0., 0, 0., 1, 0.14684287812041116, 0, 0., 0, 0., 0, 0., 2, 0.2936857562408223, 0, 0., 0, 0., 0, 0., 0, 0., 0, 0., 0, 0., 0, 0., 6, 0.8810572687224669, 0, 0., 0, 0., 0, 0., 0, 0., 0, 0., 0, 0., 0, 0., 0, 0., 0, 0., 475, 69.7503671071953, 0, 0., 0, 0., 0, 0., 5, 0.7342143906020558, 0, 0., 0, 0., 121, 608, 729, 681, 0.934156378600823
, generated\gt\sample_000602.krn, generated\xml_oemer\sample_000602.xml, 0, 0., 127, 6.4663951120162935, 4, 0.20366598778004075, 22, 1.120162932790224, 0, 0., 0, 0., 0, 0., 0, 0., 0, 0., 0, 0., 6, 0.3054989816700611, 0, 0., 0, 0., 3, 0.15274949083503056, 2, 0.10183299389002037, 0, 0., 0, 0., 0, 0., 0, 0., 0, 0., 0, 0., 0, 0., 5, 0.2545824847250509, 0, 0., 0, 0., 0, 0., 0, 0., 0, 0., 0, 0., 0, 0., 0, 0., 0, 0., 1795, 91.39511201629328, 0, 0., 0, 0., 0, 0., 0, 0., 0, 0., 0, 0., 151, 1951, 2102, 1964, 0.934348239771646
, generated\gt\sample_000234.krn, generated\xml_oemer\sample_000234.xml, 0, 0., 159, 12.916328188464663, 16, 1.2997562956945572, 6, 0.487408610885459, 2, 0.16246953696181965, 0, 0., 3, 0.2437043054427295, 0, 0., 0, 0., 3, 0.2437043054427295, 0, 0., 0, 0., 0, 0., 0, 0., 4, 0.3249390739236393, 7, 0.5686433793663688, 0, 0., 0, 0., 0, 0., 0, 0., 0, 0., 0, 0., 6, 0.487408610885459, 0, 0., 0, 0., 0, 0., 0, 0., 0, 0., 0, 0., 0, 0., 0, 0., 0, 0., 1020, 82.85946385052803, 0, 0., 0, 0., 0, 0., 5, 0.4061738424045491, 0, 0., 0, 0., 177, 1140, 1317, 1231, 0.9347000759301443
, generated\gt\sample_000605.krn, generated\xml_oemer\sample_000605.xml, 0, 0., 314, 30.2504816955684, 0, 0., 21, 2.023121387283237, 2, 0.1926782273603083, 0, 0., 0, 0., 0, 0., 0, 0., 1, 0.09633911368015415, 0, 0., 0, 0., 0, 0., 3, 0.28901734104046245, 4, 0.3853564547206166, 2, 0.1926782273603083, 0, 0., 0, 0., 0, 0., 0, 0., 0, 0., 0, 0., 6, 0.5780346820809249, 0, 0., 0, 0., 0, 0., 0, 0., 0, 0., 0, 0., 0, 0., 0, 0., 0, 0., 680, 65.51059730250482, 0, 0., 0, 0., 0, 0., 5, 0.4816955684007707, 0, 0., 0, 0., 239, 871, 1110, 1038, 0.9351351351351351
, generated\gt\sample_000122.krn, generated\xml_oemer\sample_000122.xml, 0, 0., 85, 8.165225744476466, 8, 0.7684918347742555, 2, 0.19212295869356388, 4, 0.38424591738712777, 0, 0., 1, 0.09606147934678194, 0, 0., 0, 0., 0, 0., 0, 0., 0, 0., 0, 0., 1, 0.09606147934678194, 4, 0.38424591738712777, 4, 0.38424591738712777, 0, 0., 0, 0., 6, 0.5763688760806917, 0, 0., 0, 0., 0, 0., 2, 0.19212295869356388, 0, 0., 0, 0., 0, 0., 0, 0., 0, 0., 0, 0., 0, 0., 0, 0., 0, 0., 919, 88.2804995196926, 0, 0., 0, 0., 0, 0., 5, 0.4803073967339097, 0, 0., 0, 0., 143, 970, 1113, 1041, 0.9353099730458221
, generated\gt\sample_000366.krn, generated\xml_oemer\sample_000366.xml, 0, 0., 329, 19.421487603305785, 10, 0.5903187721369539, 17, 1.0035419126328218, 2, 0.1180637544273908, 0, 0., 2, 0.1180637544273908, 0, 0., 0, 0., 0, 0., 2, 0.1180637544273908, 0, 0., 0, 0., 5, 0.29515938606847697, 4, 0.2361275088547816, 0, 0., 0, 0., 0, 0., 0, 0., 0, 0., 0, 0., 0, 0., 9, 0.5312868949232585, 0, 0., 0, 0., 0, 0., 0, 0., 0, 0., 0, 0., 0, 0., 0, 0., 0, 0., 1309, 77.27272727272727, 0, 0., 0, 0., 0, 0., 5, 0.29515938606847697, 0, 0., 0, 0., 235, 1576, 1811, 1694, 0.9353948094975152
, generated\gt\sample_000091.krn, generated\xml_oemer\sample_000091.xml, 0, 0., 295, 18.659076533839343, 16, 1.0120177103099304, 8, 0.5060088551549652, 1, 0.06325110689437065, 0, 0., 2, 0.1265022137887413, 0, 0., 0, 0., 1, 0.06325110689437065, 0, 0., 0, 0., 0, 0., 3, 0.18975332068311196, 4, 0.2530044275774826, 0, 0., 0, 0., 4, 0.2530044275774826, 0, 0., 0, 0., 0, 0., 0, 0., 10, 0.6325110689437066, 0, 0., 0, 0., 0, 0., 0, 0., 0, 0., 0, 0., 0, 0., 0, 0., 0, 0., 1232, 77.92536369386464, 0, 0., 0, 0., 0, 0., 5, 0.3162555344718533, 0, 0., 0, 0., 225, 1465, 1690, 1581, 0.9355029585798816
, generated\gt\sample_000423.krn, generated\xml_oemer\sample_000423.xml, 0, 0., 659, 25.642023346303503, 8, 0.311284046692607, 24, 0.933852140077821, 3, 0.11673151750972763, 0, 0., 4, 0.1556420233463035, 0, 0., 0, 0., 0, 0., 5, 0.19455252918287938, 1, 0.038910505836575876, 0, 0., 2, 0.07782101167315175, 4, 0.1556420233463035, 1, 0.038910505836575876, 0, 0., 0, 0., 0, 0., 0, 0., 0, 0., 0, 0., 6, 0.23346303501945526, 0, 0., 0, 0., 0, 0., 0, 0., 0, 0., 0, 0., 0, 0., 0, 0., 0, 0., 1848, 71.90661478599222, 0, 0., 0, 0., 0, 0., 5, 0.19455252918287938, 0, 0., 0, 0., 339, 2408, 2747, 2570, 0.9355660720786312
, generated\gt\sample_000655.krn, generated\xml_oemer\sample_000655.xml, 0, 0., 293, 15.04879301489471, 6, 0.3081664098613251, 17, 0.8731381612737545, 9, 0.4622496147919877, 0, 0., 0, 0., 0, 0., 0, 0., 0, 0., 2, 0.1027221366204417, 2, 0.1027221366204417, 0, 0., 2, 0.1027221366204417, 4, 0.2054442732408834, 9, 0.4622496147919877, 0, 0., 0, 0., 0, 0., 0, 0., 0, 0., 0, 0., 9, 0.4622496147919877, 0, 0., 0, 0., 0, 0., 0, 0., 0, 0., 0, 0., 0, 0., 0, 0., 0, 0., 1589, 81.61273754494094, 0, 0., 0, 0., 0, 0., 5, 0.25680534155110424, 0, 0., 0, 0., 240, 1841, 2081, 1947, 0.9356078808265257
, generated\gt\sample_000253.krn, generated\xml_oemer\sample_000253.xml, 0, 0., 296, 17.896009673518744, 2, 0.12091898428053205, 28, 1.6928657799274487, 5, 0.3022974607013301, 0, 0., 1, 0.060459492140266025, 0, 0., 0, 0., 0, 0., 3, 0.18137847642079807, 1, 0.060459492140266025, 0, 0., 0, 0., 4, 0.2418379685610641, 0, 0., 0, 0., 4, 0.2418379685610641, 0, 0., 0, 0., 0, 0., 0, 0., 7, 0.42321644498186217, 0, 0., 0, 0., 0, 0., 0, 0., 0, 0., 0, 0., 0, 0., 0, 0., 0, 0., 1298, 78.47642079806529, 0, 0., 0, 0., 0, 0., 5, 0.3022974607013301, 0, 0., 0, 0., 267, 1500, 1767, 1654, 0.9360498019241652
, generated\gt\sample_000239.krn, generated\xml_oemer\sample_000239.xml, 0, 0., 61, 3.173777315296566, 0, 0., 26, 1.352757544224766, 0, 0., 0, 0., 0, 0., 0, 0., 0, 0., 0, 0., 2, 0.1040582726326743, 0, 0., 0, 0., 0, 0., 2, 0.1040582726326743, 0, 0., 0, 0., 0, 0., 0, 0., 0, 0., 0, 0., 0, 0., 5, 0.2601456815816857, 0, 0., 0, 0., 0, 0., 0, 0., 0, 0., 0, 0., 0, 0., 0, 0., 0, 0., 1826, 95.00520291363163, 0, 0., 0, 0., 0, 0., 0, 0., 0, 0., 0, 0., 132, 1921, 2053, 1922, 0.9361909400876766
, generated\gt\sample_000489.krn, generated\xml_oemer\sample_000489.xml, 0, 0., 624, 28.480146052031035, 0, 0., 18, 0.8215426745778184, 4, 0.18256503879507074, 12, 0.5476951163852122, 0, 0., 0, 0., 0, 0., 0, 0., 5, 0.22820629849383842, 0, 0., 0, 0., 0, 0., 4, 0.18256503879507074, 0, 0., 0, 0., 0, 0., 0, 0., 0, 0., 0, 0., 0, 0., 1, 0.045641259698767686, 0, 0., 0, 0., 0, 0., 0, 0., 0, 0., 0, 0., 0, 0., 0, 0., 0, 0., 1518, 69.28343222272935, 0, 0., 0, 0., 0, 0., 5, 0.22820629849383842, 0, 0., 0, 0., 447, 1893, 2340, 2191, 0.9363247863247863
, generated\gt\sample_000218.krn, generated\xml_oemer\sample_000218.xml, 0, 0., 215, 25.534441805225654, 0, 0., 5, 0.5938242280285035, 1, 0.1187648456057007, 4, 0.4750593824228028, 1, 0.1187648456057007, 0, 0., 0, 0., 0, 0., 5, 0.5938242280285035, 1, 0.1187648456057007, 0, 0., 0, 0., 4, 0.4750593824228028, 4, 0.4750593824228028, 0, 0., 4, 0.4750593824228028, 0, 0., 0, 0., 0, 0., 0, 0., 4, 0.4750593824228028, 0, 0., 0, 0., 0, 0., 0, 0., 0, 0., 0, 0., 0, 0., 0, 0., 0, 0., 589, 69.95249406175772, 0, 0., 0, 0., 0, 0., 5, 0.5938242280285035, 0, 0., 0, 0., 141, 758, 899, 842, 0.9365962180200222
, generated\gt\sample_000337.krn, generated\xml_oemer\sample_000337.xml, 0, 0., 330, 20.96569250317662, 0, 0., 18, 1.1435832274459974, 2, 0.12706480304955528, 0, 0., 0, 0., 0, 0., 0, 0., 1, 0.06353240152477764, 0, 0., 0, 0., 0, 0., 0, 0., 4, 0.25412960609911056, 0, 0., 0, 0., 0, 0., 0, 0., 0, 0., 0, 0., 0, 0., 9, 0.5717916137229987, 0, 0., 2, 0.12706480304955528, 0, 0., 0, 0., 0, 0., 0, 0., 0, 0., 0, 0., 0, 0., 1203, 76.42947903430749, 0, 0., 0, 0., 0, 0., 5, 0.3176620076238882, 0, 0., 0, 0., 243, 1437, 1680, 1574, 0.9369047619047619
, generated\gt\sample_000399.krn, generated\xml_oemer\sample_000399.xml, 0, 0., 772, 43.764172335600904, 0, 0., 33, 1.870748299319728, 3, 0.17006802721088435, 0, 0., 1, 0.05668934240362812, 0, 0., 0, 0., 1, 0.05668934240362812, 0, 0., 0, 0., 0, 0., 2, 0.11337868480725624, 2, 0.11337868480725624, 2, 0.11337868480725624, 0, 0., 0, 0., 0, 0., 0, 0., 0, 0., 0, 0., 10, 0.5668934240362812, 0, 0., 0, 0., 0, 0., 0, 0., 0, 0., 0, 0., 0, 0., 0, 0., 0, 0., 933, 52.89115646258504, 0, 0., 0, 0., 0, 0., 5, 0.2834467120181406, 0, 0., 0, 0., 346, 1536, 1882, 1764, 0.9373007438894793
, generated\gt\sample_000479.krn, generated\xml_oemer\sample_000479.xml, 0, 0., 151, 7.6301162203132895, 8, 0.40424456796361796, 22, 1.1116725618999495, 2, 0.10106114199090449, 0, 0., 3, 0.15159171298635674, 0, 0., 0, 0., 0, 0., 1, 0.050530570995452245, 0, 0., 0, 0., 0, 0., 2, 0.10106114199090449, 0, 0., 0, 0., 0, 0., 0, 0., 0, 0., 0, 0., 0, 0., 8, 0.40424456796361796, 0, 0., 0, 0., 0, 0., 0, 0., 0, 0., 0, 0., 0, 0., 0, 0., 0, 0., 1782, 90.0454775138959, 0, 0., 0, 0., 0, 0., 0, 0., 0, 0., 0, 0., 163, 1948, 2111, 1979, 0.9374703931785884
, generated\gt\sample_000027.krn, generated\xml_oemer\sample_000027.xml, 0, 0., 203, 22.886133032694477, 4, 0.4509582863585118, 7, 0.7891770011273957, 2, 0.2254791431792559, 0, 0., 0, 0., 0, 0., 0, 0., 0, 0., 0, 0., 0, 0., 0, 0., 1, 0.11273957158962795, 2, 0.2254791431792559, 2, 0.2254791431792559, 0, 0., 0, 0., 0, 0., 0, 0., 0, 0., 0, 0., 2, 0.2254791431792559, 0, 0., 0, 0., 0, 0., 0, 0., 0, 0., 0, 0., 0, 0., 0, 0., 0, 0., 659, 74.29537767756483, 0, 0., 0, 0., 0, 0., 5, 0.5636978579481398, 0, 0., 0, 0., 167, 779, 946, 887, 0.9376321353065539
, generated\gt\sample_000382.krn, generated\xml_oemer\sample_000382.xml, 0, 0., 405, 19.622093023255815, 18, 0.872093023255814, 16, 0.7751937984496124, 0, 0., 0, 0., 7, 0.3391472868217054, 0, 0., 0, 0., 0, 0., 0, 0., 1, 0.04844961240310078, 0, 0., 8, 0.3875968992248062, 2, 0.09689922480620156, 0, 0., 0, 0., 0, 0., 0, 0., 0, 0., 0, 0., 0, 0., 20, 0.9689922480620154, 0, 0., 0, 0., 0, 0., 0, 0., 0, 0., 0, 0., 0, 0., 0, 0., 0, 0., 1582, 76.64728682170542, 0, 0., 0, 0., 0, 0., 5, 0.24224806201550386, 0, 0., 0, 0., 299, 1902, 2201, 2064, 0.9377555656519764
, generated\gt\sample_000166.krn, generated\xml_oemer\sample_000166.xml, 0, 0., 594, 36.17539585870889, 2, 0.1218026796589525, 25, 1.522533495736906, 6, 0.3654080389768575, 0, 0., 12, 0.730816077953715, 0, 0., 0, 0., 0, 0., 0, 0., 0, 0., 0, 0., 3, 0.18270401948842874, 4, 0.243605359317905, 7, 0.42630937880633374, 0, 0., 0, 0., 0, 0., 0, 0., 0, 0., 0, 0., 0, 0., 0, 0., 0, 0., 0, 0., 0, 0., 0, 0., 0, 0., 0, 0., 0, 0., 0, 0., 984, 59.92691839220463, 0, 0., 0, 0., 0, 0., 5, 0.30450669914738127, 0, 0., 0, 0., 429, 1321, 1750, 1642, 0.9382857142857143
, generated\gt\sample_000168.krn, generated\xml_oemer\sample_000168.xml, 0, 0., 101, 34.827586206896555, 6, 2.0689655172413794, 2, 0.6896551724137931, 0, 0., 0, 0., 0, 0., 0, 0., 0, 0., 0, 0., 0, 0., 0, 0., 0, 0., 2, 0.6896551724137931, 2, 0.6896551724137931, 0, 0., 0, 0., 0, 0., 0, 0., 0, 0., 0, 0., 0, 0., 3, 1.0344827586206897, 0, 0., 0, 0., 0, 0., 0, 0., 0, 0., 0, 0., 0, 0., 0, 0., 0, 0., 174, 60.0, 0, 0., 0, 0., 0, 0., 0, 0., 0, 0., 0, 0., 80, 229, 309, 290, 0.9385113268608414
, generated\gt\sample_000477.krn, generated\xml_oemer\sample_000477.xml, 0, 0., 480, 30.379746835443036, 2, 0.12658227848101267, 9, 0.569620253164557, 1, 0.06329113924050633, 0, 0., 2, 0.12658227848101267, 0, 0., 0, 0., 0, 0., 0, 0., 0, 0., 0, 0., 4, 0.25316455696202533, 2, 0.12658227848101267, 12, 0.759493670886076, 0, 0., 4, 0.25316455696202533, 0, 0., 0, 0., 0, 0., 0, 0., 8, 0.5063291139240507, 0, 0., 0, 0., 0, 0., 0, 0., 0, 0., 0, 0., 0, 0., 0, 0., 0, 0., 1051, 66.51898734177215, 0, 0., 0, 0., 0, 0., 5, 0.31645569620253167, 0, 0., 0, 0., 354, 1329, 1683, 1580, 0.9387997623291741
, generated\gt\sample_000547.krn, generated\xml_oemer\sample_000547.xml, 0, 0., 393, 19.659829914957477, 6, 0.3001500750375188, 44, 2.2011005502751377, 1, 0.05002501250625312, 0, 0., 2, 0.10005002501250625, 0, 0., 0, 0., 0, 0., 0, 0., 0, 0., 0, 0., 6, 0.3001500750375188, 4, 0.2001000500250125, 8, 0.400200100050025, 0, 0., 0, 0., 0, 0., 0, 0., 0, 0., 0, 0., 1, 0.05002501250625312, 0, 0., 0, 0., 0, 0., 0, 0., 0, 0., 0, 0., 0, 0., 0, 0., 0, 0., 1529, 76.48824412206103, 0, 0., 0, 0., 0, 0., 5, 0.25012506253126565, 0, 0., 0, 0., 307, 1822, 2129, 1999, 0.9389384687646782
, generated\gt\sample_000456.krn, generated\xml_oemer\sample_000456.xml, 0, 0., 388, 21.724524076147816, 6, 0.335946248600224, 33, 1.8477043673012319, 0, 0., 0, 0., 0, 0., 0, 0., 0, 0., 0, 0., 2, 0.11198208286674133, 0, 0., 0, 0., 1, 0.055991041433370664, 4, 0.22396416573348266, 6, 0.335946248600224, 0, 0., 0, 0., 24, 1.343784994400896, 0, 0., 0, 0., 0, 0., 7, 0.3919372900335946, 0, 0., 0, 0., 0, 0., 0, 0., 0, 0., 0, 0., 0, 0., 0, 0., 0, 0., 1310, 73.34826427771557, 0, 0., 0, 0., 0, 0., 5, 0.2799552071668533, 0, 0., 0, 0., 314, 1588, 1902, 1786, 0.9390115667718192
, generated\gt\sample_000534.krn, generated\xml_oemer\sample_000534.xml, 0, 0., 393, 30.65522620904836, 4, 0.31201248049922, 7, 0.5460218408736349, 1, 0.078003120124805, 0, 0., 0, 0., 0, 0., 0, 0., 0, 0., 0, 0., 0, 0., 0, 0., 3, 0.23400936037441497, 4, 0.31201248049922, 0, 0., 0, 0., 0, 0., 0, 0., 0, 0., 0, 0., 0, 0., 2, 0.15600624024961, 0, 0., 0, 0., 0, 0., 0, 0., 0, 0., 0, 0., 0, 0., 0, 0., 0, 0., 761, 59.3603744149766, 101, 7.878315132605304, 0, 0., 1, 0.078003120124805, 5, 0.39001560062402496, 0, 0., 0, 0., 289, 1076, 1365, 1282, 0.9391941391941392
, generated\gt\sample_000677.krn, generated\xml_oemer\sample_000677.xml, 0, 0., 580, 29.322548028311427, 14, 0.7077856420626896, 22, 1.1122345803842264, 3, 0.15166835187057634, 0, 0., 3, 0.15166835187057634, 0, 0., 0, 0., 0, 0., 0, 0., 0, 0., 0, 0., 2, 0.10111223458038422, 4, 0.20222446916076844, 5, 0.2527805864509606, 0, 0., 4, 0.20222446916076844, 0, 0., 0, 0., 0, 0., 0, 0., 18, 0.910010111223458, 0, 0., 0, 0., 0, 0., 0, 0., 0, 0., 0, 0., 0, 0., 0, 0., 0, 0., 1318, 66.6329625884732, 0, 0., 0, 0., 0, 0., 5, 0.2527805864509606, 0, 0., 0, 0., 325, 1781, 2106, 1978, 0.9392212725546059
, generated\gt\sample_000427.krn, generated\xml_oemer\sample_000427.xml, 0, 0., 511, 23.397435897435898, 4, 0.18315018315018314, 44, 2.0146520146520146, 0, 0., 0, 0., 0, 0., 0, 0., 0, 0., 0, 0., 0, 0., 0, 0., 0, 0., 0, 0., 4, 0.18315018315018314, 0, 0., 0, 0., 0, 0., 0, 0., 0, 0., 0, 0., 0, 0., 0, 0., 0, 0., 0, 0., 0, 0., 0, 0., 0, 0., 0, 0., 0, 0., 0, 0., 0, 0., 1616, 73.99267399267399, 0, 0., 0, 0., 0, 0., 5, 0.22893772893772893, 0, 0., 0, 0., 360, 1965, 2325, 2184, 0.9393548387096774
, generated\gt\sample_000174.krn, generated\xml_oemer\sample_000174.xml, 0, 0., 297, 24.770642201834864, 4, 0.3336113427856547, 21, 1.7514595496246872, 1, 0.08340283569641367, 0, 0., 1, 0.08340283569641367, 0, 0., 0, 0., 0, 0., 4, 0.3336113427856547, 0, 0., 0, 0., 1, 0.08340283569641367, 4, 0.3336113427856547, 7, 0.5838198498748958, 0, 0., 0, 0., 0, 0., 0, 0., 0, 0., 0, 0., 10, 0.8340283569641368, 0, 0., 0, 0., 0, 0., 0, 0., 0, 0., 0, 0., 0, 0., 0, 0., 0, 0., 844, 70.39199332777315, 0, 0., 0, 0., 0, 0., 5, 0.4170141784820684, 0, 0., 0, 0., 254, 1022, 1276, 1199, 0.9396551724137931
, generated\gt\sample_000246.krn, generated\xml_oemer\sample_000246.xml, 0, 0., 339, 22.287968441814595, 2, 0.13149243918474687, 19, 1.2491781722550954, 1, 0.06574621959237344, 0, 0., 2, 0.13149243918474687, 0, 0., 0, 0., 0, 0., 0, 0., 0, 0., 0, 0., 0, 0., 4, 0.26298487836949375, 7, 0.46022353714661407, 0, 0., 0, 0., 0, 0., 0, 0., 0, 0., 0, 0., 5, 0.32873109796186717, 0, 0., 0, 0., 0, 0., 0, 0., 0, 0., 0, 0., 0, 0., 0, 0., 0, 0., 1137, 74.7534516765286, 0, 0., 0, 0., 0, 0., 5, 0.32873109796186717, 0, 0., 0, 0., 293, 1325, 1618, 1521, 0.9400494437577256
, generated\gt\sample_000487.krn, generated\xml_oemer\sample_000487.xml, 0, 0., 120, 14.423076923076923, 0, 0., 9, 1.0817307692307692, 2, 0.2403846153846154, 0, 0., 2, 0.2403846153846154, 0, 0., 0, 0., 0, 0., 2, 0.2403846153846154, 0, 0., 0, 0., 2, 0.2403846153846154, 4, 0.4807692307692308, 4, 0.4807692307692308, 0, 0., 4, 0.4807692307692308, 0, 0., 0, 0., 0, 0., 0, 0., 2, 0.2403846153846154, 0, 0., 0, 0., 0, 0., 0, 0., 0, 0., 0, 0., 0, 0., 0, 0., 0, 0., 676, 81.25, 0, 0., 0, 0., 0, 0., 5, 0.6009615384615384, 0, 0., 0, 0., 128, 757, 885, 832, 0.9401129943502825
, generated\gt\sample_000584.krn, generated\xml_oemer\sample_000584.xml, 0, 0., 444, 25.014084507042252, 4, 0.22535211267605634, 33, 1.8591549295774648, 0, 0., 0, 0., 1, 0.056338028169014086, 0, 0., 0, 0., 0, 0., 5, 0.28169014084507044, 0, 0., 0, 0., 2, 0.11267605633802817, 4, 0.22535211267605634, 0, 0., 0, 0., 0, 0., 0, 0., 0, 0., 0, 0., 0, 0., 0, 0., 0, 0., 0, 0., 0, 0., 0, 0., 0, 0., 0, 0., 0, 0., 0, 0., 0, 0., 1277, 71.94366197183099, 0, 0., 0, 0., 0, 0., 5, 0.28169014084507044, 0, 0., 0, 0., 306, 1582, 1888, 1775, 0.9401483050847458
, generated\gt\sample_000392.krn, generated\xml_oemer\sample_000392.xml, 0, 0., 419, 27.785145888594165, 10, 0.6631299734748011, 8, 0.5305039787798409, 2, 0.13262599469496023, 16, 1.0610079575596818, 0, 0., 0, 0., 0, 0., 0, 0., 2, 0.13262599469496023, 0, 0., 0, 0., 0, 0., 4, 0.26525198938992045, 0, 0., 0, 0., 0, 0., 0, 0., 0, 0., 0, 0., 0, 0., 4, 0.26525198938992045, 0, 0., 0, 0., 0, 0., 0, 0., 0, 0., 0, 0., 0, 0., 0, 0., 0, 0., 1038, 68.83289124668435, 0, 0., 0, 0., 0, 0., 5, 0.33156498673740054, 0, 0., 0, 0., 326, 1278, 1604, 1508, 0.940149625935162
, generated\gt\sample_000449.krn, generated\xml_oemer\sample_000449.xml, 0, 0., 39, 13.780918727915195, 4, 1.4134275618374559, 0, 0., 0, 0., 0, 0., 0, 0., 0, 0., 0, 0., 0, 0., 0, 0., 0, 0., 0, 0., 2, 0.7067137809187279, 2, 0.7067137809187279, 0, 0., 0, 0., 0, 0., 0, 0., 0, 0., 0, 0., 0, 0., 0, 0., 0, 0., 0, 0., 0, 0., 0, 0., 0, 0., 0, 0., 0, 0., 0, 0., 0, 0., 236, 83.39222614840989, 0, 0., 0, 0., 0, 0., 0, 0., 0, 0., 0, 0., 51, 250, 301, 283, 0.9401993355481728
, generated\gt\sample_000496.krn, generated\xml_oemer\sample_000496.xml, 0, 0., 417, 22.66304347826087, 4, 0.21739130434782608, 21, 1.141304347826087, 2, 0.10869565217391304, 0, 0., 1, 0.05434782608695652, 0, 0., 0, 0., 0, 0., 4, 0.21739130434782608, 0, 0., 0, 0., 1, 0.05434782608695652, 4, 0.21739130434782608, 4, 0.21739130434782608, 0, 0., 0, 0., 0, 0., 0, 0., 0, 0., 0, 0., 5, 0.2717391304347826, 0, 0., 0, 0., 0, 0., 0, 0., 0, 0., 0, 0., 0, 0., 0, 0., 0, 0., 1372, 74.56521739130434, 0, 0., 0, 0., 0, 0., 5, 0.2717391304347826, 0, 0., 0, 0., 318, 1639, 1957, 1840, 0.9402146142054164
, generated\gt\sample_000380.krn, generated\xml_oemer\sample_000380.xml, 0, 0., 171, 12.067748764996471, 10, 0.7057163020465773, 7, 0.4940014114326041, 0, 0., 0, 0., 2, 0.14114326040931546, 0, 0., 0, 0., 0, 0., 0, 0., 0, 0., 0, 0., 5, 0.35285815102328866, 2, 0.14114326040931546, 3, 0.2117148906139732, 0, 0., 0, 0., 0, 0., 0, 0., 0, 0., 0, 0., 11, 0.776287932251235, 0, 0., 0, 0., 0, 0., 0, 0., 0, 0., 0, 0., 0, 0., 0, 0., 0, 0., 1201, 84.75652787579394, 0, 0., 0, 0., 0, 0., 5, 0.35285815102328866, 0, 0., 0, 0., 160, 1347, 1507, 1417, 0.940278699402787
, generated\gt\sample_000517.krn, generated\xml_oemer\sample_000517.xml, 0, 0., 429, 19.742291762540265, 2, 0.09203865623561897, 41, 1.8867924528301887, 0, 0., 0, 0., 4, 0.18407731247123793, 0, 0., 0, 0., 0, 0., 6, 0.2761159687068569, 0, 0., 0, 0., 0, 0., 2, 0.09203865623561897, 2, 0.09203865623561897, 0, 0., 0, 0., 0, 0., 0, 0., 0, 0., 0, 0., 6, 0.2761159687068569, 0, 0., 0, 0., 0, 0., 0, 0., 0, 0., 0, 0., 0, 0., 0, 0., 0, 0., 1681, 77.35849056603773, 0, 0., 0, 0., 0, 0., 0, 0., 0, 0., 0, 0., 237, 2074, 2311, 2173, 0.9402855906533968
, generated\gt\sample_000161.krn, generated\xml_oemer\sample_000161.xml, 0, 0., 163, 16.138613861386137, 2, 0.19801980198019803, 1, 0.09900990099009901, 1, 0.09900990099009901, 0, 0., 1, 0.09900990099009901, 0, 0., 0, 0., 0, 0., 0, 0., 1, 0.09900990099009901, 0, 0., 0, 0., 2, 0.19801980198019803, 0, 0., 0, 0., 0, 0., 0, 0., 0, 0., 0, 0., 0, 0., 6, 0.594059405940594, 0, 0., 0, 0., 0, 0., 0, 0., 0, 0., 0, 0., 0, 0., 0, 0., 0, 0., 828, 81.98019801980197, 0, 0., 0, 0., 0, 0., 5, 0.49504950495049505, 0, 0., 0, 0., 136, 938, 1074, 1010, 0.9404096834264432
, generated\gt\sample_000648.krn, generated\xml_oemer\sample_000648.xml, 0, 0., 476, 28.657435279951837, 0, 0., 36, 2.167369054786273, 0, 0., 0, 0., 4, 0.2408187838651415, 0, 0., 0, 0., 0, 0., 0, 0., 0, 0., 0, 0., 3, 0.1806140878988561, 4, 0.2408187838651415, 2, 0.12040939193257075, 0, 0., 0, 0., 0, 0., 0, 0., 0, 0., 0, 0., 0, 0., 0, 0., 0, 0., 0, 0., 0, 0., 0, 0., 0, 0., 0, 0., 0, 0., 0, 0., 1131, 68.09151113786875, 0, 0., 0, 0., 0, 0., 5, 0.30102347983142685, 0, 0., 0, 0., 349, 1417, 1766, 1661, 0.9405436013590034
, generated\gt\sample_000147.krn, generated\xml_oemer\sample_000147.xml, 0, 0., 437, 24.857792946530147, 2, 0.11376564277588168, 34, 1.9340159271899886, 3, 0.17064846416382254, 0, 0., 5, 0.2844141069397042, 0, 0., 0, 0., 0, 0., 0, 0., 0, 0., 0, 0., 1, 0.05688282138794084, 4, 0.22753128555176336, 10, 0.5688282138794084, 0, 0., 0, 0., 0, 0., 0, 0., 0, 0., 0, 0., 0, 0., 0, 0., 0, 0., 0, 0., 0, 0., 0, 0., 0, 0., 0, 0., 0, 0., 0, 0., 1257, 71.50170648464164, 0, 0., 0, 0., 0, 0., 5, 0.2844141069397042, 0, 0., 0, 0., 335, 1534, 1869, 1758, 0.9406099518459069
, generated\gt\sample_000667.krn, generated\xml_oemer\sample_000667.xml, 0, 0., 342, 29.156010230179028, 0, 0., 4, 0.3410059676044331, 0, 0., 2, 0.17050298380221654, 0, 0., 0, 0., 0, 0., 0, 0., 0, 0., 0, 0., 0, 0., 2, 0.17050298380221654, 4, 0.3410059676044331, 0, 0., 0, 0., 0, 0., 0, 0., 0, 0., 0, 0., 0, 0., 0, 0., 0, 0., 0, 0., 0, 0., 0, 0., 0, 0., 0, 0., 0, 0., 0, 0., 0, 0., 814, 69.39471440750214, 0, 0., 0, 0., 0, 0., 5, 0.42625745950554134, 0, 0., 0, 0., 221, 1026, 1247, 1173, 0.9406575781876504
, generated\gt\sample_000022.krn, generated\xml_oemer\sample_000022.xml, 0, 0., 353, 29.614093959731544, 6, 0.5033557046979866, 18, 1.5100671140939597, 1, 0.08389261744966443, 0, 0., 1, 0.08389261744966443, 0, 0., 0, 0., 1, 0.08389261744966443, 0, 0., 0, 0., 0, 0., 1, 0.08389261744966443, 4, 0.33557046979865773, 7, 0.587248322147651, 0, 0., 4, 0.33557046979865773, 0, 0., 0, 0., 0, 0., 0, 0., 0, 0., 0, 0., 0, 0., 0, 0., 0, 0., 0, 0., 0, 0., 0, 0., 0, 0., 0, 0., 791, 66.35906040268456, 0, 0., 0, 0., 0, 0., 5, 0.41946308724832215, 0, 0., 0, 0., 297, 970, 1267, 1192, 0.9408050513022889
, generated\gt\sample_000404.krn, generated\xml_oemer\sample_000404.xml, 0, 0., 293, 14.17513304305757, 4, 0.1935171746492501, 19, 0.919206579583938, 2, 0.09675858732462506, 0, 0., 1, 0.04837929366231253, 0, 0., 0, 0., 0, 0., 3, 0.14513788098693758, 0, 0., 0, 0., 0, 0., 1, 0.04837929366231253, 0, 0., 0, 0., 0, 0., 0, 0., 0, 0., 0, 0., 0, 0., 5, 0.24189646831156264, 0, 0., 0, 0., 0, 0., 0, 0., 0, 0., 0, 0., 0, 0., 0, 0., 0, 0., 1739, 84.1315916787615, 0, 0., 0, 0., 0, 0., 0, 0., 0, 0., 0, 0., 230, 1967, 2197, 2067, 0.9408284023668639
, generated\gt\sample_000088.krn, generated\xml_oemer\sample_000088.xml, 0, 0., 51, 11.383928571428571, 4, 0.8928571428571429, 4, 0.8928571428571429, 0, 0., 0, 0., 1, 0.22321428571428573, 0, 0., 0, 0., 0, 0., 0, 0., 0, 0., 0, 0., 0, 0., 2, 0.44642857142857145, 0, 0., 0, 0., 0, 0., 0, 0., 0, 0., 0, 0., 0, 0., 0, 0., 0, 0., 0, 0., 0, 0., 0, 0., 0, 0., 0, 0., 0, 0., 0, 0., 0, 0., 325, 72.54464285714286, 57, 12.723214285714286, 0, 0., 4, 0.8928571428571429, 0, 0., 0, 0., 0, 0., 115, 361, 476, 448, 0.9411764705882353
, generated\gt\sample_000006.krn, generated\xml_oemer\sample_000006.xml, 0, 0., 479, 26.464088397790054, 2, 0.11049723756906077, 38, 2.0994475138121547, 1, 0.055248618784530384, 0, 0., 0, 0., 0, 0., 0, 0., 1, 0.055248618784530384, 0, 0., 0, 0., 0, 0., 0, 0., 4, 0.22099447513812154, 0, 0., 0, 0., 0, 0., 0, 0., 0, 0., 0, 0., 0, 0., 2, 0.11049723756906077, 0, 0., 0, 0., 0, 0., 0, 0., 0, 0., 0, 0., 0, 0., 0, 0., 0, 0., 1278, 70.60773480662984, 0, 0., 0, 0., 0, 0., 5, 0.27624309392265195, 0, 0., 0, 0., 325, 1598, 1923, 1810, 0.9412376495059802
, generated\gt\sample_000188.krn, generated\xml_oemer\sample_000188.xml, 0, 0., 200, 9.306654257794323, 8, 0.3722661703117729, 20, 0.9306654257794323, 1, 0.04653327128897161, 0, 0., 0, 0., 0, 0., 0, 0., 0, 0., 0, 0., 0, 0., 0, 0., 4, 0.18613308515588645, 2, 0.09306654257794322, 0, 0., 0, 0., 0, 0., 0, 0., 0, 0., 0, 0., 0, 0., 3, 0.13959981386691483, 0, 0., 0, 0., 0, 0., 0, 0., 0, 0., 0, 0., 0, 0., 0, 0., 0, 0., 1911, 88.92508143322476, 0, 0., 0, 0., 0, 0., 0, 0., 0, 0., 0, 0., 141, 2142, 2283, 2149, 0.941305300043802
, generated\gt\sample_000233.krn, generated\xml_oemer\sample_000233.xml, 0, 0., 214, 12.117780294450736, 2, 0.11325028312570781, 16, 0.9060022650056625, 2, 0.11325028312570781, 0, 0., 5, 0.28312570781426954, 0, 0., 0, 0., 0, 0., 0, 0., 0, 0., 0, 0., 3, 0.16987542468856173, 4, 0.22650056625141562, 8, 0.45300113250283125, 0, 0., 0, 0., 0, 0., 0, 0., 0, 0., 0, 0., 10, 0.5662514156285391, 0, 0., 0, 0., 0, 0., 0, 0., 0, 0., 0, 0., 0, 0., 0, 0., 0, 0., 1497, 84.7678369195923, 0, 0., 0, 0., 0, 0., 5, 0.28312570781426954, 0, 0., 0, 0., 238, 1638, 1876, 1766, 0.94136460554371
, generated\gt\sample_000273.krn, generated\xml_oemer\sample_000273.xml, 0, 0., 424, 21.274460612142498, 6, 0.3010536879076769, 25, 1.2543903662819869, 3, 0.15052684395383845, 0, 0., 0, 0., 0, 0., 0, 0., 1, 0.050175614651279475, 1, 0.050175614651279475, 0, 0., 0, 0., 1, 0.050175614651279475, 4, 0.2007024586051179, 1, 0.050175614651279475, 0, 0., 0, 0., 0, 0., 0, 0., 0, 0., 0, 0., 16, 0.8028098344204716, 0, 0., 0, 0., 0, 0., 0, 0., 0, 0., 0, 0., 0, 0., 0, 0., 0, 0., 1506, 75.5644756648269, 0, 0., 0, 0., 0, 0., 5, 0.2508780732563974, 0, 0., 0, 0., 356, 1761, 2117, 1993, 0.9414265470004723
, generated\gt\sample_000616.krn, generated\xml_oemer\sample_000616.xml, 0, 0., 340, 16.205910390848427, 8, 0.3813155386081983, 21, 1.0009532888465205, 1, 0.047664442326024785, 12, 0.5719733079122974, 5, 0.23832221163012393, 0, 0., 0, 0., 0, 0., 0, 0., 1, 0.047664442326024785, 0, 0., 1, 0.047664442326024785, 4, 0.19065776930409914, 0, 0., 0, 0., 0, 0., 0, 0., 0, 0., 0, 0., 0, 0., 9, 0.42897998093422307, 0, 0., 0, 0., 0, 0., 0, 0., 0, 0., 0, 0., 0, 0., 0, 0., 0, 0., 1691, 80.60057197330791, 0, 0., 0, 0., 0, 0., 5, 0.23832221163012393, 0, 0., 0, 0., 309, 1919, 2228, 2098, 0.9416517055655296
, generated\gt\sample_000255.krn, generated\xml_oemer\sample_000255.xml, 0, 0., 247, 17.21254355400697, 0, 0., 18, 1.254355400696864, 2, 0.13937282229965156, 0, 0., 0, 0., 0, 0., 0, 0., 0, 0., 3, 0.20905923344947736, 0, 0., 0, 0., 2, 0.13937282229965156, 4, 0.2787456445993031, 3, 0.20905923344947736, 0, 0., 0, 0., 0, 0., 0, 0., 0, 0., 0, 0., 5, 0.34843205574912894, 0, 0., 0, 0., 0, 0., 0, 0., 0, 0., 0, 0., 0, 0., 0, 0., 0, 0., 1146, 79.86062717770035, 0, 0., 0, 0., 0, 0., 5, 0.34843205574912894, 0, 0., 0, 0., 185, 1338, 1523, 1435, 0.9422193040052528
, generated\gt\sample_000396.krn, generated\xml_oemer\sample_000396.xml, 0, 0., 441, 25.5800464037123, 4, 0.23201856148491878, 9, 0.5220417633410673, 0, 0., 14, 0.8120649651972158, 0, 0., 0, 0., 0, 0., 0, 0., 2, 0.11600928074245939, 0, 0., 0, 0., 0, 0., 4, 0.23201856148491878, 0, 0., 0, 0., 0, 0., 0, 0., 0, 0., 0, 0., 0, 0., 4, 0.23201856148491878, 0, 0., 0, 0., 0, 0., 0, 0., 0, 0., 0, 0., 0, 0., 0, 0., 0, 0., 1241, 71.98375870069606, 0, 0., 0, 0., 0, 0., 5, 0.2900232018561485, 0, 0., 0, 0., 332, 1497, 1829, 1724, 0.9425915800984145
, generated\gt\sample_000589.krn, generated\xml_oemer\sample_000589.xml, 0, 0., 533, 25.949367088607595, 0, 0., 43, 2.0934761441090557, 1, 0.04868549172346641, 0, 0., 0, 0., 0, 0., 0, 0., 1, 0.04868549172346641, 1, 0.04868549172346641, 0, 0., 0, 0., 0, 0., 4, 0.19474196689386564, 0, 0., 0, 0., 0, 0., 0, 0., 0, 0., 0, 0., 0, 0., 3, 0.1460564751703992, 0, 0., 0, 0., 0, 0., 0, 0., 0, 0., 0, 0., 0, 0., 0, 0., 0, 0., 1463, 71.22687439143135, 0, 0., 0, 0., 0, 0., 5, 0.24342745861733203, 0, 0., 0, 0., 387, 1792, 2179, 2054, 0.942634235888022
, generated\gt\sample_000313.krn, generated\xml_oemer\sample_000313.xml, 0, 0., 197, 17.085862966175196, 6, 0.5203816131830009, 8, 0.6938421509106678, 2, 0.17346053772766695, 0, 0., 0, 0., 0, 0., 0, 0., 0, 0., 6, 0.5203816131830009, 0, 0., 0, 0., 0, 0., 2, 0.17346053772766695, 3, 0.26019080659150046, 0, 0., 0, 0., 0, 0., 0, 0., 0, 0., 0, 0., 2, 0.17346053772766695, 0, 0., 0, 0., 0, 0., 0, 0., 0, 0., 0, 0., 0, 0., 0, 0., 0, 0., 927, 80.39895923677363, 0, 0., 0, 0., 0, 0., 0, 0., 0, 0., 0, 0., 169, 1054, 1223, 1153, 0.9427636958299264
, generated\gt\sample_000121.krn, generated\xml_oemer\sample_000121.xml, 0, 0., 253, 54.76190476190476, 2, 0.4329004329004329, 4, 0.8658008658008658, 0, 0., 0, 0., 0, 0., 0, 0., 0, 0., 0, 0., 0, 0., 0, 0., 0, 0., 3, 0.6493506493506493, 2, 0.4329004329004329, 4, 0.8658008658008658, 0, 0., 0, 0., 0, 0., 0, 0., 0, 0., 0, 0., 1, 0.21645021645021645, 0, 0., 0, 0., 0, 0., 0, 0., 0, 0., 0, 0., 0, 0., 0, 0., 0, 0., 188, 40.692640692640694, 0, 0., 0, 0., 0, 0., 5, 1.0822510822510822, 0, 0., 0, 0., 203, 287, 490, 462, 0.9428571428571428
, generated\gt\sample_000578.krn, generated\xml_oemer\sample_000578.xml, 0, 0., 375, 20.074946466809422, 4, 0.21413276231263384, 21, 1.1241970021413277, 2, 0.10706638115631692, 0, 0., 1, 0.05353319057815846, 0, 0., 0, 0., 0, 0., 5, 0.2676659528907923, 0, 0., 0, 0., 3, 0.16059957173447537, 4, 0.21413276231263384, 0, 0., 0, 0., 0, 0., 0, 0., 0, 0., 0, 0., 0, 0., 2, 0.10706638115631692, 0, 0., 0, 0., 0, 0., 0, 0., 0, 0., 0, 0., 0, 0., 0, 0., 0, 0., 1446, 77.40899357601712, 0, 0., 0, 0., 0, 0., 5, 0.2676659528907923, 0, 0., 0, 0., 261, 1720, 1981, 1868, 0.9429581019687027
, generated\gt\sample_000410.krn, generated\xml_oemer\sample_000410.xml, 0, 0., 324, 18.81533101045296, 6, 0.34843205574912894, 34, 1.9744483159117305, 4, 0.23228803716608595, 0, 0., 7, 0.4065040650406504, 0, 0., 0, 0., 0, 0., 0, 0., 0, 0., 0, 0., 2, 0.11614401858304298, 4, 0.23228803716608595, 3, 0.17421602787456447, 0, 0., 0, 0., 0, 0., 0, 0., 0, 0., 0, 0., 1, 0.05807200929152149, 0, 0., 0, 0., 0, 0., 0, 0., 0, 0., 0, 0., 0, 0., 0, 0., 0, 0., 1332, 77.35191637630662, 0, 0., 0, 0., 0, 0., 5, 0.29036004645760743, 0, 0., 0, 0., 330, 1496, 1826, 1722, 0.9430449069003286
, generated\gt\sample_000024.krn, generated\xml_oemer\sample_000024.xml, 0, 0., 501, 21.382842509603073, 0, 0., 36, 1.5364916773367479, 13, 0.5548442168160478, 0, 0., 0, 0., 0, 0., 0, 0., 1, 0.04268032437046521, 0, 0., 0, 0., 0, 0., 3, 0.12804097311139565, 4, 0.17072129748186085, 15, 0.6402048655569782, 0, 0., 4, 0.17072129748186085, 0, 0., 0, 0., 0, 0., 0, 0., 0, 0., 0, 0., 0, 0., 0, 0., 0, 0., 0, 0., 0, 0., 0, 0., 0, 0., 0, 0., 1761, 75.16005121638925, 0, 0., 0, 0., 0, 0., 5, 0.21340162185232608, 0, 0., 0, 0., 433, 2051, 2484, 2343, 0.9432367149758454
, generated\gt\sample_000492.krn, generated\xml_oemer\sample_000492.xml, 0, 0., 417, 32.96442687747036, 2, 0.15810276679841898, 9, 0.7114624505928854, 4, 0.31620553359683795, 2, 0.15810276679841898, 0, 0., 0, 0., 0, 0., 0, 0., 1, 0.07905138339920949, 0, 0., 0, 0., 2, 0.15810276679841898, 4, 0.31620553359683795, 0, 0., 0, 0., 0, 0., 0, 0., 0, 0., 0, 0., 0, 0., 4, 0.31620553359683795, 0, 0., 0, 0., 0, 0., 0, 0., 0, 0., 0, 0., 0, 0., 0, 0., 0, 0., 815, 64.42687747035573, 0, 0., 0, 0., 0, 0., 5, 0.3952569169960474, 0, 0., 0, 0., 415, 926, 1341, 1265, 0.9433258762117822
, generated\gt\sample_000438.krn, generated\xml_oemer\sample_000438.xml, 0, 0., 153, 50.495049504950494, 2, 0.6600660066006601, 2, 0.6600660066006601, 1, 0.33003300330033003, 2, 0.6600660066006601, 0, 0., 0, 0., 0, 0., 0, 0., 0, 0., 0, 0., 0, 0., 0, 0., 2, 0.6600660066006601, 0, 0., 0, 0., 0, 0., 0, 0., 0, 0., 0, 0., 0, 0., 3, 0.9900990099009901, 0, 0., 0, 0., 0, 0., 0, 0., 0, 0., 0, 0., 0, 0., 0, 0., 0, 0., 138, 45.54455445544554, 0, 0., 0, 0., 0, 0., 0, 0., 0, 0., 0, 0., 147, 174, 321, 303, 0.9439252336448598
, generated\gt\sample_000473.krn, generated\xml_oemer\sample_000473.xml, 0, 0., 352, 28.25040128410915, 2, 0.16051364365971107, 18, 1.4446227929373996, 0, 0., 0, 0., 0, 0., 0, 0., 0, 0., 0, 0., 0, 0., 0, 0., 0, 0., 1, 0.08025682182985554, 4, 0.32102728731942215, 9, 0.7223113964686998, 0, 0., 4, 0.32102728731942215, 0, 0., 0, 0., 0, 0., 0, 0., 0, 0., 0, 0., 0, 0., 0, 0., 0, 0., 0, 0., 0, 0., 0, 0., 0, 0., 0, 0., 851, 68.29855537720707, 0, 0., 0, 0., 0, 0., 5, 0.4012841091492777, 0, 0., 0, 0., 256, 1064, 1320, 1246, 0.943939393939394
, generated\gt\sample_000151.krn, generated\xml_oemer\sample_000151.xml, 0, 0., 646, 31.948565776458953, 6, 0.29673590504451036, 33, 1.632047477744807, 0, 0., 0, 0., 5, 0.24727992087042533, 0, 0., 0, 0., 0, 0., 1, 0.04945598417408507, 0, 0., 0, 0., 6, 0.29673590504451036, 4, 0.19782393669634027, 4, 0.19782393669634027, 0, 0., 0, 0., 0, 0., 0, 0., 0, 0., 0, 0., 3, 0.14836795252225518, 0, 0., 0, 0., 0, 0., 0, 0., 0, 0., 0, 0., 0, 0., 0, 0., 0, 0., 1309, 64.73788328387735, 0, 0., 0, 0., 0, 0., 5, 0.24727992087042533, 0, 0., 0, 0., 410, 1731, 2141, 2022, 0.9444184960298926
, generated\gt\sample_000000.krn, generated\xml_oemer\sample_000000.xml, 0, 0., 201, 10.651828298887123, 0, 0., 19, 1.0068892421833597, 0, 0., 2, 0.10598834128245893, 0, 0., 0, 0., 0, 0., 0, 0., 1, 0.052994170641229466, 0, 0., 0, 0., 4, 0.21197668256491786, 4, 0.21197668256491786, 9, 0.4769475357710652, 0, 0., 0, 0., 0, 0., 0, 0., 0, 0., 0, 0., 5, 0.2649708532061473, 0, 0., 0, 0., 0, 0., 0, 0., 0, 0., 0, 0., 0, 0., 0, 0., 0, 0., 1637, 86.75145733969264, 0, 0., 0, 0., 0, 0., 5, 0.2649708532061473, 0, 0., 0, 0., 286, 1712, 1998, 1887, 0.9444444444444444
, generated\gt\sample_000654.krn, generated\xml_oemer\sample_000654.xml, 0, 0., 328, 17.624932831810856, 6, 0.32240730789897903, 20, 1.07469102632993, 2, 0.10746910263299302, 0, 0., 1, 0.05373455131649651, 0, 0., 0, 0., 0, 0., 0, 0., 0, 0., 0, 0., 0, 0., 2, 0.10746910263299302, 0, 0., 0, 0., 0, 0., 0, 0., 0, 0., 0, 0., 0, 0., 1, 0.05373455131649651, 0, 0., 0, 0., 0, 0., 0, 0., 0, 0., 0, 0., 0, 0., 0, 0., 0, 0., 1496, 80.38688876947877, 0, 0., 0, 0., 0, 0., 5, 0.2686727565824825, 0, 0., 0, 0., 225, 1745, 1970, 1861, 0.9446700507614213
, generated\gt\sample_000652.krn, generated\xml_oemer\sample_000652.xml, 0, 0., 268, 15.09009009009009, 4, 0.22522522522522523, 17, 0.9572072072072072, 2, 0.11261261261261261, 0, 0., 0, 0., 0, 0., 0, 0., 0, 0., 0, 0., 1, 0.05630630630630631, 0, 0., 2, 0.11261261261261261, 2, 0.11261261261261261, 1, 0.05630630630630631, 0, 0., 0, 0., 0, 0., 0, 0., 0, 0., 0, 0., 3, 0.16891891891891891, 0, 0., 0, 0., 0, 0., 0, 0., 0, 0., 0, 0., 0, 0., 0, 0., 0, 0., 1471, 82.82657657657657, 0, 0., 0, 0., 0, 0., 5, 0.28153153153153154, 0, 0., 0, 0., 226, 1654, 1880, 1776, 0.9446808510638298
, generated\gt\sample_000358.krn, generated\xml_oemer\sample_000358.xml, 0, 0., 260, 13.177901672579827, 2, 0.10136847440446022, 24, 1.2164216928535225, 2, 0.10136847440446022, 0, 0., 0, 0., 0, 0., 0, 0., 0, 0., 0, 0., 3, 0.15205271160669032, 0, 0., 0, 0., 4, 0.20273694880892043, 6, 0.30410542321338063, 0, 0., 0, 0., 0, 0., 0, 0., 0, 0., 0, 0., 3, 0.15205271160669032, 0, 0., 0, 0., 0, 0., 0, 0., 0, 0., 0, 0., 0, 0., 0, 0., 0, 0., 1664, 84.3385707045109, 0, 0., 0, 0., 0, 0., 5, 0.25342118601115055, 0, 0., 0, 0., 298, 1790, 2088, 1973, 0.9449233716475096
, generated\gt\sample_000452.krn, generated\xml_oemer\sample_000452.xml, 0, 0., 450, 24.05130946018172, 6, 0.32068412613575625, 32, 1.7103153393907002, 2, 0.10689470871191876, 0, 0., 1, 0.05344735435595938, 0, 0., 0, 0., 0, 0., 0, 0., 0, 0., 0, 0., 3, 0.16034206306787813, 4, 0.21378941742383753, 2, 0.10689470871191876, 0, 0., 0, 0., 0, 0., 0, 0., 0, 0., 0, 0., 0, 0., 0, 0., 0, 0., 0, 0., 0, 0., 0, 0., 0, 0., 0, 0., 0, 0., 0, 0., 1366, 73.00908605024051, 0, 0., 0, 0., 0, 0., 5, 0.2672367717797969, 0, 0., 0, 0., 319, 1661, 1980, 1871, 0.944949494949495
, generated\gt\sample_000012.krn, generated\xml_oemer\sample_000012.xml, 0, 0., 814, 35.299219427580226, 0, 0., 33, 1.4310494362532524, 0, 0., 10, 0.4336513443191674, 2, 0.08673026886383348, 0, 0., 0, 0., 2, 0.08673026886383348, 1, 0.04336513443191674, 0, 0., 0, 0., 0, 0., 4, 0.17346053772766695, 0, 0., 0, 0., 0, 0., 0, 0., 0, 0., 0, 0., 0, 0., 3, 0.13009540329575023, 0, 0., 0, 0., 0, 0., 0, 0., 0, 0., 0, 0., 0, 0., 0, 0., 0, 0., 1432, 62.09887250650477, 0, 0., 0, 0., 0, 0., 5, 0.2168256721595837, 0, 0., 0, 0., 565, 1875, 2440, 2306, 0.9450819672131148
, generated\gt\sample_000069.krn, generated\xml_oemer\sample_000069.xml, 0, 0., 376, 22.22222222222222, 10, 0.5910165484633569, 24, 1.4184397163120568, 0, 0., 0, 0., 2, 0.1182033096926714, 0, 0., 0, 0., 0, 0., 1, 0.0591016548463357, 0, 0., 0, 0., 0, 0., 4, 0.2364066193853428, 0, 0., 0, 0., 0, 0., 0, 0., 0, 0., 0, 0., 0, 0., 3, 0.1773049645390071, 0, 0., 0, 0., 0, 0., 0, 0., 0, 0., 0, 0., 0, 0., 0, 0., 0, 0., 1267, 74.88179669030733, 0, 0., 0, 0., 0, 0., 5, 0.29550827423167847, 0, 0., 0, 0., 291, 1499, 1790, 1692, 0.9452513966480447
, generated\gt\sample_000381.krn, generated\xml_oemer\sample_000381.xml, 0, 0., 380, 21.288515406162464, 4, 0.22408963585434175, 13, 0.7282913165266106, 0, 0., 10, 0.5602240896358543, 2, 0.11204481792717087, 0, 0., 0, 0., 0, 0., 6, 0.33613445378151263, 1, 0.056022408963585436, 0, 0., 1, 0.056022408963585436, 2, 0.11204481792717087, 0, 0., 0, 0., 0, 0., 0, 0., 0, 0., 0, 0., 0, 0., 8, 0.4481792717086835, 0, 0., 0, 0., 0, 0., 0, 0., 0, 0., 0, 0., 0, 0., 0, 0., 0, 0., 1353, 75.7983193277311, 0, 0., 0, 0., 0, 0., 5, 0.2801120448179272, 0, 0., 0, 0., 314, 1574, 1888, 1785, 0.9454449152542372
, generated\gt\sample_000608.krn, generated\xml_oemer\sample_000608.xml, 0, 0., 477, 25.67276641550054, 0, 0., 24, 1.2917115177610334, 1, 0.05382131324004306, 0, 0., 2, 0.10764262648008611, 0, 0., 0, 0., 2, 0.10764262648008611, 0, 0., 0, 0., 0, 0., 0, 0., 4, 0.21528525296017223, 0, 0., 0, 0., 0, 0., 0, 0., 0, 0., 0, 0., 0, 0., 5, 0.2691065662002153, 0, 0., 0, 0., 0, 0., 0, 0., 0, 0., 0, 0., 0, 0., 0, 0., 0, 0., 1338, 72.01291711517761, 0, 0., 0, 0., 0, 0., 5, 0.2691065662002153, 0, 0., 0, 0., 327, 1638, 1965, 1858, 0.9455470737913486
, generated\gt\sample_000152.krn, generated\xml_oemer\sample_000152.xml, 0, 0., 483, 27.9837775202781, 2, 0.11587485515643106, 32, 1.853997682502897, 2, 0.11587485515643106, 0, 0., 0, 0., 0, 0., 0, 0., 0, 0., 2, 0.11587485515643106, 0, 0., 0, 0., 2, 0.11587485515643106, 4, 0.23174971031286212, 10, 0.5793742757821553, 0, 0., 0, 0., 0, 0., 0, 0., 0, 0., 0, 0., 0, 0., 0, 0., 0, 0., 0, 0., 0, 0., 0, 0., 0, 0., 0, 0., 0, 0., 0, 0., 1184, 68.59791425260718, 0, 0., 0, 0., 0, 0., 5, 0.28968713789107764, 0, 0., 0, 0., 348, 1477, 1825, 1726, 0.9457534246575342
, generated\gt\sample_000619.krn, generated\xml_oemer\sample_000619.xml, 0, 0., 422, 21.59672466734903, 4, 0.2047082906857728, 15, 0.7676560900716479, 3, 0.1535312180143296, 0, 0., 0, 0., 0, 0., 0, 0., 0, 0., 2, 0.1023541453428864, 0, 0., 0, 0., 1, 0.0511770726714432, 4, 0.2047082906857728, 6, 0.3070624360286592, 0, 0., 0, 0., 0, 0., 0, 0., 0, 0., 0, 0., 5, 0.25588536335721596, 0, 0., 0, 0., 0, 0., 0, 0., 0, 0., 0, 0., 0, 0., 0, 0., 0, 0., 1487, 76.10030706243603, 0, 0., 0, 0., 0, 0., 5, 0.25588536335721596, 0, 0., 0, 0., 267, 1799, 2066, 1954, 0.9457889641819942
, generated\gt\sample_000085.krn, generated\xml_oemer\sample_000085.xml, 0, 0., 488, 19.288537549407113, 0, 0., 37, 1.4624505928853755, 5, 0.1976284584980237, 0, 0., 5, 0.1976284584980237, 0, 0., 0, 0., 0, 0., 0, 0., 0, 0., 0, 0., 1, 0.039525691699604744, 4, 0.15810276679841898, 3, 0.11857707509881422, 0, 0., 0, 0., 0, 0., 0, 0., 0, 0., 0, 0., 3, 0.11857707509881422, 0, 0., 0, 0., 0, 0., 0, 0., 0, 0., 0, 0., 0, 0., 0, 0., 0, 0., 1979, 78.22134387351778, 0, 0., 0, 0., 0, 0., 5, 0.1976284584980237, 0, 0., 0, 0., 344, 2331, 2675, 2530, 0.9457943925233645
, generated\gt\sample_000095.krn, generated\xml_oemer\sample_000095.xml, 0, 0., 439, 32.61515601783061, 0, 0., 14, 1.0401188707280833, 1, 0.07429420505200594, 0, 0., 0, 0., 0, 0., 0, 0., 2, 0.1485884101040119, 1, 0.07429420505200594, 0, 0., 0, 0., 1, 0.07429420505200594, 2, 0.1485884101040119, 2, 0.1485884101040119, 0, 0., 0, 0., 0, 0., 0, 0., 0, 0., 0, 0., 6, 0.4457652303120357, 0, 0., 0, 0., 0, 0., 0, 0., 0, 0., 0, 0., 0, 0., 0, 0., 0, 0., 873, 64.85884101040119, 0, 0., 0, 0., 0, 0., 5, 0.37147102526002973, 0, 0., 0, 0., 263, 1160, 1423, 1346, 0.9458889669711876
, generated\gt\sample_000526.krn, generated\xml_oemer\sample_000526.xml, 0, 0., 544, 22.386831275720166, 2, 0.0823045267489712, 25, 1.02880658436214, 1, 0.0411522633744856, 14, 0.5761316872427984, 0, 0., 0, 0., 0, 0., 1, 0.0411522633744856, 0, 0., 0, 0., 0, 0., 0, 0., 4, 0.1646090534979424, 0, 0., 0, 0., 0, 0., 0, 0., 0, 0., 0, 0., 0, 0., 4, 0.1646090534979424, 0, 0., 0, 0., 0, 0., 0, 0., 0, 0., 0, 0., 0, 0., 0, 0., 0, 0., 1830, 75.30864197530865, 0, 0., 0, 0., 0, 0., 5, 0.205761316872428, 0, 0., 0, 0., 427, 2142, 2569, 2430, 0.9458933437135072
, generated\gt\sample_000497.krn, generated\xml_oemer\sample_000497.xml, 0, 0., 193, 9.221213569039657, 2, 0.09555661729574773, 13, 0.6211180124223602, 1, 0.047778308647873864, 0, 0., 1, 0.047778308647873864, 0, 0., 0, 0., 0, 0., 0, 0., 1, 0.047778308647873864, 0, 0., 0, 0., 2, 0.09555661729574773, 0, 0., 0, 0., 0, 0., 0, 0., 0, 0., 0, 0., 0, 0., 5, 0.23889154323936931, 0, 0., 0, 0., 0, 0., 0, 0., 0, 0., 0, 0., 0, 0., 0, 0., 0, 0., 1875, 89.5843287147635, 0, 0., 0, 0., 0, 0., 0, 0., 0, 0., 0, 0., 162, 2050, 2212, 2093, 0.9462025316455697
, generated\gt\sample_000587.krn, generated\xml_oemer\sample_000587.xml, 0, 0., 610, 31.754294638209267, 4, 0.20822488287350338, 16, 0.8328995314940135, 1, 0.052056220718375845, 20, 1.041124414367517, 1, 0.052056220718375845, 0, 0., 0, 0., 4, 0.20822488287350338, 0, 0., 0, 0., 0, 0., 0, 0., 4, 0.20822488287350338, 0, 0., 0, 0., 0, 0., 0, 0., 0, 0., 0, 0., 0, 0., 0, 0., 0, 0., 0, 0., 0, 0., 0, 0., 0, 0., 0, 0., 0, 0., 0, 0., 0, 0., 1256, 65.38261322228006, 0, 0., 0, 0., 0, 0., 5, 0.2602811035918792, 0, 0., 0, 0., 484, 1546, 2030, 1921, 0.9463054187192118
, generated\gt\sample_000149.krn, generated\xml_oemer\sample_000149.xml, 0, 0., 291, 18.108276291225888, 2, 0.12445550715619166, 14, 0.8711885500933416, 4, 0.24891101431238333, 0, 0., 1, 0.06222775357809583, 0, 0., 0, 0., 0, 0., 0, 0., 0, 0., 0, 0., 1, 0.06222775357809583, 4, 0.24891101431238333, 5, 0.3111387678904792, 0, 0., 0, 0., 0, 0., 0, 0., 0, 0., 0, 0., 4, 0.24891101431238333, 0, 0., 0, 0., 0, 0., 0, 0., 0, 0., 0, 0., 0, 0., 0, 0., 0, 0., 1276, 79.40261356565028, 0, 0., 0, 0., 0, 0., 5, 0.3111387678904792, 0, 0., 0, 0., 278, 1420, 1698, 1607, 0.9464075382803298
, generated\gt\sample_000618.krn, generated\xml_oemer\sample_000618.xml, 0, 0., 329, 24.17340191036003, 12, 0.881704628949302, 10, 0.7347538574577517, 0, 0., 14, 1.0286554004408524, 5, 0.36737692872887584, 0, 0., 0, 0., 0, 0., 2, 0.14695077149155034, 0, 0., 0, 0., 2, 0.14695077149155034, 4, 0.29390154298310067, 4, 0.29390154298310067, 0, 0., 0, 0., 0, 0., 0, 0., 0, 0., 0, 0., 6, 0.440852314474651, 0, 0., 0, 0., 0, 0., 0, 0., 0, 0., 0, 0., 0, 0., 0, 0., 0, 0., 968, 71.12417340191035, 0, 0., 0, 0., 0, 0., 5, 0.36737692872887584, 0, 0., 0, 0., 322, 1116, 1438, 1361, 0.9464534075104312
, generated\gt\sample_000257.krn, generated\xml_oemer\sample_000257.xml, 0, 0., 100, 6.97350069735007, 6, 0.41841004184100417, 10, 0.697350069735007, 0, 0., 0, 0., 0, 0., 0, 0., 0, 0., 0, 0., 0, 0., 0, 0., 0, 0., 0, 0., 1, 0.0697350069735007, 0, 0., 0, 0., 0, 0., 0, 0., 0, 0., 0, 0., 0, 0., 5, 0.3486750348675035, 0, 0., 0, 0., 0, 0., 0, 0., 0, 0., 0, 0., 0, 0., 0, 0., 0, 0., 1312, 91.49232914923292, 0, 0., 0, 0., 0, 0., 0, 0., 0, 0., 0, 0., 88, 1427, 1515, 1434, 0.9465346534653465
, generated\gt\sample_000440.krn, generated\xml_oemer\sample_000440.xml, 0, 0., 432, 17.807089859851608, 2, 0.08244023083264633, 19, 0.7831821929101401, 0, 0., 0, 0., 5, 0.20610057708161583, 0, 0., 0, 0., 1, 0.041220115416323165, 0, 0., 0, 0., 0, 0., 4, 0.16488046166529266, 2, 0.08244023083264633, 6, 0.247320692497939, 0, 0., 4, 0.16488046166529266, 0, 0., 0, 0., 0, 0., 0, 0., 13, 0.5358615004122012, 0, 0., 0, 0., 0, 0., 0, 0., 0, 0., 0, 0., 0, 0., 0, 0., 0, 0., 1933, 79.67848309975268, 0, 0., 0, 0., 0, 0., 5, 0.20610057708161583, 0, 0., 0, 0., 300, 2262, 2562, 2426, 0.9469164715066355
, generated\gt\sample_000413.krn, generated\xml_oemer\sample_000413.xml, 0, 0., 295, 20.471894517696043, 4, 0.2775850104094379, 13, 0.9021512838306731, 1, 0.06939625260235947, 2, 0.13879250520471895, 1, 0.06939625260235947, 0, 0., 0, 0., 2, 0.13879250520471895, 10, 0.6939625260235948, 0, 0., 0, 0., 1, 0.06939625260235947, 4, 0.2775850104094379, 6, 0.4163775156141568, 0, 0., 0, 0., 0, 0., 0, 0., 0, 0., 0, 0., 0, 0., 0, 0., 0, 0., 0, 0., 0, 0., 0, 0., 0, 0., 0, 0., 0, 0., 0, 0., 1097, 76.12768910478835, 0, 0., 0, 0., 0, 0., 5, 0.3469812630117974, 0, 0., 0, 0., 243, 1278, 1521, 1441, 0.9474030243261012
, generated\gt\sample_000491.krn, generated\xml_oemer\sample_000491.xml, 0, 0., 608, 28.897338403041825, 0, 0., 20, 0.9505703422053232, 4, 0.19011406844106463, 12, 0.5703422053231939, 0, 0., 0, 0., 0, 0., 0, 0., 5, 0.2376425855513308, 0, 0., 0, 0., 2, 0.09505703422053231, 4, 0.19011406844106463, 0, 0., 0, 0., 0, 0., 0, 0., 0, 0., 0, 0., 0, 0., 0, 0., 0, 0., 0, 0., 0, 0., 0, 0., 0, 0., 0, 0., 0, 0., 0, 0., 0, 0., 1444, 68.63117870722434, 0, 0., 0, 0., 0, 0., 5, 0.2376425855513308, 0, 0., 0, 0., 446, 1774, 2220, 2104, 0.9477477477477477
, generated\gt\sample_000439.krn, generated\xml_oemer\sample_000439.xml, 0, 0., 601, 32.15623327982878, 2, 0.10700909577314072, 18, 0.9630818619582665, 1, 0.05350454788657036, 0, 0., 2, 0.10700909577314072, 0, 0., 0, 0., 2, 0.10700909577314072, 1, 0.05350454788657036, 0, 0., 0, 0., 3, 0.16051364365971107, 2, 0.10700909577314072, 3, 0.16051364365971107, 0, 0., 0, 0., 0, 0., 0, 0., 0, 0., 0, 0., 9, 0.48154093097913325, 0, 0., 0, 0., 0, 0., 0, 0., 0, 0., 0, 0., 0, 0., 0, 0., 0, 0., 1220, 65.27554842161584, 0, 0., 0, 0., 0, 0., 5, 0.2675227394328518, 0, 0., 0, 0., 276, 1696, 1972, 1869, 0.9477687626774848
, generated\gt\sample_000159.krn, generated\xml_oemer\sample_000159.xml, 0, 0., 235, 23.955147808358817, 4, 0.4077471967380224, 5, 0.509683995922528, 3, 0.3058103975535168, 2, 0.2038735983690112, 2, 0.2038735983690112, 0, 0., 0, 0., 0, 0., 2, 0.2038735983690112, 1, 0.1019367991845056, 0, 0., 7, 0.7135575942915392, 2, 0.2038735983690112, 1, 0.1019367991845056, 0, 0., 0, 0., 0, 0., 0, 0., 0, 0., 0, 0., 7, 0.7135575942915392, 0, 0., 0, 0., 0, 0., 0, 0., 0, 0., 0, 0., 0, 0., 0, 0., 0, 0., 705, 71.86544342507645, 0, 0., 0, 0., 0, 0., 5, 0.509683995922528, 0, 0., 0, 0., 168, 867, 1035, 981, 0.9478260869565217
, generated\gt\sample_000305.krn, generated\xml_oemer\sample_000305.xml, 0, 0., 536, 28.480340063761954, 4, 0.21253985122210414, 12, 0.6376195536663124, 3, 0.1594048884165781, 0, 0., 0, 0., 0, 0., 0, 0., 0, 0., 2, 0.10626992561105207, 0, 0., 0, 0., 3, 0.1594048884165781, 4, 0.21253985122210414, 5, 0.26567481402763016, 0, 0., 0, 0., 0, 0., 0, 0., 0, 0., 0, 0., 2, 0.10626992561105207, 0, 0., 0, 0., 0, 0., 0, 0., 0, 0., 0, 0., 0, 0., 0, 0., 0, 0., 1306, 69.394261424017, 0, 0., 0, 0., 0, 0., 5, 0.26567481402763016, 0, 0., 0, 0., 301, 1684, 1985, 1882, 0.9481108312342569
, generated\gt\sample_000274.krn, generated\xml_oemer\sample_000274.xml, 0, 0., 535, 25.023386342376053, 2, 0.09354536950420954, 38, 1.7773620205799814, 0, 0., 2, 0.09354536950420954, 0, 0., 0, 0., 0, 0., 0, 0., 0, 0., 0, 0., 0, 0., 3, 0.1403180542563143, 4, 0.18709073900841908, 0, 0., 0, 0., 0, 0., 0, 0., 0, 0., 0, 0., 0, 0., 7, 0.3274087932647334, 0, 0., 0, 0., 0, 0., 0, 0., 0, 0., 0, 0., 0, 0., 0, 0., 0, 0., 1542, 72.12347988774556, 0, 0., 0, 0., 0, 0., 5, 0.23386342376052385, 0, 0., 0, 0., 355, 1900, 2255, 2138, 0.9481152993348115
, generated\gt\sample_000494.krn, generated\xml_oemer\sample_000494.xml, 0, 0., 372, 21.318051575931232, 6, 0.3438395415472779, 9, 0.5157593123209169, 1, 0.05730659025787966, 0, 0., 0, 0., 0, 0., 0, 0., 1, 0.05730659025787966, 1, 0.05730659025787966, 0, 0., 0, 0., 0, 0., 4, 0.22922636103151864, 2, 0.11461318051575932, 0, 0., 0, 0., 0, 0., 0, 0., 0, 0., 0, 0., 1, 0.05730659025787966, 0, 0., 0, 0., 0, 0., 0, 0., 0, 0., 0, 0., 0, 0., 0, 0., 0, 0., 1343, 76.96275071633238, 0, 0., 0, 0., 0, 0., 5, 0.28653295128939826, 0, 0., 0, 0., 263, 1577, 1840, 1745, 0.9483695652173914
, generated\gt\sample_000285.krn, generated\xml_oemer\sample_000285.xml, 0, 0., 55, 3.6112934996717008, 4, 0.262639527248851, 11, 0.7222586999343401, 0, 0., 0, 0., 0, 0., 0, 0., 0, 0., 0, 0., 0, 0., 0, 0., 0, 0., 6, 0.3939592908732764, 1, 0.06565988181221274, 0, 0., 0, 0., 0, 0., 0, 0., 0, 0., 0, 0., 0, 0., 1, 0.06565988181221274, 0, 0., 0, 0., 0, 0., 0, 0., 0, 0., 0, 0., 0, 0., 0, 0., 0, 0., 1445, 94.8785292186474, 0, 0., 0, 0., 0, 0., 0, 0., 0, 0., 0, 0., 79, 1526, 1605, 1523, 0.9489096573208723
, generated\gt\sample_000194.krn, generated\xml_oemer\sample_000194.xml, 0, 0., 135, 38.243626062322946, 8, 2.26628895184136, 3, 0.8498583569405099, 0, 0., 0, 0., 0, 0., 0, 0., 0, 0., 0, 0., 0, 0., 0, 0., 0, 0., 2, 0.56657223796034, 2, 0.56657223796034, 0, 0., 0, 0., 0, 0., 0, 0., 0, 0., 0, 0., 0, 0., 2, 0.56657223796034, 0, 0., 0, 0., 0, 0., 0, 0., 0, 0., 0, 0., 0, 0., 0, 0., 0, 0., 201, 56.94050991501416, 0, 0., 0, 0., 0, 0., 0, 0., 0, 0., 0, 0., 84, 288, 372, 353, 0.9489247311827957
, generated\gt\sample_000316.krn, generated\xml_oemer\sample_000316.xml, 0, 0., 104, 29.46175637393768, 2, 0.56657223796034, 2, 0.56657223796034, 2, 0.56657223796034, 0, 0., 0, 0., 0, 0., 0, 0., 0, 0., 0, 0., 0, 0., 0, 0., 1, 0.28328611898017, 2, 0.56657223796034, 3, 0.8498583569405099, 0, 0., 0, 0., 0, 0., 0, 0., 0, 0., 0, 0., 2, 0.56657223796034, 0, 0., 0, 0., 0, 0., 0, 0., 0, 0., 0, 0., 0, 0., 0, 0., 0, 0., 165, 46.742209631728045, 64, 18.13031161473088, 0, 0., 1, 0.28328611898017, 5, 1.4164305949008498, 0, 0., 0, 0., 211, 161, 372, 353, 0.9489247311827957
, generated\gt\sample_000237.krn, generated\xml_oemer\sample_000237.xml, 0, 0., 276, 20.3240058910162, 8, 0.5891016200294551, 3, 0.22091310751104565, 2, 0.14727540500736377, 0, 0., 1, 0.07363770250368189, 0, 0., 0, 0., 0, 0., 0, 0., 0, 0., 0, 0., 4, 0.29455081001472755, 4, 0.29455081001472755, 8, 0.5891016200294551, 0, 0., 0, 0., 0, 0., 0, 0., 0, 0., 0, 0., 5, 0.36818851251840945, 0, 0., 0, 0., 0, 0., 0, 0., 0, 0., 0, 0., 0, 0., 0, 0., 0, 0., 1042, 76.73048600883652, 0, 0., 0, 0., 0, 0., 5, 0.36818851251840945, 0, 0., 0, 0., 242, 1189, 1431, 1358, 0.9489867225716282
, generated\gt\sample_000244.krn, generated\xml_oemer\sample_000244.xml, 0, 0., 396, 26.225165562913908, 6, 0.3973509933774834, 8, 0.5298013245033113, 2, 0.13245033112582782, 8, 0.5298013245033113, 2, 0.13245033112582782, 0, 0., 0, 0., 1, 0.06622516556291391, 3, 0.1986754966887417, 0, 0., 0, 0., 0, 0., 4, 0.26490066225165565, 4, 0.26490066225165565, 0, 0., 0, 0., 0, 0., 0, 0., 0, 0., 0, 0., 6, 0.3973509933774834, 0, 0., 0, 0., 0, 0., 0, 0., 0, 0., 0, 0., 0, 0., 0, 0., 0, 0., 1065, 70.52980132450331, 0, 0., 0, 0., 0, 0., 5, 0.33112582781456956, 0, 0., 0, 0., 344, 1245, 1589, 1510, 0.9502831969792322
, generated\gt\sample_000128.krn, generated\xml_oemer\sample_000128.xml, 0, 0., 597, 48.854337152209496, 2, 0.16366612111292964, 15, 1.227495908346972, 1, 0.08183306055646482, 0, 0., 0, 0., 0, 0., 0, 0., 0, 0., 0, 0., 0, 0., 0, 0., 2, 0.16366612111292964, 8, 0.6546644844517185, 2, 0.16366612111292964, 0, 0., 2, 0.16366612111292964, 0, 0., 0, 0., 0, 0., 0, 0., 0, 0., 0, 0., 0, 0., 0, 0., 0, 0., 0, 0., 0, 0., 0, 0., 0, 0., 0, 0., 461, 37.725040916530276, 126, 10.310965630114566, 0, 0., 1, 0.08183306055646482, 5, 0.40916530278232405, 0, 0., 0, 0., 464, 821, 1285, 1222, 0.9509727626459143
, generated\gt\sample_000129.krn, generated\xml_oemer\sample_000129.xml, 0, 0., 121, 5.882352941176471, 0, 0., 14, 0.6806028196402528, 0, 0., 0, 0., 0, 0., 0, 0., 0, 0., 0, 0., 0, 0., 0, 0., 0, 0., 0, 0., 1, 0.04861448711716091, 0, 0., 0, 0., 0, 0., 0, 0., 0, 0., 0, 0., 0, 0., 8, 0.3889158969372873, 0, 0., 0, 0., 0, 0., 0, 0., 0, 0., 0, 0., 0, 0., 0, 0., 0, 0., 1913, 92.99951385512882, 0, 0., 0, 0., 0, 0., 0, 0., 0, 0., 0, 0., 143, 2020, 2163, 2057, 0.9509939898289412
, generated\gt\sample_000471.krn, generated\xml_oemer\sample_000471.xml, 0, 0., 315, 31.18811881188119, 0, 0., 11, 1.0891089108910892, 1, 0.09900990099009901, 0, 0., 1, 0.09900990099009901, 0, 0., 0, 0., 0, 0., 1, 0.09900990099009901, 0, 0., 0, 0., 2, 0.19801980198019803, 4, 0.39603960396039606, 4, 0.39603960396039606, 0, 0., 0, 0., 0, 0., 0, 0., 0, 0., 0, 0., 1, 0.09900990099009901, 0, 0., 0, 0., 0, 0., 0, 0., 0, 0., 0, 0., 0, 0., 0, 0., 0, 0., 665, 65.84158415841584, 0, 0., 0, 0., 0, 0., 5, 0.49504950495049505, 0, 0., 0, 0., 245, 817, 1062, 1010, 0.9510357815442562
, generated\gt\sample_000207.krn, generated\xml_oemer\sample_000207.xml, 0, 0., 178, 50.857142857142854, 6, 1.7142857142857142, 3, 0.8571428571428571, 0, 0., 0, 0., 0, 0., 0, 0., 0, 0., 0, 0., 0, 0., 0, 0., 0, 0., 3, 0.8571428571428571, 2, 0.5714285714285714, 2, 0.5714285714285714, 0, 0., 2, 0.5714285714285714, 0, 0., 0, 0., 0, 0., 0, 0., 0, 0., 0, 0., 0, 0., 0, 0., 0, 0., 0, 0., 0, 0., 0, 0., 0, 0., 0, 0., 154, 44.0, 0, 0., 0, 0., 0, 0., 0, 0., 0, 0., 0, 0., 48, 320, 368, 350, 0.9510869565217391
, generated\gt\sample_000343.krn, generated\xml_oemer\sample_000343.xml, 0, 0., 313, 19.62382445141066, 4, 0.2507836990595611, 11, 0.6896551724137931, 0, 0., 2, 0.12539184952978055, 3, 0.18808777429467086, 0, 0., 0, 0., 0, 0., 0, 0., 0, 0., 0, 0., 5, 0.31347962382445144, 4, 0.2507836990595611, 0, 0., 0, 0., 0, 0., 0, 0., 0, 0., 0, 0., 0, 0., 3, 0.18808777429467086, 0, 0., 0, 0., 0, 0., 0, 0., 0, 0., 0, 0., 0, 0., 0, 0., 0, 0., 1245, 78.0564263322884, 0, 0., 0, 0., 0, 0., 5, 0.31347962382445144, 0, 0., 0, 0., 241, 1436, 1677, 1595, 0.951103160405486
, generated\gt\sample_000360.krn, generated\xml_oemer\sample_000360.xml, 0, 0., 454, 18.660090423345665, 4, 0.16440608302507193, 42, 1.7262638717632552, 0, 0., 0, 0., 3, 0.12330456226880394, 0, 0., 0, 0., 0, 0., 0, 0., 0, 0., 0, 0., 1, 0.04110152075626798, 4, 0.16440608302507193, 0, 0., 0, 0., 0, 0., 0, 0., 0, 0., 0, 0., 0, 0., 2, 0.08220304151253596, 0, 0., 0, 0., 0, 0., 0, 0., 0, 0., 0, 0., 0, 0., 0, 0., 0, 0., 1918, 78.83271681052199, 0, 0., 0, 0., 0, 0., 5, 0.20550760378133992, 0, 0., 0, 0., 316, 2242, 2558, 2433, 0.9511336982017201
, generated\gt\sample_000425.krn, generated\xml_oemer\sample_000425.xml, 0, 0., 553, 25.28577960676726, 4, 0.18289894833104708, 32, 1.4631915866483767, 0, 0., 0, 0., 0, 0., 0, 0., 0, 0., 1, 0.04572473708276177, 0, 0., 0, 0., 0, 0., 0, 0., 4, 0.18289894833104708, 0, 0., 0, 0., 0, 0., 0, 0., 0, 0., 0, 0., 0, 0., 1, 0.04572473708276177, 0, 0., 0, 0., 0, 0., 0, 0., 0, 0., 0, 0., 0, 0., 0, 0., 0, 0., 1587, 72.56515775034293, 0, 0., 0, 0., 0, 0., 5, 0.22862368541380887, 0, 0., 0, 0., 291, 2008, 2299, 2187, 0.9512831665941713
, generated\gt\sample_000598.krn, generated\xml_oemer\sample_000598.xml, 0, 0., 585, 31.914893617021278, 2, 0.10911074740861974, 29, 1.5821058374249863, 2, 0.10911074740861974, 0, 0., 2, 0.10911074740861974, 0, 0., 0, 0., 0, 0., 0, 0., 0, 0., 0, 0., 3, 0.16366612111292964, 4, 0.2182214948172395, 4, 0.2182214948172395, 0, 0., 0, 0., 0, 0., 0, 0., 0, 0., 0, 0., 1, 0.05455537370430987, 0, 0., 0, 0., 0, 0., 0, 0., 0, 0., 0, 0., 0, 0., 0, 0., 0, 0., 1196, 65.2482269503546, 0, 0., 0, 0., 0, 0., 5, 0.27277686852154936, 0, 0., 0, 0., 420, 1506, 1926, 1833, 0.9517133956386293
, generated\gt\sample_000245.krn, generated\xml_oemer\sample_000245.xml, 0, 0., 407, 29.79502196193265, 6, 0.43923865300146414, 5, 0.36603221083455345, 0, 0., 10, 0.7320644216691069, 4, 0.29282576866764276, 0, 0., 0, 0., 0, 0., 2, 0.14641288433382138, 0, 0., 0, 0., 0, 0., 4, 0.29282576866764276, 9, 0.6588579795021962, 0, 0., 0, 0., 0, 0., 0, 0., 0, 0., 0, 0., 0, 0., 0, 0., 0, 0., 0, 0., 0, 0., 0, 0., 0, 0., 0, 0., 0, 0., 0, 0., 914, 66.91068814055637, 0, 0., 0, 0., 0, 0., 5, 0.36603221083455345, 0, 0., 0, 0., 304, 1131, 1435, 1366, 0.9519163763066202
, generated\gt\sample_000556.krn, generated\xml_oemer\sample_000556.xml, 0, 0., 315, 15.586343394359227, 4, 0.1979218208807521, 24, 1.1875309252845125, 1, 0.04948045522018803, 0, 0., 1, 0.04948045522018803, 0, 0., 0, 0., 0, 0., 1, 0.04948045522018803, 1, 0.04948045522018803, 0, 0., 0, 0., 2, 0.09896091044037605, 4, 0.1979218208807521, 0, 0., 0, 0., 0, 0., 0, 0., 0, 0., 0, 0., 5, 0.24740227610094012, 0, 0., 0, 0., 0, 0., 0, 0., 0, 0., 0, 0., 0, 0., 0, 0., 0, 0., 1663, 82.28599703117268, 0, 0., 0, 0., 0, 0., 0, 0., 0, 0., 0, 0., 176, 1947, 2123, 2021, 0.951954780970325
, generated\gt\sample_000271.krn, generated\xml_oemer\sample_000271.xml, 0, 0., 377, 31.70731707317073, 2, 0.16820857863751051, 1, 0.08410428931875526, 1, 0.08410428931875526, 0, 0., 0, 0., 0, 0., 0, 0., 0, 0., 0, 0., 0, 0., 0, 0., 2, 0.16820857863751051, 4, 0.33641715727502103, 6, 0.5046257359125316, 0, 0., 4, 0.33641715727502103, 0, 0., 0, 0., 0, 0., 0, 0., 4, 0.33641715727502103, 0, 0., 0, 0., 0, 0., 0, 0., 0, 0., 0, 0., 0, 0., 0, 0., 0, 0., 783, 65.85365853658537, 0, 0., 0, 0., 0, 0., 5, 0.42052144659377627, 0, 0., 0, 0., 324, 925, 1249, 1189, 0.9519615692554043
, generated\gt\sample_000457.krn, generated\xml_oemer\sample_000457.xml, 0, 0., 480, 23.96405391912132, 4, 0.19970044932601097, 28, 1.397903145282077, 1, 0.04992511233150274, 0, 0., 5, 0.24962556165751373, 0, 0., 0, 0., 0, 0., 3, 0.14977533699450823, 0, 0., 0, 0., 3, 0.14977533699450823, 4, 0.19970044932601097, 7, 0.34947578632051923, 0, 0., 0, 0., 9, 0.4493260109835247, 0, 0., 0, 0., 0, 0., 14, 0.6989515726410385, 0, 0., 0, 0., 0, 0., 0, 0., 0, 0., 0, 0., 0, 0., 0, 0., 0, 0., 1440, 71.89216175736395, 0, 0., 0, 0., 0, 0., 5, 0.24962556165751373, 0, 0., 0, 0., 393, 1711, 2104, 2003, 0.9519961977186312
, generated\gt\sample_000058.krn, generated\xml_oemer\sample_000058.xml, 0, 0., 150, 13.979496738117428, 10, 0.9319664492078286, 2, 0.1863932898415657, 0, 0., 0, 0., 1, 0.09319664492078285, 0, 0., 0, 0., 0, 0., 0, 0., 0, 0., 0, 0., 1, 0.09319664492078285, 4, 0.3727865796831314, 2, 0.1863932898415657, 0, 0., 0, 0., 0, 0., 0, 0., 0, 0., 0, 0., 1, 0.09319664492078285, 0, 0., 0, 0., 4, 0.3727865796831314, 0, 0., 0, 0., 0, 0., 0, 0., 0, 0., 0, 0., 893, 83.22460391425909, 0, 0., 0, 0., 0, 0., 5, 0.4659832246039143, 0, 0., 0, 0., 101, 1026, 1127, 1073, 0.9520851818988465
, generated\gt\sample_000324.krn, generated\xml_oemer\sample_000324.xml, 0, 0., 501, 26.96447793326157, 6, 0.32292787944025836, 20, 1.0764262648008611, 0, 0., 0, 0., 1, 0.05382131324004306, 0, 0., 0, 0., 0, 0., 0, 0., 0, 0., 0, 0., 1, 0.05382131324004306, 4, 0.21528525296017223, 0, 0., 0, 0., 0, 0., 0, 0., 0, 0., 0, 0., 0, 0., 6, 0.32292787944025836, 0, 0., 0, 0., 0, 0., 0, 0., 0, 0., 0, 0., 0, 0., 0, 0., 0, 0., 1314, 70.72120559741657, 0, 0., 0, 0., 0, 0., 5, 0.2691065662002153, 0, 0., 0, 0., 308, 1642, 1950, 1858, 0.9528205128205128
, generated\gt\sample_000590.krn, generated\xml_oemer\sample_000590.xml, 0, 0., 552, 29.022082018927446, 8, 0.4206098843322818, 9, 0.47318611987381703, 1, 0.052576235541535225, 12, 0.6309148264984227, 1, 0.052576235541535225, 0, 0., 0, 0., 0, 0., 1, 0.052576235541535225, 0, 0., 0, 0., 2, 0.10515247108307045, 4, 0.2103049421661409, 0, 0., 0, 0., 0, 0., 0, 0., 0, 0., 0, 0., 0, 0., 2, 0.10515247108307045, 0, 0., 0, 0., 0, 0., 0, 0., 0, 0., 0, 0., 0, 0., 0, 0., 0, 0., 1305, 68.61198738170347, 0, 0., 0, 0., 0, 0., 5, 0.2628811777076761, 0, 0., 0, 0., 375, 1621, 1996, 1902, 0.9529058116232465
, generated\gt\sample_000364.krn, generated\xml_oemer\sample_000364.xml, 0, 0., 242, 25.42016806722689, 6, 0.6302521008403361, 15, 1.5756302521008403, 1, 0.10504201680672269, 0, 0., 1, 0.10504201680672269, 0, 0., 0, 0., 0, 0., 0, 0., 0, 0., 0, 0., 0, 0., 1, 0.10504201680672269, 0, 0., 0, 0., 2, 0.21008403361344538, 0, 0., 0, 0., 0, 0., 0, 0., 4, 0.42016806722689076, 0, 0., 0, 0., 0, 0., 0, 0., 0, 0., 0, 0., 0, 0., 0, 0., 0, 0., 680, 71.42857142857143, 0, 0., 0, 0., 0, 0., 0, 0., 0, 0., 0, 0., 143, 856, 999, 952, 0.9529529529529529
, generated\gt\sample_000335.krn, generated\xml_oemer\sample_000335.xml, 0, 0., 423, 18.431372549019606, 2, 0.08714596949891068, 29, 1.263616557734205, 2, 0.08714596949891068, 0, 0., 0, 0., 0, 0., 0, 0., 1, 0.04357298474945534, 11, 0.4793028322440087, 1, 0.04357298474945534, 0, 0., 1, 0.04357298474945534, 4, 0.17429193899782136, 0, 0., 0, 0., 0, 0., 0, 0., 0, 0., 0, 0., 0, 0., 3, 0.13071895424836602, 0, 0., 0, 0., 0, 0., 0, 0., 0, 0., 0, 0., 0, 0., 0, 0., 0, 0., 1813, 78.99782135076252, 0, 0., 0, 0., 0, 0., 5, 0.2178649237472767, 0, 0., 0, 0., 330, 2078, 2408, 2295, 0.9530730897009967
, generated\gt\sample_000575.krn, generated\xml_oemer\sample_000575.xml, 0, 0., 332, 24.02315484804631, 2, 0.1447178002894356, 21, 1.5195369030390737, 0, 0., 0, 0., 1, 0.0723589001447178, 0, 0., 0, 0., 0, 0., 6, 0.4341534008683068, 0, 0., 0, 0., 1, 0.0723589001447178, 1, 0.0723589001447178, 11, 0.7959479015918958, 0, 0., 0, 0., 0, 0., 0, 0., 0, 0., 0, 0., 10, 0.723589001447178, 0, 0., 0, 0., 0, 0., 0, 0., 0, 0., 0, 0., 0, 0., 0, 0., 0, 0., 997, 72.14182344428365, 0, 0., 0, 0., 0, 0., 0, 0., 0, 0., 0, 0., 158, 1292, 1450, 1382, 0.953103448275862
, generated\gt\sample_000678.krn, generated\xml_oemer\sample_000678.xml, 0, 0., 233, 13.11936936936937, 4, 0.22522522522522523, 6, 0.33783783783783783, 2, 0.11261261261261261, 0, 0., 1, 0.05630630630630631, 0, 0., 0, 0., 1, 0.05630630630630631, 0, 0., 0, 0., 0, 0., 2, 0.11261261261261261, 2, 0.11261261261261261, 1, 0.05630630630630631, 0, 0., 0, 0., 0, 0., 0, 0., 0, 0., 0, 0., 7, 0.39414414414414417, 0, 0., 0, 0., 0, 0., 0, 0., 0, 0., 0, 0., 0, 0., 0, 0., 0, 0., 1517, 85.41666666666667, 0, 0., 0, 0., 0, 0., 0, 0., 0, 0., 0, 0., 147, 1716, 1863, 1776, 0.9533011272141707
, generated\gt\sample_000227.krn, generated\xml_oemer\sample_000227.xml, 0, 0., 429, 29.343365253077977, 0, 0., 15, 1.0259917920656634, 2, 0.13679890560875513, 0, 0., 4, 0.27359781121751026, 0, 0., 0, 0., 0, 0., 0, 0., 0, 0., 0, 0., 2, 0.13679890560875513, 2, 0.13679890560875513, 1, 0.06839945280437756, 0, 0., 0, 0., 0, 0., 0, 0., 0, 0., 0, 0., 0, 0., 0, 0., 0, 0., 0, 0., 0, 0., 0, 0., 0, 0., 0, 0., 0, 0., 0, 0., 1002, 68.53625170998632, 0, 0., 0, 0., 0, 0., 5, 0.34199726402188785, 0, 0., 0, 0., 233, 1300, 1533, 1462, 0.9536855838225701
, generated\gt\sample_000451.krn, generated\xml_oemer\sample_000451.xml, 0, 0., 365, 27.25914861837192, 0, 0., 18, 1.344286781179985, 1, 0.07468259895444361, 0, 0., 3, 0.22404779686333084, 0, 0., 0, 0., 0, 0., 0, 0., 0, 0., 0, 0., 1, 0.07468259895444361, 4, 0.29873039581777444, 2, 0.14936519790888722, 0, 0., 0, 0., 0, 0., 0, 0., 0, 0., 0, 0., 0, 0., 0, 0., 0, 0., 0, 0., 0, 0., 0, 0., 0, 0., 0, 0., 0, 0., 0, 0., 940, 70.20164301717699, 0, 0., 0, 0., 0, 0., 5, 0.37341299477221807, 0, 0., 0, 0., 248, 1156, 1404, 1339, 0.9537037037037037
, generated\gt\sample_000675.krn, generated\xml_oemer\sample_000675.xml, 0, 0., 597, 27.347686669720566, 12, 0.5497022446174988, 23, 1.0535959688502061, 3, 0.1374255611543747, 4, 0.1832340815391663, 4, 0.1832340815391663, 0, 0., 0, 0., 1, 0.04580852038479157, 0, 0., 2, 0.09161704076958314, 0, 0., 1, 0.04580852038479157, 4, 0.1832340815391663, 0, 0., 0, 0., 0, 0., 0, 0., 0, 0., 0, 0., 0, 0., 13, 0.5955107650022904, 0, 0., 0, 0., 0, 0., 0, 0., 0, 0., 0, 0., 0, 0., 0, 0., 0, 0., 1514, 69.35409986257444, 0, 0., 0, 0., 0, 0., 5, 0.22904260192395787, 0, 0., 0, 0., 557, 1731, 2288, 2183, 0.9541083916083916
, generated\gt\sample_000252.krn, generated\xml_oemer\sample_000252.xml, 0, 0., 313, 18.061165608770917, 2, 0.1154068090017311, 19, 1.0963646855164455, 0, 0., 0, 0., 1, 0.05770340450086555, 0, 0., 0, 0., 0, 0., 2, 0.1154068090017311, 0, 0., 0, 0., 0, 0., 4, 0.2308136180034622, 0, 0., 0, 0., 0, 0., 0, 0., 0, 0., 0, 0., 0, 0., 6, 0.3462204270051933, 0, 0., 0, 0., 0, 0., 0, 0., 0, 0., 0, 0., 0, 0., 0, 0., 0, 0., 1381, 79.68840161569533, 0, 0., 0, 0., 0, 0., 5, 0.28851702250432776, 0, 0., 0, 0., 264, 1552, 1816, 1733, 0.954295154185022
, generated\gt\sample_000651.krn, generated\xml_oemer\sample_000651.xml, 0, 0., 457, 22.567901234567902, 6, 0.2962962962962963, 25, 1.2345679012345678, 1, 0.04938271604938271, 0, 0., 4, 0.19753086419753085, 0, 0., 0, 0., 1, 0.04938271604938271, 0, 0., 1, 0.04938271604938271, 0, 0., 0, 0., 4, 0.19753086419753085, 0, 0., 0, 0., 2, 0.09876543209876543, 0, 0., 0, 0., 0, 0., 0, 0., 2, 0.09876543209876543, 0, 0., 0, 0., 0, 0., 0, 0., 0, 0., 0, 0., 0, 0., 0, 0., 0, 0., 1517, 74.91358024691358, 0, 0., 0, 0., 0, 0., 5, 0.24691358024691357, 0, 0., 0, 0., 313, 1808, 2121, 2025, 0.9547383309759547
, generated\gt\sample_000409.krn, generated\xml_oemer\sample_000409.xml, 0, 0., 342, 23.717059639389735, 10, 0.6934812760055479, 7, 0.4854368932038835, 0, 0., 4, 0.27739251040221913, 3, 0.20804438280166435, 0, 0., 0, 0., 0, 0., 0, 0., 0, 0., 0, 0., 3, 0.20804438280166435, 4, 0.27739251040221913, 4, 0.27739251040221913, 0, 0., 0, 0., 0, 0., 0, 0., 0, 0., 0, 0., 0, 0., 0, 0., 0, 0., 0, 0., 0, 0., 0, 0., 0, 0., 0, 0., 0, 0., 0, 0., 1060, 73.50901525658807, 0, 0., 0, 0., 0, 0., 5, 0.34674063800277394, 0, 0., 0, 0., 312, 1198, 1510, 1442, 0.9549668874172186
, generated\gt\sample_000397.krn, generated\xml_oemer\sample_000397.xml, 0, 0., 258, 26.735751295336787, 2, 0.20725388601036268, 4, 0.41450777202072536, 1, 0.10362694300518134, 0, 0., 0, 0., 0, 0., 0, 0., 0, 0., 0, 0., 0, 0., 0, 0., 1, 0.10362694300518134, 2, 0.20725388601036268, 0, 0., 0, 0., 0, 0., 0, 0., 0, 0., 0, 0., 0, 0., 7, 0.7253886010362695, 0, 0., 0, 0., 0, 0., 0, 0., 0, 0., 0, 0., 0, 0., 0, 0., 0, 0., 685, 70.98445595854922, 0, 0., 0, 0., 0, 0., 5, 0.5181347150259067, 0, 0., 0, 0., 322, 688, 1010, 965, 0.9554455445544554
, generated\gt\sample_000195.krn, generated\xml_oemer\sample_000195.xml, 0, 0., 447, 37.88135593220339, 0, 0., 6, 0.5084745762711864, 0, 0., 0, 0., 0, 0., 0, 0., 0, 0., 0, 0., 0, 0., 0, 0., 0, 0., 2, 0.1694915254237288, 2, 0.1694915254237288, 2, 0.1694915254237288, 0, 0., 0, 0., 0, 0., 0, 0., 0, 0., 0, 0., 1, 0.0847457627118644, 0, 0., 0, 0., 0, 0., 0, 0., 0, 0., 0, 0., 0, 0., 0, 0., 0, 0., 657, 55.67796610169491, 57, 4.830508474576271, 0, 0., 1, 0.0847457627118644, 5, 0.423728813559322, 0, 0., 0, 0., 254, 981, 1235, 1180, 0.9554655870445344
, generated\gt\sample_000362.krn, generated\xml_oemer\sample_000362.xml, 0, 0., 560, 27.722772277227723, 6, 0.297029702970297, 19, 0.9405940594059405, 1, 0.04950495049504951, 0, 0., 0, 0., 0, 0., 0, 0., 0, 0., 0, 0., 0, 0., 0, 0., 2, 0.09900990099009901, 4, 0.19801980198019803, 2, 0.09900990099009901, 0, 0., 0, 0., 0, 0., 0, 0., 0, 0., 0, 0., 0, 0., 0, 0., 0, 0., 0, 0., 0, 0., 0, 0., 0, 0., 0, 0., 0, 0., 0, 0., 1311, 64.9009900990099, 109, 5.396039603960396, 0, 0., 1, 0.04950495049504951, 5, 0.24752475247524752, 0, 0., 0, 0., 344, 1770, 2114, 2020, 0.9555345316934721
, generated\gt\sample_000098.krn, generated\xml_oemer\sample_000098.xml, 0, 0., 381, 24.72420506164828, 8, 0.5191434133679429, 10, 0.6489292667099286, 0, 0., 18, 1.1680726800778716, 2, 0.12978585334198572, 0, 0., 0, 0., 0, 0., 0, 0., 0, 0., 0, 0., 0, 0., 4, 0.25957170668397145, 0, 0., 0, 0., 0, 0., 0, 0., 0, 0., 0, 0., 0, 0., 0, 0., 0, 0., 0, 0., 0, 0., 0, 0., 0, 0., 0, 0., 0, 0., 0, 0., 0, 0., 1113, 72.22582738481506, 0, 0., 0, 0., 0, 0., 5, 0.3244646333549643, 0, 0., 0, 0., 291, 1321, 1612, 1541, 0.955955334987593
, generated\gt\sample_000375.krn, generated\xml_oemer\sample_000375.xml, 0, 0., 248, 13.924761370016844, 2, 0.11229646266142616, 24, 1.347557551937114, 2, 0.11229646266142616, 0, 0., 0, 0., 0, 0., 0, 0., 0, 0., 0, 0., 0, 0., 0, 0., 1, 0.05614823133071308, 4, 0.22459292532285233, 2, 0.11229646266142616, 0, 0., 0, 0., 0, 0., 0, 0., 0, 0., 0, 0., 0, 0., 0, 0., 0, 0., 0, 0., 0, 0., 0, 0., 0, 0., 0, 0., 0, 0., 0, 0., 1493, 83.82930937675464, 0, 0., 0, 0., 0, 0., 5, 0.2807411566535654, 0, 0., 0, 0., 233, 1630, 1863, 1781, 0.9559849704777241
, generated\gt\sample_000559.krn, generated\xml_oemer\sample_000559.xml, 0, 0., 297, 16.028062601187266, 0, 0., 24, 1.2951969778737182, 0, 0., 0, 0., 2, 0.10793308148947653, 0, 0., 0, 0., 0, 0., 0, 0., 0, 0., 0, 0., 0, 0., 2, 0.10793308148947653, 0, 0., 0, 0., 0, 0., 0, 0., 0, 0., 0, 0., 0, 0., 10, 0.5396654074473827, 0, 0., 0, 0., 0, 0., 0, 0., 0, 0., 0, 0., 0, 0., 0, 0., 0, 0., 1518, 81.92120885051268, 0, 0., 0, 0., 0, 0., 0, 0., 0, 0., 0, 0., 218, 1720, 1938, 1853, 0.956140350877193
, generated\gt\sample_000254.krn, generated\xml_oemer\sample_000254.xml, 0, 0., 220, 15.988372093023257, 2, 0.14534883720930233, 18, 1.308139534883721, 1, 0.07267441860465117, 0, 0., 1, 0.07267441860465117, 0, 0., 0, 0., 0, 0., 0, 0., 0, 0., 0, 0., 4, 0.29069767441860467, 4, 0.29069767441860467, 6, 0.436046511627907, 0, 0., 4, 0.29069767441860467, 0, 0., 0, 0., 0, 0., 0, 0., 1, 0.07267441860465117, 0, 0., 0, 0., 0, 0., 0, 0., 0, 0., 0, 0., 0, 0., 0, 0., 0, 0., 1110, 80.6686046511628, 0, 0., 0, 0., 0, 0., 5, 0.3633720930232558, 0, 0., 0, 0., 191, 1248, 1439, 1376, 0.9562195969423211
, generated\gt\sample_000025.krn, generated\xml_oemer\sample_000025.xml, 0, 0., 29, 8.215297450424929, 0, 0., 0, 0., 0, 0., 0, 0., 0, 0., 0, 0., 0, 0., 0, 0., 0, 0., 0, 0., 0, 0., 2, 0.56657223796034, 0, 0., 1, 0.28328611898017, 0, 0., 0, 0., 0, 0., 0, 0., 0, 0., 0, 0., 1, 0.28328611898017, 0, 0., 0, 0., 0, 0., 0, 0., 0, 0., 0, 0., 0, 0., 0, 0., 0, 0., 320, 90.65155807365439, 0, 0., 0, 0., 0, 0., 0, 0., 0, 0., 0, 0., 75, 294, 369, 353, 0.9566395663956639
, generated\gt\sample_000429.krn, generated\xml_oemer\sample_000429.xml, 0, 0., 81, 7.6415094339622645, 0, 0., 1, 0.09433962264150944, 1, 0.09433962264150944, 0, 0., 0, 0., 0, 0., 0, 0., 1, 0.09433962264150944, 0, 0., 0, 0., 0, 0., 0, 0., 2, 0.18867924528301888, 0, 0., 0, 0., 0, 0., 0, 0., 0, 0., 0, 0., 0, 0., 6, 0.5660377358490566, 0, 0., 0, 0., 0, 0., 0, 0., 0, 0., 0, 0., 0, 0., 0, 0., 0, 0., 500, 47.16981132075472, 459, 43.301886792452834, 0, 0., 9, 0.8490566037735849, 0, 0., 0, 0., 0, 0., 68, 1040, 1108, 1060, 0.9566787003610109
, generated\gt\sample_000595.krn, generated\xml_oemer\sample_000595.xml, 0, 0., 374, 23.08641975308642, 2, 0.12345679012345678, 17, 1.0493827160493827, 0, 0., 0, 0., 0, 0., 0, 0., 0, 0., 0, 0., 0, 0., 0, 0., 0, 0., 0, 0., 4, 0.24691358024691357, 8, 0.49382716049382713, 0, 0., 0, 0., 0, 0., 0, 0., 0, 0., 0, 0., 0, 0., 0, 0., 0, 0., 0, 0., 0, 0., 0, 0., 0, 0., 0, 0., 0, 0., 0, 0., 1210, 74.69135802469135, 0, 0., 0, 0., 0, 0., 5, 0.30864197530864196, 0, 0., 0, 0., 280, 1413, 1693, 1620, 0.9568812758417011
, generated\gt\sample_000434.krn, generated\xml_oemer\sample_000434.xml, 0, 0., 326, 19.278533412182142, 4, 0.23654642223536368, 9, 0.5322294500295683, 0, 0., 8, 0.47309284447072736, 1, 0.05913660555884092, 0, 0., 0, 0., 0, 0., 1, 0.05913660555884092, 1, 0.05913660555884092, 0, 0., 2, 0.11827321111768184, 2, 0.11827321111768184, 0, 0., 0, 0., 0, 0., 0, 0., 0, 0., 0, 0., 0, 0., 5, 0.29568302779420463, 0, 0., 0, 0., 0, 0., 0, 0., 0, 0., 0, 0., 0, 0., 0, 0., 0, 0., 1327, 78.4742755765819, 0, 0., 0, 0., 0, 0., 5, 0.29568302779420463, 0, 0., 0, 0., 243, 1524, 1767, 1691, 0.956989247311828
, generated\gt\sample_000363.krn, generated\xml_oemer\sample_000363.xml, 0, 0., 393, 18.705378391242267, 0, 0., 9, 0.42836744407425037, 2, 0.09519276534983341, 0, 0., 0, 0., 0, 0., 0, 0., 0, 0., 3, 0.14278914802475012, 0, 0., 0, 0., 0, 0., 4, 0.19038553069966682, 1, 0.047596382674916705, 0, 0., 0, 0., 0, 0., 0, 0., 0, 0., 0, 0., 3, 0.14278914802475012, 0, 0., 0, 0., 0, 0., 0, 0., 0, 0., 0, 0., 0, 0., 0, 0., 0, 0., 1469, 69.91908614945264, 211, 10.042836744407426, 0, 0., 1, 0.047596382674916705, 5, 0.23798191337458352, 0, 0., 0, 0., 391, 1804, 2195, 2101, 0.9571753986332574
, generated\gt\sample_000647.krn, generated\xml_oemer\sample_000647.xml, 0, 0., 468, 27.497062279670974, 0, 0., 24, 1.4101057579318448, 2, 0.11750881316098707, 0, 0., 3, 0.1762632197414806, 0, 0., 0, 0., 0, 0., 0, 0., 0, 0., 0, 0., 4, 0.23501762632197415, 4, 0.23501762632197415, 0, 0., 0, 0., 0, 0., 0, 0., 0, 0., 0, 0., 0, 0., 0, 0., 0, 0., 0, 0., 0, 0., 0, 0., 0, 0., 0, 0., 0, 0., 0, 0., 0, 0., 1192, 70.0352526439483, 0, 0., 0, 0., 0, 0., 5, 0.2937720329024677, 0, 0., 0, 0., 318, 1460, 1778, 1702, 0.9572553430821147
, generated\gt\sample_000153.krn, generated\xml_oemer\sample_000153.xml, 0, 0., 362, 21.650717703349283, 6, 0.3588516746411483, 19, 1.1363636363636365, 2, 0.11961722488038277, 0, 0., 2, 0.11961722488038277, 0, 0., 0, 0., 0, 0., 0, 0., 0, 0., 0, 0., 5, 0.29904306220095694, 4, 0.23923444976076555, 9, 0.5382775119617225, 0, 0., 0, 0., 0, 0., 0, 0., 0, 0., 0, 0., 0, 0., 0, 0., 0, 0., 0, 0., 0, 0., 0, 0., 0, 0., 0, 0., 0, 0., 0, 0., 1258, 75.23923444976077, 0, 0., 0, 0., 0, 0., 5, 0.29904306220095694, 0, 0., 0, 0., 254, 1492, 1746, 1672, 0.9576174112256587
, generated\gt\sample_000162.krn, generated\xml_oemer\sample_000162.xml, 0, 0., 171, 15.132743362831858, 4, 0.35398230088495575, 1, 0.08849557522123894, 4, 0.35398230088495575, 0, 0., 0, 0., 0, 0., 0, 0., 0, 0., 0, 0., 3, 0.26548672566371684, 0, 0., 0, 0., 2, 0.17699115044247787, 0, 0., 0, 0., 0, 0., 0, 0., 0, 0., 0, 0., 0, 0., 4, 0.35398230088495575, 0, 0., 0, 0., 0, 0., 0, 0., 0, 0., 0, 0., 0, 0., 0, 0., 0, 0., 936, 82.83185840707965, 0, 0., 0, 0., 0, 0., 5, 0.4424778761061947, 0, 0., 0, 0., 261, 919, 1180, 1130, 0.9576271186440678
, generated\gt\sample_000143.krn, generated\xml_oemer\sample_000143.xml, 0, 0., 172, 27.697262479871174, 6, 0.966183574879227, 4, 0.644122383252818, 0, 0., 0, 0., 0, 0., 0, 0., 0, 0., 0, 0., 0, 0., 0, 0., 0, 0., 0, 0., 1, 0.1610305958132045, 3, 0.4830917874396135, 0, 0., 2, 0.322061191626409, 0, 0., 0, 0., 0, 0., 0, 0., 1, 0.1610305958132045, 0, 0., 0, 0., 0, 0., 0, 0., 0, 0., 0, 0., 0, 0., 0, 0., 0, 0., 432, 69.56521739130434, 0, 0., 0, 0., 0, 0., 0, 0., 0, 0., 0, 0., 87, 561, 648, 621, 0.9583333333333334
, generated\gt\sample_000571.krn, generated\xml_oemer\sample_000571.xml, 0, 0., 385, 26.119402985074625, 0, 0., 9, 0.6105834464043419, 2, 0.13568521031207598, 0, 0., 1, 0.06784260515603799, 0, 0., 0, 0., 0, 0., 0, 0., 0, 0., 0, 0., 3, 0.20352781546811397, 4, 0.27137042062415195, 6, 0.40705563093622793, 0, 0., 0, 0., 0, 0., 0, 0., 0, 0., 0, 0., 1, 0.06784260515603799, 0, 0., 0, 0., 0, 0., 0, 0., 0, 0., 0, 0., 0, 0., 0, 0., 0, 0., 1058, 71.77747625508819, 0, 0., 0, 0., 0, 0., 5, 0.33921302578018997, 0, 0., 0, 0., 294, 1244, 1538, 1474, 0.9583875162548765
, generated\gt\sample_000157.krn, generated\xml_oemer\sample_000157.xml, 0, 0., 397, 22.228443449048154, 4, 0.22396416573348266, 32, 1.7917133258678613, 0, 0., 0, 0., 0, 0., 0, 0., 0, 0., 0, 0., 0, 0., 0, 0., 0, 0., 3, 0.167973124300112, 4, 0.22396416573348266, 9, 0.503919372900336, 0, 0., 0, 0., 0, 0., 0, 0., 0, 0., 0, 0., 0, 0., 0, 0., 0, 0., 0, 0., 0, 0., 0, 0., 0, 0., 0, 0., 0, 0., 0, 0., 1332, 74.58006718924972, 0, 0., 0, 0., 0, 0., 5, 0.2799552071668533, 0, 0., 0, 0., 329, 1534, 1863, 1786, 0.9586688137412775
, generated\gt\sample_000424.krn, generated\xml_oemer\sample_000424.xml, 0, 0., 617, 25.913481730365394, 2, 0.08399832003359933, 32, 1.3439731205375893, 1, 0.041999160016799666, 0, 0., 0, 0., 0, 0., 0, 0., 0, 0., 2, 0.08399832003359933, 0, 0., 0, 0., 1, 0.041999160016799666, 4, 0.16799664006719867, 1, 0.041999160016799666, 0, 0., 0, 0., 0, 0., 0, 0., 0, 0., 0, 0., 16, 0.6719865602687947, 0, 0., 0, 0., 0, 0., 0, 0., 0, 0., 0, 0., 0, 0., 0, 0., 0, 0., 1700, 71.39857202855943, 0, 0., 0, 0., 0, 0., 5, 0.20999580008399832, 0, 0., 0, 0., 396, 2087, 2483, 2381, 0.9589206604913412
, generated\gt\sample_000545.krn, generated\xml_oemer\sample_000545.xml, 0, 0., 544, 34.78260869565217, 2, 0.1278772378516624, 21, 1.3427109974424551, 1, 0.0639386189258312, 0, 0., 2, 0.1278772378516624, 0, 0., 0, 0., 0, 0., 1, 0.0639386189258312, 0, 0., 0, 0., 3, 0.1918158567774936, 2, 0.1278772378516624, 0, 0., 0, 0., 0, 0., 0, 0., 0, 0., 0, 0., 0, 0., 3, 0.1918158567774936, 0, 0., 0, 0., 0, 0., 0, 0., 0, 0., 0, 0., 0, 0., 0, 0., 0, 0., 980, 62.65984654731458, 0, 0., 0, 0., 0, 0., 5, 0.319693094629156, 0, 0., 0, 0., 264, 1367, 1631, 1564, 0.9589209074187615
, generated\gt\sample_000200.krn, generated\xml_oemer\sample_000200.xml, 0, 0., 410, 22.982062780269057, 2, 0.11210762331838565, 10, 0.5605381165919282, 2, 0.11210762331838565, 0, 0., 2, 0.11210762331838565, 0, 0., 0, 0., 2, 0.11210762331838565, 0, 0., 0, 0., 0, 0., 4, 0.2242152466367713, 4, 0.2242152466367713, 0, 0., 0, 0., 0, 0., 0, 0., 0, 0., 0, 0., 0, 0., 11, 0.6165919282511211, 0, 0., 0, 0., 0, 0., 0, 0., 0, 0., 0, 0., 0, 0., 0, 0., 0, 0., 1332, 74.66367713004485, 0, 0., 0, 0., 0, 0., 5, 0.2802690582959641, 0, 0., 0, 0., 325, 1535, 1860, 1784, 0.9591397849462365
, generated\gt\sample_000328.krn, generated\xml_oemer\sample_000328.xml, 0, 0., 415, 25.06038647342995, 4, 0.24154589371980675, 15, 0.9057971014492754, 0, 0., 0, 0., 1, 0.06038647342995169, 0, 0., 0, 0., 0, 0., 0, 0., 0, 0., 0, 0., 1, 0.06038647342995169, 4, 0.24154589371980675, 1, 0.06038647342995169, 0, 0., 0, 0., 0, 0., 0, 0., 0, 0., 0, 0., 12, 0.7246376811594203, 0, 0., 0, 0., 0, 0., 0, 0., 0, 0., 0, 0., 0, 0., 0, 0., 0, 0., 1198, 72.34299516908213, 0, 0., 0, 0., 0, 0., 5, 0.30193236714975846, 0, 0., 0, 0., 243, 1483, 1726, 1656, 0.9594438006952491
, generated\gt\sample_000226.krn, generated\xml_oemer\sample_000226.xml, 0, 0., 391, 26.598639455782312, 0, 0., 9, 0.6122448979591837, 1, 0.06802721088435375, 0, 0., 0, 0., 0, 0., 0, 0., 0, 0., 0, 0., 0, 0., 0, 0., 3, 0.20408163265306123, 2, 0.1360544217687075, 1, 0.06802721088435375, 0, 0., 0, 0., 0, 0., 0, 0., 0, 0., 0, 0., 0, 0., 0, 0., 0, 0., 0, 0., 0, 0., 0, 0., 0, 0., 0, 0., 0, 0., 0, 0., 1058, 71.97278911564626, 0, 0., 0, 0., 0, 0., 5, 0.3401360544217687, 0, 0., 0, 0., 228, 1304, 1532, 1470, 0.9595300261096605
, generated\gt\sample_000649.krn, generated\xml_oemer\sample_000649.xml, 0, 0., 510, 28.00658978583196, 0, 0., 19, 1.043382756727073, 0, 0., 0, 0., 0, 0., 0, 0., 0, 0., 0, 0., 0, 0., 0, 0., 0, 0., 3, 0.16474464579901152, 4, 0.21965952773201539, 0, 0., 0, 0., 0, 0., 0, 0., 0, 0., 0, 0., 0, 0., 1, 0.054914881933003847, 0, 0., 0, 0., 0, 0., 0, 0., 0, 0., 0, 0., 0, 0., 0, 0., 0, 0., 1279, 70.23613399231192, 0, 0., 0, 0., 0, 0., 5, 0.2745744096650192, 0, 0., 0, 0., 291, 1606, 1897, 1821, 0.9599367422245652
, generated\gt\sample_000398.krn, generated\xml_oemer\sample_000398.xml, 0, 0., 312, 19.247378161628625, 2, 0.12338062924120913, 8, 0.4935225169648365, 1, 0.061690314620604564, 0, 0., 0, 0., 0, 0., 0, 0., 1, 0.061690314620604564, 0, 0., 0, 0., 0, 0., 2, 0.12338062924120913, 2, 0.12338062924120913, 1, 0.061690314620604564, 0, 0., 0, 0., 0, 0., 0, 0., 0, 0., 0, 0., 9, 0.5552128315854411, 0, 0., 0, 0., 0, 0., 0, 0., 0, 0., 0, 0., 0, 0., 0, 0., 0, 0., 1278, 78.84022208513264, 0, 0., 0, 0., 0, 0., 5, 0.30845157310302285, 0, 0., 0, 0., 264, 1424, 1688, 1621, 0.9603080568720379
, generated\gt\sample_000198.krn, generated\xml_oemer\sample_000198.xml, 0, 0., 476, 32.66986959505834, 0, 0., 8, 0.5490734385724091, 0, 0., 14, 0.9608785175017158, 4, 0.27453671928620454, 0, 0., 0, 0., 0, 0., 5, 0.34317089910775567, 0, 0., 0, 0., 1, 0.06863417982155114, 4, 0.27453671928620454, 2, 0.13726835964310227, 0, 0., 0, 0., 0, 0., 0, 0., 0, 0., 0, 0., 4, 0.27453671928620454, 0, 0., 0, 0., 0, 0., 0, 0., 0, 0., 0, 0., 0, 0., 0, 0., 0, 0., 934, 64.10432395332876, 0, 0., 0, 0., 0, 0., 5, 0.34317089910775567, 0, 0., 0, 0., 414, 1103, 1517, 1457, 0.96044825313118
, generated\gt\sample_000671.krn, generated\xml_oemer\sample_000671.xml, 0, 0., 581, 29.627740948495667, 2, 0.10198878123406425, 18, 0.9178990311065782, 0, 0., 0, 0., 3, 0.1529831718510964, 0, 0., 0, 0., 0, 0., 1, 0.05099439061703213, 0, 0., 0, 0., 0, 0., 4, 0.2039775624681285, 0, 0., 0, 0., 0, 0., 0, 0., 0, 0., 0, 0., 0, 0., 4, 0.2039775624681285, 0, 0., 0, 0., 0, 0., 0, 0., 0, 0., 0, 0., 0, 0., 0, 0., 0, 0., 1343, 68.48546659867415, 0, 0., 0, 0., 0, 0., 5, 0.25497195308516063, 0, 0., 0, 0., 404, 1637, 2041, 1961, 0.9608035276825085
, generated\gt\sample_000275.krn, generated\xml_oemer\sample_000275.xml, 0, 0., 519, 21.366817620419926, 4, 0.16467682173734047, 27, 1.1115685467270482, 2, 0.08233841086867023, 0, 0., 0, 0., 0, 0., 0, 0., 0, 0., 0, 0., 0, 0., 0, 0., 5, 0.20584602717167558, 4, 0.16467682173734047, 1, 0.04116920543433512, 0, 0., 0, 0., 0, 0., 0, 0., 0, 0., 0, 0., 6, 0.24701523260601072, 0, 0., 0, 0., 0, 0., 0, 0., 0, 0., 0, 0., 0, 0., 0, 0., 0, 0., 1856, 76.41004528612598, 0, 0., 0, 0., 0, 0., 5, 0.20584602717167558, 0, 0., 0, 0., 372, 2155, 2527, 2429, 0.961218836565097
, generated\gt\sample_000431.krn, generated\xml_oemer\sample_000431.xml, 0, 0., 580, 31.132581857219538, 4, 0.2147074610842727, 8, 0.4294149221685454, 3, 0.1610305958132045, 16, 0.8588298443370908, 2, 0.10735373054213634, 0, 0., 0, 0., 4, 0.2147074610842727, 0, 0., 0, 0., 0, 0., 0, 0., 2, 0.10735373054213634, 6, 0.322061191626409, 0, 0., 0, 0., 0, 0., 0, 0., 0, 0., 0, 0., 2, 0.10735373054213634, 0, 0., 0, 0., 0, 0., 0, 0., 0, 0., 0, 0., 0, 0., 0, 0., 0, 0., 1231, 66.07622114868492, 0, 0., 0, 0., 0, 0., 5, 0.2683843263553409, 0, 0., 0, 0., 429, 1509, 1938, 1863, 0.9613003095975232
, generated\gt\sample_000261.krn, generated\xml_oemer\sample_000261.xml, 0, 0., 118, 20.52173913043478, 2, 0.34782608695652173, 4, 0.6956521739130435, 0, 0., 0, 0., 0, 0., 0, 0., 0, 0., 0, 0., 0, 0., 0, 0., 0, 0., 2, 0.34782608695652173, 2, 0.34782608695652173, 0, 0., 0, 0., 2, 0.34782608695652173, 0, 0., 0, 0., 0, 0., 0, 0., 3, 0.5217391304347826, 0, 0., 0, 0., 0, 0., 0, 0., 0, 0., 0, 0., 0, 0., 0, 0., 0, 0., 442, 76.8695652173913, 0, 0., 0, 0., 0, 0., 0, 0., 0, 0., 0, 0., 146, 452, 598, 575, 0.9615384615384616
, generated\gt\sample_000586.krn, generated\xml_oemer\sample_000586.xml, 0, 0., 645, 34.3816631130064, 0, 0., 14, 0.746268656716418, 1, 0.053304904051172705, 18, 0.9594882729211087, 0, 0., 0, 0., 0, 0., 1, 0.053304904051172705, 0, 0., 0, 0., 0, 0., 0, 0., 4, 0.21321961620469082, 1, 0.053304904051172705, 0, 0., 0, 0., 0, 0., 0, 0., 0, 0., 0, 0., 6, 0.31982942430703626, 0, 0., 0, 0., 0, 0., 0, 0., 0, 0., 0, 0., 0, 0., 0, 0., 0, 0., 1181, 62.953091684434966, 0, 0., 0, 0., 0, 0., 5, 0.26652452025586354, 0, 0., 0, 0., 466, 1485, 1951, 1876, 0.9615581752947207
, generated\gt\sample_000659.krn, generated\xml_oemer\sample_000659.xml, 0, 0., 335, 18.33607006020799, 2, 0.10946907498631636, 7, 0.3831417624521073, 1, 0.05473453749315818, 0, 0., 0, 0., 0, 0., 0, 0., 1, 0.05473453749315818, 0, 0., 0, 0., 0, 0., 3, 0.16420361247947454, 4, 0.21893814997263272, 9, 0.49261083743842365, 0, 0., 0, 0., 0, 0., 0, 0., 0, 0., 0, 0., 0, 0., 0, 0., 0, 0., 0, 0., 0, 0., 0, 0., 0, 0., 0, 0., 0, 0., 0, 0., 1460, 79.91242474001095, 0, 0., 0, 0., 0, 0., 5, 0.27367268746579093, 0, 0., 0, 0., 302, 1598, 1900, 1827, 0.9615789473684211
, generated\gt\sample_000170.krn, generated\xml_oemer\sample_000170.xml, 0, 0., 29, 2.3089171974522293, 22, 1.7515923566878981, 0, 0., 2, 0.1592356687898089, 0, 0., 0, 0., 0, 0., 0, 0., 3, 0.23885350318471338, 0, 0., 0, 0., 0, 0., 1, 0.07961783439490445, 2, 0.1592356687898089, 1, 0.07961783439490445, 0, 0., 0, 0., 0, 0., 0, 0., 0, 0., 0, 0., 1, 0.07961783439490445, 0, 0., 0, 0., 0, 0., 0, 0., 0, 0., 0, 0., 0, 0., 0, 0., 0, 0., 1195, 95.14331210191082, 0, 0., 0, 0., 0, 0., 0, 0., 0, 0., 0, 0., 75, 1231, 1306, 1256, 0.9617151607963247
, generated\gt\sample_000148.krn, generated\xml_oemer\sample_000148.xml, 0, 0., 312, 15.6312625250501, 6, 0.30060120240480964, 13, 0.6513026052104208, 1, 0.050100200400801605, 0, 0., 0, 0., 0, 0., 0, 0., 0, 0., 0, 0., 0, 0., 0, 0., 3, 0.15030060120240482, 4, 0.20040080160320642, 10, 0.501002004008016, 0, 0., 0, 0., 0, 0., 0, 0., 0, 0., 0, 0., 1, 0.050100200400801605, 0, 0., 0, 0., 0, 0., 0, 0., 0, 0., 0, 0., 0, 0., 0, 0., 0, 0., 1641, 82.21442885771543, 0, 0., 0, 0., 0, 0., 5, 0.250501002004008, 0, 0., 0, 0., 292, 1783, 2075, 1996, 0.9619277108433735
, generated\gt\sample_000684.krn, generated\xml_oemer\sample_000684.xml, 0, 0., 366, 19.303797468354432, 0, 0., 23, 1.2130801687763713, 3, 0.15822784810126583, 18, 0.9493670886075949, 0, 0., 0, 0., 0, 0., 0, 0., 0, 0., 0, 0., 0, 0., 5, 0.26371308016877637, 4, 0.2109704641350211, 3, 0.15822784810126583, 0, 0., 0, 0., 0, 0., 0, 0., 0, 0., 0, 0., 2, 0.10548523206751055, 0, 0., 0, 0., 0, 0., 0, 0., 0, 0., 0, 0., 0, 0., 0, 0., 0, 0., 1467, 77.37341772151899, 0, 0., 0, 0., 0, 0., 5, 0.26371308016877637, 0, 0., 0, 0., 315, 1655, 1970, 1896, 0.9624365482233502
, generated\gt\sample_000066.krn, generated\xml_oemer\sample_000066.xml, 0, 0., 441, 18.984072320275505, 2, 0.08609556607834697, 6, 0.2582866982350409, 1, 0.04304778303917348, 0, 0., 0, 0., 0, 0., 0, 0., 0, 0., 0, 0., 0, 0., 0, 0., 2, 0.08609556607834697, 2, 0.08609556607834697, 3, 0.12914334911752046, 0, 0., 1, 0.04304778303917348, 0, 0., 0, 0., 0, 0., 0, 0., 16, 0.6887645286267757, 0, 0., 0, 0., 0, 0., 0, 0., 0, 0., 0, 0., 0, 0., 0, 0., 0, 0., 1844, 79.3801119242359, 0, 0., 0, 0., 0, 0., 5, 0.2152389151958674, 0, 0., 0, 0., 374, 2039, 2413, 2323, 0.9627020306672193
, generated\gt\sample_000490.krn, generated\xml_oemer\sample_000490.xml, 0, 0., 392, 19.718309859154928, 0, 0., 3, 0.15090543259557343, 2, 0.1006036217303823, 2, 0.1006036217303823, 3, 0.15090543259557343, 0, 0., 0, 0., 0, 0., 4, 0.2012072434607646, 0, 0., 0, 0., 0, 0., 4, 0.2012072434607646, 2, 0.1006036217303823, 0, 0., 0, 0., 0, 0., 0, 0., 0, 0., 0, 0., 5, 0.2515090543259557, 0, 0., 0, 0., 0, 0., 0, 0., 0, 0., 0, 0., 0, 0., 0, 0., 0, 0., 1566, 78.77263581488934, 0, 0., 0, 0., 0, 0., 5, 0.2515090543259557, 0, 0., 0, 0., 428, 1637, 2065, 1988, 0.9627118644067797
, generated\gt\sample_000646.krn, generated\xml_oemer\sample_000646.xml, 0, 0., 364, 23.008849557522122, 6, 0.37926675094816686, 16, 1.011378002528445, 1, 0.0632111251580278, 0, 0., 0, 0., 0, 0., 0, 0., 0, 0., 0, 0., 0, 0., 0, 0., 3, 0.18963337547408343, 4, 0.2528445006321112, 0, 0., 0, 0., 0, 0., 0, 0., 0, 0., 0, 0., 0, 0., 6, 0.37926675094816686, 0, 0., 0, 0., 0, 0., 0, 0., 0, 0., 0, 0., 0, 0., 0, 0., 0, 0., 1177, 74.39949431099873, 0, 0., 0, 0., 0, 0., 5, 0.31605562579013907, 0, 0., 0, 0., 246, 1397, 1643, 1582, 0.9628727936701157
, generated\gt\sample_000304.krn, generated\xml_oemer\sample_000304.xml, 0, 0., 306, 14.166666666666666, 0, 0., 21, 0.9722222222222222, 0, 0., 0, 0., 1, 0.046296296296296294, 0, 0., 0, 0., 0, 0., 1, 0.046296296296296294, 0, 0., 0, 0., 3, 0.1388888888888889, 4, 0.18518518518518517, 2, 0.09259259259259259, 0, 0., 0, 0., 0, 0., 0, 0., 0, 0., 0, 0., 3, 0.1388888888888889, 0, 0., 0, 0., 0, 0., 0, 0., 0, 0., 0, 0., 0, 0., 0, 0., 0, 0., 1814, 83.98148148148148, 0, 0., 0, 0., 0, 0., 5, 0.23148148148148148, 0, 0., 0, 0., 297, 1946, 2243, 2160, 0.9629959875167187
, generated\gt\sample_000361.krn, generated\xml_oemer\sample_000361.xml, 0, 0., 575, 21.996939556235652, 6, 0.22953328232593725, 27, 1.0328997704667178, 3, 0.11476664116296863, 0, 0., 1, 0.03825554705432287, 0, 0., 0, 0., 0, 0., 4, 0.1530221882172915, 0, 0., 0, 0., 8, 0.306044376434583, 4, 0.1530221882172915, 0, 0., 0, 0., 0, 0., 0, 0., 0, 0., 0, 0., 0, 0., 6, 0.22953328232593725, 0, 0., 0, 0., 0, 0., 0, 0., 0, 0., 0, 0., 0, 0., 0, 0., 0, 0., 1975, 75.55470543228768, 0, 0., 0, 0., 0, 0., 5, 0.19127773527161437, 0, 0., 0, 0., 398, 2316, 2714, 2614, 0.9631540162122328
, generated\gt\sample_000073.krn, generated\xml_oemer\sample_000073.xml, 0, 0., 543, 29.43089430894309, 2, 0.10840108401084012, 17, 0.9214092140921409, 1, 0.05420054200542006, 0, 0., 1, 0.05420054200542006, 0, 0., 0, 0., 0, 0., 0, 0., 0, 0., 0, 0., 0, 0., 4, 0.21680216802168023, 0, 0., 0, 0., 0, 0., 0, 0., 0, 0., 0, 0., 0, 0., 2, 0.10840108401084012, 0, 0., 0, 0., 0, 0., 0, 0., 0, 0., 0, 0., 0, 0., 0, 0., 0, 0., 1270, 68.83468834688347, 0, 0., 0, 0., 0, 0., 5, 0.27100271002710025, 0, 0., 0, 0., 275, 1640, 1915, 1845, 0.9634464751958225
, generated\gt\sample_000432.krn, generated\xml_oemer\sample_000432.xml, 0, 0., 237, 17.1242774566474, 4, 0.28901734104046245, 8, 0.5780346820809249, 3, 0.21676300578034682, 0, 0., 0, 0., 0, 0., 0, 0., 0, 0., 0, 0., 0, 0., 0, 0., 3, 0.21676300578034682, 2, 0.14450867052023122, 2, 0.14450867052023122, 0, 0., 0, 0., 0, 0., 0, 0., 0, 0., 0, 0., 8, 0.5780346820809249, 0, 0., 0, 0., 0, 0., 0, 0., 0, 0., 0, 0., 0, 0., 0, 0., 0, 0., 1112, 80.34682080924856, 0, 0., 0, 0., 0, 0., 5, 0.36127167630057805, 0, 0., 0, 0., 191, 1245, 1436, 1384, 0.9637883008356546
, generated\gt\sample_000391.krn, generated\xml_oemer\sample_000391.xml, 0, 0., 655, 37.08946772366931, 2, 0.11325028312570781, 7, 0.39637599093997733, 0, 0., 12, 0.6795016987542469, 0, 0., 0, 0., 0, 0., 0, 0., 0, 0., 0, 0., 0, 0., 0, 0., 4, 0.22650056625141562, 0, 0., 0, 0., 0, 0., 0, 0., 0, 0., 0, 0., 0, 0., 1, 0.056625141562853906, 0, 0., 0, 0., 0, 0., 0, 0., 0, 0., 0, 0., 0, 0., 0, 0., 0, 0., 1080, 61.15515288788222, 0, 0., 0, 0., 0, 0., 5, 0.28312570781426954, 0, 0., 0, 0., 390, 1442, 1832, 1766, 0.9639737991266376
, generated\gt\sample_000433.krn, generated\xml_oemer\sample_000433.xml, 0, 0., 401, 24.069627851140456, 0, 0., 7, 0.42016806722689076, 0, 0., 14, 0.8403361344537815, 8, 0.4801920768307323, 0, 0., 0, 0., 0, 0., 1, 0.060024009603841535, 0, 0., 0, 0., 2, 0.12004801920768307, 2, 0.12004801920768307, 6, 0.36014405762304924, 0, 0., 0, 0., 0, 0., 0, 0., 0, 0., 0, 0., 0, 0., 0, 0., 0, 0., 0, 0., 0, 0., 0, 0., 0, 0., 0, 0., 0, 0., 0, 0., 1220, 73.22929171668667, 0, 0., 0, 0., 0, 0., 5, 0.30012004801920766, 0, 0., 0, 0., 301, 1427, 1728, 1666, 0.9641203703703703
, generated\gt\sample_000597.krn, generated\xml_oemer\sample_000597.xml, 0, 0., 481, 27.884057971014492, 0, 0., 8, 0.463768115942029, 1, 0.057971014492753624, 0, 0., 4, 0.2318840579710145, 0, 0., 0, 0., 0, 0., 1, 0.057971014492753624, 0, 0., 0, 0., 1, 0.057971014492753624, 4, 0.2318840579710145, 0, 0., 0, 0., 0, 0., 0, 0., 0, 0., 0, 0., 0, 0., 5, 0.2898550724637681, 0, 0., 0, 0., 0, 0., 0, 0., 0, 0., 0, 0., 0, 0., 0, 0., 0, 0., 1215, 70.43478260869566, 0, 0., 0, 0., 0, 0., 5, 0.2898550724637681, 0, 0., 0, 0., 366, 1423, 1789, 1725, 0.9642258244829514
, generated\gt\sample_000334.krn, generated\xml_oemer\sample_000334.xml, 0, 0., 304, 19.437340153452684, 2, 0.1278772378516624, 3, 0.1918158567774936, 2, 0.1278772378516624, 0, 0., 0, 0., 0, 0., 0, 0., 1, 0.0639386189258312, 0, 0., 0, 0., 0, 0., 3, 0.1918158567774936, 4, 0.2557544757033248, 0, 0., 0, 0., 0, 0., 0, 0., 0, 0., 0, 0., 0, 0., 6, 0.3836317135549872, 0, 0., 2, 0.1278772378516624, 0, 0., 0, 0., 0, 0., 0, 0., 0, 0., 0, 0., 0, 0., 1232, 78.77237851662404, 0, 0., 0, 0., 0, 0., 5, 0.319693094629156, 0, 0., 0, 0., 343, 1279, 1622, 1564, 0.9642416769420469
, generated\gt\sample_000155.krn, generated\xml_oemer\sample_000155.xml, 0, 0., 424, 23.05600870038064, 2, 0.10875475802066341, 11, 0.5981511691136487, 4, 0.21750951604132682, 0, 0., 3, 0.1631321370309951, 0, 0., 0, 0., 0, 0., 0, 0., 0, 0., 0, 0., 3, 0.1631321370309951, 4, 0.21750951604132682, 9, 0.4893964110929853, 0, 0., 0, 0., 0, 0., 0, 0., 0, 0., 0, 0., 2, 0.10875475802066341, 0, 0., 0, 0., 0, 0., 0, 0., 0, 0., 0, 0., 0, 0., 0, 0., 0, 0., 1372, 74.60576400217509, 0, 0., 0, 0., 0, 0., 5, 0.27188689505165853, 0, 0., 0, 0., 286, 1621, 1907, 1839, 0.9643418982695333
, generated\gt\sample_000230.krn, generated\xml_oemer\sample_000230.xml, 0, 0., 587, 23.5553772070626, 2, 0.08025682182985554, 20, 0.8025682182985554, 0, 0., 0, 0., 1, 0.04012841091492777, 0, 0., 0, 0., 0, 0., 0, 0., 0, 0., 0, 0., 1, 0.04012841091492777, 4, 0.16051364365971107, 8, 0.32102728731942215, 0, 0., 0, 0., 0, 0., 0, 0., 0, 0., 0, 0., 10, 0.4012841091492777, 0, 0., 0, 0., 0, 0., 0, 0., 0, 0., 0, 0., 0, 0., 0, 0., 0, 0., 1854, 74.39807383627608, 0, 0., 0, 0., 0, 0., 5, 0.20064205457463885, 0, 0., 0, 0., 392, 2192, 2584, 2492, 0.9643962848297214
, generated\gt\sample_000567.krn, generated\xml_oemer\sample_000567.xml, 0, 0., 244, 14.294083186877563, 0, 0., 12, 0.70298769771529, 0, 0., 0, 0., 0, 0., 0, 0., 0, 0., 0, 0., 1, 0.05858230814294083, 0, 0., 0, 0., 2, 0.11716461628588166, 1, 0.05858230814294083, 4, 0.23432923257176333, 0, 0., 0, 0., 0, 0., 0, 0., 0, 0., 0, 0., 1, 0.05858230814294083, 0, 0., 0, 0., 0, 0., 0, 0., 0, 0., 0, 0., 0, 0., 0, 0., 0, 0., 1442, 84.47568834212068, 0, 0., 0, 0., 0, 0., 0, 0., 0, 0., 0, 0., 106, 1664, 1770, 1707, 0.964406779661017
, generated\gt\sample_000127.krn, generated\xml_oemer\sample_000127.xml, 0, 0., 795, 45.689655172413794, 0, 0., 13, 0.7471264367816092, 3, 0.1724137931034483, 0, 0., 0, 0., 0, 0., 0, 0., 0, 0., 0, 0., 0, 0., 0, 0., 2, 0.11494252873563218, 8, 0.45977011494252873, 4, 0.22988505747126436, 0, 0., 4, 0.22988505747126436, 0, 0., 0, 0., 0, 0., 0, 0., 2, 0.11494252873563218, 0, 0., 0, 0., 0, 0., 0, 0., 0, 0., 0, 0., 0, 0., 0, 0., 0, 0., 766, 44.02298850574713, 137, 7.873563218390805, 0, 0., 1, 0.05747126436781609, 5, 0.28735632183908044, 0, 0., 0, 0., 561, 1243, 1804, 1740, 0.9645232815964523
, generated\gt\sample_000064.krn, generated\xml_oemer\sample_000064.xml, 0, 0., 765, 30.345101150337168, 0, 0., 21, 0.8330027766759223, 1, 0.039666798889329634, 0, 0., 0, 0., 0, 0., 0, 0., 1, 0.039666798889329634, 0, 0., 0, 0., 0, 0., 0, 0., 2, 0.07933359777865927, 0, 0., 0, 0., 0, 0., 0, 0., 0, 0., 0, 0., 0, 0., 13, 0.5156683855612852, 0, 0., 0, 0., 0, 0., 0, 0., 0, 0., 0, 0., 0, 0., 0, 0., 0, 0., 1713, 67.94922649742166, 0, 0., 0, 0., 0, 0., 5, 0.19833399444664815, 0, 0., 0, 0., 472, 2141, 2613, 2521, 0.9647914274779946
, generated\gt\sample_000063.krn, generated\xml_oemer\sample_000063.xml, 0, 0., 882, 34.601804629266375, 2, 0.07846214201647705, 19, 0.745390349156532, 1, 0.03923107100823853, 0, 0., 0, 0., 0, 0., 0, 0., 0, 0., 0, 0., 0, 0., 0, 0., 1, 0.03923107100823853, 2, 0.07846214201647705, 0, 0., 0, 0., 0, 0., 0, 0., 0, 0., 0, 0., 0, 0., 12, 0.4707728520988623, 0, 0., 0, 0., 0, 0., 0, 0., 0, 0., 0, 0., 0, 0., 0, 0., 0, 0., 1625, 63.750490388387604, 0, 0., 0, 0., 0, 0., 5, 0.19615535504119264, 0, 0., 0, 0., 375, 2267, 2642, 2549, 0.9647993943981832
, generated\gt\sample_000359.krn, generated\xml_oemer\sample_000359.xml, 0, 0., 503, 18.705838601710674, 2, 0.07437709185570844, 30, 1.1156563778356265, 0, 0., 0, 0., 2, 0.07437709185570844, 0, 0., 0, 0., 0, 0., 0, 0., 0, 0., 0, 0., 4, 0.14875418371141688, 4, 0.14875418371141688, 0, 0., 0, 0., 0, 0., 0, 0., 0, 0., 0, 0., 0, 0., 2, 0.07437709185570844, 0, 0., 0, 0., 0, 0., 0, 0., 0, 0., 0, 0., 0, 0., 0, 0., 0, 0., 2137, 79.47192264782447, 0, 0., 0, 0., 0, 0., 5, 0.1859427296392711, 0, 0., 0, 0., 337, 2450, 2787, 2689, 0.9648367420165052
, generated\gt\sample_000212.krn, generated\xml_oemer\sample_000212.xml, 0, 0., 82, 7.824427480916031, 20, 1.9083969465648856, 1, 0.09541984732824428, 7, 0.6679389312977099, 0, 0., 1, 0.09541984732824428, 0, 0., 0, 0., 0, 0., 0, 0., 0, 0., 0, 0., 3, 0.2862595419847328, 2, 0.19083969465648856, 3, 0.2862595419847328, 0, 0., 0, 0., 0, 0., 0, 0., 0, 0., 0, 0., 1, 0.09541984732824428, 0, 0., 0, 0., 0, 0., 0, 0., 0, 0., 0, 0., 0, 0., 0, 0., 0, 0., 928, 88.54961832061069, 0, 0., 0, 0., 0, 0., 0, 0., 0, 0., 0, 0., 79, 1007, 1086, 1048, 0.9650092081031307
, generated\gt\sample_000450.krn, generated\xml_oemer\sample_000450.xml, 0, 0., 338, 17.99787007454739, 4, 0.21299254526091588, 8, 0.42598509052183176, 1, 0.05324813631522897, 12, 0.6389776357827476, 1, 0.05324813631522897, 0, 0., 0, 0., 0, 0., 0, 0., 0, 0., 0, 0., 0, 0., 2, 0.10649627263045794, 1, 0.05324813631522897, 0, 0., 0, 0., 0, 0., 0, 0., 0, 0., 0, 0., 15, 0.7987220447284346, 0, 0., 0, 0., 0, 0., 0, 0., 0, 0., 0, 0., 0, 0., 0, 0., 0, 0., 1496, 79.65921192758253, 0, 0., 0, 0., 0, 0., 0, 0., 0, 0., 0, 0., 277, 1669, 1946, 1878, 0.9650565262076053
, generated\gt\sample_000242.krn, generated\xml_oemer\sample_000242.xml, 0, 0., 295, 17.221249270286048, 2, 0.11675423234092236, 6, 0.3502626970227671, 0, 0., 6, 0.3502626970227671, 0, 0., 0, 0., 0, 0., 0, 0., 0, 0., 0, 0., 0, 0., 3, 0.17513134851138354, 4, 0.23350846468184472, 3, 0.17513134851138354, 0, 0., 0, 0., 0, 0., 0, 0., 0, 0., 0, 0., 3, 0.17513134851138354, 0, 0., 0, 0., 0, 0., 0, 0., 0, 0., 0, 0., 0, 0., 0, 0., 0, 0., 1386, 80.9106830122592, 0, 0., 0, 0., 0, 0., 5, 0.29188558085230587, 0, 0., 0, 0., 302, 1472, 1774, 1713, 0.9656144306651635
, generated\gt\sample_000650.krn, generated\xml_oemer\sample_000650.xml, 0, 0., 538, 27.832384893947232, 10, 0.5173305742369374, 25, 1.2933264355923435, 1, 0.05173305742369374, 0, 0., 4, 0.20693222969477496, 0, 0., 0, 0., 0, 0., 0, 0., 0, 0., 0, 0., 2, 0.10346611484738748, 4, 0.20693222969477496, 2, 0.10346611484738748, 0, 0., 0, 0., 0, 0., 0, 0., 0, 0., 0, 0., 0, 0., 0, 0., 0, 0., 0, 0., 0, 0., 0, 0., 0, 0., 0, 0., 0, 0., 0, 0., 1342, 69.425763062597, 0, 0., 0, 0., 0, 0., 5, 0.2586652871184687, 0, 0., 0, 0., 316, 1685, 2001, 1933, 0.9660169915042479
, generated\gt\sample_000336.krn, generated\xml_oemer\sample_000336.xml, 0, 0., 645, 24.703178858674836, 4, 0.15319800842589046, 16, 0.6127920337035618, 0, 0., 6, 0.2297970126388357, 1, 0.038299502106472615, 0, 0., 0, 0., 0, 0., 0, 0., 1, 0.038299502106472615, 0, 0., 0, 0., 4, 0.15319800842589046, 0, 0., 0, 0., 0, 0., 0, 0., 0, 0., 0, 0., 0, 0., 9, 0.34469551895825357, 0, 0., 0, 0., 0, 0., 0, 0., 0, 0., 0, 0., 0, 0., 0, 0., 0, 0., 1920, 73.53504404442742, 0, 0., 0, 0., 0, 0., 5, 0.19149751053236308, 0, 0., 0, 0., 393, 2309, 2702, 2611, 0.966321243523316
, generated\gt\sample_000206.krn, generated\xml_oemer\sample_000206.xml, 0, 0., 391, 28.83480825958702, 0, 0., 16, 1.1799410029498525, 1, 0.07374631268436578, 0, 0., 0, 0., 0, 0., 0, 0., 0, 0., 0, 0., 0, 0., 0, 0., 0, 0., 2, 0.14749262536873156, 0, 0., 0, 0., 0, 0., 0, 0., 0, 0., 0, 0., 0, 0., 2, 0.14749262536873156, 0, 0., 0, 0., 0, 0., 0, 0., 0, 0., 0, 0., 0, 0., 0, 0., 0, 0., 944, 69.6165191740413, 0, 0., 0, 0., 0, 0., 0, 0., 0, 0., 0, 0., 204, 1199, 1403, 1356, 0.9665003563791874
, generated\gt\sample_000544.krn, generated\xml_oemer\sample_000544.xml, 0, 0., 487, 29.914004914004913, 2, 0.12285012285012285, 15, 0.9213759213759214, 0, 0., 0, 0., 1, 0.06142506142506143, 0, 0., 0, 0., 0, 0., 1, 0.06142506142506143, 0, 0., 0, 0., 3, 0.18427518427518427, 2, 0.12285012285012285, 1, 0.06142506142506143, 0, 0., 0, 0., 0, 0., 0, 0., 0, 0., 0, 0., 3, 0.18427518427518427, 0, 0., 0, 0., 0, 0., 0, 0., 0, 0., 0, 0., 0, 0., 0, 0., 0, 0., 1108, 68.05896805896806, 0, 0., 0, 0., 0, 0., 5, 0.3071253071253071, 0, 0., 0, 0., 245, 1439, 1684, 1628, 0.9667458432304038
, generated\gt\sample_000144.krn, generated\xml_oemer\sample_000144.xml, 0, 0., 52, 19.771863117870723, 2, 0.7604562737642585, 1, 0.38022813688212925, 0, 0., 0, 0., 0, 0., 0, 0., 0, 0., 0, 0., 0, 0., 0, 0., 0, 0., 2, 0.7604562737642585, 2, 0.7604562737642585, 0, 0., 0, 0., 0, 0., 0, 0., 0, 0., 0, 0., 0, 0., 1, 0.38022813688212925, 0, 0., 0, 0., 0, 0., 0, 0., 0, 0., 0, 0., 0, 0., 0, 0., 0, 0., 203, 77.18631178707224, 0, 0., 0, 0., 0, 0., 0, 0., 0, 0., 0, 0., 57, 215, 272, 263, 0.9669117647058824
, generated\gt\sample_000564.krn, generated\xml_oemer\sample_000564.xml, 0, 0., 363, 24.71068754254595, 0, 0., 14, 0.9530292716133424, 1, 0.06807351940095303, 0, 0., 1, 0.06807351940095303, 0, 0., 0, 0., 0, 0., 1, 0.06807351940095303, 0, 0., 0, 0., 1, 0.06807351940095303, 4, 0.27229407760381213, 3, 0.2042205582028591, 0, 0., 0, 0., 0, 0., 0, 0., 0, 0., 0, 0., 8, 0.5445881552076243, 0, 0., 0, 0., 0, 0., 0, 0., 0, 0., 0, 0., 0, 0., 0, 0., 0, 0., 1068, 72.70251872021784, 0, 0., 0, 0., 0, 0., 5, 0.34036759700476515, 0, 0., 0, 0., 292, 1227, 1519, 1469, 0.9670836076366031
, generated\gt\sample_000593.krn, generated\xml_oemer\sample_000593.xml, 0, 0., 483, 24.44331983805668, 4, 0.20242914979757085, 19, 0.9615384615384616, 2, 0.10121457489878542, 0, 0., 0, 0., 0, 0., 0, 0., 1, 0.05060728744939271, 0, 0., 0, 0., 0, 0., 1, 0.05060728744939271, 4, 0.20242914979757085, 1, 0.05060728744939271, 0, 0., 0, 0., 0, 0., 0, 0., 0, 0., 0, 0., 1, 0.05060728744939271, 0, 0., 0, 0., 0, 0., 0, 0., 0, 0., 0, 0., 0, 0., 0, 0., 0, 0., 1455, 73.6336032388664, 0, 0., 0, 0., 0, 0., 5, 0.25303643724696356, 0, 0., 0, 0., 354, 1689, 2043, 1976, 0.9672050905531082
, generated\gt\sample_000288.krn, generated\xml_oemer\sample_000288.xml, 0, 0., 83, 19.761904761904763, 4, 0.9523809523809523, 1, 0.23809523809523808, 0, 0., 0, 0., 0, 0., 0, 0., 0, 0., 0, 0., 0, 0., 0, 0., 0, 0., 2, 0.47619047619047616, 2, 0.47619047619047616, 0, 0., 0, 0., 0, 0., 0, 0., 0, 0., 0, 0., 0, 0., 2, 0.47619047619047616, 0, 0., 0, 0., 0, 0., 0, 0., 0, 0., 0, 0., 0, 0., 0, 0., 0, 0., 326, 77.61904761904762, 0, 0., 0, 0., 0, 0., 0, 0., 0, 0., 0, 0., 80, 354, 434, 420, 0.967741935483871
, generated\gt\sample_000551.krn, generated\xml_oemer\sample_000551.xml, 0, 0., 104, 28.7292817679558, 4, 1.1049723756906078, 1, 0.27624309392265195, 0, 0., 0, 0., 0, 0., 0, 0., 0, 0., 0, 0., 0, 0., 0, 0., 0, 0., 1, 0.27624309392265195, 0, 0., 1, 0.27624309392265195, 0, 0., 0, 0., 0, 0., 0, 0., 0, 0., 0, 0., 0, 0., 0, 0., 0, 0., 0, 0., 0, 0., 0, 0., 0, 0., 0, 0., 0, 0., 0, 0., 251, 69.33701657458563, 0, 0., 0, 0., 0, 0., 0, 0., 0, 0., 0, 0., 60, 314, 374, 362, 0.9679144385026738
, generated\gt\sample_000338.krn, generated\xml_oemer\sample_000338.xml, 0, 0., 413, 21.898197242841995, 6, 0.3181336161187699, 12, 0.6362672322375398, 2, 0.10604453870625663, 0, 0., 0, 0., 0, 0., 0, 0., 1, 0.053022269353128315, 1, 0.053022269353128315, 1, 0.053022269353128315, 0, 0., 2, 0.10604453870625663, 4, 0.21208907741251326, 5, 0.2651113467656416, 0, 0., 0, 0., 0, 0., 0, 0., 0, 0., 0, 0., 8, 0.4241781548250265, 0, 0., 0, 0., 0, 0., 0, 0., 0, 0., 0, 0., 0, 0., 0, 0., 0, 0., 1426, 75.60975609756098, 0, 0., 0, 0., 0, 0., 5, 0.2651113467656416, 0, 0., 0, 0., 301, 1645, 1946, 1886, 0.9691675231243576
, generated\gt\sample_000310.krn, generated\xml_oemer\sample_000310.xml, 0, 0., 142, 47.81144781144781, 4, 1.3468013468013469, 2, 0.6734006734006734, 0, 0., 0, 0., 0, 0., 0, 0., 0, 0., 0, 0., 0, 0., 0, 0., 0, 0., 2, 0.6734006734006734, 2, 0.6734006734006734, 2, 0.6734006734006734, 0, 0., 0, 0., 0, 0., 0, 0., 0, 0., 0, 0., 1, 0.3367003367003367, 0, 0., 0, 0., 0, 0., 0, 0., 0, 0., 0, 0., 0, 0., 0, 0., 0, 0., 142, 47.81144781144781, 0, 0., 0, 0., 0, 0., 0, 0., 0, 0., 0, 0., 103, 203, 306, 297, 0.9705882352941176
, generated\gt\sample_000009.krn, generated\xml_oemer\sample_000009.xml, 0, 0., 589, 33.07130825379001, 2, 0.11229646266142616, 16, 0.8983717012914093, 0, 0., 0, 0., 1, 0.05614823133071308, 0, 0., 0, 0., 0, 0., 0, 0., 0, 0., 0, 0., 1, 0.05614823133071308, 4, 0.22459292532285233, 3, 0.16844469399213924, 0, 0., 0, 0., 0, 0., 0, 0., 0, 0., 0, 0., 3, 0.16844469399213924, 0, 0., 0, 0., 0, 0., 0, 0., 0, 0., 0, 0., 0, 0., 0, 0., 0, 0., 1157, 64.96350364963503, 0, 0., 0, 0., 0, 0., 5, 0.2807411566535654, 0, 0., 0, 0., 259, 1575, 1834, 1781, 0.9711014176663032
, generated\gt\sample_000197.krn, generated\xml_oemer\sample_000197.xml, 0, 0., 808, 28.877769835596855, 0, 0., 15, 0.536097212294496, 1, 0.035739814152966405, 30, 1.072194424588992, 3, 0.10721944245889921, 0, 0., 0, 0., 0, 0., 0, 0., 0, 0., 0, 0., 1, 0.035739814152966405, 4, 0.14295925661186562, 1, 0.035739814152966405, 0, 0., 0, 0., 0, 0., 0, 0., 0, 0., 0, 0., 0, 0., 0, 0., 0, 0., 0, 0., 0, 0., 0, 0., 0, 0., 0, 0., 0, 0., 0, 0., 1930, 68.97784131522516, 0, 0., 0, 0., 0, 0., 5, 0.17869907076483202, 0, 0., 0, 0., 721, 2160, 2881, 2798, 0.9711905588337383
, generated\gt\sample_000426.krn, generated\xml_oemer\sample_000426.xml, 0, 0., 356, 17.493857493857494, 2, 0.09828009828009827, 15, 0.7371007371007371, 1, 0.04914004914004914, 0, 0., 0, 0., 0, 0., 0, 0., 0, 0., 0, 0., 0, 0., 0, 0., 2, 0.09828009828009827, 4, 0.19656019656019655, 2, 0.09828009828009827, 0, 0., 0, 0., 0, 0., 0, 0., 0, 0., 0, 0., 6, 0.29484029484029484, 0, 0., 0, 0., 0, 0., 0, 0., 0, 0., 0, 0., 0, 0., 0, 0., 0, 0., 1642, 80.68796068796068, 0, 0., 0, 0., 0, 0., 5, 0.2457002457002457, 0, 0., 0, 0., 302, 1792, 2094, 2035, 0.9718242597898759
, generated\gt\sample_000306.krn, generated\xml_oemer\sample_000306.xml, 0, 0., 549, 26.031294452347083, 0, 0., 15, 0.7112375533428165, 0, 0., 0, 0., 0, 0., 0, 0., 0, 0., 0, 0., 0, 0., 0, 0., 0, 0., 2, 0.0948316737790422, 4, 0.1896633475580844, 6, 0.2844950213371266, 0, 0., 0, 0., 0, 0., 0, 0., 0, 0., 0, 0., 0, 0., 0, 0., 0, 0., 0, 0., 0, 0., 0, 0., 0, 0., 0, 0., 0, 0., 0, 0., 1528, 72.45139876718824, 0, 0., 0, 0., 0, 0., 5, 0.2370791844476055, 0, 0., 0, 0., 284, 1886, 2170, 2109, 0.971889400921659
, generated\gt\sample_000384.krn, generated\xml_oemer\sample_000384.xml, 0, 0., 438, 18.06930693069307, 0, 0., 18, 0.7425742574257426, 0, 0., 0, 0., 0, 0., 0, 0., 0, 0., 0, 0., 5, 0.20627062706270627, 1, 0.041254125412541254, 0, 0., 0, 0., 2, 0.08250825082508251, 0, 0., 0, 0., 0, 0., 0, 0., 0, 0., 0, 0., 0, 0., 6, 0.24752475247524752, 0, 0., 0, 0., 0, 0., 0, 0., 0, 0., 0, 0., 0, 0., 0, 0., 0, 0., 1954, 80.61056105610561, 0, 0., 0, 0., 0, 0., 0, 0., 0, 0., 0, 0., 211, 2279, 2490, 2424, 0.9734939759036144
, generated\gt\sample_000264.krn, generated\xml_oemer\sample_000264.xml, 0, 0., 413, 79.88394584139265, 0, 0., 0, 0., 0, 0., 0, 0., 0, 0., 0, 0., 0, 0., 0, 0., 0, 0., 0, 0., 0, 0., 3, 0.5802707930367504, 2, 0.38684719535783363, 0, 0., 0, 0., 0, 0., 3, 0.5802707930367504, 0, 0., 0, 0., 0, 0., 4, 0.7736943907156673, 0, 0., 0, 0., 0, 0., 0, 0., 0, 0., 0, 0., 0, 0., 0, 0., 0, 0., 87, 16.827852998065765, 0, 0., 0, 0., 0, 0., 5, 0.9671179883945842, 0, 0., 0, 0., 237, 294, 531, 517, 0.9736346516007532
, generated\gt\sample_000266.krn, generated\xml_oemer\sample_000266.xml, 0, 0., 90, 21.634615384615383, 0, 0., 2, 0.4807692307692308, 0, 0., 0, 0., 0, 0., 0, 0., 0, 0., 0, 0., 0, 0., 0, 0., 0, 0., 1, 0.2403846153846154, 2, 0.4807692307692308, 1, 0.2403846153846154, 0, 0., 0, 0., 0, 0., 0, 0., 0, 0., 0, 0., 0, 0., 0, 0., 0, 0., 0, 0., 0, 0., 0, 0., 0, 0., 0, 0., 0, 0., 0, 0., 320, 76.92307692307692, 0, 0., 0, 0., 0, 0., 0, 0., 0, 0., 0, 0., 92, 335, 427, 416, 0.9742388758782201
, generated\gt\sample_000201.krn, generated\xml_oemer\sample_000201.xml, 0, 0., 636, 31.943746860873933, 4, 0.20090406830738322, 15, 0.7533902561526871, 3, 0.15067805123053743, 8, 0.40180813661476644, 2, 0.10045203415369161, 0, 0., 0, 0., 0, 0., 0, 0., 1, 0.050226017076845805, 0, 0., 2, 0.10045203415369161, 4, 0.20090406830738322, 2, 0.10045203415369161, 0, 0., 0, 0., 0, 0., 0, 0., 0, 0., 0, 0., 12, 0.6027122049221497, 0, 0., 0, 0., 0, 0., 0, 0., 0, 0., 0, 0., 0, 0., 0, 0., 0, 0., 1297, 65.14314414866901, 0, 0., 0, 0., 0, 0., 5, 0.25113008538422904, 0, 0., 0, 0., 448, 1594, 2042, 1991, 0.975024485798237
, generated\gt\sample_000583.krn, generated\xml_oemer\sample_000583.xml, 0, 0., 342, 16.231608922638824, 0, 0., 3, 0.14238253440911247, 0, 0., 4, 0.18984337921214997, 5, 0.23730422401518747, 0, 0., 0, 0., 0, 0., 0, 0., 0, 0., 0, 0., 2, 0.09492168960607499, 4, 0.18984337921214997, 2, 0.09492168960607499, 0, 0., 0, 0., 0, 0., 0, 0., 0, 0., 0, 0., 3, 0.14238253440911247, 0, 0., 0, 0., 0, 0., 0, 0., 0, 0., 0, 0., 0, 0., 0, 0., 0, 0., 1737, 82.43948742287613, 0, 0., 0, 0., 0, 0., 5, 0.23730422401518747, 0, 0., 0, 0., 344, 1816, 2160, 2107, 0.975462962962963
, generated\gt\sample_000656.krn, generated\xml_oemer\sample_000656.xml, 0, 0., 350, 16.203703703703702, 0, 0., 6, 0.2777777777777778, 0, 0., 0, 0., 5, 0.23148148148148148, 0, 0., 0, 0., 0, 0., 0, 0., 0, 0., 0, 0., 3, 0.1388888888888889, 4, 0.18518518518518517, 1, 0.046296296296296294, 0, 0., 0, 0., 0, 0., 0, 0., 0, 0., 0, 0., 0, 0., 0, 0., 0, 0., 0, 0., 0, 0., 0, 0., 0, 0., 0, 0., 0, 0., 0, 0., 1786, 82.68518518518519, 0, 0., 0, 0., 0, 0., 5, 0.23148148148148148, 0, 0., 0, 0., 374, 1840, 2214, 2160, 0.975609756097561
, generated\gt\sample_000658.krn, generated\xml_oemer\sample_000658.xml, 0, 0., 711, 33.77672209026128, 0, 0., 13, 0.6175771971496437, 4, 0.19002375296912113, 0, 0., 2, 0.09501187648456057, 0, 0., 0, 0., 0, 0., 0, 0., 0, 0., 0, 0., 0, 0., 4, 0.19002375296912113, 3, 0.14251781472684086, 0, 0., 0, 0., 0, 0., 0, 0., 0, 0., 0, 0., 3, 0.14251781472684086, 0, 0., 0, 0., 0, 0., 0, 0., 0, 0., 0, 0., 0, 0., 0, 0., 0, 0., 1360, 64.60807600950119, 0, 0., 0, 0., 0, 0., 5, 0.2375296912114014, 0, 0., 0, 0., 314, 1840, 2154, 2105, 0.9772516248839369
, generated\gt\sample_000100.krn, generated\xml_oemer\sample_000100.xml, 0, 0., 186, 10.562180579216355, 10, 0.5678591709256104, 4, 0.2271436683702442, 0, 0., 0, 0., 2, 0.1135718341851221, 0, 0., 0, 0., 0, 0., 0, 0., 3, 0.17035775127768313, 0, 0., 2, 0.1135718341851221, 4, 0.2271436683702442, 0, 0., 0, 0., 0, 0., 3, 0.17035775127768313, 0, 0., 0, 0., 0, 0., 4, 0.2271436683702442, 0, 0., 0, 0., 0, 0., 0, 0., 0, 0., 0, 0., 0, 0., 0, 0., 0, 0., 1538, 87.33674048835888, 0, 0., 0, 0., 0, 0., 5, 0.2839295854628052, 0, 0., 0, 0., 263, 1536, 1799, 1761, 0.9788771539744302
, generated\gt\sample_000150.krn, generated\xml_oemer\sample_000150.xml, 0, 0., 288, 14.853017019082001, 2, 0.10314595152140278, 11, 0.5673027333677153, 0, 0., 0, 0., 2, 0.10314595152140278, 0, 0., 0, 0., 0, 0., 0, 0., 0, 0., 0, 0., 3, 0.15471892728210418, 4, 0.20629190304280556, 7, 0.36101083032490977, 0, 0., 0, 0., 0, 0., 0, 0., 0, 0., 0, 0., 0, 0., 0, 0., 0, 0., 0, 0., 0, 0., 0, 0., 0, 0., 0, 0., 0, 0., 0, 0., 1617, 83.39350180505416, 0, 0., 0, 0., 0, 0., 5, 0.25786487880350695, 0, 0., 0, 0., 389, 1591, 1980, 1939, 0.9792929292929293
, generated\gt\sample_000119.krn, generated\xml_oemer\sample_000119.xml, 0, 0., 244, 41.78082191780822, 0, 0., 4, 0.684931506849315, 0, 0., 4, 0.684931506849315, 0, 0., 0, 0., 0, 0., 0, 0., 0, 0., 0, 0., 0, 0., 2, 0.3424657534246575, 2, 0.3424657534246575, 1, 0.17123287671232876, 0, 0., 0, 0., 0, 0., 0, 0., 0, 0., 0, 0., 0, 0., 0, 0., 0, 0., 0, 0., 0, 0., 0, 0., 0, 0., 0, 0., 0, 0., 0, 0., 327, 55.99315068493151, 0, 0., 0, 0., 0, 0., 0, 0., 0, 0., 0, 0., 263, 333, 596, 584, 0.9798657718120806
, generated\gt\sample_000260.krn, generated\xml_oemer\sample_000260.xml, 0, 0., 346, 15.384615384615385, 2, 0.08892841262783459, 11, 0.48910626945309027, 0, 0., 18, 0.8003557136505114, 0, 0., 0, 0., 0, 0., 0, 0., 0, 0., 0, 0., 0, 0., 0, 0., 2, 0.08892841262783459, 1, 0.044464206313917294, 0, 0., 0, 0., 0, 0., 0, 0., 0, 0., 0, 0., 0, 0., 0, 0., 0, 0., 0, 0., 0, 0., 0, 0., 0, 0., 0, 0., 0, 0., 0, 0., 1869, 83.10360160071143, 0, 0., 0, 0., 0, 0., 0, 0., 0, 0., 0, 0., 252, 2043, 2295, 2249, 0.9799564270152505
, generated\gt\sample_000167.krn, generated\xml_oemer\sample_000167.xml, 0, 0., 273, 17.344345616264295, 0, 0., 4, 0.25412960609911056, 0, 0., 0, 0., 1, 0.06353240152477764, 0, 0., 0, 0., 0, 0., 0, 0., 0, 0., 0, 0., 3, 0.1905972045743329, 4, 0.25412960609911056, 1, 0.06353240152477764, 0, 0., 3, 0.1905972045743329, 0, 0., 0, 0., 0, 0., 0, 0., 0, 0., 0, 0., 0, 0., 0, 0., 0, 0., 0, 0., 0, 0., 0, 0., 0, 0., 0, 0., 1280, 81.32147395171538, 0, 0., 0, 0., 0, 0., 5, 0.3176620076238882, 0, 0., 0, 0., 256, 1345, 1601, 1574, 0.9831355402873204
, generated\gt\sample_000665.krn, generated\xml_oemer\sample_000665.xml, 0, 0., 272, 45.107794361525706, 0, 0., 1, 0.16583747927031509, 0, 0., 0, 0., 0, 0., 0, 0., 0, 0., 0, 0., 0, 0., 0, 0., 0, 0., 0, 0., 1, 0.16583747927031509, 2, 0.33167495854063017, 0, 0., 0, 0., 0, 0., 0, 0., 0, 0., 0, 0., 1, 0.16583747927031509, 0, 0., 0, 0., 0, 0., 0, 0., 0, 0., 0, 0., 0, 0., 0, 0., 0, 0., 326, 54.06301824212272, 0, 0., 0, 0., 0, 0., 0, 0., 0, 0., 0, 0., 113, 500, 613, 603, 0.9836867862969005
, generated\gt\sample_000446.krn, generated\xml_oemer\sample_000446.xml, 0, 0., 138, 14.854682454251884, 2, 0.21528525296017223, 2, 0.21528525296017223, 0, 0., 0, 0., 0, 0., 0, 0., 0, 0., 0, 0., 0, 0., 0, 0., 0, 0., 4, 0.43057050592034446, 4, 0.43057050592034446, 0, 0., 0, 0., 0, 0., 0, 0., 0, 0., 0, 0., 0, 0., 3, 0.32292787944025836, 0, 0., 0, 0., 0, 0., 0, 0., 0, 0., 0, 0., 0, 0., 0, 0., 0, 0., 771, 82.9924650161464, 0, 0., 0, 0., 0, 0., 5, 0.5382131324004306, 0, 0., 0, 0., 256, 687, 943, 929, 0.985153764581124
Total:, , , 0, 0., 151878, 18.78374049700641, 2858, 0.35346745638238797, 12722, 1.5734125192780755, 1197, 0.1480407786178161, 466, 0.057633252160319386, 1316, 0.16275828292485045, 0, 0., 0, 0., 316, 0.039081776143049196, 1286, 0.15904798772139642, 131, 0.016201622388415965, 0, 0., 749, 0.09263370357956914, 1921, 0.2375825695278402, 1141, 0.14111489423803522, 0, 0., 288, 0.03561883395315876, 284, 0.035124127926031555, 0, 0., 0, 0., 0, 0., 2502, 0.3094386199680667, 0, 0., 8, 0.00098941205425441, 4, 0.000494706027127205, 0, 0., 0, 0., 0, 0., 0, 0., 0, 0., 0, 0., 625111, 77.31154483087856, 1983, 0.24525051294831188, 0, 0., 35, 0.004328677737363043, 2365, 0.29249493853895997, 0, 0., 0, 0., 142139, 745157, 887296, 808561, 0.9112641102856318
, gtpath, predpath, bad kern syntax OMR-ED, bad kern syntax % contribution to OMR-NED, wrong note OMR-ED, wrong note % contribution to OMR-NED, wrong note head OMR-ED, wrong note head % contribution to OMR-NED, wrong flag/beam OMR-ED, wrong flag/beam % contribution to OMR-NED, wrong dot OMR-ED, wrong dot % contribution to OMR-NED, wrong tuplet OMR-ED, wrong tuplet % contribution to OMR-NED, wrong accidental OMR-ED, wrong accidental % contribution to OMR-NED, wrong note stem OMR-ED, wrong note stem % contribution to OMR-NED, wrong graceness OMR-ED, wrong graceness % contribution to OMR-NED, wrong tie OMR-ED, wrong tie % contribution to OMR-NED, wrong articulation OMR-ED, wrong articulation % contribution to OMR-NED, wrong ornament OMR-ED, wrong ornament % contribution to OMR-NED, wrong lyric OMR-ED, wrong lyric % contribution to OMR-NED, wrong clef OMR-ED, wrong clef % contribution to OMR-NED, wrong timesig OMR-ED, wrong timesig % contribution to OMR-NED, wrong keysig OMR-ED, wrong keysig % contribution to OMR-NED, wrong tempo OMR-ED, wrong tempo % contribution to OMR-NED, wrong barline OMR-ED, wrong barline % contribution to OMR-NED, wrong direction OMR-ED, wrong direction % contribution to OMR-NED, wrong dynamic OMR-ED, wrong dynamic % contribution to OMR-NED, wrong crescendo OMR-ED, wrong crescendo % contribution to OMR-NED, wrong diminuendo OMR-ED, wrong diminuendo % contribution to OMR-NED, wrong slur OMR-ED, wrong slur % contribution to OMR-NED, wrong ottava OMR-ED, wrong ottava % contribution to OMR-NED, wrong multi-staff arpeggio OMR-ED, wrong multi-staff arpeggio % contribution to OMR-NED, wrong fingered tremolo OMR-ED, wrong fingered tremolo % contribution to OMR-NED, wrong chord symbol OMR-ED, wrong chord symbol % contribution to OMR-NED, wrong ending OMR-ED, wrong ending % contribution to OMR-NED, wrong staff info OMR-ED, wrong staff info % contribution to OMR-NED, wrong system break OMR-ED, wrong system break % contribution to OMR-NED, wrong page break OMR-ED, wrong page break % contribution to OMR-NED, wrong other object OMR-ED, wrong other object % contribution to OMR-NED, entire measure insert/delete OMR-ED, entire measure insert/delete % contribution to OMR-NED, entire staff insert/delete OMR-ED, entire staff insert/delete % contribution to OMR-NED, wrong metadata OMR-ED, wrong metadata % contribution to OMR-NED, wrong staff group OMR-ED, wrong staff group % contribution to OMR-NED, wrong staff group name/abbrev OMR-ED, wrong staff group name/abbrev % contribution to OMR-NED, wrong staff group brace OMR-ED, wrong staff group brace % contribution to OMR-NED, wrong staff group barline OMR-ED, wrong staff group barline % contribution to OMR-NED, gt numsyms, pred numsyms, total numsyms (in both scores), OMR-ED (OMR Edit Distance), OMR-NED (OMR-ED / total numsyms)
