, gtpath, predpath, bad kern syntax OMR-ED, bad kern syntax % contribution to OMR-NED, wrong note OMR-ED, wrong note % contribution to OMR-NED, wrong note head OMR-ED, wrong note head % contribution to OMR-NED, wrong flag/beam OMR-ED, wrong flag/beam % contribution to OMR-NED, wrong dot OMR-ED, wrong dot % contribution to OMR-NED, wrong tuplet OMR-ED, wrong tuplet % contribution to OMR-NED, wrong accidental OMR-ED, wrong accidental % contribution to OMR-NED, wrong note stem OMR-ED, wrong note stem % contribution to OMR-NED, wrong graceness OMR-ED, wrong graceness % contribution to OMR-NED, wrong tie OMR-ED, wrong tie % contribution to OMR-NED, wrong articulation OMR-ED, wrong articulation % contribution to OMR-NED, wrong ornament OMR-ED, wrong ornament % contribution to OMR-NED, wrong lyric OMR-ED, wrong lyric % contribution to OMR-NED, wrong clef OMR-ED, wrong clef % contribution to OMR-NED, wrong timesig OMR-ED, wrong timesig % contribution to OMR-NED, wrong keysig OMR-ED, wrong keysig % contribution to OMR-NED, wrong tempo OMR-ED, wrong tempo % contribution to OMR-NED, wrong barline OMR-ED, wrong barline % contribution to OMR-NED, wrong direction OMR-ED, wrong direction % contribution to OMR-NED, wrong dynamic OMR-ED, wrong dynamic % contribution to OMR-NED, wrong crescendo OMR-ED, wrong crescendo % contribution to OMR-NED, wrong diminuendo OMR-ED, wrong diminuendo % contribution to OMR-NED, wrong slur OMR-ED, wrong slur % contribution to OMR-NED, wrong ottava OMR-ED, wrong ottava % contribution to OMR-NED, wrong multi-staff arpeggio OMR-ED, wrong multi-staff arpeggio % contribution to OMR-NED, wrong fingered tremolo OMR-ED, wrong fingered tremolo % contribution to OMR-NED, wrong chord symbol OMR-ED, wrong chord symbol % contribution to OMR-NED, wrong ending OMR-ED, wrong ending % contribution to OMR-NED, wrong staff info OMR-ED, wrong staff info % contribution to OMR-NED, wrong system break OMR-ED, wrong system break % contribution to OMR-NED, wrong page break OMR-ED, wrong page break % contribution to OMR-NED, wrong other object OMR-ED, wrong other object % contribution to OMR-NED, entire measure insert/delete OMR-ED, entire measure insert/delete % contribution to OMR-NED, entire staff insert/delete OMR-ED, entire staff insert/delete % contribution to OMR-NED, wrong metadata OMR-ED, wrong metadata % contribution to OMR-NED, wrong staff group OMR-ED, wrong staff group % contribution to OMR-NED, wrong staff group name/abbrev OMR-ED, wrong staff group name/abbrev % contribution to OMR-NED, wrong staff group brace OMR-ED, wrong staff group brace % contribution to OMR-NED, wrong staff group barline OMR-ED, wrong staff group barline % contribution to OMR-NED, gt numsyms, pred numsyms, total numsyms (in both scores), OMR-ED (OMR Edit Distance), OMR-NED (OMR-ED / total numsyms)
, generated\gt\sample_000346.krn, generated\xml_trimmed\sample_000346.xml, 0, 0., 3, 37.5, 0, 0., 0, 0., 0, 0., 0, 0., 0, 0., 0, 0., 0, 0., 0, 0., 1, 12.5, 0, 0., 0, 0., 0, 0., 0, 0., 1, 12.5, 0, 0., 0, 0., 0, 0., 0, 0., 0, 0., 0, 0., 3, 37.5, 0, 0., 0, 0., 0, 0., 0, 0., 0, 0., 0, 0., 0, 0., 0, 0., 0, 0., 0, 0., 0, 0., 0, 0., 0, 0., 0, 0., 0, 0., 0, 0., 234, 240, 474, 8, 0.016877637130801686
, generated\gt\sample_000074.krn, generated\xml_trimmed\sample_000074.xml, 0, 0., 0, 0., 0, 0., 0, 0., 0, 0., 0, 0., 0, 0., 0, 0., 0, 0., 0, 0., 0, 0., 0, 0., 0, 0., 0, 0., 4, 40.0, 0, 0., 0, 0., 0, 0., 0, 0., 1, 10.0, 0, 0., 0, 0., 0, 0., 0, 0., 0, 0., 0, 0., 0, 0., 0, 0., 0, 0., 0, 0., 0, 0., 0, 0., 0, 0., 0, 0., 0, 0., 0, 0., 5, 50.0, 0, 0., 0, 0., 239, 241, 480, 10, 0.020833333333333332
, generated\gt\sample_000497.krn, generated\xml_trimmed\sample_000497.xml, 0, 0., 0, 0., 0, 0., 0, 0., 0, 0., 0, 0., 0, 0., 0, 0., 0, 0., 0, 0., 1, 14.285714285714286, 2, 28.571428571428573, 0, 0., 0, 0., 0, 0., 0, 0., 0, 0., 0, 0., 0, 0., 0, 0., 0, 0., 0, 0., 4, 57.142857142857146, 0, 0., 0, 0., 0, 0., 0, 0., 0, 0., 0, 0., 0, 0., 0, 0., 0, 0., 0, 0., 0, 0., 0, 0., 0, 0., 0, 0., 0, 0., 0, 0., 162, 165, 327, 7, 0.021406727828746176
, generated\gt\sample_000073.krn, generated\xml_trimmed\sample_000073.xml, 0, 0., 0, 0., 0, 0., 0, 0., 0, 0., 0, 0., 0, 0., 0, 0., 0, 0., 0, 0., 2, 15.384615384615385, 0, 0., 0, 0., 0, 0., 4, 30.76923076923077, 0, 0., 0, 0., 0, 0., 0, 0., 2, 15.384615384615385, 0, 0., 0, 0., 0, 0., 0, 0., 0, 0., 0, 0., 0, 0., 0, 0., 0, 0., 0, 0., 0, 0., 0, 0., 0, 0., 0, 0., 0, 0., 0, 0., 5, 38.46153846153846, 0, 0., 0, 0., 275, 280, 555, 13, 0.023423423423423424
, generated\gt\sample_000511.krn, generated\xml_trimmed\sample_000511.xml, 0, 0., 2, 22.22222222222222, 0, 0., 1, 11.11111111111111, 0, 0., 0, 0., 0, 0., 0, 0., 0, 0., 0, 0., 1, 11.11111111111111, 0, 0., 0, 0., 0, 0., 0, 0., 0, 0., 0, 0., 0, 0., 0, 0., 0, 0., 0, 0., 0, 0., 5, 55.55555555555556, 0, 0., 0, 0., 0, 0., 0, 0., 0, 0., 0, 0., 0, 0., 0, 0., 0, 0., 0, 0., 0, 0., 0, 0., 0, 0., 0, 0., 0, 0., 0, 0., 188, 195, 383, 9, 0.02349869451697128
, generated\gt\sample_000006.krn, generated\xml_trimmed\sample_000006.xml, 0, 0., 0, 0., 0, 0., 0, 0., 0, 0., 0, 0., 0, 0., 0, 0., 0, 0., 2, 12.5, 0, 0., 1, 6.25, 0, 0., 0, 0., 4, 25.0, 0, 0., 0, 0., 0, 0., 0, 0., 1, 6.25, 0, 0., 0, 0., 3, 18.75, 0, 0., 0, 0., 0, 0., 0, 0., 0, 0., 0, 0., 0, 0., 0, 0., 0, 0., 0, 0., 0, 0., 0, 0., 0, 0., 5, 31.25, 0, 0., 0, 0., 325, 328, 653, 16, 0.02450229709035222
, generated\gt\sample_000206.krn, generated\xml_trimmed\sample_000206.xml, 0, 0., 0, 0., 0, 0., 0, 0., 0, 0., 0, 0., 1, 8.333333333333334, 0, 0., 0, 0., 0, 0., 3, 25.0, 0, 0., 0, 0., 0, 0., 0, 0., 1, 8.333333333333334, 0, 0., 0, 0., 0, 0., 0, 0., 0, 0., 0, 0., 7, 58.333333333333336, 0, 0., 0, 0., 0, 0., 0, 0., 0, 0., 0, 0., 0, 0., 0, 0., 0, 0., 0, 0., 0, 0., 0, 0., 0, 0., 0, 0., 0, 0., 0, 0., 204, 213, 417, 12, 0.02877697841726619
, generated\gt\sample_000344.krn, generated\xml_trimmed\sample_000344.xml, 0, 0., 0, 0., 0, 0., 0, 0., 0, 0., 0, 0., 0, 0., 0, 0., 0, 0., 1, 16.666666666666668, 0, 0., 0, 0., 0, 0., 0, 0., 0, 0., 1, 16.666666666666668, 0, 0., 3, 50.0, 0, 0., 0, 0., 0, 0., 0, 0., 1, 16.666666666666668, 0, 0., 0, 0., 0, 0., 0, 0., 0, 0., 0, 0., 0, 0., 0, 0., 0, 0., 0, 0., 0, 0., 0, 0., 0, 0., 0, 0., 0, 0., 0, 0., 101, 101, 202, 6, 0.0297029702970297
, generated\gt\sample_000005.krn, generated\xml_trimmed\sample_000005.xml, 0, 0., 0, 0., 0, 0., 8, 38.095238095238095, 2, 9.523809523809524, 0, 0., 0, 0., 0, 0., 0, 0., 0, 0., 0, 0., 0, 0., 0, 0., 0, 0., 4, 19.047619047619047, 0, 0., 0, 0., 0, 0., 0, 0., 0, 0., 0, 0., 0, 0., 2, 9.523809523809524, 0, 0., 0, 0., 0, 0., 0, 0., 0, 0., 0, 0., 0, 0., 0, 0., 0, 0., 0, 0., 0, 0., 0, 0., 0, 0., 5, 23.80952380952381, 0, 0., 0, 0., 347, 338, 685, 21, 0.030656934306569343
, generated\gt\sample_000072.krn, generated\xml_trimmed\sample_000072.xml, 0, 0., 6, 37.5, 0, 0., 0, 0., 0, 0., 0, 0., 1, 6.25, 0, 0., 0, 0., 0, 0., 0, 0., 0, 0., 0, 0., 0, 0., 4, 25.0, 0, 0., 0, 0., 0, 0., 0, 0., 0, 0., 0, 0., 0, 0., 0, 0., 0, 0., 0, 0., 0, 0., 0, 0., 0, 0., 0, 0., 0, 0., 0, 0., 0, 0., 0, 0., 0, 0., 0, 0., 0, 0., 5, 31.25, 0, 0., 0, 0., 251, 247, 498, 16, 0.0321285140562249
, generated\gt\sample_000443.krn, generated\xml_trimmed\sample_000443.xml, 0, 0., 0, 0., 0, 0., 0, 0., 0, 0., 0, 0., 0, 0., 0, 0., 0, 0., 0, 0., 2, 11.11111111111111, 1, 5.555555555555555, 0, 0., 0, 0., 4, 22.22222222222222, 2, 11.11111111111111, 0, 0., 0, 0., 0, 0., 4, 22.22222222222222, 0, 0., 0, 0., 0, 0., 0, 0., 0, 0., 0, 0., 0, 0., 0, 0., 0, 0., 0, 0., 0, 0., 0, 0., 0, 0., 0, 0., 0, 0., 0, 0., 5, 27.77777777777778, 0, 0., 0, 0., 266, 272, 538, 18, 0.03345724907063197
, generated\gt\sample_000133.krn, generated\xml_trimmed\sample_000133.xml, 0, 0., 0, 0., 0, 0., 0, 0., 0, 0., 0, 0., 0, 0., 0, 0., 0, 0., 0, 0., 5, 45.45454545454545, 0, 0., 0, 0., 1, 9.090909090909092, 0, 0., 1, 9.090909090909092, 0, 0., 0, 0., 0, 0., 0, 0., 0, 0., 0, 0., 4, 36.36363636363637, 0, 0., 0, 0., 0, 0., 0, 0., 0, 0., 0, 0., 0, 0., 0, 0., 0, 0., 0, 0., 0, 0., 0, 0., 0, 0., 0, 0., 0, 0., 0, 0., 156, 167, 323, 11, 0.034055727554179564
, generated\gt\sample_000506.krn, generated\xml_trimmed\sample_000506.xml, 0, 0., 0, 0., 0, 0., 1, 5.882352941176471, 0, 0., 0, 0., 0, 0., 0, 0., 0, 0., 0, 0., 1, 5.882352941176471, 0, 0., 0, 0., 0, 0., 4, 23.529411764705884, 2, 11.764705882352942, 0, 0., 0, 0., 0, 0., 3, 17.647058823529413, 0, 0., 0, 0., 1, 5.882352941176471, 0, 0., 0, 0., 0, 0., 0, 0., 0, 0., 0, 0., 0, 0., 0, 0., 0, 0., 0, 0., 0, 0., 0, 0., 0, 0., 5, 29.41176470588235, 0, 0., 0, 0., 239, 238, 477, 17, 0.03563941299790356
, generated\gt\sample_000261.krn, generated\xml_trimmed\sample_000261.xml, 0, 0., 0, 0., 0, 0., 0, 0., 0, 0., 0, 0., 1, 9.090909090909092, 0, 0., 0, 0., 2, 18.181818181818183, 2, 18.181818181818183, 0, 0., 0, 0., 0, 0., 0, 0., 0, 0., 0, 0., 0, 0., 0, 0., 0, 0., 0, 0., 0, 0., 6, 54.54545454545455, 0, 0., 0, 0., 0, 0., 0, 0., 0, 0., 0, 0., 0, 0., 0, 0., 0, 0., 0, 0., 0, 0., 0, 0., 0, 0., 0, 0., 0, 0., 0, 0., 146, 155, 301, 11, 0.036544850498338874
, generated\gt\sample_000561.krn, generated\xml_trimmed\sample_000561.xml, 0, 0., 0, 0., 0, 0., 2, 15.384615384615385, 0, 0., 0, 0., 0, 0., 0, 0., 0, 0., 0, 0., 2, 15.384615384615385, 0, 0., 0, 0., 0, 0., 0, 0., 0, 0., 0, 0., 0, 0., 0, 0., 1, 7.6923076923076925, 1, 7.6923076923076925, 1, 7.6923076923076925, 1, 7.6923076923076925, 0, 0., 0, 0., 0, 0., 0, 0., 0, 0., 0, 0., 0, 0., 0, 0., 0, 0., 0, 0., 0, 0., 0, 0., 0, 0., 5, 38.46153846153846, 0, 0., 0, 0., 164, 176, 340, 13, 0.03823529411764706
, generated\gt\sample_000445.krn, generated\xml_trimmed\sample_000445.xml, 0, 0., 0, 0., 0, 0., 0, 0., 0, 0., 0, 0., 0, 0., 0, 0., 0, 0., 0, 0., 5, 22.727272727272727, 0, 0., 0, 0., 0, 0., 4, 18.181818181818183, 0, 0., 0, 0., 0, 0., 6, 27.272727272727273, 2, 9.090909090909092, 0, 0., 0, 0., 0, 0., 0, 0., 0, 0., 0, 0., 0, 0., 0, 0., 0, 0., 0, 0., 0, 0., 0, 0., 0, 0., 0, 0., 0, 0., 0, 0., 5, 22.727272727272727, 0, 0., 0, 0., 274, 287, 561, 22, 0.0392156862745098
, generated\gt\sample_000564.krn, generated\xml_trimmed\sample_000564.xml, 0, 0., 10, 43.47826086956522, 0, 0., 1, 4.3478260869565215, 0, 0., 0, 0., 0, 0., 0, 0., 0, 0., 0, 0., 1, 4.3478260869565215, 0, 0., 0, 0., 0, 0., 4, 17.391304347826086, 0, 0., 0, 0., 0, 0., 0, 0., 0, 0., 0, 0., 0, 0., 2, 8.695652173913043, 0, 0., 0, 0., 0, 0., 0, 0., 0, 0., 0, 0., 0, 0., 0, 0., 0, 0., 0, 0., 0, 0., 0, 0., 0, 0., 5, 21.73913043478261, 0, 0., 0, 0., 292, 281, 573, 23, 0.04013961605584642
, generated\gt\sample_000284.krn, generated\xml_trimmed\sample_000284.xml, 0, 0., 4, 22.22222222222222, 0, 0., 0, 0., 0, 0., 0, 0., 0, 0., 0, 0., 0, 0., 0, 0., 3, 16.666666666666668, 1, 5.555555555555555, 0, 0., 0, 0., 2, 11.11111111111111, 0, 0., 0, 0., 0, 0., 0, 0., 1, 5.555555555555555, 0, 0., 0, 0., 2, 11.11111111111111, 0, 0., 0, 0., 0, 0., 0, 0., 0, 0., 0, 0., 0, 0., 0, 0., 0, 0., 0, 0., 0, 0., 0, 0., 0, 0., 5, 27.77777777777778, 0, 0., 0, 0., 212, 210, 422, 18, 0.04265402843601896
, generated\gt\sample_000007.krn, generated\xml_trimmed\sample_000007.xml, 0, 0., 22, 48.888888888888886, 0, 0., 0, 0., 5, 11.11111111111111, 0, 0., 1, 2.2222222222222223, 0, 0., 0, 0., 0, 0., 5, 11.11111111111111, 0, 0., 0, 0., 0, 0., 4, 8.88888888888889, 0, 0., 0, 0., 0, 0., 0, 0., 1, 2.2222222222222223, 0, 0., 0, 0., 2, 4.444444444444445, 0, 0., 0, 0., 0, 0., 0, 0., 0, 0., 0, 0., 0, 0., 0, 0., 0, 0., 0, 0., 0, 0., 0, 0., 0, 0., 5, 11.11111111111111, 0, 0., 0, 0., 464, 464, 928, 45, 0.04849137931034483
, generated\gt\sample_000437.krn, generated\xml_trimmed\sample_000437.xml, 0, 0., 0, 0., 0, 0., 0, 0., 0, 0., 0, 0., 1, 7.6923076923076925, 0, 0., 0, 0., 0, 0., 0, 0., 0, 0., 0, 0., 0, 0., 0, 0., 0, 0., 0, 0., 0, 0., 0, 0., 0, 0., 0, 0., 0, 0., 12, 92.3076923076923, 0, 0., 0, 0., 0, 0., 0, 0., 0, 0., 0, 0., 0, 0., 0, 0., 0, 0., 0, 0., 0, 0., 0, 0., 0, 0., 0, 0., 0, 0., 0, 0., 124, 135, 259, 13, 0.05019305019305019
, generated\gt\sample_000556.krn, generated\xml_trimmed\sample_000556.xml, 0, 0., 13, 65.0, 0, 0., 0, 0., 0, 0., 2, 10.0, 0, 0., 0, 0., 0, 0., 0, 0., 2, 10.0, 0, 0., 0, 0., 0, 0., 0, 0., 0, 0., 0, 0., 0, 0., 0, 0., 0, 0., 0, 0., 0, 0., 3, 15.0, 0, 0., 0, 0., 0, 0., 0, 0., 0, 0., 0, 0., 0, 0., 0, 0., 0, 0., 0, 0., 0, 0., 0, 0., 0, 0., 0, 0., 0, 0., 0, 0., 176, 183, 359, 20, 0.055710306406685235
, generated\gt\sample_000011.krn, generated\xml_trimmed\sample_000011.xml, 0, 0., 15, 45.45454545454545, 0, 0., 0, 0., 0, 0., 0, 0., 2, 6.0606060606060606, 0, 0., 0, 0., 0, 0., 3, 9.090909090909092, 1, 3.0303030303030303, 0, 0., 0, 0., 4, 12.121212121212121, 0, 0., 0, 0., 0, 0., 0, 0., 1, 3.0303030303030303, 0, 0., 0, 0., 2, 6.0606060606060606, 0, 0., 0, 0., 0, 0., 0, 0., 0, 0., 0, 0., 0, 0., 0, 0., 0, 0., 0, 0., 0, 0., 0, 0., 0, 0., 5, 15.151515151515152, 0, 0., 0, 0., 301, 288, 589, 33, 0.05602716468590832
, generated\gt\sample_000354.krn, generated\xml_trimmed\sample_000354.xml, 0, 0., 12, 63.1578947368421, 0, 0., 0, 0., 0, 0., 0, 0., 1, 5.2631578947368425, 0, 0., 0, 0., 0, 0., 0, 0., 0, 0., 0, 0., 0, 0., 0, 0., 0, 0., 0, 0., 0, 0., 0, 0., 0, 0., 0, 0., 0, 0., 6, 31.57894736842105, 0, 0., 0, 0., 0, 0., 0, 0., 0, 0., 0, 0., 0, 0., 0, 0., 0, 0., 0, 0., 0, 0., 0, 0., 0, 0., 0, 0., 0, 0., 0, 0., 164, 170, 334, 19, 0.05688622754491018
, generated\gt\sample_000378.krn, generated\xml_trimmed\sample_000378.xml, 0, 0., 6, 30.0, 0, 0., 0, 0., 0, 0., 0, 0., 2, 10.0, 0, 0., 0, 0., 0, 0., 2, 10.0, 0, 0., 0, 0., 0, 0., 0, 0., 2, 10.0, 0, 0., 0, 0., 0, 0., 1, 5.0, 0, 0., 0, 0., 2, 10.0, 0, 0., 0, 0., 0, 0., 0, 0., 0, 0., 0, 0., 0, 0., 0, 0., 0, 0., 0, 0., 0, 0., 0, 0., 0, 0., 5, 25.0, 0, 0., 0, 0., 167, 169, 336, 20, 0.05952380952380952
, generated\gt\sample_000171.krn, generated\xml_trimmed\sample_000171.xml, 0, 0., 2, 9.090909090909092, 0, 0., 0, 0., 4, 18.181818181818183, 0, 0., 0, 0., 0, 0., 0, 0., 0, 0., 2, 9.090909090909092, 0, 0., 0, 0., 0, 0., 0, 0., 2, 9.090909090909092, 0, 0., 0, 0., 0, 0., 5, 22.727272727272727, 0, 0., 1, 4.545454545454546, 1, 4.545454545454546, 0, 0., 0, 0., 0, 0., 0, 0., 0, 0., 0, 0., 0, 0., 0, 0., 0, 0., 0, 0., 0, 0., 0, 0., 0, 0., 5, 22.727272727272727, 0, 0., 0, 0., 176, 182, 358, 22, 0.061452513966480445
, generated\gt\sample_000351.krn, generated\xml_trimmed\sample_000351.xml, 0, 0., 5, 62.5, 0, 0., 0, 0., 0, 0., 0, 0., 0, 0., 0, 0., 0, 0., 0, 0., 0, 0., 0, 0., 0, 0., 0, 0., 0, 0., 0, 0., 0, 0., 0, 0., 0, 0., 0, 0., 0, 0., 0, 0., 3, 37.5, 0, 0., 0, 0., 0, 0., 0, 0., 0, 0., 0, 0., 0, 0., 0, 0., 0, 0., 0, 0., 0, 0., 0, 0., 0, 0., 0, 0., 0, 0., 0, 0., 59, 63, 122, 8, 0.06557377049180328
, generated\gt\sample_000572.krn, generated\xml_trimmed\sample_000572.xml, 0, 0., 6, 31.57894736842105, 0, 0., 0, 0., 1, 5.2631578947368425, 0, 0., 0, 0., 0, 0., 0, 0., 1, 5.2631578947368425, 5, 26.31578947368421, 0, 0., 0, 0., 0, 0., 0, 0., 0, 0., 0, 0., 0, 0., 0, 0., 0, 0., 0, 0., 0, 0., 6, 31.57894736842105, 0, 0., 0, 0., 0, 0., 0, 0., 0, 0., 0, 0., 0, 0., 0, 0., 0, 0., 0, 0., 0, 0., 0, 0., 0, 0., 0, 0., 0, 0., 0, 0., 139, 146, 285, 19, 0.06666666666666667
, generated\gt\sample_000020.krn, generated\xml_trimmed\sample_000020.xml, 0, 0., 3, 10.714285714285714, 0, 0., 0, 0., 0, 0., 0, 0., 0, 0., 0, 0., 0, 0., 2, 7.142857142857143, 7, 25.0, 1, 3.5714285714285716, 0, 0., 0, 0., 0, 0., 1, 3.5714285714285716, 0, 0., 6, 21.428571428571427, 0, 0., 0, 0., 0, 0., 0, 0., 8, 28.571428571428573, 0, 0., 0, 0., 0, 0., 0, 0., 0, 0., 0, 0., 0, 0., 0, 0., 0, 0., 0, 0., 0, 0., 0, 0., 0, 0., 0, 0., 0, 0., 0, 0., 178, 188, 366, 28, 0.07650273224043716
, generated\gt\sample_000551.krn, generated\xml_trimmed\sample_000551.xml, 0, 0., 0, 0., 0, 0., 0, 0., 0, 0., 0, 0., 0, 0., 0, 0., 0, 0., 0, 0., 1, 10.0, 0, 0., 0, 0., 0, 0., 0, 0., 0, 0., 0, 0., 0, 0., 0, 0., 0, 0., 0, 0., 0, 0., 9, 90.0, 0, 0., 0, 0., 0, 0., 0, 0., 0, 0., 0, 0., 0, 0., 0, 0., 0, 0., 0, 0., 0, 0., 0, 0., 0, 0., 0, 0., 0, 0., 0, 0., 60, 70, 130, 10, 0.07692307692307693
, generated\gt\sample_000002.krn, generated\xml_trimmed\sample_000002.xml, 0, 0., 0, 0., 0, 0., 0, 0., 0, 0., 0, 0., 0, 0., 0, 0., 0, 0., 0, 0., 7, 25.0, 1, 3.5714285714285716, 0, 0., 0, 0., 0, 0., 0, 0., 0, 0., 2, 7.142857142857143, 0, 0., 0, 0., 0, 0., 0, 0., 18, 64.28571428571429, 0, 0., 0, 0., 0, 0., 0, 0., 0, 0., 0, 0., 0, 0., 0, 0., 0, 0., 0, 0., 0, 0., 0, 0., 0, 0., 0, 0., 0, 0., 0, 0., 166, 190, 356, 28, 0.07865168539325842
, generated\gt\sample_000444.krn, generated\xml_trimmed\sample_000444.xml, 0, 0., 16, 39.02439024390244, 0, 0., 0, 0., 0, 0., 0, 0., 0, 0., 0, 0., 0, 0., 0, 0., 5, 12.195121951219512, 0, 0., 0, 0., 0, 0., 4, 9.75609756097561, 0, 0., 0, 0., 0, 0., 4, 9.75609756097561, 7, 17.073170731707318, 0, 0., 0, 0., 0, 0., 0, 0., 0, 0., 0, 0., 0, 0., 0, 0., 0, 0., 0, 0., 0, 0., 0, 0., 0, 0., 0, 0., 0, 0., 0, 0., 5, 12.195121951219512, 0, 0., 0, 0., 252, 269, 521, 41, 0.07869481765834933
, generated\gt\sample_000353.krn, generated\xml_trimmed\sample_000353.xml, 0, 0., 16, 45.714285714285715, 0, 0., 0, 0., 0, 0., 0, 0., 0, 0., 0, 0., 0, 0., 0, 0., 6, 17.142857142857142, 0, 0., 0, 0., 0, 0., 0, 0., 0, 0., 0, 0., 0, 0., 0, 0., 0, 0., 0, 0., 0, 0., 13, 37.142857142857146, 0, 0., 0, 0., 0, 0., 0, 0., 0, 0., 0, 0., 0, 0., 0, 0., 0, 0., 0, 0., 0, 0., 0, 0., 0, 0., 0, 0., 0, 0., 0, 0., 198, 217, 415, 35, 0.08433734939759036
, generated\gt\sample_000415.krn, generated\xml_trimmed\sample_000415.xml, 0, 0., 0, 0., 0, 0., 0, 0., 6, 12.5, 0, 0., 0, 0., 0, 0., 0, 0., 0, 0., 4, 8.333333333333334, 0, 0., 0, 0., 0, 0., 0, 0., 0, 0., 0, 0., 0, 0., 0, 0., 2, 4.166666666666667, 0, 0., 0, 0., 3, 6.25, 0, 0., 0, 0., 0, 0., 0, 0., 0, 0., 0, 0., 0, 0., 0, 0., 0, 0., 20, 41.666666666666664, 0, 0., 0, 0., 13, 27.083333333333332, 0, 0., 0, 0., 0, 0., 272, 276, 548, 48, 0.08759124087591241
, generated\gt\sample_000479.krn, generated\xml_trimmed\sample_000479.xml, 0, 0., 16, 57.142857142857146, 0, 0., 0, 0., 0, 0., 0, 0., 2, 7.142857142857143, 0, 0., 0, 0., 0, 0., 1, 3.5714285714285716, 0, 0., 0, 0., 0, 0., 0, 0., 0, 0., 0, 0., 0, 0., 0, 0., 0, 0., 0, 0., 0, 0., 9, 32.142857142857146, 0, 0., 0, 0., 0, 0., 0, 0., 0, 0., 0, 0., 0, 0., 0, 0., 0, 0., 0, 0., 0, 0., 0, 0., 0, 0., 0, 0., 0, 0., 0, 0., 163, 153, 316, 28, 0.08860759493670886
, generated\gt\sample_000231.krn, generated\xml_trimmed\sample_000231.xml, 0, 0., 57, 57.0, 0, 0., 23, 23.0, 1, 1.0, 0, 0., 3, 3.0, 0, 0., 0, 0., 1, 1.0, 0, 0., 0, 0., 0, 0., 0, 0., 4, 4.0, 0, 0., 0, 0., 0, 0., 0, 0., 0, 0., 0, 0., 0, 0., 6, 6.0, 0, 0., 0, 0., 0, 0., 0, 0., 0, 0., 0, 0., 0, 0., 0, 0., 0, 0., 0, 0., 0, 0., 0, 0., 0, 0., 5, 5.0, 0, 0., 0, 0., 544, 522, 1066, 100, 0.09380863039399624
, generated\gt\sample_000507.krn, generated\xml_trimmed\sample_000507.xml, 0, 0., 15, 37.5, 0, 0., 0, 0., 0, 0., 0, 0., 3, 7.5, 0, 0., 0, 0., 0, 0., 7, 17.5, 0, 0., 0, 0., 0, 0., 4, 10.0, 2, 5.0, 0, 0., 0, 0., 0, 0., 4, 10.0, 0, 0., 0, 0., 0, 0., 0, 0., 0, 0., 0, 0., 0, 0., 0, 0., 0, 0., 0, 0., 0, 0., 0, 0., 0, 0., 0, 0., 0, 0., 0, 0., 5, 12.5, 0, 0., 0, 0., 202, 214, 416, 40, 0.09615384615384616
, generated\gt\sample_000562.krn, generated\xml_trimmed\sample_000562.xml, 0, 0., 2, 4.651162790697675, 0, 0., 0, 0., 0, 0., 0, 0., 1, 2.3255813953488373, 0, 0., 0, 0., 0, 0., 2, 4.651162790697675, 0, 0., 0, 0., 0, 0., 4, 9.30232558139535, 0, 0., 0, 0., 0, 0., 0, 0., 4, 9.30232558139535, 0, 0., 0, 0., 3, 6.976744186046512, 0, 0., 0, 0., 0, 0., 0, 0., 0, 0., 0, 0., 0, 0., 0, 0., 0, 0., 22, 51.16279069767442, 0, 0., 0, 0., 0, 0., 5, 11.627906976744185, 0, 0., 0, 0., 221, 224, 445, 43, 0.09662921348314607
, generated\gt\sample_000379.krn, generated\xml_trimmed\sample_000379.xml, 0, 0., 8, 18.6046511627907, 0, 0., 0, 0., 0, 0., 0, 0., 0, 0., 0, 0., 0, 0., 7, 16.27906976744186, 4, 9.30232558139535, 0, 0., 0, 0., 0, 0., 4, 9.30232558139535, 0, 0., 0, 0., 0, 0., 0, 0., 2, 4.651162790697675, 1, 2.3255813953488373, 0, 0., 12, 27.906976744186046, 0, 0., 0, 0., 0, 0., 0, 0., 0, 0., 0, 0., 0, 0., 0, 0., 0, 0., 0, 0., 0, 0., 0, 0., 0, 0., 5, 11.627906976744185, 0, 0., 0, 0., 209, 210, 419, 43, 0.1026252983293556
, generated\gt\sample_000213.krn, generated\xml_trimmed\sample_000213.xml, 0, 0., 0, 0., 0, 0., 0, 0., 0, 0., 0, 0., 0, 0., 0, 0., 0, 0., 0, 0., 2, 6.25, 0, 0., 0, 0., 0, 0., 0, 0., 0, 0., 0, 0., 0, 0., 0, 0., 0, 0., 0, 0., 0, 0., 4, 12.5, 0, 0., 0, 0., 0, 0., 0, 0., 0, 0., 0, 0., 0, 0., 0, 0., 0, 0., 26, 81.25, 0, 0., 0, 0., 0, 0., 0, 0., 0, 0., 0, 0., 139, 167, 306, 32, 0.10457516339869281
, generated\gt\sample_000518.krn, generated\xml_trimmed\sample_000518.xml, 0, 0., 0, 0., 0, 0., 29, 87.87878787878788, 0, 0., 0, 0., 0, 0., 0, 0., 0, 0., 0, 0., 0, 0., 0, 0., 0, 0., 0, 0., 0, 0., 0, 0., 0, 0., 0, 0., 0, 0., 0, 0., 0, 0., 0, 0., 4, 12.121212121212121, 0, 0., 0, 0., 0, 0., 0, 0., 0, 0., 0, 0., 0, 0., 0, 0., 0, 0., 0, 0., 0, 0., 0, 0., 0, 0., 0, 0., 0, 0., 0, 0., 153, 157, 310, 33, 0.1064516129032258
, generated\gt\sample_000216.krn, generated\xml_trimmed\sample_000216.xml, 0, 0., 10, 31.25, 0, 0., 1, 3.125, 6, 18.75, 0, 0., 0, 0., 0, 0., 0, 0., 0, 0., 5, 15.625, 0, 0., 0, 0., 0, 0., 0, 0., 0, 0., 0, 0., 0, 0., 0, 0., 1, 3.125, 0, 0., 0, 0., 4, 12.5, 0, 0., 0, 0., 0, 0., 0, 0., 0, 0., 0, 0., 0, 0., 0, 0., 0, 0., 0, 0., 0, 0., 0, 0., 0, 0., 5, 15.625, 0, 0., 0, 0., 146, 146, 292, 32, 0.1095890410958904
, generated\gt\sample_000345.krn, generated\xml_trimmed\sample_000345.xml, 0, 0., 22, 47.82608695652174, 0, 0., 0, 0., 0, 0., 0, 0., 1, 2.1739130434782608, 0, 0., 0, 0., 0, 0., 6, 13.043478260869565, 0, 0., 0, 0., 0, 0., 0, 0., 0, 0., 0, 0., 0, 0., 0, 0., 0, 0., 0, 0., 0, 0., 17, 36.95652173913044, 0, 0., 0, 0., 0, 0., 0, 0., 0, 0., 0, 0., 0, 0., 0, 0., 0, 0., 0, 0., 0, 0., 0, 0., 0, 0., 0, 0., 0, 0., 0, 0., 185, 204, 389, 46, 0.11825192802056556
, generated\gt\sample_000256.krn, generated\xml_trimmed\sample_000256.xml, 0, 0., 0, 0., 0, 0., 0, 0., 0, 0., 0, 0., 1, 2.272727272727273, 0, 0., 0, 0., 0, 0., 3, 6.818181818181818, 0, 0., 0, 0., 1, 2.272727272727273, 0, 0., 0, 0., 0, 0., 0, 0., 0, 0., 0, 0., 0, 0., 0, 0., 13, 29.545454545454547, 0, 0., 0, 0., 0, 0., 0, 0., 0, 0., 0, 0., 0, 0., 0, 0., 0, 0., 26, 59.09090909090909, 0, 0., 0, 0., 0, 0., 0, 0., 0, 0., 0, 0., 182, 190, 372, 44, 0.11827956989247312
, generated\gt\sample_000207.krn, generated\xml_trimmed\sample_000207.xml, 0, 0., 6, 54.54545454545455, 2, 18.181818181818183, 0, 0., 0, 0., 0, 0., 0, 0., 0, 0., 0, 0., 1, 9.090909090909092, 0, 0., 0, 0., 0, 0., 0, 0., 0, 0., 1, 9.090909090909092, 0, 0., 0, 0., 0, 0., 0, 0., 0, 0., 0, 0., 1, 9.090909090909092, 0, 0., 0, 0., 0, 0., 0, 0., 0, 0., 0, 0., 0, 0., 0, 0., 0, 0., 0, 0., 0, 0., 0, 0., 0, 0., 0, 0., 0, 0., 0, 0., 48, 43, 91, 11, 0.12087912087912088
, generated\gt\sample_000003.krn, generated\xml_trimmed\sample_000003.xml, 0, 0., 42, 79.24528301886792, 0, 0., 0, 0., 0, 0., 2, 3.7735849056603774, 0, 0., 0, 0., 0, 0., 1, 1.8867924528301887, 1, 1.8867924528301887, 0, 0., 0, 0., 0, 0., 0, 0., 0, 0., 0, 0., 0, 0., 0, 0., 0, 0., 0, 0., 0, 0., 7, 13.20754716981132, 0, 0., 0, 0., 0, 0., 0, 0., 0, 0., 0, 0., 0, 0., 0, 0., 0, 0., 0, 0., 0, 0., 0, 0., 0, 0., 0, 0., 0, 0., 0, 0., 232, 203, 435, 53, 0.12183908045977011
, generated\gt\sample_000215.krn, generated\xml_trimmed\sample_000215.xml, 0, 0., 4, 10.256410256410257, 0, 0., 0, 0., 5, 12.820512820512821, 0, 0., 0, 0., 0, 0., 0, 0., 0, 0., 0, 0., 1, 2.5641025641025643, 0, 0., 0, 0., 4, 10.256410256410257, 0, 0., 0, 0., 0, 0., 0, 0., 3, 7.6923076923076925, 0, 0., 0, 0., 4, 10.256410256410257, 0, 0., 0, 0., 0, 0., 0, 0., 0, 0., 0, 0., 0, 0., 0, 0., 0, 0., 13, 33.333333333333336, 0, 0., 0, 0., 0, 0., 5, 12.820512820512821, 0, 0., 0, 0., 161, 149, 310, 39, 0.12580645161290321
, generated\gt\sample_000106.krn, generated\xml_trimmed\sample_000106.xml, 0, 0., 0, 0., 2, 5.714285714285714, 0, 0., 9, 25.714285714285715, 0, 0., 0, 0., 0, 0., 0, 0., 0, 0., 3, 8.571428571428571, 0, 0., 0, 0., 0, 0., 4, 11.428571428571429, 0, 0., 0, 0., 0, 0., 5, 14.285714285714286, 1, 2.857142857142857, 0, 0., 0, 0., 2, 5.714285714285714, 0, 0., 0, 0., 0, 0., 0, 0., 0, 0., 0, 0., 0, 0., 0, 0., 0, 0., 4, 11.428571428571429, 0, 0., 0, 0., 0, 0., 5, 14.285714285714286, 0, 0., 0, 0., 144, 127, 271, 35, 0.12915129151291513
, generated\gt\sample_000090.krn, generated\xml_trimmed\sample_000090.xml, 0, 0., 45, 47.36842105263158, 0, 0., 29, 30.526315789473685, 1, 1.0526315789473684, 0, 0., 0, 0., 0, 0., 0, 0., 0, 0., 10, 10.526315789473685, 0, 0., 0, 0., 1, 1.0526315789473684, 4, 4.2105263157894735, 0, 0., 0, 0., 0, 0., 0, 0., 0, 0., 0, 0., 0, 0., 0, 0., 0, 0., 0, 0., 0, 0., 0, 0., 0, 0., 0, 0., 0, 0., 0, 0., 0, 0., 0, 0., 0, 0., 0, 0., 0, 0., 5, 5.2631578947368425, 0, 0., 0, 0., 356, 366, 722, 95, 0.13157894736842105
, generated\gt\sample_000194.krn, generated\xml_trimmed\sample_000194.xml, 0, 0., 14, 60.869565217391305, 0, 0., 0, 0., 0, 0., 0, 0., 0, 0., 0, 0., 0, 0., 0, 0., 2, 8.695652173913043, 0, 0., 0, 0., 0, 0., 0, 0., 1, 4.3478260869565215, 0, 0., 0, 0., 0, 0., 0, 0., 0, 0., 0, 0., 6, 26.08695652173913, 0, 0., 0, 0., 0, 0., 0, 0., 0, 0., 0, 0., 0, 0., 0, 0., 0, 0., 0, 0., 0, 0., 0, 0., 0, 0., 0, 0., 0, 0., 0, 0., 84, 87, 171, 23, 0.13450292397660818
, generated\gt\sample_000370.krn, generated\xml_trimmed\sample_000370.xml, 0, 0., 13, 30.232558139534884, 10, 23.25581395348837, 0, 0., 5, 11.627906976744185, 0, 0., 0, 0., 0, 0., 0, 0., 0, 0., 2, 4.651162790697675, 0, 0., 0, 0., 1, 2.3255813953488373, 4, 9.30232558139535, 2, 4.651162790697675, 0, 0., 0, 0., 0, 0., 1, 2.3255813953488373, 0, 0., 0, 0., 0, 0., 0, 0., 0, 0., 0, 0., 0, 0., 0, 0., 0, 0., 0, 0., 0, 0., 0, 0., 0, 0., 0, 0., 0, 0., 0, 0., 5, 11.627906976744185, 0, 0., 0, 0., 165, 154, 319, 43, 0.13479623824451412
, generated\gt\sample_000486.krn, generated\xml_trimmed\sample_000486.xml, 0, 0., 29, 65.9090909090909, 0, 0., 0, 0., 1, 2.272727272727273, 0, 0., 0, 0., 0, 0., 0, 0., 0, 0., 3, 6.818181818181818, 0, 0., 0, 0., 0, 0., 4, 9.090909090909092, 0, 0., 0, 0., 0, 0., 0, 0., 0, 0., 0, 0., 0, 0., 2, 4.545454545454546, 0, 0., 0, 0., 0, 0., 0, 0., 0, 0., 0, 0., 0, 0., 0, 0., 0, 0., 0, 0., 0, 0., 0, 0., 0, 0., 5, 11.363636363636363, 0, 0., 0, 0., 154, 153, 307, 44, 0.14332247557003258
, generated\gt\sample_000524.krn, generated\xml_trimmed\sample_000524.xml, 0, 0., 45, 77.58620689655173, 0, 0., 0, 0., 2, 3.4482758620689653, 0, 0., 0, 0., 0, 0., 0, 0., 0, 0., 5, 8.620689655172415, 1, 1.7241379310344827, 0, 0., 0, 0., 0, 0., 0, 0., 0, 0., 0, 0., 0, 0., 0, 0., 0, 0., 0, 0., 5, 8.620689655172415, 0, 0., 0, 0., 0, 0., 0, 0., 0, 0., 0, 0., 0, 0., 0, 0., 0, 0., 0, 0., 0, 0., 0, 0., 0, 0., 0, 0., 0, 0., 0, 0., 196, 206, 402, 58, 0.14427860696517414
, generated\gt\sample_000190.krn, generated\xml_trimmed\sample_000190.xml, 0, 0., 0, 0., 0, 0., 0, 0., 0, 0., 0, 0., 0, 0., 0, 0., 0, 0., 0, 0., 0, 0., 0, 0., 0, 0., 0, 0., 0, 0., 1, 2.857142857142857, 0, 0., 0, 0., 0, 0., 0, 0., 0, 0., 0, 0., 8, 22.857142857142858, 0, 0., 0, 0., 0, 0., 0, 0., 0, 0., 0, 0., 0, 0., 0, 0., 0, 0., 26, 74.28571428571429, 0, 0., 0, 0., 0, 0., 0, 0., 0, 0., 0, 0., 108, 130, 238, 35, 0.14705882352941177
, generated\gt\sample_000389.krn, generated\xml_trimmed\sample_000389.xml, 0, 0., 69, 69.0, 0, 0., 2, 2.0, 0, 0., 0, 0., 1, 1.0, 0, 0., 0, 0., 0, 0., 4, 4.0, 1, 1.0, 0, 0., 0, 0., 6, 6.0, 0, 0., 0, 0., 1, 1.0, 0, 0., 0, 0., 0, 0., 0, 0., 6, 6.0, 0, 0., 0, 0., 0, 0., 0, 0., 6, 6.0, 0, 0., 0, 0., 0, 0., 0, 0., 0, 0., 0, 0., 0, 0., 4, 4.0, 0, 0., 0, 0., 0, 0., 333, 323, 656, 100, 0.1524390243902439
, generated\gt\sample_000029.krn, generated\xml_trimmed\sample_000029.xml, 0, 0., 23, 48.93617021276596, 0, 0., 4, 8.51063829787234, 2, 4.25531914893617, 0, 0., 1, 2.127659574468085, 0, 0., 0, 0., 1, 2.127659574468085, 5, 10.638297872340425, 0, 0., 0, 0., 0, 0., 2, 4.25531914893617, 0, 0., 0, 0., 0, 0., 0, 0., 0, 0., 0, 0., 0, 0., 4, 8.51063829787234, 0, 0., 0, 0., 0, 0., 0, 0., 0, 0., 0, 0., 0, 0., 0, 0., 0, 0., 0, 0., 0, 0., 0, 0., 0, 0., 5, 10.638297872340425, 0, 0., 0, 0., 150, 158, 308, 47, 0.1525974025974026
, generated\gt\sample_000672.krn, generated\xml_trimmed\sample_000672.xml, 0, 0., 51, 65.38461538461539, 0, 0., 0, 0., 0, 0., 0, 0., 0, 0., 0, 0., 0, 0., 0, 0., 4, 5.128205128205129, 1, 1.2820512820512822, 0, 0., 0, 0., 4, 5.128205128205129, 2, 2.5641025641025643, 0, 0., 0, 0., 0, 0., 4, 5.128205128205129, 0, 0., 0, 0., 1, 1.2820512820512822, 0, 0., 0, 0., 0, 0., 0, 0., 0, 0., 0, 0., 0, 0., 0, 0., 0, 0., 6, 7.6923076923076925, 0, 0., 0, 0., 0, 0., 5, 6.410256410256411, 0, 0., 0, 0., 257, 248, 505, 78, 0.15445544554455445
, generated\gt\sample_000173.krn, generated\xml_trimmed\sample_000173.xml, 0, 0., 18, 47.36842105263158, 2, 5.2631578947368425, 3, 7.894736842105263, 1, 2.6315789473684212, 0, 0., 0, 0., 0, 0., 0, 0., 0, 0., 1, 2.6315789473684212, 0, 0., 0, 0., 0, 0., 4, 10.526315789473685, 2, 5.2631578947368425, 0, 0., 0, 0., 0, 0., 0, 0., 0, 0., 0, 0., 2, 5.2631578947368425, 0, 0., 0, 0., 0, 0., 0, 0., 0, 0., 0, 0., 0, 0., 0, 0., 0, 0., 0, 0., 0, 0., 0, 0., 0, 0., 5, 13.157894736842104, 0, 0., 0, 0., 125, 109, 234, 38, 0.1623931623931624
, generated\gt\sample_000288.krn, generated\xml_trimmed\sample_000288.xml, 0, 0., 10, 34.48275862068966, 0, 0., 0, 0., 0, 0., 0, 0., 0, 0., 0, 0., 0, 0., 1, 3.4482758620689653, 3, 10.344827586206897, 0, 0., 0, 0., 0, 0., 0, 0., 0, 0., 0, 0., 0, 0., 0, 0., 0, 0., 0, 0., 0, 0., 5, 17.24137931034483, 0, 0., 0, 0., 0, 0., 0, 0., 0, 0., 0, 0., 0, 0., 0, 0., 0, 0., 10, 34.48275862068966, 0, 0., 0, 0., 0, 0., 0, 0., 0, 0., 0, 0., 80, 91, 171, 29, 0.1695906432748538
, generated\gt\sample_000519.krn, generated\xml_trimmed\sample_000519.xml, 0, 0., 44, 73.33333333333333, 0, 0., 0, 0., 0, 0., 0, 0., 0, 0., 0, 0., 0, 0., 0, 0., 2, 3.3333333333333335, 0, 0., 0, 0., 2, 3.3333333333333335, 0, 0., 1, 1.6666666666666667, 0, 0., 0, 0., 0, 0., 1, 1.6666666666666667, 0, 0., 0, 0., 7, 11.666666666666666, 0, 0., 0, 0., 0, 0., 0, 0., 3, 5.0, 0, 0., 0, 0., 0, 0., 0, 0., 0, 0., 0, 0., 0, 0., 0, 0., 0, 0., 0, 0., 0, 0., 168, 179, 347, 60, 0.1729106628242075
, generated\gt\sample_000287.krn, generated\xml_trimmed\sample_000287.xml, 0, 0., 27, 60.0, 0, 0., 1, 2.2222222222222223, 0, 0., 0, 0., 0, 0., 0, 0., 0, 0., 4, 8.88888888888889, 3, 6.666666666666667, 0, 0., 0, 0., 1, 2.2222222222222223, 0, 0., 0, 0., 0, 0., 0, 0., 0, 0., 0, 0., 0, 0., 0, 0., 9, 20.0, 0, 0., 0, 0., 0, 0., 0, 0., 0, 0., 0, 0., 0, 0., 0, 0., 0, 0., 0, 0., 0, 0., 0, 0., 0, 0., 0, 0., 0, 0., 0, 0., 113, 122, 235, 45, 0.19148936170212766
, generated\gt\sample_000109.krn, generated\xml_trimmed\sample_000109.xml, 0, 0., 66, 57.89473684210526, 0, 0., 4, 3.508771929824561, 0, 0., 0, 0., 0, 0., 0, 0., 0, 0., 0, 0., 0, 0., 0, 0., 0, 0., 2, 1.7543859649122806, 4, 3.508771929824561, 2, 1.7543859649122806, 0, 0., 0, 0., 0, 0., 1, 0.8771929824561403, 0, 0., 0, 0., 3, 2.6315789473684212, 0, 0., 0, 0., 0, 0., 0, 0., 0, 0., 0, 0., 0, 0., 0, 0., 0, 0., 27, 23.68421052631579, 0, 0., 0, 0., 0, 0., 5, 4.385964912280702, 0, 0., 0, 0., 297, 297, 594, 114, 0.1919191919191919
, generated\gt\sample_000283.krn, generated\xml_trimmed\sample_000283.xml, 0, 0., 55, 76.38888888888889, 0, 0., 0, 0., 0, 0., 0, 0., 0, 0., 0, 0., 0, 0., 0, 0., 0, 0., 0, 0., 0, 0., 0, 0., 2, 2.7777777777777777, 3, 4.166666666666667, 0, 0., 0, 0., 0, 0., 2, 2.7777777777777777, 0, 0., 0, 0., 5, 6.944444444444445, 0, 0., 0, 0., 0, 0., 0, 0., 0, 0., 0, 0., 0, 0., 0, 0., 0, 0., 0, 0., 0, 0., 0, 0., 0, 0., 5, 6.944444444444445, 0, 0., 0, 0., 186, 188, 374, 72, 0.1925133689839572
, generated\gt\sample_000557.krn, generated\xml_trimmed\sample_000557.xml, 0, 0., 31, 52.54237288135593, 0, 0., 2, 3.389830508474576, 6, 10.169491525423728, 0, 0., 0, 0., 0, 0., 0, 0., 2, 3.389830508474576, 5, 8.474576271186441, 0, 0., 0, 0., 0, 0., 0, 0., 0, 0., 0, 0., 0, 0., 0, 0., 3, 5.084745762711864, 0, 0., 0, 0., 5, 8.474576271186441, 0, 0., 0, 0., 0, 0., 0, 0., 0, 0., 0, 0., 0, 0., 0, 0., 0, 0., 0, 0., 0, 0., 0, 0., 0, 0., 5, 8.474576271186441, 0, 0., 0, 0., 153, 152, 305, 59, 0.19344262295081968
, generated\gt\sample_000053.krn, generated\xml_trimmed\sample_000053.xml, 0, 0., 61, 73.49397590361446, 0, 0., 0, 0., 0, 0., 2, 2.4096385542168677, 1, 1.2048192771084338, 0, 0., 0, 0., 0, 0., 4, 4.819277108433735, 0, 0., 0, 0., 0, 0., 0, 0., 0, 0., 0, 0., 0, 0., 0, 0., 0, 0., 0, 0., 0, 0., 15, 18.072289156626507, 0, 0., 0, 0., 0, 0., 0, 0., 0, 0., 0, 0., 0, 0., 0, 0., 0, 0., 0, 0., 0, 0., 0, 0., 0, 0., 0, 0., 0, 0., 0, 0., 198, 223, 421, 83, 0.19714964370546317
, generated\gt\sample_000051.krn, generated\xml_trimmed\sample_000051.xml, 0, 0., 79, 68.10344827586206, 2, 1.7241379310344827, 0, 0., 2, 1.7241379310344827, 0, 0., 1, 0.8620689655172413, 0, 0., 0, 0., 0, 0., 13, 11.206896551724139, 0, 0., 0, 0., 1, 0.8620689655172413, 4, 3.4482758620689653, 0, 0., 0, 0., 0, 0., 0, 0., 0, 0., 0, 0., 0, 0., 5, 4.310344827586207, 0, 0., 0, 0., 0, 0., 0, 0., 0, 0., 0, 0., 0, 0., 0, 0., 0, 0., 5, 4.310344827586207, 0, 0., 0, 0., 4, 3.4482758620689653, 0, 0., 0, 0., 0, 0., 302, 283, 585, 116, 0.19829059829059828
, generated\gt\sample_000563.krn, generated\xml_trimmed\sample_000563.xml, 0, 0., 59, 75.64102564102564, 4, 5.128205128205129, 0, 0., 0, 0., 0, 0., 0, 0., 0, 0., 0, 0., 0, 0., 0, 0., 0, 0., 0, 0., 0, 0., 4, 5.128205128205129, 0, 0., 0, 0., 0, 0., 0, 0., 3, 3.8461538461538463, 0, 0., 0, 0., 3, 3.8461538461538463, 0, 0., 0, 0., 0, 0., 0, 0., 0, 0., 0, 0., 0, 0., 0, 0., 0, 0., 0, 0., 0, 0., 0, 0., 0, 0., 5, 6.410256410256411, 0, 0., 0, 0., 182, 184, 366, 78, 0.21311475409836064
, generated\gt\sample_000609.krn, generated\xml_trimmed\sample_000609.xml, 0, 0., 41, 70.6896551724138, 0, 0., 6, 10.344827586206897, 0, 0., 0, 0., 0, 0., 0, 0., 0, 0., 0, 0., 1, 1.7241379310344827, 1, 1.7241379310344827, 0, 0., 0, 0., 0, 0., 0, 0., 0, 0., 0, 0., 0, 0., 2, 3.4482758620689653, 2, 3.4482758620689653, 0, 0., 0, 0., 0, 0., 0, 0., 0, 0., 0, 0., 0, 0., 0, 0., 0, 0., 0, 0., 0, 0., 0, 0., 0, 0., 0, 0., 0, 0., 5, 8.620689655172415, 0, 0., 0, 0., 138, 134, 272, 58, 0.21323529411764705
, generated\gt\sample_000230.krn, generated\xml_trimmed\sample_000230.xml, 0, 0., 117, 70.05988023952096, 0, 0., 2, 1.1976047904191616, 1, 0.5988023952095808, 0, 0., 0, 0., 0, 0., 0, 0., 0, 0., 2, 1.1976047904191616, 0, 0., 0, 0., 1, 0.5988023952095808, 4, 2.395209580838323, 0, 0., 0, 0., 0, 0., 0, 0., 0, 0., 0, 0., 0, 0., 3, 1.7964071856287425, 0, 0., 0, 0., 0, 0., 0, 0., 0, 0., 0, 0., 0, 0., 0, 0., 0, 0., 32, 19.161676646706585, 0, 0., 0, 0., 0, 0., 5, 2.9940119760479043, 0, 0., 0, 0., 392, 384, 776, 167, 0.21520618556701032
, generated\gt\sample_000116.krn, generated\xml_trimmed\sample_000116.xml, 0, 0., 33, 25.58139534883721, 0, 0., 1, 0.7751937984496124, 0, 0., 0, 0., 0, 0., 0, 0., 0, 0., 0, 0., 0, 0., 1, 0.7751937984496124, 0, 0., 1, 0.7751937984496124, 4, 3.10077519379845, 2, 1.550387596899225, 0, 0., 0, 0., 0, 0., 2, 1.550387596899225, 0, 0., 0, 0., 0, 0., 0, 0., 0, 0., 0, 0., 0, 0., 0, 0., 0, 0., 0, 0., 0, 0., 0, 0., 80, 62.01550387596899, 0, 0., 0, 0., 0, 0., 5, 3.875968992248062, 0, 0., 0, 0., 297, 302, 599, 129, 0.21535893155258765
, generated\gt\sample_000385.krn, generated\xml_trimmed\sample_000385.xml, 0, 0., 0, 0., 0, 0., 0, 0., 6, 8.695652173913043, 0, 0., 3, 4.3478260869565215, 0, 0., 0, 0., 3, 4.3478260869565215, 2, 2.898550724637681, 2, 2.898550724637681, 0, 0., 0, 0., 0, 0., 0, 0., 0, 0., 0, 0., 0, 0., 0, 0., 0, 0., 0, 0., 15, 21.73913043478261, 0, 0., 0, 0., 0, 0., 0, 0., 0, 0., 0, 0., 0, 0., 0, 0., 0, 0., 38, 55.072463768115945, 0, 0., 0, 0., 0, 0., 0, 0., 0, 0., 0, 0., 150, 169, 319, 69, 0.21630094043887146
, generated\gt\sample_000581.krn, generated\xml_trimmed\sample_000581.xml, 0, 0., 125, 80.64516129032258, 0, 0., 10, 6.451612903225806, 2, 1.2903225806451613, 0, 0., 0, 0., 0, 0., 0, 0., 0, 0., 4, 2.5806451612903225, 0, 0., 0, 0., 2, 1.2903225806451613, 0, 0., 2, 1.2903225806451613, 0, 0., 2, 1.2903225806451613, 0, 0., 1, 0.6451612903225806, 0, 0., 0, 0., 2, 1.2903225806451613, 0, 0., 0, 0., 0, 0., 0, 0., 0, 0., 0, 0., 0, 0., 0, 0., 0, 0., 0, 0., 0, 0., 0, 0., 0, 0., 5, 3.225806451612903, 0, 0., 0, 0., 358, 349, 707, 155, 0.21923620933521923
, generated\gt\sample_000107.krn, generated\xml_trimmed\sample_000107.xml, 0, 0., 59, 65.55555555555556, 0, 0., 7, 7.777777777777778, 1, 1.1111111111111112, 0, 0., 0, 0., 0, 0., 0, 0., 0, 0., 1, 1.1111111111111112, 0, 0., 0, 0., 1, 1.1111111111111112, 4, 4.444444444444445, 0, 0., 0, 0., 0, 0., 0, 0., 0, 0., 0, 0., 0, 0., 5, 5.555555555555555, 0, 0., 0, 0., 0, 0., 0, 0., 0, 0., 0, 0., 0, 0., 0, 0., 0, 0., 7, 7.777777777777778, 0, 0., 0, 0., 0, 0., 5, 5.555555555555555, 0, 0., 0, 0., 197, 195, 392, 90, 0.22959183673469388
, generated\gt\sample_000257.krn, generated\xml_trimmed\sample_000257.xml, 0, 0., 31, 83.78378378378379, 2, 5.405405405405405, 0, 0., 0, 0., 0, 0., 0, 0., 0, 0., 0, 0., 1, 2.7027027027027026, 0, 0., 0, 0., 0, 0., 0, 0., 0, 0., 1, 2.7027027027027026, 0, 0., 0, 0., 0, 0., 0, 0., 0, 0., 0, 0., 2, 5.405405405405405, 0, 0., 0, 0., 0, 0., 0, 0., 0, 0., 0, 0., 0, 0., 0, 0., 0, 0., 0, 0., 0, 0., 0, 0., 0, 0., 0, 0., 0, 0., 0, 0., 88, 73, 161, 37, 0.22981366459627328
, generated\gt\sample_000008.krn, generated\xml_trimmed\sample_000008.xml, 0, 0., 95, 68.34532374100719, 0, 0., 13, 9.352517985611511, 3, 2.158273381294964, 0, 0., 4, 2.8776978417266186, 0, 0., 0, 0., 0, 0., 3, 2.158273381294964, 0, 0., 0, 0., 0, 0., 4, 2.8776978417266186, 0, 0., 0, 0., 0, 0., 0, 0., 6, 4.316546762589928, 0, 0., 0, 0., 6, 4.316546762589928, 0, 0., 0, 0., 0, 0., 0, 0., 0, 0., 0, 0., 0, 0., 0, 0., 0, 0., 0, 0., 0, 0., 0, 0., 0, 0., 5, 3.597122302158273, 0, 0., 0, 0., 301, 282, 583, 139, 0.23842195540308747
, generated\gt\sample_000488.krn, generated\xml_trimmed\sample_000488.xml, 0, 0., 57, 73.07692307692308, 0, 0., 0, 0., 0, 0., 0, 0., 0, 0., 0, 0., 0, 0., 0, 0., 5, 6.410256410256411, 0, 0., 0, 0., 0, 0., 4, 5.128205128205129, 0, 0., 0, 0., 0, 0., 5, 6.410256410256411, 0, 0., 0, 0., 0, 0., 2, 2.5641025641025643, 0, 0., 0, 0., 0, 0., 0, 0., 0, 0., 0, 0., 0, 0., 0, 0., 0, 0., 0, 0., 0, 0., 0, 0., 0, 0., 5, 6.410256410256411, 0, 0., 0, 0., 166, 159, 325, 78, 0.24
, generated\gt\sample_000668.krn, generated\xml_trimmed\sample_000668.xml, 0, 0., 75, 60.0, 0, 0., 6, 4.8, 1, 0.8, 0, 0., 0, 0., 0, 0., 0, 0., 0, 0., 5, 4.0, 0, 0., 0, 0., 0, 0., 0, 0., 2, 1.6, 0, 0., 0, 0., 0, 0., 3, 2.4, 0, 0., 0, 0., 4, 3.2, 0, 0., 0, 0., 0, 0., 0, 0., 0, 0., 0, 0., 0, 0., 0, 0., 0, 0., 24, 19.2, 0, 0., 0, 0., 0, 0., 5, 4.0, 0, 0., 0, 0., 265, 254, 519, 125, 0.24084778420038536
, generated\gt\sample_000168.krn, generated\xml_trimmed\sample_000168.xml, 0, 0., 19, 47.5, 0, 0., 0, 0., 0, 0., 0, 0., 0, 0., 0, 0., 0, 0., 2, 5.0, 1, 2.5, 1, 2.5, 0, 0., 0, 0., 0, 0., 1, 2.5, 0, 0., 0, 0., 0, 0., 0, 0., 0, 0., 0, 0., 6, 15.0, 0, 0., 0, 0., 0, 0., 0, 0., 0, 0., 0, 0., 0, 0., 0, 0., 0, 0., 10, 25.0, 0, 0., 0, 0., 0, 0., 0, 0., 0, 0., 0, 0., 80, 85, 165, 40, 0.24242424242424243
, generated\gt\sample_000172.krn, generated\xml_trimmed\sample_000172.xml, 0, 0., 62, 62.0, 2, 2.0, 2, 2.0, 2, 2.0, 0, 0., 3, 3.0, 0, 0., 0, 0., 1, 1.0, 0, 0., 0, 0., 0, 0., 0, 0., 4, 4.0, 1, 1.0, 0, 0., 6, 6.0, 0, 0., 7, 7.0, 1, 1.0, 0, 0., 4, 4.0, 0, 0., 0, 0., 0, 0., 0, 0., 0, 0., 0, 0., 0, 0., 0, 0., 0, 0., 0, 0., 0, 0., 0, 0., 0, 0., 5, 5.0, 0, 0., 0, 0., 208, 202, 410, 100, 0.24390243902439024
, generated\gt\sample_000142.krn, generated\xml_trimmed\sample_000142.xml, 0, 0., 59, 72.8395061728395, 0, 0., 0, 0., 0, 0., 2, 2.4691358024691357, 0, 0., 0, 0., 0, 0., 1, 1.2345679012345678, 6, 7.407407407407407, 1, 1.2345679012345678, 0, 0., 0, 0., 0, 0., 0, 0., 0, 0., 0, 0., 0, 0., 0, 0., 0, 0., 0, 0., 12, 14.814814814814815, 0, 0., 0, 0., 0, 0., 0, 0., 0, 0., 0, 0., 0, 0., 0, 0., 0, 0., 0, 0., 0, 0., 0, 0., 0, 0., 0, 0., 0, 0., 0, 0., 156, 176, 332, 81, 0.24397590361445784
, generated\gt\sample_000026.krn, generated\xml_trimmed\sample_000026.xml, 0, 0., 22, 66.66666666666667, 0, 0., 0, 0., 0, 0., 0, 0., 0, 0., 0, 0., 0, 0., 0, 0., 1, 3.0303030303030303, 1, 3.0303030303030303, 0, 0., 0, 0., 0, 0., 0, 0., 0, 0., 0, 0., 0, 0., 1, 3.0303030303030303, 0, 0., 0, 0., 3, 9.090909090909092, 0, 0., 0, 0., 0, 0., 0, 0., 0, 0., 0, 0., 0, 0., 0, 0., 0, 0., 0, 0., 0, 0., 0, 0., 0, 0., 5, 15.151515151515152, 0, 0., 0, 0., 72, 61, 133, 33, 0.24812030075187969
, generated\gt\sample_000259.krn, generated\xml_trimmed\sample_000259.xml, 0, 0., 54, 64.28571428571429, 0, 0., 0, 0., 0, 0., 0, 0., 0, 0., 0, 0., 0, 0., 0, 0., 1, 1.1904761904761905, 0, 0., 0, 0., 0, 0., 0, 0., 0, 0., 0, 0., 0, 0., 0, 0., 0, 0., 0, 0., 0, 0., 8, 9.523809523809524, 0, 0., 0, 0., 0, 0., 0, 0., 0, 0., 0, 0., 0, 0., 0, 0., 0, 0., 21, 25.0, 0, 0., 0, 0., 0, 0., 0, 0., 0, 0., 0, 0., 183, 155, 338, 84, 0.2485207100591716
, generated\gt\sample_000442.krn, generated\xml_trimmed\sample_000442.xml, 0, 0., 33, 45.205479452054796, 4, 5.47945205479452, 0, 0., 3, 4.109589041095891, 0, 0., 0, 0., 0, 0., 0, 0., 0, 0., 2, 2.73972602739726, 2, 2.73972602739726, 0, 0., 1, 1.36986301369863, 4, 5.47945205479452, 3, 4.109589041095891, 0, 0., 0, 0., 0, 0., 3, 4.109589041095891, 1, 1.36986301369863, 0, 0., 2, 2.73972602739726, 0, 0., 0, 0., 0, 0., 0, 0., 0, 0., 0, 0., 0, 0., 0, 0., 0, 0., 10, 13.698630136986301, 0, 0., 0, 0., 0, 0., 5, 6.8493150684931505, 0, 0., 0, 0., 154, 139, 293, 73, 0.24914675767918087
, generated\gt\sample_000258.krn, generated\xml_trimmed\sample_000258.xml, 0, 0., 35, 58.333333333333336, 0, 0., 0, 0., 0, 0., 4, 6.666666666666667, 0, 0., 0, 0., 0, 0., 5, 8.333333333333334, 6, 10.0, 0, 0., 0, 0., 0, 0., 0, 0., 0, 0., 0, 0., 0, 0., 0, 0., 0, 0., 0, 0., 0, 0., 10, 16.666666666666668, 0, 0., 0, 0., 0, 0., 0, 0., 0, 0., 0, 0., 0, 0., 0, 0., 0, 0., 0, 0., 0, 0., 0, 0., 0, 0., 0, 0., 0, 0., 0, 0., 102, 138, 240, 60, 0.25
, generated\gt\sample_000068.krn, generated\xml_trimmed\sample_000068.xml, 0, 0., 125, 85.03401360544218, 0, 0., 6, 4.081632653061225, 0, 0., 0, 0., 0, 0., 0, 0., 0, 0., 0, 0., 3, 2.0408163265306123, 0, 0., 0, 0., 0, 0., 4, 2.7210884353741496, 0, 0., 0, 0., 0, 0., 0, 0., 3, 2.0408163265306123, 0, 0., 0, 0., 1, 0.6802721088435374, 0, 0., 0, 0., 0, 0., 0, 0., 0, 0., 0, 0., 0, 0., 0, 0., 0, 0., 0, 0., 0, 0., 0, 0., 0, 0., 5, 3.401360544217687, 0, 0., 0, 0., 291, 294, 585, 147, 0.2512820512820513
, generated\gt\sample_000308.krn, generated\xml_trimmed\sample_000308.xml, 0, 0., 30, 55.55555555555556, 0, 0., 1, 1.8518518518518519, 1, 1.8518518518518519, 2, 3.7037037037037037, 1, 1.8518518518518519, 0, 0., 0, 0., 1, 1.8518518518518519, 9, 16.666666666666668, 0, 0., 0, 0., 0, 0., 0, 0., 0, 0., 0, 0., 0, 0., 0, 0., 0, 0., 0, 0., 0, 0., 9, 16.666666666666668, 0, 0., 0, 0., 0, 0., 0, 0., 0, 0., 0, 0., 0, 0., 0, 0., 0, 0., 0, 0., 0, 0., 0, 0., 0, 0., 0, 0., 0, 0., 0, 0., 96, 118, 214, 54, 0.2523364485981308
, generated\gt\sample_000393.krn, generated\xml_trimmed\sample_000393.xml, 0, 0., 90, 81.81818181818181, 0, 0., 4, 3.6363636363636362, 0, 0., 0, 0., 1, 0.9090909090909091, 0, 0., 0, 0., 0, 0., 1, 0.9090909090909091, 1, 0.9090909090909091, 0, 0., 1, 0.9090909090909091, 4, 3.6363636363636362, 2, 1.8181818181818181, 0, 0., 0, 0., 0, 0., 0, 0., 0, 0., 0, 0., 1, 0.9090909090909091, 0, 0., 0, 0., 0, 0., 0, 0., 0, 0., 0, 0., 0, 0., 0, 0., 0, 0., 0, 0., 0, 0., 0, 0., 0, 0., 5, 4.545454545454546, 0, 0., 0, 0., 223, 212, 435, 110, 0.25287356321839083
, generated\gt\sample_000009.krn, generated\xml_trimmed\sample_000009.xml, 0, 0., 115, 87.78625954198473, 4, 3.053435114503817, 0, 0., 1, 0.7633587786259542, 0, 0., 1, 0.7633587786259542, 0, 0., 0, 0., 0, 0., 0, 0., 0, 0., 0, 0., 0, 0., 4, 3.053435114503817, 0, 0., 0, 0., 0, 0., 0, 0., 1, 0.7633587786259542, 0, 0., 0, 0., 0, 0., 0, 0., 0, 0., 0, 0., 0, 0., 0, 0., 0, 0., 0, 0., 0, 0., 0, 0., 0, 0., 0, 0., 0, 0., 0, 0., 5, 3.816793893129771, 0, 0., 0, 0., 259, 256, 515, 131, 0.2543689320388349
, generated\gt\sample_000310.krn, generated\xml_trimmed\sample_000310.xml, 0, 0., 24, 44.44444444444444, 0, 0., 0, 0., 0, 0., 0, 0., 0, 0., 0, 0., 0, 0., 2, 3.7037037037037037, 6, 11.11111111111111, 0, 0., 0, 0., 0, 0., 0, 0., 1, 1.8518518518518519, 0, 0., 0, 0., 0, 0., 0, 0., 0, 0., 0, 0., 9, 16.666666666666668, 0, 0., 0, 0., 0, 0., 0, 0., 0, 0., 0, 0., 0, 0., 0, 0., 0, 0., 12, 22.22222222222222, 0, 0., 0, 0., 0, 0., 0, 0., 0, 0., 0, 0., 103, 106, 209, 54, 0.2583732057416268
, generated\gt\sample_000067.krn, generated\xml_trimmed\sample_000067.xml, 0, 0., 98, 89.0909090909091, 0, 0., 0, 0., 0, 0., 0, 0., 0, 0., 0, 0., 0, 0., 0, 0., 4, 3.6363636363636362, 0, 0., 0, 0., 0, 0., 0, 0., 0, 0., 0, 0., 0, 0., 0, 0., 1, 0.9090909090909091, 0, 0., 0, 0., 2, 1.8181818181818181, 0, 0., 0, 0., 0, 0., 0, 0., 0, 0., 0, 0., 0, 0., 0, 0., 0, 0., 0, 0., 0, 0., 0, 0., 0, 0., 5, 4.545454545454546, 0, 0., 0, 0., 209, 214, 423, 110, 0.26004728132387706
, generated\gt\sample_000622.krn, generated\xml_trimmed\sample_000622.xml, 0, 0., 117, 86.66666666666667, 0, 0., 2, 1.4814814814814814, 0, 0., 0, 0., 0, 0., 0, 0., 0, 0., 0, 0., 0, 0., 0, 0., 0, 0., 0, 0., 8, 5.925925925925926, 1, 0.7407407407407407, 0, 0., 0, 0., 0, 0., 3, 2.2222222222222223, 0, 0., 0, 0., 0, 0., 0, 0., 0, 0., 0, 0., 0, 0., 0, 0., 0, 0., 0, 0., 0, 0., 0, 0., 0, 0., 0, 0., 0, 0., 4, 2.962962962962963, 0, 0., 0, 0., 0, 0., 284, 217, 501, 135, 0.2694610778443114
, generated\gt\sample_000062.krn, generated\xml_trimmed\sample_000062.xml, 0, 0., 24, 37.5, 0, 0., 0, 0., 0, 0., 0, 0., 0, 0., 0, 0., 0, 0., 0, 0., 0, 0., 0, 0., 0, 0., 0, 0., 0, 0., 0, 0., 0, 0., 0, 0., 0, 0., 0, 0., 0, 0., 0, 0., 3, 4.6875, 0, 0., 0, 0., 0, 0., 0, 0., 0, 0., 0, 0., 0, 0., 0, 0., 0, 0., 37, 57.8125, 0, 0., 0, 0., 0, 0., 0, 0., 0, 0., 0, 0., 125, 110, 235, 64, 0.2723404255319149
, generated\gt\sample_000189.krn, generated\xml_trimmed\sample_000189.xml, 0, 0., 0, 0., 0, 0., 0, 0., 0, 0., 0, 0., 0, 0., 0, 0., 0, 0., 1, 1.8181818181818181, 1, 1.8181818181818181, 1, 1.8181818181818181, 0, 0., 0, 0., 0, 0., 0, 0., 0, 0., 0, 0., 0, 0., 0, 0., 0, 0., 0, 0., 8, 14.545454545454545, 0, 0., 0, 0., 0, 0., 0, 0., 0, 0., 0, 0., 0, 0., 0, 0., 0, 0., 44, 80.0, 0, 0., 0, 0., 0, 0., 0, 0., 0, 0., 0, 0., 101, 98, 199, 55, 0.27638190954773867
, generated\gt\sample_000123.krn, generated\xml_trimmed\sample_000123.xml, 0, 0., 74, 74.74747474747475, 0, 0., 2, 2.0202020202020203, 0, 0., 0, 0., 4, 4.040404040404041, 0, 0., 0, 0., 3, 3.0303030303030303, 3, 3.0303030303030303, 0, 0., 0, 0., 0, 0., 4, 4.040404040404041, 0, 0., 0, 0., 0, 0., 4, 4.040404040404041, 0, 0., 0, 0., 0, 0., 0, 0., 0, 0., 0, 0., 0, 0., 0, 0., 0, 0., 0, 0., 0, 0., 0, 0., 0, 0., 0, 0., 0, 0., 0, 0., 0, 0., 5, 5.05050505050505, 0, 0., 0, 0., 177, 180, 357, 99, 0.2773109243697479
, generated\gt\sample_000401.krn, generated\xml_trimmed\sample_000401.xml, 0, 0., 114, 74.50980392156863, 0, 0., 13, 8.49673202614379, 7, 4.57516339869281, 0, 0., 0, 0., 0, 0., 0, 0., 1, 0.6535947712418301, 1, 0.6535947712418301, 0, 0., 0, 0., 0, 0., 4, 2.6143790849673203, 0, 0., 0, 0., 6, 3.9215686274509802, 0, 0., 2, 1.3071895424836601, 0, 0., 0, 0., 0, 0., 0, 0., 0, 0., 0, 0., 0, 0., 0, 0., 0, 0., 0, 0., 0, 0., 0, 0., 0, 0., 0, 0., 0, 0., 0, 0., 5, 3.2679738562091503, 0, 0., 0, 0., 294, 257, 551, 153, 0.2776769509981851
, generated\gt\sample_000630.krn, generated\xml_trimmed\sample_000630.xml, 0, 0., 0, 0., 0, 0., 0, 0., 0, 0., 0, 0., 0, 0., 0, 0., 0, 0., 0, 0., 0, 0., 0, 0., 0, 0., 1, 2.4390243902439024, 0, 0., 0, 0., 0, 0., 0, 0., 0, 0., 0, 0., 0, 0., 0, 0., 7, 17.073170731707318, 0, 0., 0, 0., 0, 0., 0, 0., 0, 0., 0, 0., 0, 0., 0, 0., 0, 0., 33, 80.48780487804878, 0, 0., 0, 0., 0, 0., 0, 0., 0, 0., 0, 0., 65, 76, 141, 41, 0.2907801418439716
, generated\gt\sample_000446.krn, generated\xml_trimmed\sample_000446.xml, 0, 0., 32, 21.192052980132452, 0, 0., 0, 0., 0, 0., 0, 0., 0, 0., 0, 0., 0, 0., 0, 0., 2, 1.3245033112582782, 1, 0.6622516556291391, 0, 0., 0, 0., 4, 2.6490066225165565, 2, 1.3245033112582782, 0, 0., 0, 0., 0, 0., 1, 0.6622516556291391, 0, 0., 0, 0., 3, 1.9867549668874172, 0, 0., 0, 0., 0, 0., 0, 0., 0, 0., 0, 0., 0, 0., 0, 0., 0, 0., 101, 66.88741721854305, 0, 0., 0, 0., 0, 0., 5, 3.3112582781456954, 0, 0., 0, 0., 256, 262, 518, 151, 0.2915057915057915
, generated\gt\sample_000365.krn, generated\xml_trimmed\sample_000365.xml, 0, 0., 122, 96.82539682539682, 0, 0., 0, 0., 0, 0., 0, 0., 0, 0., 0, 0., 0, 0., 3, 2.380952380952381, 0, 0., 0, 0., 0, 0., 0, 0., 0, 0., 0, 0., 0, 0., 0, 0., 0, 0., 0, 0., 0, 0., 0, 0., 1, 0.7936507936507936, 0, 0., 0, 0., 0, 0., 0, 0., 0, 0., 0, 0., 0, 0., 0, 0., 0, 0., 0, 0., 0, 0., 0, 0., 0, 0., 0, 0., 0, 0., 0, 0., 219, 207, 426, 126, 0.29577464788732394
, generated\gt\sample_000329.krn, generated\xml_trimmed\sample_000329.xml, 0, 0., 141, 86.50306748466258, 0, 0., 6, 3.6809815950920246, 0, 0., 4, 2.4539877300613497, 2, 1.2269938650306749, 0, 0., 0, 0., 0, 0., 2, 1.2269938650306749, 0, 0., 0, 0., 0, 0., 0, 0., 0, 0., 0, 0., 0, 0., 0, 0., 0, 0., 0, 0., 0, 0., 8, 4.9079754601226995, 0, 0., 0, 0., 0, 0., 0, 0., 0, 0., 0, 0., 0, 0., 0, 0., 0, 0., 0, 0., 0, 0., 0, 0., 0, 0., 0, 0., 0, 0., 0, 0., 289, 252, 541, 163, 0.30129390018484287
, generated\gt\sample_000449.krn, generated\xml_trimmed\sample_000449.xml, 0, 0., 0, 0., 0, 0., 0, 0., 0, 0., 0, 0., 0, 0., 0, 0., 0, 0., 3, 9.375, 0, 0., 0, 0., 0, 0., 0, 0., 0, 0., 0, 0., 0, 0., 0, 0., 0, 0., 0, 0., 0, 0., 0, 0., 1, 3.125, 0, 0., 0, 0., 0, 0., 0, 0., 0, 0., 0, 0., 0, 0., 0, 0., 0, 0., 28, 87.5, 0, 0., 0, 0., 0, 0., 0, 0., 0, 0., 0, 0., 51, 55, 106, 32, 0.3018867924528302
, generated\gt\sample_000041.krn, generated\xml_trimmed\sample_000041.xml, 0, 0., 73, 66.97247706422019, 0, 0., 3, 2.7522935779816513, 3, 2.7522935779816513, 0, 0., 11, 10.091743119266056, 0, 0., 0, 0., 0, 0., 0, 0., 0, 0., 0, 0., 0, 0., 4, 3.669724770642202, 4, 3.669724770642202, 0, 0., 0, 0., 6, 5.504587155963303, 0, 0., 0, 0., 0, 0., 0, 0., 0, 0., 0, 0., 0, 0., 0, 0., 0, 0., 0, 0., 0, 0., 0, 0., 0, 0., 0, 0., 0, 0., 0, 0., 0, 0., 5, 4.587155963302752, 0, 0., 0, 0., 182, 168, 350, 109, 0.31142857142857144
, generated\gt\sample_000010.krn, generated\xml_trimmed\sample_000010.xml, 0, 0., 111, 78.16901408450704, 0, 0., 1, 0.704225352112676, 2, 1.408450704225352, 0, 0., 0, 0., 0, 0., 0, 0., 0, 0., 1, 0.704225352112676, 5, 3.5211267605633805, 0, 0., 0, 0., 4, 2.816901408450704, 0, 0., 0, 0., 0, 0., 0, 0., 7, 4.929577464788732, 0, 0., 0, 0., 6, 4.225352112676056, 0, 0., 0, 0., 0, 0., 0, 0., 0, 0., 0, 0., 0, 0., 0, 0., 0, 0., 0, 0., 0, 0., 0, 0., 0, 0., 5, 3.5211267605633805, 0, 0., 0, 0., 233, 221, 454, 142, 0.31277533039647576
, generated\gt\sample_000060.krn, generated\xml_trimmed\sample_000060.xml, 0, 0., 83, 68.0327868852459, 0, 0., 5, 4.098360655737705, 11, 9.01639344262295, 0, 0., 0, 0., 0, 0., 0, 0., 5, 4.098360655737705, 1, 0.819672131147541, 0, 0., 0, 0., 0, 0., 4, 3.278688524590164, 1, 0.819672131147541, 0, 0., 6, 4.918032786885246, 0, 0., 1, 0.819672131147541, 0, 0., 0, 0., 0, 0., 0, 0., 0, 0., 0, 0., 0, 0., 0, 0., 0, 0., 0, 0., 0, 0., 0, 0., 0, 0., 0, 0., 0, 0., 0, 0., 5, 4.098360655737705, 0, 0., 0, 0., 205, 181, 386, 122, 0.3160621761658031
, generated\gt\sample_000252.krn, generated\xml_trimmed\sample_000252.xml, 0, 0., 123, 79.35483870967742, 0, 0., 11, 7.096774193548387, 1, 0.6451612903225806, 0, 0., 0, 0., 0, 0., 0, 0., 1, 0.6451612903225806, 2, 1.2903225806451613, 0, 0., 0, 0., 0, 0., 0, 0., 0, 0., 0, 0., 0, 0., 0, 0., 1, 0.6451612903225806, 2, 1.2903225806451613, 0, 0., 9, 5.806451612903226, 0, 0., 0, 0., 0, 0., 0, 0., 0, 0., 0, 0., 0, 0., 0, 0., 0, 0., 0, 0., 0, 0., 0, 0., 0, 0., 5, 3.225806451612903, 0, 0., 0, 0., 264, 221, 485, 155, 0.31958762886597936
, generated\gt\sample_000340.krn, generated\xml_trimmed\sample_000340.xml, 0, 0., 177, 84.28571428571429, 0, 0., 8, 3.8095238095238093, 2, 0.9523809523809523, 0, 0., 0, 0., 0, 0., 0, 0., 0, 0., 4, 1.9047619047619047, 3, 1.4285714285714286, 0, 0., 1, 0.47619047619047616, 4, 1.9047619047619047, 0, 0., 0, 0., 0, 0., 0, 0., 2, 0.9523809523809523, 0, 0., 0, 0., 4, 1.9047619047619047, 0, 0., 0, 0., 0, 0., 0, 0., 0, 0., 0, 0., 0, 0., 0, 0., 0, 0., 0, 0., 0, 0., 0, 0., 0, 0., 5, 2.380952380952381, 0, 0., 0, 0., 334, 323, 657, 210, 0.319634703196347
, generated\gt\sample_000580.krn, generated\xml_trimmed\sample_000580.xml, 0, 0., 102, 57.6271186440678, 0, 0., 3, 1.694915254237288, 2, 1.1299435028248588, 0, 0., 1, 0.5649717514124294, 0, 0., 0, 0., 0, 0., 14, 7.909604519774011, 0, 0., 0, 0., 0, 0., 4, 2.2598870056497176, 0, 0., 0, 0., 0, 0., 0, 0., 0, 0., 0, 0., 1, 0.5649717514124294, 4, 2.2598870056497176, 0, 0., 0, 0., 0, 0., 0, 0., 0, 0., 0, 0., 0, 0., 0, 0., 0, 0., 41, 23.163841807909606, 0, 0., 0, 0., 0, 0., 5, 2.824858757062147, 0, 0., 0, 0., 292, 256, 548, 177, 0.32299270072992703
, generated\gt\sample_000248.krn, generated\xml_trimmed\sample_000248.xml, 0, 0., 99, 68.75, 0, 0., 7, 4.861111111111111, 13, 9.027777777777779, 0, 0., 4, 2.7777777777777777, 0, 0., 0, 0., 1, 0.6944444444444444, 3, 2.0833333333333335, 0, 0., 0, 0., 1, 0.6944444444444444, 0, 0., 0, 0., 0, 0., 0, 0., 0, 0., 2, 1.3888888888888888, 0, 0., 0, 0., 9, 6.25, 0, 0., 0, 0., 0, 0., 0, 0., 0, 0., 0, 0., 0, 0., 0, 0., 0, 0., 0, 0., 0, 0., 0, 0., 0, 0., 5, 3.4722222222222223, 0, 0., 0, 0., 228, 215, 443, 144, 0.32505643340857787
, generated\gt\sample_000321.krn, generated\xml_trimmed\sample_000321.xml, 0, 0., 124, 68.88888888888889, 0, 0., 9, 5.0, 0, 0., 0, 0., 0, 0., 0, 0., 0, 0., 4, 2.2222222222222223, 6, 3.3333333333333335, 2, 1.1111111111111112, 0, 0., 3, 1.6666666666666667, 0, 0., 0, 0., 0, 0., 0, 0., 0, 0., 4, 2.2222222222222223, 0, 0., 1, 0.5555555555555556, 22, 12.222222222222221, 0, 0., 0, 0., 0, 0., 0, 0., 0, 0., 0, 0., 0, 0., 0, 0., 0, 0., 0, 0., 0, 0., 0, 0., 0, 0., 5, 2.7777777777777777, 0, 0., 0, 0., 285, 259, 544, 180, 0.33088235294117646
, generated\gt\sample_000318.krn, generated\xml_trimmed\sample_000318.xml, 0, 0., 114, 86.36363636363636, 0, 0., 0, 0., 0, 0., 0, 0., 0, 0., 0, 0., 0, 0., 0, 0., 3, 2.272727272727273, 0, 0., 0, 0., 0, 0., 0, 0., 0, 0., 0, 0., 3, 2.272727272727273, 0, 0., 0, 0., 0, 0., 0, 0., 12, 9.090909090909092, 0, 0., 0, 0., 0, 0., 0, 0., 0, 0., 0, 0., 0, 0., 0, 0., 0, 0., 0, 0., 0, 0., 0, 0., 0, 0., 0, 0., 0, 0., 0, 0., 192, 205, 397, 132, 0.33249370277078083
, generated\gt\sample_000325.krn, generated\xml_trimmed\sample_000325.xml, 0, 0., 170, 89.94708994708995, 0, 0., 4, 2.1164021164021163, 3, 1.5873015873015872, 0, 0., 0, 0., 0, 0., 0, 0., 0, 0., 2, 1.0582010582010581, 0, 0., 0, 0., 0, 0., 0, 0., 2, 1.0582010582010581, 0, 0., 0, 0., 0, 0., 1, 0.5291005291005291, 0, 0., 0, 0., 2, 1.0582010582010581, 0, 0., 0, 0., 0, 0., 0, 0., 0, 0., 0, 0., 0, 0., 0, 0., 0, 0., 0, 0., 0, 0., 0, 0., 0, 0., 5, 2.6455026455026456, 0, 0., 0, 0., 287, 281, 568, 189, 0.33274647887323944
, generated\gt\sample_000539.krn, generated\xml_trimmed\sample_000539.xml, 0, 0., 90, 79.64601769911505, 0, 0., 6, 5.3097345132743365, 0, 0., 0, 0., 0, 0., 0, 0., 0, 0., 3, 2.6548672566371683, 1, 0.8849557522123894, 1, 0.8849557522123894, 0, 0., 0, 0., 0, 0., 0, 0., 0, 0., 0, 0., 0, 0., 1, 0.8849557522123894, 0, 0., 0, 0., 6, 5.3097345132743365, 0, 0., 0, 0., 0, 0., 0, 0., 0, 0., 0, 0., 0, 0., 0, 0., 0, 0., 0, 0., 0, 0., 0, 0., 0, 0., 5, 4.424778761061947, 0, 0., 0, 0., 200, 135, 335, 113, 0.3373134328358209
, generated\gt\sample_000579.krn, generated\xml_trimmed\sample_000579.xml, 0, 0., 49, 45.794392523364486, 0, 0., 2, 1.8691588785046729, 0, 0., 0, 0., 0, 0., 0, 0., 0, 0., 2, 1.8691588785046729, 7, 6.542056074766355, 0, 0., 0, 0., 1, 0.9345794392523364, 0, 0., 2, 1.8691588785046729, 0, 0., 0, 0., 0, 0., 0, 0., 1, 0.9345794392523364, 1, 0.9345794392523364, 2, 1.8691588785046729, 0, 0., 0, 0., 0, 0., 0, 0., 0, 0., 0, 0., 0, 0., 0, 0., 0, 0., 35, 32.71028037383178, 0, 0., 0, 0., 0, 0., 5, 4.672897196261682, 0, 0., 0, 0., 167, 146, 313, 107, 0.34185303514376997
, generated\gt\sample_000475.krn, generated\xml_trimmed\sample_000475.xml, 0, 0., 81, 51.265822784810126, 0, 0., 0, 0., 2, 1.2658227848101267, 4, 2.5316455696202533, 1, 0.6329113924050633, 0, 0., 0, 0., 2, 1.2658227848101267, 2, 1.2658227848101267, 1, 0.6329113924050633, 0, 0., 0, 0., 0, 0., 0, 0., 0, 0., 0, 0., 0, 0., 0, 0., 0, 0., 0, 0., 13, 8.227848101265822, 0, 0., 0, 0., 0, 0., 0, 0., 0, 0., 0, 0., 0, 0., 0, 0., 0, 0., 52, 32.91139240506329, 0, 0., 0, 0., 0, 0., 0, 0., 0, 0., 0, 0., 223, 239, 462, 158, 0.341991341991342
, generated\gt\sample_000372.krn, generated\xml_trimmed\sample_000372.xml, 0, 0., 56, 32.18390804597701, 0, 0., 0, 0., 0, 0., 0, 0., 0, 0., 0, 0., 0, 0., 0, 0., 1, 0.5747126436781609, 0, 0., 0, 0., 1, 0.5747126436781609, 0, 0., 2, 1.1494252873563218, 0, 0., 0, 0., 0, 0., 2, 1.1494252873563218, 0, 0., 0, 0., 0, 0., 0, 0., 0, 0., 0, 0., 0, 0., 0, 0., 0, 0., 0, 0., 0, 0., 0, 0., 107, 61.49425287356322, 0, 0., 0, 0., 0, 0., 5, 2.8735632183908044, 0, 0., 0, 0., 252, 252, 504, 174, 0.34523809523809523
, generated\gt\sample_000316.krn, generated\xml_trimmed\sample_000316.xml, 0, 0., 70, 51.851851851851855, 0, 0., 4, 2.962962962962963, 5, 3.7037037037037037, 0, 0., 0, 0., 0, 0., 0, 0., 0, 0., 5, 3.7037037037037037, 1, 0.7407407407407407, 0, 0., 0, 0., 9, 6.666666666666667, 0, 0., 0, 0., 0, 0., 0, 0., 9, 6.666666666666667, 0, 0., 0, 0., 4, 2.962962962962963, 0, 0., 0, 0., 0, 0., 0, 0., 0, 0., 0, 0., 0, 0., 0, 0., 0, 0., 15, 11.11111111111111, 0, 0., 0, 0., 13, 9.62962962962963, 0, 0., 0, 0., 0, 0., 211, 180, 391, 135, 0.3452685421994885
, generated\gt\sample_000174.krn, generated\xml_trimmed\sample_000174.xml, 0, 0., 3, 1.7647058823529411, 0, 0., 6, 3.5294117647058822, 0, 0., 0, 0., 8, 4.705882352941177, 0, 0., 0, 0., 0, 0., 2, 1.1764705882352942, 0, 0., 0, 0., 1, 0.5882352941176471, 4, 2.3529411764705883, 6, 3.5294117647058822, 0, 0., 0, 0., 0, 0., 0, 0., 0, 0., 0, 0., 2, 1.1764705882352942, 0, 0., 0, 0., 0, 0., 0, 0., 0, 0., 0, 0., 0, 0., 0, 0., 0, 0., 133, 78.23529411764706, 0, 0., 0, 0., 0, 0., 5, 2.9411764705882355, 0, 0., 0, 0., 254, 233, 487, 170, 0.3490759753593429
, generated\gt\sample_000214.krn, generated\xml_trimmed\sample_000214.xml, 0, 0., 32, 47.76119402985075, 0, 0., 0, 0., 3, 4.477611940298507, 0, 0., 0, 0., 0, 0., 0, 0., 1, 1.492537313432836, 1, 1.492537313432836, 0, 0., 0, 0., 0, 0., 4, 5.970149253731344, 0, 0., 0, 0., 0, 0., 0, 0., 1, 1.492537313432836, 0, 0., 0, 0., 6, 8.955223880597014, 0, 0., 0, 0., 0, 0., 0, 0., 0, 0., 0, 0., 0, 0., 0, 0., 0, 0., 14, 20.895522388059703, 0, 0., 0, 0., 0, 0., 5, 7.462686567164179, 0, 0., 0, 0., 98, 93, 191, 67, 0.3507853403141361
, generated\gt\sample_000124.krn, generated\xml_trimmed\sample_000124.xml, 0, 0., 84, 60.869565217391305, 0, 0., 1, 0.7246376811594203, 7, 5.072463768115942, 0, 0., 0, 0., 0, 0., 0, 0., 3, 2.1739130434782608, 3, 2.1739130434782608, 0, 0., 0, 0., 0, 0., 4, 2.898550724637681, 0, 0., 0, 0., 0, 0., 0, 0., 1, 0.7246376811594203, 0, 0., 0, 0., 7, 5.072463768115942, 0, 0., 0, 0., 0, 0., 0, 0., 0, 0., 0, 0., 0, 0., 0, 0., 0, 0., 23, 16.666666666666668, 0, 0., 0, 0., 0, 0., 5, 3.6231884057971016, 0, 0., 0, 0., 186, 203, 389, 138, 0.35475578406169667
, generated\gt\sample_000114.krn, generated\xml_trimmed\sample_000114.xml, 0, 0., 129, 76.33136094674556, 0, 0., 10, 5.9171597633136095, 0, 0., 0, 0., 0, 0., 0, 0., 0, 0., 0, 0., 0, 0., 0, 0., 0, 0., 0, 0., 4, 2.366863905325444, 2, 1.183431952662722, 0, 0., 0, 0., 0, 0., 1, 0.591715976331361, 0, 0., 0, 0., 18, 10.650887573964496, 0, 0., 0, 0., 0, 0., 0, 0., 0, 0., 0, 0., 0, 0., 0, 0., 0, 0., 0, 0., 0, 0., 0, 0., 0, 0., 5, 2.9585798816568047, 0, 0., 0, 0., 246, 227, 473, 169, 0.3572938689217759
, generated\gt\sample_000071.krn, generated\xml_trimmed\sample_000071.xml, 0, 0., 155, 85.16483516483517, 4, 2.197802197802198, 3, 1.6483516483516483, 0, 0., 0, 0., 1, 0.5494505494505495, 0, 0., 0, 0., 6, 3.2967032967032965, 0, 0., 0, 0., 0, 0., 0, 0., 4, 2.197802197802198, 0, 0., 0, 0., 0, 0., 0, 0., 0, 0., 0, 0., 0, 0., 4, 2.197802197802198, 0, 0., 0, 0., 0, 0., 0, 0., 0, 0., 0, 0., 0, 0., 0, 0., 0, 0., 0, 0., 0, 0., 0, 0., 0, 0., 5, 2.7472527472527473, 0, 0., 0, 0., 264, 244, 508, 182, 0.35826771653543305
, generated\gt\sample_000611.krn, generated\xml_trimmed\sample_000611.xml, 0, 0., 116, 81.11888111888112, 0, 0., 3, 2.097902097902098, 0, 0., 0, 0., 0, 0., 0, 0., 0, 0., 0, 0., 2, 1.3986013986013985, 0, 0., 0, 0., 0, 0., 4, 2.797202797202797, 0, 0., 0, 0., 0, 0., 0, 0., 7, 4.895104895104895, 0, 0., 2, 1.3986013986013985, 4, 2.797202797202797, 0, 0., 0, 0., 0, 0., 0, 0., 0, 0., 0, 0., 0, 0., 0, 0., 0, 0., 0, 0., 0, 0., 0, 0., 0, 0., 5, 3.4965034965034967, 0, 0., 0, 0., 194, 203, 397, 143, 0.3602015113350126
, generated\gt\sample_000180.krn, generated\xml_trimmed\sample_000180.xml, 0, 0., 38, 38.0, 0, 0., 1, 1.0, 1, 1.0, 0, 0., 1, 1.0, 0, 0., 0, 0., 0, 0., 3, 3.0, 1, 1.0, 0, 0., 0, 0., 0, 0., 0, 0., 0, 0., 0, 0., 0, 0., 2, 2.0, 0, 0., 0, 0., 7, 7.0, 0, 0., 0, 0., 0, 0., 0, 0., 0, 0., 0, 0., 0, 0., 0, 0., 0, 0., 41, 41.0, 0, 0., 0, 0., 0, 0., 5, 5.0, 0, 0., 0, 0., 151, 122, 273, 100, 0.3663003663003663
, generated\gt\sample_000039.krn, generated\xml_trimmed\sample_000039.xml, 0, 0., 78, 53.06122448979592, 2, 1.3605442176870748, 6, 4.081632653061225, 1, 0.6802721088435374, 0, 0., 15, 10.204081632653061, 0, 0., 0, 0., 0, 0., 3, 2.0408163265306123, 0, 0., 0, 0., 0, 0., 4, 2.7210884353741496, 4, 2.7210884353741496, 0, 0., 0, 0., 9, 6.122448979591836, 1, 0.6802721088435374, 0, 0., 0, 0., 2, 1.3605442176870748, 0, 0., 0, 0., 0, 0., 0, 0., 0, 0., 0, 0., 0, 0., 0, 0., 0, 0., 17, 11.564625850340136, 0, 0., 0, 0., 0, 0., 5, 3.401360544217687, 0, 0., 0, 0., 225, 171, 396, 147, 0.3712121212121212
, generated\gt\sample_000285.krn, generated\xml_trimmed\sample_000285.xml, 0, 0., 46, 77.96610169491525, 0, 0., 0, 0., 0, 0., 0, 0., 0, 0., 0, 0., 0, 0., 0, 0., 0, 0., 0, 0., 0, 0., 4, 6.779661016949152, 0, 0., 0, 0., 0, 0., 0, 0., 0, 0., 0, 0., 0, 0., 0, 0., 9, 15.254237288135593, 0, 0., 0, 0., 0, 0., 0, 0., 0, 0., 0, 0., 0, 0., 0, 0., 0, 0., 0, 0., 0, 0., 0, 0., 0, 0., 0, 0., 0, 0., 0, 0., 79, 78, 157, 59, 0.37579617834394907
, generated\gt\sample_000660.krn, generated\xml_trimmed\sample_000660.xml, 0, 0., 37, 72.54901960784314, 0, 0., 3, 5.882352941176471, 0, 0., 0, 0., 0, 0., 0, 0., 0, 0., 0, 0., 1, 1.9607843137254901, 0, 0., 0, 0., 0, 0., 0, 0., 0, 0., 0, 0., 0, 0., 0, 0., 2, 3.9215686274509802, 0, 0., 0, 0., 3, 5.882352941176471, 0, 0., 0, 0., 0, 0., 0, 0., 0, 0., 0, 0., 0, 0., 0, 0., 0, 0., 0, 0., 0, 0., 0, 0., 0, 0., 5, 9.803921568627452, 0, 0., 0, 0., 72, 60, 132, 51, 0.38636363636363635
, generated\gt\sample_000549.krn, generated\xml_trimmed\sample_000549.xml, 0, 0., 203, 87.87878787878788, 0, 0., 5, 2.1645021645021645, 1, 0.4329004329004329, 0, 0., 0, 0., 0, 0., 0, 0., 0, 0., 0, 0., 0, 0., 0, 0., 1, 0.4329004329004329, 4, 1.7316017316017316, 2, 0.8658008658008658, 0, 0., 0, 0., 0, 0., 0, 0., 0, 0., 0, 0., 0, 0., 0, 0., 0, 0., 0, 0., 0, 0., 0, 0., 0, 0., 0, 0., 0, 0., 0, 0., 10, 4.329004329004329, 0, 0., 0, 0., 0, 0., 5, 2.1645021645021645, 0, 0., 0, 0., 304, 287, 591, 231, 0.39086294416243655
, generated\gt\sample_000673.krn, generated\xml_trimmed\sample_000673.xml, 0, 0., 145, 73.9795918367347, 0, 0., 4, 2.0408163265306123, 0, 0., 0, 0., 0, 0., 0, 0., 0, 0., 0, 0., 1, 0.5102040816326531, 0, 0., 0, 0., 0, 0., 4, 2.0408163265306123, 2, 1.0204081632653061, 0, 0., 0, 0., 0, 0., 2, 1.0204081632653061, 0, 0., 0, 0., 9, 4.591836734693878, 0, 0., 0, 0., 0, 0., 0, 0., 0, 0., 0, 0., 0, 0., 0, 0., 0, 0., 24, 12.244897959183673, 0, 0., 0, 0., 0, 0., 5, 2.5510204081632653, 0, 0., 0, 0., 269, 229, 498, 196, 0.39357429718875503
, generated\gt\sample_000239.krn, generated\xml_trimmed\sample_000239.xml, 0, 0., 87, 74.35897435897436, 0, 0., 1, 0.8547008547008547, 3, 2.5641025641025643, 2, 1.7094017094017093, 0, 0., 0, 0., 0, 0., 0, 0., 6, 5.128205128205129, 0, 0., 0, 0., 0, 0., 0, 0., 0, 0., 0, 0., 0, 0., 0, 0., 0, 0., 0, 0., 0, 0., 18, 15.384615384615385, 0, 0., 0, 0., 0, 0., 0, 0., 0, 0., 0, 0., 0, 0., 0, 0., 0, 0., 0, 0., 0, 0., 0, 0., 0, 0., 0, 0., 0, 0., 0, 0., 132, 161, 293, 117, 0.3993174061433447
, generated\gt\sample_000635.krn, generated\xml_trimmed\sample_000635.xml, 0, 0., 51, 80.95238095238095, 0, 0., 2, 3.1746031746031744, 0, 0., 0, 0., 0, 0., 0, 0., 0, 0., 0, 0., 1, 1.5873015873015872, 0, 0., 0, 0., 0, 0., 0, 0., 0, 0., 0, 0., 0, 0., 0, 0., 1, 1.5873015873015872, 0, 0., 0, 0., 8, 12.698412698412698, 0, 0., 0, 0., 0, 0., 0, 0., 0, 0., 0, 0., 0, 0., 0, 0., 0, 0., 0, 0., 0, 0., 0, 0., 0, 0., 0, 0., 0, 0., 0, 0., 63, 94, 157, 63, 0.4012738853503185
, generated\gt\sample_000559.krn, generated\xml_trimmed\sample_000559.xml, 0, 0., 153, 87.42857142857143, 0, 0., 6, 3.4285714285714284, 0, 0., 0, 0., 1, 0.5714285714285714, 0, 0., 0, 0., 0, 0., 2, 1.1428571428571428, 1, 0.5714285714285714, 0, 0., 0, 0., 0, 0., 0, 0., 0, 0., 0, 0., 0, 0., 0, 0., 0, 0., 0, 0., 12, 6.857142857142857, 0, 0., 0, 0., 0, 0., 0, 0., 0, 0., 0, 0., 0, 0., 0, 0., 0, 0., 0, 0., 0, 0., 0, 0., 0, 0., 0, 0., 0, 0., 0, 0., 218, 215, 433, 175, 0.40415704387990764
, generated\gt\sample_000558.krn, generated\xml_trimmed\sample_000558.xml, 0, 0., 38, 24.358974358974358, 6, 3.8461538461538463, 3, 1.9230769230769231, 17, 10.897435897435898, 0, 0., 0, 0., 0, 0., 0, 0., 0, 0., 9, 5.769230769230769, 0, 0., 0, 0., 0, 0., 4, 2.5641025641025643, 0, 0., 0, 0., 0, 0., 0, 0., 3, 1.9230769230769231, 0, 0., 0, 0., 3, 1.9230769230769231, 0, 0., 0, 0., 0, 0., 0, 0., 0, 0., 0, 0., 0, 0., 0, 0., 0, 0., 68, 43.58974358974359, 0, 0., 0, 0., 0, 0., 5, 3.2051282051282053, 0, 0., 0, 0., 203, 181, 384, 156, 0.40625
, generated\gt\sample_000320.krn, generated\xml_trimmed\sample_000320.xml, 0, 0., 115, 62.16216216216216, 4, 2.1621621621621623, 0, 0., 8, 4.324324324324325, 0, 0., 6, 3.2432432432432434, 0, 0., 0, 0., 0, 0., 5, 2.7027027027027026, 0, 0., 0, 0., 0, 0., 0, 0., 0, 0., 0, 0., 0, 0., 0, 0., 3, 1.6216216216216217, 0, 0., 0, 0., 10, 5.405405405405405, 0, 0., 0, 0., 0, 0., 0, 0., 0, 0., 0, 0., 0, 0., 0, 0., 0, 0., 29, 15.675675675675675, 0, 0., 0, 0., 0, 0., 5, 2.7027027027027026, 0, 0., 0, 0., 240, 210, 450, 185, 0.4111111111111111
, generated\gt\sample_000091.krn, generated\xml_trimmed\sample_000091.xml, 0, 0., 86, 50.588235294117645, 0, 0., 13, 7.647058823529412, 0, 0., 0, 0., 0, 0., 0, 0., 0, 0., 2, 1.1764705882352942, 0, 0., 0, 0., 0, 0., 2, 1.1764705882352942, 4, 2.3529411764705883, 0, 0., 0, 0., 0, 0., 0, 0., 0, 0., 0, 0., 0, 0., 5, 2.9411764705882355, 0, 0., 0, 0., 0, 0., 0, 0., 0, 0., 0, 0., 0, 0., 0, 0., 0, 0., 53, 31.176470588235293, 0, 0., 0, 0., 0, 0., 5, 2.9411764705882355, 0, 0., 0, 0., 225, 182, 407, 170, 0.4176904176904177
, generated\gt\sample_000265.krn, generated\xml_trimmed\sample_000265.xml, 0, 0., 136, 91.2751677852349, 0, 0., 0, 0., 0, 0., 0, 0., 0, 0., 0, 0., 0, 0., 1, 0.6711409395973155, 1, 0.6711409395973155, 0, 0., 0, 0., 0, 0., 0, 0., 0, 0., 0, 0., 0, 0., 0, 0., 3, 2.0134228187919465, 0, 0., 0, 0., 3, 2.0134228187919465, 0, 0., 0, 0., 0, 0., 0, 0., 0, 0., 0, 0., 0, 0., 0, 0., 0, 0., 0, 0., 0, 0., 0, 0., 0, 0., 5, 3.3557046979865772, 0, 0., 0, 0., 175, 180, 355, 149, 0.4197183098591549
, generated\gt\sample_000405.krn, generated\xml_trimmed\sample_000405.xml, 0, 0., 65, 57.01754385964912, 0, 0., 4, 3.508771929824561, 2, 1.7543859649122806, 0, 0., 0, 0., 0, 0., 0, 0., 0, 0., 6, 5.2631578947368425, 0, 0., 0, 0., 2, 1.7543859649122806, 6, 5.2631578947368425, 2, 1.7543859649122806, 0, 0., 0, 0., 0, 0., 2, 1.7543859649122806, 0, 0., 0, 0., 2, 1.7543859649122806, 0, 0., 0, 0., 0, 0., 0, 0., 0, 0., 0, 0., 0, 0., 0, 0., 0, 0., 18, 15.789473684210526, 0, 0., 0, 0., 0, 0., 5, 4.385964912280702, 0, 0., 0, 0., 146, 124, 270, 114, 0.4222222222222222
, generated\gt\sample_000108.krn, generated\xml_trimmed\sample_000108.xml, 0, 0., 139, 70.55837563451777, 0, 0., 2, 1.015228426395939, 0, 0., 0, 0., 0, 0., 0, 0., 0, 0., 0, 0., 2, 1.015228426395939, 1, 0.5076142131979695, 0, 0., 1, 0.5076142131979695, 4, 2.030456852791878, 0, 0., 0, 0., 0, 0., 0, 0., 1, 0.5076142131979695, 0, 0., 0, 0., 6, 3.045685279187817, 0, 0., 0, 0., 0, 0., 0, 0., 0, 0., 0, 0., 0, 0., 0, 0., 0, 0., 36, 18.274111675126903, 0, 0., 0, 0., 0, 0., 5, 2.5380710659898478, 0, 0., 0, 0., 236, 225, 461, 197, 0.42733188720173537
, generated\gt\sample_000394.krn, generated\xml_trimmed\sample_000394.xml, 0, 0., 130, 80.74534161490683, 0, 0., 2, 1.2422360248447204, 4, 2.484472049689441, 2, 1.2422360248447204, 0, 0., 0, 0., 0, 0., 1, 0.6211180124223602, 3, 1.8633540372670807, 0, 0., 0, 0., 0, 0., 4, 2.484472049689441, 0, 0., 0, 0., 0, 0., 0, 0., 4, 2.484472049689441, 0, 0., 0, 0., 3, 1.8633540372670807, 0, 0., 0, 0., 0, 0., 0, 0., 0, 0., 0, 0., 0, 0., 0, 0., 0, 0., 3, 1.8633540372670807, 0, 0., 0, 0., 0, 0., 5, 3.1055900621118013, 0, 0., 0, 0., 210, 166, 376, 161, 0.42819148936170215
, generated\gt\sample_000138.krn, generated\xml_trimmed\sample_000138.xml, 0, 0., 116, 59.48717948717949, 10, 5.128205128205129, 4, 2.051282051282051, 0, 0., 0, 0., 0, 0., 0, 0., 0, 0., 0, 0., 30, 15.384615384615385, 0, 0., 0, 0., 2, 1.0256410256410255, 0, 0., 0, 0., 0, 0., 0, 0., 0, 0., 6, 3.076923076923077, 0, 0., 0, 0., 6, 3.076923076923077, 0, 0., 0, 0., 0, 0., 0, 0., 0, 0., 0, 0., 0, 0., 0, 0., 0, 0., 17, 8.717948717948717, 0, 0., 0, 0., 4, 2.051282051282051, 0, 0., 0, 0., 0, 0., 227, 228, 455, 195, 0.42857142857142855
, generated\gt\sample_000263.krn, generated\xml_trimmed\sample_000263.xml, 0, 0., 123, 64.0625, 0, 0., 44, 22.916666666666668, 1, 0.5208333333333334, 4, 2.0833333333333335, 0, 0., 0, 0., 0, 0., 0, 0., 2, 1.0416666666666667, 0, 0., 0, 0., 0, 0., 6, 3.125, 2, 1.0416666666666667, 0, 0., 0, 0., 0, 0., 1, 0.5208333333333334, 0, 0., 0, 0., 4, 2.0833333333333335, 0, 0., 0, 0., 0, 0., 0, 0., 0, 0., 0, 0., 0, 0., 0, 0., 0, 0., 0, 0., 0, 0., 0, 0., 0, 0., 5, 2.6041666666666665, 0, 0., 0, 0., 221, 227, 448, 192, 0.42857142857142855
, generated\gt\sample_000327.krn, generated\xml_trimmed\sample_000327.xml, 0, 0., 312, 81.25, 0, 0., 16, 4.166666666666667, 4, 1.0416666666666667, 12, 3.125, 9, 2.34375, 0, 0., 0, 0., 0, 0., 9, 2.34375, 0, 0., 0, 0., 0, 0., 4, 1.0416666666666667, 2, 0.5208333333333334, 0, 0., 0, 0., 0, 0., 5, 1.3020833333333333, 0, 0., 0, 0., 6, 1.5625, 0, 0., 0, 0., 0, 0., 0, 0., 0, 0., 0, 0., 0, 0., 0, 0., 0, 0., 0, 0., 0, 0., 0, 0., 0, 0., 5, 1.3020833333333333, 0, 0., 0, 0., 438, 453, 891, 384, 0.43097643097643096
, generated\gt\sample_000105.krn, generated\xml_trimmed\sample_000105.xml, 0, 0., 96, 71.11111111111111, 0, 0., 0, 0., 0, 0., 0, 0., 0, 0., 0, 0., 0, 0., 0, 0., 1, 0.7407407407407407, 0, 0., 0, 0., 0, 0., 2, 1.4814814814814814, 0, 0., 0, 0., 0, 0., 0, 0., 1, 0.7407407407407407, 0, 0., 0, 0., 0, 0., 0, 0., 0, 0., 0, 0., 0, 0., 0, 0., 0, 0., 0, 0., 0, 0., 0, 0., 30, 22.22222222222222, 0, 0., 0, 0., 0, 0., 5, 3.7037037037037037, 0, 0., 0, 0., 158, 155, 313, 135, 0.43130990415335463
, generated\gt\sample_000455.krn, generated\xml_trimmed\sample_000455.xml, 0, 0., 137, 77.8409090909091, 4, 2.272727272727273, 9, 5.113636363636363, 1, 0.5681818181818182, 0, 0., 0, 0., 0, 0., 0, 0., 0, 0., 1, 0.5681818181818182, 0, 0., 0, 0., 0, 0., 2, 1.1363636363636365, 1, 0.5681818181818182, 0, 0., 6, 3.409090909090909, 0, 0., 0, 0., 0, 0., 0, 0., 15, 8.522727272727273, 0, 0., 0, 0., 0, 0., 0, 0., 0, 0., 0, 0., 0, 0., 0, 0., 0, 0., 0, 0., 0, 0., 0, 0., 0, 0., 0, 0., 0, 0., 0, 0., 217, 188, 405, 176, 0.4345679012345679
, generated\gt\sample_000577.krn, generated\xml_trimmed\sample_000577.xml, 0, 0., 118, 77.12418300653594, 0, 0., 20, 13.071895424836601, 0, 0., 0, 0., 0, 0., 0, 0., 0, 0., 0, 0., 4, 2.6143790849673203, 0, 0., 0, 0., 0, 0., 0, 0., 2, 1.3071895424836601, 0, 0., 0, 0., 0, 0., 2, 1.3071895424836601, 0, 0., 0, 0., 2, 1.3071895424836601, 0, 0., 0, 0., 0, 0., 0, 0., 0, 0., 0, 0., 0, 0., 0, 0., 0, 0., 0, 0., 0, 0., 0, 0., 0, 0., 5, 3.2679738562091503, 0, 0., 0, 0., 205, 145, 350, 153, 0.43714285714285717
, generated\gt\sample_000552.krn, generated\xml_trimmed\sample_000552.xml, 0, 0., 46, 63.888888888888886, 6, 8.333333333333334, 4, 5.555555555555555, 3, 4.166666666666667, 0, 0., 0, 0., 0, 0., 0, 0., 0, 0., 1, 1.3888888888888888, 0, 0., 0, 0., 0, 0., 4, 5.555555555555555, 0, 0., 0, 0., 0, 0., 0, 0., 0, 0., 0, 0., 0, 0., 3, 4.166666666666667, 0, 0., 0, 0., 0, 0., 0, 0., 0, 0., 0, 0., 0, 0., 0, 0., 0, 0., 0, 0., 0, 0., 0, 0., 0, 0., 5, 6.944444444444445, 0, 0., 0, 0., 89, 75, 164, 72, 0.43902439024390244
, generated\gt\sample_000097.krn, generated\xml_trimmed\sample_000097.xml, 0, 0., 123, 70.28571428571429, 6, 3.4285714285714284, 11, 6.285714285714286, 4, 2.2857142857142856, 0, 0., 1, 0.5714285714285714, 0, 0., 0, 0., 0, 0., 4, 2.2857142857142856, 3, 1.7142857142857142, 0, 0., 0, 0., 0, 0., 0, 0., 0, 0., 0, 0., 3, 1.7142857142857142, 1, 0.5714285714285714, 0, 0., 0, 0., 14, 8.0, 0, 0., 0, 0., 0, 0., 0, 0., 0, 0., 0, 0., 0, 0., 0, 0., 0, 0., 0, 0., 0, 0., 0, 0., 0, 0., 5, 2.857142857142857, 0, 0., 0, 0., 216, 177, 393, 175, 0.44529262086513993
, generated\gt\sample_000179.krn, generated\xml_trimmed\sample_000179.xml, 0, 0., 118, 68.6046511627907, 0, 0., 5, 2.9069767441860463, 5, 2.9069767441860463, 0, 0., 0, 0., 0, 0., 0, 0., 0, 0., 3, 1.744186046511628, 0, 0., 0, 0., 0, 0., 9, 5.232558139534884, 0, 0., 0, 0., 0, 0., 0, 0., 12, 6.976744186046512, 0, 0., 0, 0., 7, 4.069767441860465, 0, 0., 0, 0., 0, 0., 0, 0., 0, 0., 0, 0., 0, 0., 0, 0., 0, 0., 0, 0., 0, 0., 0, 0., 13, 7.558139534883721, 0, 0., 0, 0., 0, 0., 196, 189, 385, 172, 0.44675324675324674
, generated\gt\sample_000482.krn, generated\xml_trimmed\sample_000482.xml, 0, 0., 92, 54.76190476190476, 0, 0., 4, 2.380952380952381, 1, 0.5952380952380952, 0, 0., 8, 4.761904761904762, 0, 0., 0, 0., 0, 0., 1, 0.5952380952380952, 0, 0., 0, 0., 2, 1.1904761904761905, 0, 0., 4, 2.380952380952381, 0, 0., 0, 0., 0, 0., 0, 0., 0, 0., 0, 0., 1, 0.5952380952380952, 0, 0., 0, 0., 0, 0., 0, 0., 0, 0., 0, 0., 0, 0., 0, 0., 0, 0., 50, 29.761904761904763, 0, 0., 0, 0., 0, 0., 5, 2.9761904761904763, 0, 0., 0, 0., 186, 189, 375, 168, 0.448
, generated\gt\sample_000525.krn, generated\xml_trimmed\sample_000525.xml, 0, 0., 150, 59.05511811023622, 0, 0., 25, 9.84251968503937, 0, 0., 0, 0., 0, 0., 0, 0., 0, 0., 0, 0., 1, 0.3937007874015748, 2, 0.7874015748031497, 0, 0., 0, 0., 0, 0., 0, 0., 0, 0., 0, 0., 0, 0., 3, 1.1811023622047243, 0, 0., 0, 0., 8, 3.1496062992125986, 0, 0., 0, 0., 0, 0., 0, 0., 0, 0., 0, 0., 0, 0., 0, 0., 0, 0., 60, 23.62204724409449, 0, 0., 0, 0., 0, 0., 5, 1.968503937007874, 0, 0., 0, 0., 354, 212, 566, 254, 0.44876325088339225
, generated\gt\sample_000192.krn, generated\xml_trimmed\sample_000192.xml, 0, 0., 76, 65.51724137931035, 0, 0., 4, 3.4482758620689653, 1, 0.8620689655172413, 0, 0., 1, 0.8620689655172413, 0, 0., 0, 0., 0, 0., 0, 0., 0, 0., 0, 0., 2, 1.7241379310344827, 4, 3.4482758620689653, 3, 2.586206896551724, 0, 0., 0, 0., 14, 12.068965517241379, 1, 0.8620689655172413, 1, 0.8620689655172413, 0, 0., 4, 3.4482758620689653, 0, 0., 0, 0., 0, 0., 0, 0., 0, 0., 0, 0., 0, 0., 0, 0., 0, 0., 0, 0., 0, 0., 0, 0., 0, 0., 5, 4.310344827586207, 0, 0., 0, 0., 133, 125, 258, 116, 0.4496124031007752
, generated\gt\sample_000326.krn, generated\xml_trimmed\sample_000326.xml, 0, 0., 117, 68.02325581395348, 0, 0., 5, 2.9069767441860463, 1, 0.5813953488372093, 0, 0., 0, 0., 0, 0., 0, 0., 0, 0., 7, 4.069767441860465, 1, 0.5813953488372093, 0, 0., 1, 0.5813953488372093, 4, 2.3255813953488373, 2, 1.1627906976744187, 0, 0., 0, 0., 0, 0., 2, 1.1627906976744187, 0, 0., 0, 0., 10, 5.813953488372093, 0, 0., 0, 0., 0, 0., 0, 0., 0, 0., 0, 0., 0, 0., 0, 0., 0, 0., 17, 9.883720930232558, 0, 0., 0, 0., 0, 0., 5, 2.9069767441860463, 0, 0., 0, 0., 178, 200, 378, 172, 0.455026455026455
, generated\gt\sample_000420.krn, generated\xml_trimmed\sample_000420.xml, 0, 0., 69, 53.48837209302326, 0, 0., 0, 0., 0, 0., 0, 0., 0, 0., 0, 0., 0, 0., 0, 0., 0, 0., 0, 0., 0, 0., 1, 0.7751937984496124, 0, 0., 1, 0.7751937984496124, 0, 0., 0, 0., 0, 0., 0, 0., 0, 0., 0, 0., 5, 3.875968992248062, 0, 0., 0, 0., 0, 0., 0, 0., 0, 0., 0, 0., 0, 0., 0, 0., 0, 0., 53, 41.08527131782946, 0, 0., 0, 0., 0, 0., 0, 0., 0, 0., 0, 0., 141, 142, 283, 129, 0.4558303886925795
, generated\gt\sample_000584.krn, generated\xml_trimmed\sample_000584.xml, 0, 0., 119, 44.237918215613384, 0, 0., 1, 0.37174721189591076, 0, 0., 0, 0., 0, 0., 0, 0., 0, 0., 0, 0., 4, 1.486988847583643, 0, 0., 0, 0., 1, 0.37174721189591076, 4, 1.486988847583643, 2, 0.7434944237918215, 0, 0., 0, 0., 0, 0., 4, 1.486988847583643, 0, 0., 0, 0., 0, 0., 0, 0., 0, 0., 0, 0., 0, 0., 0, 0., 0, 0., 0, 0., 0, 0., 0, 0., 129, 47.95539033457249, 0, 0., 0, 0., 0, 0., 5, 1.858736059479554, 0, 0., 0, 0., 306, 283, 589, 269, 0.4567062818336163
, generated\gt\sample_000170.krn, generated\xml_trimmed\sample_000170.xml, 0, 0., 0, 0., 0, 0., 0, 0., 0, 0., 0, 0., 0, 0., 0, 0., 0, 0., 0, 0., 1, 1.4492753623188406, 0, 0., 0, 0., 0, 0., 0, 0., 0, 0., 0, 0., 0, 0., 0, 0., 0, 0., 0, 0., 0, 0., 5, 7.246376811594203, 0, 0., 0, 0., 0, 0., 0, 0., 3, 4.3478260869565215, 0, 0., 0, 0., 0, 0., 0, 0., 60, 86.95652173913044, 0, 0., 0, 0., 0, 0., 0, 0., 0, 0., 0, 0., 75, 76, 151, 69, 0.45695364238410596
, generated\gt\sample_000089.krn, generated\xml_trimmed\sample_000089.xml, 0, 0., 90, 74.3801652892562, 0, 0., 14, 11.570247933884298, 1, 0.8264462809917356, 0, 0., 0, 0., 0, 0., 0, 0., 0, 0., 1, 0.8264462809917356, 0, 0., 0, 0., 1, 0.8264462809917356, 0, 0., 0, 0., 0, 0., 0, 0., 0, 0., 0, 0., 0, 0., 0, 0., 9, 7.43801652892562, 0, 0., 0, 0., 0, 0., 0, 0., 0, 0., 0, 0., 0, 0., 0, 0., 0, 0., 0, 0., 0, 0., 0, 0., 0, 0., 5, 4.132231404958677, 0, 0., 0, 0., 160, 103, 263, 121, 0.4600760456273764
, generated\gt\sample_000075.krn, generated\xml_trimmed\sample_000075.xml, 0, 0., 317, 94.3452380952381, 0, 0., 2, 0.5952380952380952, 0, 0., 2, 0.5952380952380952, 1, 0.2976190476190476, 0, 0., 0, 0., 2, 0.5952380952380952, 0, 0., 0, 0., 0, 0., 0, 0., 4, 1.1904761904761905, 0, 0., 0, 0., 0, 0., 0, 0., 2, 0.5952380952380952, 0, 0., 0, 0., 1, 0.2976190476190476, 0, 0., 0, 0., 0, 0., 0, 0., 0, 0., 0, 0., 0, 0., 0, 0., 0, 0., 0, 0., 0, 0., 0, 0., 0, 0., 5, 1.4880952380952381, 0, 0., 0, 0., 353, 372, 725, 336, 0.463448275862069
, generated\gt\sample_000144.krn, generated\xml_trimmed\sample_000144.xml, 0, 0., 21, 38.888888888888886, 2, 3.7037037037037037, 1, 1.8518518518518519, 0, 0., 0, 0., 1, 1.8518518518518519, 0, 0., 0, 0., 3, 5.555555555555555, 2, 3.7037037037037037, 0, 0., 0, 0., 0, 0., 0, 0., 1, 1.8518518518518519, 0, 0., 0, 0., 0, 0., 0, 0., 0, 0., 0, 0., 11, 20.37037037037037, 0, 0., 0, 0., 0, 0., 0, 0., 0, 0., 0, 0., 0, 0., 0, 0., 0, 0., 12, 22.22222222222222, 0, 0., 0, 0., 0, 0., 0, 0., 0, 0., 0, 0., 57, 59, 116, 54, 0.46551724137931033
, generated\gt\sample_000092.krn, generated\xml_trimmed\sample_000092.xml, 0, 0., 72, 34.44976076555024, 0, 0., 12, 5.741626794258373, 1, 0.4784688995215311, 0, 0., 0, 0., 0, 0., 0, 0., 1, 0.4784688995215311, 3, 1.4354066985645932, 0, 0., 0, 0., 1, 0.4784688995215311, 4, 1.9138755980861244, 0, 0., 0, 0., 0, 0., 0, 0., 0, 0., 0, 0., 0, 0., 10, 4.784688995215311, 0, 0., 0, 0., 0, 0., 0, 0., 0, 0., 0, 0., 0, 0., 0, 0., 0, 0., 100, 47.84688995215311, 0, 0., 0, 0., 0, 0., 5, 2.3923444976076556, 0, 0., 0, 0., 237, 211, 448, 209, 0.46651785714285715
, generated\gt\sample_000161.krn, generated\xml_trimmed\sample_000161.xml, 0, 0., 63, 56.25, 2, 1.7857142857142858, 6, 5.357142857142857, 1, 0.8928571428571429, 0, 0., 0, 0., 0, 0., 0, 0., 0, 0., 3, 2.6785714285714284, 0, 0., 0, 0., 0, 0., 2, 1.7857142857142858, 2, 1.7857142857142858, 0, 0., 0, 0., 0, 0., 0, 0., 0, 0., 0, 0., 5, 4.464285714285714, 0, 0., 0, 0., 0, 0., 0, 0., 0, 0., 0, 0., 0, 0., 0, 0., 0, 0., 23, 20.535714285714285, 0, 0., 0, 0., 0, 0., 5, 4.464285714285714, 0, 0., 0, 0., 136, 102, 238, 112, 0.47058823529411764
, generated\gt\sample_000350.krn, generated\xml_trimmed\sample_000350.xml, 0, 0., 155, 81.57894736842105, 0, 0., 1, 0.5263157894736842, 2, 1.0526315789473684, 2, 1.0526315789473684, 0, 0., 0, 0., 0, 0., 0, 0., 1, 0.5263157894736842, 2, 1.0526315789473684, 0, 0., 0, 0., 0, 0., 0, 0., 0, 0., 0, 0., 0, 0., 0, 0., 0, 0., 0, 0., 27, 14.210526315789474, 0, 0., 0, 0., 0, 0., 0, 0., 0, 0., 0, 0., 0, 0., 0, 0., 0, 0., 0, 0., 0, 0., 0, 0., 0, 0., 0, 0., 0, 0., 0, 0., 193, 210, 403, 190, 0.47146401985111663
, generated\gt\sample_000087.krn, generated\xml_trimmed\sample_000087.xml, 0, 0., 46, 37.39837398373984, 0, 0., 1, 0.8130081300813008, 0, 0., 0, 0., 0, 0., 0, 0., 0, 0., 0, 0., 4, 3.252032520325203, 2, 1.6260162601626016, 0, 0., 1, 0.8130081300813008, 6, 4.878048780487805, 3, 2.4390243902439024, 0, 0., 0, 0., 0, 0., 3, 2.4390243902439024, 0, 0., 0, 0., 0, 0., 0, 0., 0, 0., 0, 0., 0, 0., 0, 0., 0, 0., 0, 0., 0, 0., 0, 0., 53, 43.08943089430894, 0, 0., 0, 0., 4, 3.252032520325203, 0, 0., 0, 0., 0, 0., 128, 129, 257, 123, 0.4785992217898833
, generated\gt\sample_000548.krn, generated\xml_trimmed\sample_000548.xml, 0, 0., 189, 72.41379310344827, 0, 0., 6, 2.2988505747126435, 0, 0., 0, 0., 2, 0.7662835249042146, 0, 0., 0, 0., 0, 0., 1, 0.3831417624521073, 1, 0.3831417624521073, 0, 0., 1, 0.3831417624521073, 4, 1.5325670498084292, 2, 0.7662835249042146, 0, 0., 0, 0., 0, 0., 0, 0., 0, 0., 0, 0., 5, 1.9157088122605364, 0, 0., 0, 0., 0, 0., 0, 0., 0, 0., 0, 0., 0, 0., 0, 0., 0, 0., 45, 17.24137931034483, 0, 0., 0, 0., 0, 0., 5, 1.9157088122605364, 0, 0., 0, 0., 285, 259, 544, 261, 0.4797794117647059
, generated\gt\sample_000112.krn, generated\xml_trimmed\sample_000112.xml, 0, 0., 237, 86.81318681318682, 0, 0., 15, 5.4945054945054945, 0, 0., 0, 0., 0, 0., 0, 0., 0, 0., 0, 0., 5, 1.8315018315018314, 0, 0., 0, 0., 3, 1.098901098901099, 4, 1.465201465201465, 2, 0.7326007326007326, 0, 0., 0, 0., 0, 0., 1, 0.3663003663003663, 0, 0., 0, 0., 1, 0.3663003663003663, 0, 0., 0, 0., 0, 0., 0, 0., 0, 0., 0, 0., 0, 0., 0, 0., 0, 0., 0, 0., 0, 0., 0, 0., 0, 0., 5, 1.8315018315018314, 0, 0., 0, 0., 311, 258, 569, 273, 0.4797891036906854
, generated\gt\sample_000599.krn, generated\xml_trimmed\sample_000599.xml, 0, 0., 143, 82.65895953757226, 0, 0., 7, 4.046242774566474, 0, 0., 0, 0., 1, 0.5780346820809249, 0, 0., 0, 0., 0, 0., 4, 2.3121387283236996, 0, 0., 0, 0., 0, 0., 0, 0., 0, 0., 0, 0., 0, 0., 0, 0., 5, 2.8901734104046244, 0, 0., 0, 0., 8, 4.624277456647399, 0, 0., 0, 0., 0, 0., 0, 0., 0, 0., 0, 0., 0, 0., 0, 0., 0, 0., 0, 0., 0, 0., 0, 0., 0, 0., 5, 2.8901734104046244, 0, 0., 0, 0., 209, 151, 360, 173, 0.48055555555555557
, generated\gt\sample_000125.krn, generated\xml_trimmed\sample_000125.xml, 0, 0., 251, 81.75895765472313, 0, 0., 4, 1.3029315960912051, 1, 0.3257328990228013, 0, 0., 6, 1.9543973941368078, 0, 0., 0, 0., 0, 0., 3, 0.9771986970684039, 1, 0.3257328990228013, 0, 0., 0, 0., 4, 1.3029315960912051, 6, 1.9543973941368078, 0, 0., 0, 0., 20, 6.514657980456026, 0, 0., 0, 0., 0, 0., 6, 1.9543973941368078, 0, 0., 0, 0., 0, 0., 0, 0., 0, 0., 0, 0., 0, 0., 0, 0., 0, 0., 0, 0., 0, 0., 0, 0., 0, 0., 5, 1.6286644951140066, 0, 0., 0, 0., 313, 321, 634, 307, 0.4842271293375394
, generated\gt\sample_000638.krn, generated\xml_trimmed\sample_000638.xml, 0, 0., 188, 80.34188034188034, 2, 0.8547008547008547, 15, 6.410256410256411, 2, 0.8547008547008547, 0, 0., 1, 0.42735042735042733, 0, 0., 0, 0., 0, 0., 4, 1.7094017094017093, 6, 2.5641025641025643, 0, 0., 0, 0., 4, 1.7094017094017093, 0, 0., 0, 0., 0, 0., 0, 0., 0, 0., 0, 0., 0, 0., 7, 2.9914529914529915, 0, 0., 0, 0., 0, 0., 0, 0., 0, 0., 0, 0., 0, 0., 0, 0., 0, 0., 0, 0., 0, 0., 0, 0., 0, 0., 5, 2.1367521367521367, 0, 0., 0, 0., 250, 230, 480, 234, 0.4875
, generated\gt\sample_000079.krn, generated\xml_trimmed\sample_000079.xml, 0, 0., 138, 59.227467811158796, 0, 0., 0, 0., 0, 0., 0, 0., 1, 0.4291845493562232, 0, 0., 0, 0., 0, 0., 3, 1.2875536480686696, 0, 0., 0, 0., 5, 2.1459227467811157, 0, 0., 0, 0., 0, 0., 0, 0., 0, 0., 4, 1.7167381974248928, 0, 0., 0, 0., 4, 1.7167381974248928, 0, 0., 0, 0., 0, 0., 0, 0., 0, 0., 0, 0., 0, 0., 0, 0., 0, 0., 73, 31.330472103004293, 0, 0., 0, 0., 0, 0., 5, 2.1459227467811157, 0, 0., 0, 0., 250, 227, 477, 233, 0.48846960167714887
, generated\gt\sample_000294.krn, generated\xml_trimmed\sample_000294.xml, 0, 0., 161, 69.39655172413794, 0, 0., 5, 2.1551724137931036, 9, 3.8793103448275863, 0, 0., 9, 3.8793103448275863, 0, 0., 0, 0., 2, 0.8620689655172413, 16, 6.896551724137931, 0, 0., 0, 0., 2, 0.8620689655172413, 8, 3.4482758620689653, 0, 0., 0, 0., 0, 0., 0, 0., 5, 2.1551724137931036, 0, 0., 0, 0., 4, 1.7241379310344827, 0, 0., 0, 0., 0, 0., 0, 0., 0, 0., 0, 0., 0, 0., 0, 0., 0, 0., 7, 3.0172413793103448, 0, 0., 0, 0., 4, 1.7241379310344827, 0, 0., 0, 0., 0, 0., 225, 249, 474, 232, 0.48945147679324896
, generated\gt\sample_000357.krn, generated\xml_trimmed\sample_000357.xml, 0, 0., 86, 56.95364238410596, 0, 0., 9, 5.960264900662252, 7, 4.635761589403973, 4, 2.6490066225165565, 0, 0., 0, 0., 0, 0., 0, 0., 1, 0.6622516556291391, 1, 0.6622516556291391, 0, 0., 0, 0., 4, 2.6490066225165565, 2, 1.3245033112582782, 0, 0., 0, 0., 0, 0., 5, 3.3112582781456954, 0, 0., 0, 0., 3, 1.9867549668874172, 0, 0., 0, 0., 0, 0., 0, 0., 6, 3.9735099337748343, 0, 0., 0, 0., 0, 0., 0, 0., 18, 11.920529801324504, 0, 0., 0, 0., 0, 0., 5, 3.3112582781456954, 0, 0., 0, 0., 152, 156, 308, 151, 0.4902597402597403
, generated\gt\sample_000576.krn, generated\xml_trimmed\sample_000576.xml, 0, 0., 64, 60.95238095238095, 0, 0., 0, 0., 0, 0., 0, 0., 0, 0., 0, 0., 0, 0., 0, 0., 0, 0., 0, 0., 0, 0., 1, 0.9523809523809523, 0, 0., 0, 0., 0, 0., 0, 0., 0, 0., 0, 0., 0, 0., 0, 0., 3, 2.857142857142857, 0, 0., 0, 0., 0, 0., 0, 0., 0, 0., 0, 0., 0, 0., 0, 0., 0, 0., 37, 35.23809523809524, 0, 0., 0, 0., 0, 0., 0, 0., 0, 0., 0, 0., 108, 103, 211, 105, 0.4976303317535545
, generated\gt\sample_000339.krn, generated\xml_trimmed\sample_000339.xml, 0, 0., 135, 78.94736842105263, 0, 0., 15, 8.771929824561404, 0, 0., 0, 0., 0, 0., 0, 0., 0, 0., 0, 0., 3, 1.7543859649122806, 1, 0.5847953216374269, 0, 0., 0, 0., 0, 0., 0, 0., 0, 0., 0, 0., 0, 0., 3, 1.7543859649122806, 0, 0., 0, 0., 9, 5.2631578947368425, 0, 0., 0, 0., 0, 0., 0, 0., 0, 0., 0, 0., 0, 0., 0, 0., 0, 0., 0, 0., 0, 0., 0, 0., 0, 0., 5, 2.9239766081871346, 0, 0., 0, 0., 208, 135, 343, 171, 0.49854227405247814
, generated\gt\sample_000059.krn, generated\xml_trimmed\sample_000059.xml, 0, 0., 143, 66.51162790697674, 0, 0., 11, 5.116279069767442, 4, 1.8604651162790697, 0, 0., 0, 0., 0, 0., 0, 0., 0, 0., 1, 0.46511627906976744, 0, 0., 0, 0., 0, 0., 4, 1.8604651162790697, 0, 0., 0, 0., 0, 0., 0, 0., 1, 0.46511627906976744, 0, 0., 0, 0., 2, 0.9302325581395349, 0, 0., 0, 0., 0, 0., 0, 0., 0, 0., 0, 0., 0, 0., 0, 0., 0, 0., 44, 20.46511627906977, 0, 0., 0, 0., 0, 0., 5, 2.3255813953488373, 0, 0., 0, 0., 249, 182, 431, 215, 0.4988399071925754
, generated\gt\sample_000404.krn, generated\xml_trimmed\sample_000404.xml, 0, 0., 136, 60.714285714285715, 0, 0., 3, 1.3392857142857142, 0, 0., 0, 0., 1, 0.44642857142857145, 0, 0., 0, 0., 2, 0.8928571428571429, 1, 0.44642857142857145, 0, 0., 0, 0., 0, 0., 0, 0., 1, 0.44642857142857145, 0, 0., 0, 0., 0, 0., 0, 0., 0, 0., 0, 0., 9, 4.017857142857143, 0, 0., 0, 0., 0, 0., 0, 0., 0, 0., 0, 0., 0, 0., 0, 0., 0, 0., 71, 31.696428571428573, 0, 0., 0, 0., 0, 0., 0, 0., 0, 0., 0, 0., 230, 219, 449, 224, 0.49888641425389757
, generated\gt\sample_000052.krn, generated\xml_trimmed\sample_000052.xml, 0, 0., 298, 84.41926345609065, 0, 0., 6, 1.6997167138810199, 3, 0.8498583569405099, 4, 1.13314447592068, 3, 0.8498583569405099, 0, 0., 0, 0., 0, 0., 16, 4.53257790368272, 2, 0.56657223796034, 0, 0., 0, 0., 4, 1.13314447592068, 0, 0., 0, 0., 0, 0., 0, 0., 1, 0.28328611898017, 0, 0., 0, 0., 12, 3.3994334277620397, 0, 0., 0, 0., 0, 0., 0, 0., 0, 0., 0, 0., 0, 0., 0, 0., 0, 0., 0, 0., 0, 0., 0, 0., 4, 1.13314447592068, 0, 0., 0, 0., 0, 0., 380, 327, 707, 353, 0.49929278642149927
, generated\gt\sample_000042.krn, generated\xml_trimmed\sample_000042.xml, 0, 0., 91, 70.0, 4, 3.076923076923077, 8, 6.153846153846154, 2, 1.5384615384615385, 0, 0., 0, 0., 0, 0., 0, 0., 0, 0., 1, 0.7692307692307693, 0, 0., 0, 0., 0, 0., 4, 3.076923076923077, 1, 0.7692307692307693, 0, 0., 0, 0., 6, 4.615384615384615, 1, 0.7692307692307693, 0, 0., 0, 0., 7, 5.384615384615385, 0, 0., 0, 0., 0, 0., 0, 0., 0, 0., 0, 0., 0, 0., 0, 0., 0, 0., 0, 0., 0, 0., 0, 0., 0, 0., 5, 3.8461538461538463, 0, 0., 0, 0., 144, 116, 260, 130, 0.5
, generated\gt\sample_000666.krn, generated\xml_trimmed\sample_000666.xml, 0, 0., 100, 65.359477124183, 0, 0., 33, 21.568627450980394, 0, 0., 0, 0., 0, 0., 0, 0., 0, 0., 0, 0., 2, 1.3071895424836601, 1, 0.6535947712418301, 0, 0., 0, 0., 6, 3.9215686274509802, 0, 0., 0, 0., 0, 0., 4, 2.6143790849673203, 1, 0.6535947712418301, 0, 0., 0, 0., 1, 0.6535947712418301, 0, 0., 0, 0., 0, 0., 0, 0., 0, 0., 0, 0., 0, 0., 0, 0., 0, 0., 0, 0., 0, 0., 0, 0., 0, 0., 5, 3.2679738562091503, 0, 0., 0, 0., 190, 115, 305, 153, 0.5016393442622951
, generated\gt\sample_000476.krn, generated\xml_trimmed\sample_000476.xml, 0, 0., 119, 76.28205128205128, 2, 1.2820512820512822, 13, 8.333333333333334, 1, 0.6410256410256411, 0, 0., 2, 1.2820512820512822, 0, 0., 0, 0., 1, 0.6410256410256411, 2, 1.2820512820512822, 0, 0., 0, 0., 3, 1.9230769230769231, 2, 1.2820512820512822, 0, 0., 0, 0., 0, 0., 0, 0., 1, 0.6410256410256411, 0, 0., 0, 0., 5, 3.2051282051282053, 0, 0., 0, 0., 0, 0., 0, 0., 0, 0., 0, 0., 0, 0., 0, 0., 0, 0., 0, 0., 0, 0., 0, 0., 0, 0., 5, 3.2051282051282053, 0, 0., 0, 0., 159, 150, 309, 156, 0.5048543689320388
, generated\gt\sample_000303.krn, generated\xml_trimmed\sample_000303.xml, 0, 0., 215, 71.42857142857143, 2, 0.6644518272425249, 19, 6.312292358803987, 4, 1.3289036544850499, 0, 0., 2, 0.6644518272425249, 0, 0., 0, 0., 1, 0.33222591362126247, 2, 0.6644518272425249, 0, 0., 0, 0., 0, 0., 4, 1.3289036544850499, 0, 0., 0, 0., 0, 0., 0, 0., 1, 0.33222591362126247, 0, 0., 0, 0., 9, 2.990033222591362, 0, 0., 0, 0., 0, 0., 0, 0., 0, 0., 0, 0., 0, 0., 0, 0., 0, 0., 37, 12.29235880398671, 0, 0., 0, 0., 0, 0., 5, 1.6611295681063123, 0, 0., 0, 0., 307, 288, 595, 301, 0.5058823529411764
, generated\gt\sample_000202.krn, generated\xml_trimmed\sample_000202.xml, 0, 0., 144, 77.83783783783784, 0, 0., 27, 14.594594594594595, 0, 0., 0, 0., 0, 0., 0, 0., 0, 0., 0, 0., 2, 1.0810810810810811, 0, 0., 0, 0., 0, 0., 0, 0., 0, 0., 0, 0., 2, 1.0810810810810811, 0, 0., 2, 1.0810810810810811, 0, 0., 0, 0., 3, 1.6216216216216217, 0, 0., 0, 0., 0, 0., 0, 0., 0, 0., 0, 0., 0, 0., 0, 0., 0, 0., 0, 0., 0, 0., 0, 0., 0, 0., 5, 2.7027027027027026, 0, 0., 0, 0., 226, 139, 365, 185, 0.5068493150684932
, generated\gt\sample_000600.krn, generated\xml_trimmed\sample_000600.xml, 0, 0., 36, 26.865671641791046, 0, 0., 4, 2.985074626865672, 0, 0., 0, 0., 2, 1.492537313432836, 0, 0., 0, 0., 0, 0., 5, 3.7313432835820897, 0, 0., 0, 0., 1, 0.746268656716418, 4, 2.985074626865672, 4, 2.985074626865672, 0, 0., 0, 0., 0, 0., 0, 0., 0, 0., 0, 0., 0, 0., 0, 0., 0, 0., 0, 0., 0, 0., 0, 0., 0, 0., 0, 0., 0, 0., 0, 0., 73, 54.47761194029851, 0, 0., 0, 0., 0, 0., 5, 3.7313432835820897, 0, 0., 0, 0., 143, 121, 264, 134, 0.5075757575757576
, generated\gt\sample_000371.krn, generated\xml_trimmed\sample_000371.xml, 0, 0., 0, 0., 0, 0., 0, 0., 0, 0., 0, 0., 0, 0., 0, 0., 0, 0., 0, 0., 0, 0., 0, 0., 0, 0., 0, 0., 4, 1.2987012987012987, 2, 0.6493506493506493, 0, 0., 0, 0., 0, 0., 0, 0., 0, 0., 0, 0., 0, 0., 0, 0., 0, 0., 0, 0., 0, 0., 0, 0., 0, 0., 0, 0., 0, 0., 0, 0., 297, 96.42857142857143, 0, 0., 0, 0., 0, 0., 5, 1.6233766233766234, 0, 0., 0, 0., 308, 296, 604, 308, 0.5099337748344371
, generated\gt\sample_000311.krn, generated\xml_trimmed\sample_000311.xml, 0, 0., 57, 32.38636363636363, 0, 0., 0, 0., 0, 0., 2, 1.1363636363636365, 0, 0., 0, 0., 0, 0., 2, 1.1363636363636365, 2, 1.1363636363636365, 0, 0., 0, 0., 1, 0.5681818181818182, 0, 0., 1, 0.5681818181818182, 0, 0., 0, 0., 0, 0., 0, 0., 0, 0., 0, 0., 11, 6.25, 0, 0., 0, 0., 0, 0., 0, 0., 0, 0., 0, 0., 0, 0., 0, 0., 0, 0., 100, 56.81818181818182, 0, 0., 0, 0., 0, 0., 0, 0., 0, 0., 0, 0., 163, 181, 344, 176, 0.5116279069767442
, generated\gt\sample_000546.krn, generated\xml_trimmed\sample_000546.xml, 0, 0., 183, 93.36734693877551, 0, 0., 0, 0., 0, 0., 2, 1.0204081632653061, 0, 0., 0, 0., 0, 0., 1, 0.5102040816326531, 2, 1.0204081632653061, 0, 0., 0, 0., 1, 0.5102040816326531, 0, 0., 0, 0., 0, 0., 0, 0., 0, 0., 0, 0., 0, 0., 0, 0., 2, 1.0204081632653061, 0, 0., 0, 0., 0, 0., 0, 0., 0, 0., 0, 0., 0, 0., 0, 0., 0, 0., 0, 0., 0, 0., 0, 0., 0, 0., 5, 2.5510204081632653, 0, 0., 0, 0., 237, 142, 379, 196, 0.5171503957783641
, generated\gt\sample_000122.krn, generated\xml_trimmed\sample_000122.xml, 0, 0., 101, 78.29457364341086, 0, 0., 5, 3.875968992248062, 1, 0.7751937984496124, 0, 0., 0, 0., 0, 0., 0, 0., 0, 0., 0, 0., 0, 0., 0, 0., 0, 0., 0, 0., 0, 0., 0, 0., 0, 0., 4, 3.10077519379845, 1, 0.7751937984496124, 0, 0., 0, 0., 2, 1.550387596899225, 0, 0., 0, 0., 0, 0., 0, 0., 0, 0., 0, 0., 0, 0., 0, 0., 0, 0., 10, 7.751937984496124, 0, 0., 0, 0., 0, 0., 5, 3.875968992248062, 0, 0., 0, 0., 143, 106, 249, 129, 0.5180722891566265
, generated\gt\sample_000521.krn, generated\xml_trimmed\sample_000521.xml, 0, 0., 121, 73.78048780487805, 0, 0., 6, 3.658536585365854, 1, 0.6097560975609756, 0, 0., 1, 0.6097560975609756, 0, 0., 0, 0., 1, 0.6097560975609756, 3, 1.829268292682927, 0, 0., 0, 0., 2, 1.2195121951219512, 0, 0., 0, 0., 0, 0., 0, 0., 8, 4.878048780487805, 2, 1.2195121951219512, 0, 0., 0, 0., 3, 1.829268292682927, 0, 0., 0, 0., 0, 0., 0, 0., 0, 0., 0, 0., 0, 0., 0, 0., 0, 0., 11, 6.7073170731707314, 0, 0., 0, 0., 0, 0., 5, 3.048780487804878, 0, 0., 0, 0., 176, 140, 316, 164, 0.5189873417721519
, generated\gt\sample_000183.krn, generated\xml_trimmed\sample_000183.xml, 0, 0., 84, 65.11627906976744, 2, 1.550387596899225, 0, 0., 1, 0.7751937984496124, 2, 1.550387596899225, 0, 0., 0, 0., 0, 0., 0, 0., 3, 2.3255813953488373, 1, 0.7751937984496124, 0, 0., 0, 0., 2, 1.550387596899225, 0, 0., 0, 0., 0, 0., 0, 0., 1, 0.7751937984496124, 0, 0., 0, 0., 10, 7.751937984496124, 0, 0., 0, 0., 0, 0., 0, 0., 0, 0., 0, 0., 0, 0., 0, 0., 0, 0., 18, 13.953488372093023, 0, 0., 0, 0., 0, 0., 5, 3.875968992248062, 0, 0., 0, 0., 132, 113, 245, 129, 0.5265306122448979
, generated\gt\sample_000281.krn, generated\xml_trimmed\sample_000281.xml, 0, 0., 112, 59.893048128342244, 0, 0., 0, 0., 0, 0., 0, 0., 0, 0., 0, 0., 0, 0., 0, 0., 9, 4.81283422459893, 0, 0., 0, 0., 3, 1.6042780748663101, 0, 0., 0, 0., 0, 0., 0, 0., 0, 0., 2, 1.0695187165775402, 0, 0., 0, 0., 11, 5.882352941176471, 0, 0., 0, 0., 0, 0., 0, 0., 0, 0., 0, 0., 0, 0., 0, 0., 0, 0., 45, 24.06417112299465, 0, 0., 0, 0., 0, 0., 5, 2.6737967914438503, 0, 0., 0, 0., 163, 191, 354, 187, 0.5282485875706214
, generated\gt\sample_000679.krn, generated\xml_trimmed\sample_000679.xml, 0, 0., 101, 57.06214689265537, 0, 0., 16, 9.03954802259887, 1, 0.5649717514124294, 0, 0., 0, 0., 0, 0., 0, 0., 1, 0.5649717514124294, 2, 1.1299435028248588, 0, 0., 0, 0., 1, 0.5649717514124294, 0, 0., 0, 0., 0, 0., 0, 0., 0, 0., 1, 0.5649717514124294, 0, 0., 0, 0., 8, 4.519774011299435, 0, 0., 0, 0., 0, 0., 0, 0., 0, 0., 0, 0., 0, 0., 0, 0., 0, 0., 41, 23.163841807909606, 0, 0., 0, 0., 0, 0., 5, 2.824858757062147, 0, 0., 0, 0., 200, 134, 334, 177, 0.5299401197604791
, generated\gt\sample_000208.krn, generated\xml_trimmed\sample_000208.xml, 0, 0., 67, 40.36144578313253, 10, 6.024096385542169, 0, 0., 4, 2.4096385542168677, 0, 0., 0, 0., 0, 0., 0, 0., 0, 0., 1, 0.6024096385542169, 0, 0., 0, 0., 1, 0.6024096385542169, 4, 2.4096385542168677, 6, 3.6144578313253013, 0, 0., 0, 0., 0, 0., 2, 1.2048192771084338, 0, 0., 0, 0., 1, 0.6024096385542169, 0, 0., 0, 0., 0, 0., 0, 0., 0, 0., 0, 0., 0, 0., 0, 0., 0, 0., 65, 39.1566265060241, 0, 0., 0, 0., 0, 0., 5, 3.0120481927710845, 0, 0., 0, 0., 153, 160, 313, 166, 0.5303514376996805
, generated\gt\sample_000204.krn, generated\xml_trimmed\sample_000204.xml, 0, 0., 138, 61.333333333333336, 0, 0., 29, 12.88888888888889, 0, 0., 0, 0., 0, 0., 0, 0., 0, 0., 0, 0., 2, 0.8888888888888888, 0, 0., 0, 0., 0, 0., 4, 1.7777777777777777, 0, 0., 0, 0., 0, 0., 2, 0.8888888888888888, 2, 0.8888888888888888, 0, 0., 0, 0., 0, 0., 0, 0., 0, 0., 0, 0., 0, 0., 0, 0., 0, 0., 0, 0., 0, 0., 0, 0., 43, 19.11111111111111, 0, 0., 0, 0., 0, 0., 5, 2.2222222222222223, 0, 0., 0, 0., 232, 192, 424, 225, 0.5306603773584906
, generated\gt\sample_000678.krn, generated\xml_trimmed\sample_000678.xml, 0, 0., 99, 59.2814371257485, 0, 0., 7, 4.191616766467066, 2, 1.1976047904191616, 0, 0., 0, 0., 0, 0., 0, 0., 1, 0.5988023952095808, 2, 1.1976047904191616, 0, 0., 0, 0., 0, 0., 2, 1.1976047904191616, 1, 0.5988023952095808, 0, 0., 0, 0., 0, 0., 0, 0., 0, 0., 0, 0., 16, 9.580838323353293, 0, 0., 0, 0., 0, 0., 0, 0., 0, 0., 0, 0., 0, 0., 0, 0., 0, 0., 37, 22.15568862275449, 0, 0., 0, 0., 0, 0., 0, 0., 0, 0., 0, 0., 147, 167, 314, 167, 0.5318471337579618
, generated\gt\sample_000314.krn, generated\xml_trimmed\sample_000314.xml, 0, 0., 147, 83.05084745762711, 0, 0., 4, 2.2598870056497176, 0, 0., 0, 0., 2, 1.1299435028248588, 0, 0., 0, 0., 0, 0., 3, 1.694915254237288, 0, 0., 0, 0., 0, 0., 0, 0., 0, 0., 0, 0., 0, 0., 10, 5.649717514124294, 2, 1.1299435028248588, 0, 0., 0, 0., 4, 2.2598870056497176, 0, 0., 0, 0., 0, 0., 0, 0., 0, 0., 0, 0., 0, 0., 0, 0., 0, 0., 0, 0., 0, 0., 0, 0., 0, 0., 5, 2.824858757062147, 0, 0., 0, 0., 177, 154, 331, 177, 0.5347432024169184
, generated\gt\sample_000632.krn, generated\xml_trimmed\sample_000632.xml, 0, 0., 149, 63.40425531914894, 0, 0., 3, 1.2765957446808511, 9, 3.8297872340425534, 4, 1.702127659574468, 4, 1.702127659574468, 0, 0., 0, 0., 0, 0., 6, 2.5531914893617023, 1, 0.425531914893617, 0, 0., 2, 0.851063829787234, 8, 3.404255319148936, 0, 0., 0, 0., 0, 0., 0, 0., 5, 2.127659574468085, 0, 0., 0, 0., 13, 5.531914893617022, 0, 0., 0, 0., 0, 0., 0, 0., 0, 0., 0, 0., 0, 0., 0, 0., 0, 0., 27, 11.48936170212766, 0, 0., 0, 0., 4, 1.702127659574468, 0, 0., 0, 0., 0, 0., 198, 241, 439, 235, 0.5353075170842825
, generated\gt\sample_000249.krn, generated\xml_trimmed\sample_000249.xml, 0, 0., 146, 74.11167512690355, 0, 0., 0, 0., 12, 6.091370558375634, 0, 0., 3, 1.5228426395939085, 0, 0., 0, 0., 2, 1.015228426395939, 2, 1.015228426395939, 0, 0., 0, 0., 3, 1.5228426395939085, 4, 2.030456852791878, 0, 0., 0, 0., 0, 0., 0, 0., 4, 2.030456852791878, 1, 0.5076142131979695, 1, 0.5076142131979695, 6, 3.045685279187817, 0, 0., 0, 0., 0, 0., 0, 0., 0, 0., 0, 0., 0, 0., 0, 0., 0, 0., 8, 4.060913705583756, 0, 0., 0, 0., 0, 0., 5, 2.5380710659898478, 0, 0., 0, 0., 186, 181, 367, 197, 0.5367847411444142
, generated\gt\sample_000441.krn, generated\xml_trimmed\sample_000441.xml, 0, 0., 113, 82.48175182481752, 0, 0., 4, 2.9197080291970803, 0, 0., 0, 0., 2, 1.4598540145985401, 0, 0., 0, 0., 0, 0., 1, 0.7299270072992701, 0, 0., 0, 0., 0, 0., 0, 0., 0, 0., 0, 0., 0, 0., 9, 6.569343065693431, 2, 1.4598540145985401, 0, 0., 0, 0., 1, 0.7299270072992701, 0, 0., 0, 0., 0, 0., 0, 0., 0, 0., 0, 0., 0, 0., 0, 0., 0, 0., 0, 0., 0, 0., 0, 0., 0, 0., 5, 3.6496350364963503, 0, 0., 0, 0., 146, 109, 255, 137, 0.5372549019607843
, generated\gt\sample_000594.krn, generated\xml_trimmed\sample_000594.xml, 0, 0., 346, 90.81364829396325, 0, 0., 10, 2.6246719160104988, 0, 0., 2, 0.5249343832020997, 1, 0.26246719160104987, 0, 0., 0, 0., 0, 0., 2, 0.5249343832020997, 0, 0., 0, 0., 0, 0., 4, 1.0498687664041995, 2, 0.5249343832020997, 0, 0., 4, 1.0498687664041995, 0, 0., 5, 1.3123359580052494, 0, 0., 0, 0., 0, 0., 0, 0., 0, 0., 0, 0., 0, 0., 0, 0., 0, 0., 0, 0., 0, 0., 0, 0., 0, 0., 0, 0., 0, 0., 0, 0., 5, 1.3123359580052494, 0, 0., 0, 0., 364, 339, 703, 381, 0.5419630156472262
, generated\gt\sample_000250.krn, generated\xml_trimmed\sample_000250.xml, 0, 0., 19, 10.982658959537572, 0, 0., 0, 0., 8, 4.624277456647399, 0, 0., 0, 0., 0, 0., 0, 0., 1, 0.5780346820809249, 1, 0.5780346820809249, 0, 0., 0, 0., 2, 1.1560693641618498, 2, 1.1560693641618498, 1, 0.5780346820809249, 0, 0., 0, 0., 0, 0., 0, 0., 0, 0., 0, 0., 1, 0.5780346820809249, 0, 0., 0, 0., 0, 0., 0, 0., 0, 0., 0, 0., 0, 0., 0, 0., 0, 0., 133, 76.878612716763, 0, 0., 0, 0., 0, 0., 5, 2.8901734104046244, 0, 0., 0, 0., 167, 152, 319, 173, 0.542319749216301
, generated\gt\sample_000205.krn, generated\xml_trimmed\sample_000205.xml, 0, 0., 97, 41.452991452991455, 0, 0., 4, 1.7094017094017093, 8, 3.4188034188034186, 0, 0., 0, 0., 0, 0., 0, 0., 0, 0., 3, 1.2820512820512822, 0, 0., 0, 0., 0, 0., 4, 1.7094017094017093, 0, 0., 0, 0., 0, 0., 0, 0., 2, 0.8547008547008547, 0, 0., 0, 0., 0, 0., 0, 0., 0, 0., 0, 0., 0, 0., 0, 0., 0, 0., 0, 0., 0, 0., 0, 0., 111, 47.43589743589744, 0, 0., 0, 0., 0, 0., 5, 2.1367521367521367, 0, 0., 0, 0., 226, 200, 426, 234, 0.5492957746478874
, generated\gt\sample_000038.krn, generated\xml_trimmed\sample_000038.xml, 0, 0., 168, 87.04663212435233, 0, 0., 10, 5.181347150259067, 0, 0., 0, 0., 0, 0., 0, 0., 0, 0., 0, 0., 1, 0.5181347150259067, 0, 0., 0, 0., 0, 0., 0, 0., 0, 0., 0, 0., 2, 1.0362694300518134, 0, 0., 2, 1.0362694300518134, 1, 0.5181347150259067, 0, 0., 4, 2.0725388601036268, 0, 0., 0, 0., 0, 0., 0, 0., 0, 0., 0, 0., 0, 0., 0, 0., 0, 0., 0, 0., 0, 0., 0, 0., 0, 0., 5, 2.5906735751295336, 0, 0., 0, 0., 188, 163, 351, 193, 0.5498575498575499
, generated\gt\sample_000293.krn, generated\xml_trimmed\sample_000293.xml, 0, 0., 212, 82.49027237354086, 0, 0., 16, 6.22568093385214, 0, 0., 0, 0., 7, 2.7237354085603114, 0, 0., 0, 0., 0, 0., 2, 0.7782101167315175, 0, 0., 0, 0., 2, 0.7782101167315175, 8, 3.11284046692607, 0, 0., 0, 0., 0, 0., 0, 0., 0, 0., 0, 0., 0, 0., 6, 2.3346303501945527, 0, 0., 0, 0., 0, 0., 0, 0., 0, 0., 0, 0., 0, 0., 0, 0., 0, 0., 0, 0., 0, 0., 0, 0., 4, 1.556420233463035, 0, 0., 0, 0., 0, 0., 254, 207, 461, 257, 0.5574837310195228
, generated\gt\sample_000480.krn, generated\xml_trimmed\sample_000480.xml, 0, 0., 175, 82.54716981132076, 2, 0.9433962264150944, 16, 7.547169811320755, 0, 0., 0, 0., 0, 0., 0, 0., 0, 0., 0, 0., 1, 0.4716981132075472, 2, 0.9433962264150944, 0, 0., 2, 0.9433962264150944, 0, 0., 2, 0.9433962264150944, 0, 0., 0, 0., 0, 0., 1, 0.4716981132075472, 0, 0., 0, 0., 6, 2.830188679245283, 0, 0., 0, 0., 0, 0., 0, 0., 0, 0., 0, 0., 0, 0., 0, 0., 0, 0., 0, 0., 0, 0., 0, 0., 0, 0., 5, 2.358490566037736, 0, 0., 0, 0., 234, 146, 380, 212, 0.5578947368421052
, generated\gt\sample_000631.krn, generated\xml_trimmed\sample_000631.xml, 0, 0., 194, 66.21160409556315, 0, 0., 5, 1.7064846416382253, 2, 0.6825938566552902, 2, 0.6825938566552902, 2, 0.6825938566552902, 0, 0., 0, 0., 1, 0.3412969283276451, 7, 2.3890784982935154, 0, 0., 0, 0., 2, 0.6825938566552902, 0, 0., 0, 0., 0, 0., 12, 4.09556313993174, 0, 0., 8, 2.7303754266211606, 0, 0., 0, 0., 7, 2.3890784982935154, 0, 0., 0, 0., 0, 0., 0, 0., 0, 0., 0, 0., 0, 0., 0, 0., 0, 0., 47, 16.040955631399317, 0, 0., 0, 0., 4, 1.3651877133105803, 0, 0., 0, 0., 0, 0., 283, 240, 523, 293, 0.5602294455066922
, generated\gt\sample_000184.krn, generated\xml_trimmed\sample_000184.xml, 0, 0., 105, 67.74193548387096, 0, 0., 6, 3.870967741935484, 3, 1.935483870967742, 0, 0., 0, 0., 0, 0., 0, 0., 1, 0.6451612903225806, 4, 2.5806451612903225, 0, 0., 0, 0., 0, 0., 2, 1.2903225806451613, 0, 0., 0, 0., 0, 0., 0, 0., 1, 0.6451612903225806, 0, 0., 0, 0., 4, 2.5806451612903225, 0, 0., 0, 0., 0, 0., 0, 0., 0, 0., 0, 0., 0, 0., 0, 0., 0, 0., 24, 15.483870967741936, 0, 0., 0, 0., 0, 0., 5, 3.225806451612903, 0, 0., 0, 0., 154, 118, 272, 155, 0.5698529411764706
, generated\gt\sample_000615.krn, generated\xml_trimmed\sample_000615.xml, 0, 0., 181, 65.34296028880867, 0, 0., 23, 8.303249097472925, 2, 0.7220216606498195, 0, 0., 0, 0., 0, 0., 0, 0., 0, 0., 1, 0.36101083032490977, 0, 0., 0, 0., 0, 0., 0, 0., 0, 0., 0, 0., 0, 0., 0, 0., 1, 0.36101083032490977, 0, 0., 0, 0., 3, 1.0830324909747293, 0, 0., 0, 0., 0, 0., 0, 0., 0, 0., 0, 0., 0, 0., 0, 0., 0, 0., 61, 22.021660649819495, 0, 0., 0, 0., 0, 0., 5, 1.8050541516245486, 0, 0., 0, 0., 321, 165, 486, 277, 0.5699588477366255
, generated\gt\sample_000012.krn, generated\xml_trimmed\sample_000012.xml, 0, 0., 555, 92.03980099502488, 0, 0., 9, 1.492537313432836, 0, 0., 20, 3.316749585406302, 1, 0.16583747927031509, 0, 0., 0, 0., 0, 0., 2, 0.33167495854063017, 0, 0., 0, 0., 0, 0., 4, 0.6633499170812603, 0, 0., 0, 0., 0, 0., 0, 0., 2, 0.33167495854063017, 0, 0., 0, 0., 5, 0.8291873963515755, 0, 0., 0, 0., 0, 0., 0, 0., 0, 0., 0, 0., 0, 0., 0, 0., 0, 0., 0, 0., 0, 0., 0, 0., 0, 0., 5, 0.8291873963515755, 0, 0., 0, 0., 565, 478, 1043, 603, 0.5781399808245445
, generated\gt\sample_000040.krn, generated\xml_trimmed\sample_000040.xml, 0, 0., 112, 61.202185792349724, 2, 1.092896174863388, 7, 3.8251366120218577, 1, 0.546448087431694, 0, 0., 9, 4.918032786885246, 0, 0., 0, 0., 0, 0., 1, 0.546448087431694, 0, 0., 0, 0., 0, 0., 4, 2.185792349726776, 3, 1.639344262295082, 0, 0., 0, 0., 5, 2.73224043715847, 1, 0.546448087431694, 0, 0., 0, 0., 6, 3.278688524590164, 0, 0., 0, 0., 0, 0., 0, 0., 0, 0., 0, 0., 0, 0., 0, 0., 0, 0., 27, 14.754098360655737, 0, 0., 0, 0., 0, 0., 5, 2.73224043715847, 0, 0., 0, 0., 194, 122, 316, 183, 0.5791139240506329
, generated\gt\sample_000438.krn, generated\xml_trimmed\sample_000438.xml, 0, 0., 83, 50.303030303030305, 0, 0., 2, 1.2121212121212122, 0, 0., 2, 1.2121212121212122, 0, 0., 0, 0., 0, 0., 0, 0., 2, 1.2121212121212122, 0, 0., 0, 0., 0, 0., 0, 0., 0, 0., 0, 0., 0, 0., 0, 0., 0, 0., 0, 0., 0, 0., 15, 9.090909090909092, 0, 0., 0, 0., 0, 0., 0, 0., 0, 0., 0, 0., 0, 0., 0, 0., 0, 0., 61, 36.96969696969697, 0, 0., 0, 0., 0, 0., 0, 0., 0, 0., 0, 0., 147, 137, 284, 165, 0.5809859154929577
, generated\gt\sample_000636.krn, generated\xml_trimmed\sample_000636.xml, 0, 0., 169, 74.12280701754386, 0, 0., 12, 5.2631578947368425, 1, 0.43859649122807015, 0, 0., 0, 0., 0, 0., 0, 0., 3, 1.3157894736842106, 2, 0.8771929824561403, 1, 0.43859649122807015, 0, 0., 2, 0.8771929824561403, 0, 0., 0, 0., 0, 0., 6, 2.6315789473684212, 0, 0., 3, 1.3157894736842106, 0, 0., 0, 0., 2, 0.8771929824561403, 0, 0., 0, 0., 0, 0., 0, 0., 0, 0., 0, 0., 0, 0., 0, 0., 0, 0., 22, 9.649122807017545, 0, 0., 0, 0., 0, 0., 5, 2.192982456140351, 0, 0., 0, 0., 207, 185, 392, 228, 0.5816326530612245
, generated\gt\sample_000565.krn, generated\xml_trimmed\sample_000565.xml, 0, 0., 148, 61.15702479338843, 0, 0., 13, 5.371900826446281, 2, 0.8264462809917356, 0, 0., 0, 0., 0, 0., 0, 0., 2, 0.8264462809917356, 0, 0., 1, 0.4132231404958678, 0, 0., 0, 0., 0, 0., 0, 0., 0, 0., 4, 1.6528925619834711, 0, 0., 2, 0.8264462809917356, 0, 0., 0, 0., 14, 5.785123966942149, 0, 0., 0, 0., 0, 0., 0, 0., 0, 0., 0, 0., 0, 0., 0, 0., 0, 0., 51, 21.074380165289256, 0, 0., 0, 0., 0, 0., 5, 2.0661157024793386, 0, 0., 0, 0., 257, 157, 414, 242, 0.5845410628019324
, generated\gt\sample_000683.krn, generated\xml_trimmed\sample_000683.xml, 0, 0., 108, 51.18483412322275, 12, 5.687203791469194, 15, 7.109004739336493, 4, 1.8957345971563981, 0, 0., 2, 0.9478672985781991, 0, 0., 0, 0., 0, 0., 4, 1.8957345971563981, 0, 0., 0, 0., 0, 0., 4, 1.8957345971563981, 0, 0., 0, 0., 0, 0., 0, 0., 2, 0.9478672985781991, 0, 0., 0, 0., 6, 2.843601895734597, 0, 0., 0, 0., 0, 0., 0, 0., 0, 0., 0, 0., 0, 0., 0, 0., 0, 0., 49, 23.222748815165875, 0, 0., 0, 0., 0, 0., 5, 2.3696682464454977, 0, 0., 0, 0., 208, 151, 359, 211, 0.5877437325905293
, generated\gt\sample_000096.krn, generated\xml_trimmed\sample_000096.xml, 0, 0., 233, 84.42028985507247, 0, 0., 20, 7.246376811594203, 0, 0., 0, 0., 0, 0., 0, 0., 0, 0., 1, 0.36231884057971014, 4, 1.4492753623188406, 2, 0.7246376811594203, 0, 0., 0, 0., 2, 0.7246376811594203, 0, 0., 0, 0., 0, 0., 0, 0., 1, 0.36231884057971014, 0, 0., 0, 0., 8, 2.898550724637681, 0, 0., 0, 0., 0, 0., 0, 0., 0, 0., 0, 0., 0, 0., 0, 0., 0, 0., 0, 0., 0, 0., 0, 0., 0, 0., 5, 1.8115942028985508, 0, 0., 0, 0., 253, 215, 468, 276, 0.5897435897435898
, generated\gt\sample_000553.krn, generated\xml_trimmed\sample_000553.xml, 0, 0., 95, 61.688311688311686, 0, 0., 6, 3.896103896103896, 3, 1.948051948051948, 0, 0., 0, 0., 0, 0., 0, 0., 0, 0., 4, 2.5974025974025974, 0, 0., 0, 0., 0, 0., 4, 2.5974025974025974, 0, 0., 0, 0., 0, 0., 0, 0., 0, 0., 0, 0., 0, 0., 2, 1.2987012987012987, 0, 0., 0, 0., 0, 0., 0, 0., 0, 0., 0, 0., 0, 0., 0, 0., 0, 0., 35, 22.727272727272727, 0, 0., 0, 0., 0, 0., 5, 3.2467532467532467, 0, 0., 0, 0., 132, 128, 260, 154, 0.5923076923076923
, generated\gt\sample_000061.krn, generated\xml_trimmed\sample_000061.xml, 0, 0., 170, 76.92307692307692, 0, 0., 0, 0., 17, 7.6923076923076925, 0, 0., 0, 0., 0, 0., 0, 0., 1, 0.45248868778280543, 0, 0., 1, 0.45248868778280543, 0, 0., 0, 0., 4, 1.8099547511312217, 4, 1.8099547511312217, 0, 0., 4, 1.8099547511312217, 0, 0., 1, 0.45248868778280543, 0, 0., 0, 0., 2, 0.9049773755656109, 0, 0., 0, 0., 0, 0., 0, 0., 0, 0., 0, 0., 0, 0., 0, 0., 0, 0., 12, 5.429864253393665, 0, 0., 0, 0., 0, 0., 5, 2.262443438914027, 0, 0., 0, 0., 202, 171, 373, 221, 0.5924932975871313
, generated\gt\sample_000291.krn, generated\xml_trimmed\sample_000291.xml, 0, 0., 181, 68.30188679245283, 2, 0.7547169811320755, 3, 1.1320754716981132, 5, 1.8867924528301887, 0, 0., 9, 3.3962264150943398, 0, 0., 0, 0., 0, 0., 5, 1.8867924528301887, 0, 0., 0, 0., 2, 0.7547169811320755, 8, 3.018867924528302, 0, 0., 0, 0., 0, 0., 0, 0., 0, 0., 0, 0., 0, 0., 3, 1.1320754716981132, 0, 0., 0, 0., 0, 0., 0, 0., 0, 0., 0, 0., 0, 0., 0, 0., 0, 0., 43, 16.22641509433962, 0, 0., 0, 0., 4, 1.509433962264151, 0, 0., 0, 0., 0, 0., 220, 227, 447, 265, 0.5928411633109619
, generated\gt\sample_000342.krn, generated\xml_trimmed\sample_000342.xml, 0, 0., 152, 82.16216216216216, 0, 0., 9, 4.864864864864865, 5, 2.7027027027027026, 0, 0., 0, 0., 0, 0., 0, 0., 1, 0.5405405405405406, 1, 0.5405405405405406, 0, 0., 0, 0., 2, 1.0810810810810811, 0, 0., 0, 0., 0, 0., 0, 0., 0, 0., 2, 1.0810810810810811, 0, 0., 0, 0., 8, 4.324324324324325, 0, 0., 0, 0., 0, 0., 0, 0., 0, 0., 0, 0., 0, 0., 0, 0., 0, 0., 0, 0., 0, 0., 0, 0., 0, 0., 5, 2.7027027027027026, 0, 0., 0, 0., 170, 142, 312, 185, 0.592948717948718
, generated\gt\sample_000655.krn, generated\xml_trimmed\sample_000655.xml, 0, 0., 180, 82.94930875576037, 0, 0., 10, 4.608294930875576, 5, 2.304147465437788, 0, 0., 1, 0.4608294930875576, 0, 0., 0, 0., 0, 0., 3, 1.3824884792626728, 0, 0., 0, 0., 1, 0.4608294930875576, 0, 0., 0, 0., 0, 0., 0, 0., 0, 0., 2, 0.9216589861751152, 1, 0.4608294930875576, 0, 0., 9, 4.147465437788019, 0, 0., 0, 0., 0, 0., 0, 0., 0, 0., 0, 0., 0, 0., 0, 0., 0, 0., 0, 0., 0, 0., 0, 0., 0, 0., 5, 2.304147465437788, 0, 0., 0, 0., 240, 125, 365, 217, 0.5945205479452055
, generated\gt\sample_000141.krn, generated\xml_trimmed\sample_000141.xml, 0, 0., 88, 37.4468085106383, 20, 8.51063829787234, 1, 0.425531914893617, 0, 0., 0, 0., 1, 0.425531914893617, 0, 0., 0, 0., 0, 0., 0, 0., 0, 0., 0, 0., 1, 0.425531914893617, 4, 1.702127659574468, 5, 2.127659574468085, 0, 0., 4, 1.702127659574468, 0, 0., 0, 0., 0, 0., 0, 0., 11, 4.680851063829787, 0, 0., 0, 0., 0, 0., 0, 0., 0, 0., 0, 0., 0, 0., 0, 0., 0, 0., 96, 40.851063829787236, 0, 0., 0, 0., 4, 1.702127659574468, 0, 0., 0, 0., 0, 0., 194, 201, 395, 235, 0.5949367088607594
, generated\gt\sample_000644.krn, generated\xml_trimmed\sample_000644.xml, 0, 0., 230, 64.6067415730337, 6, 1.6853932584269662, 35, 9.831460674157304, 5, 1.404494382022472, 0, 0., 0, 0., 0, 0., 0, 0., 0, 0., 7, 1.9662921348314606, 1, 0.2808988764044944, 0, 0., 2, 0.5617977528089888, 4, 1.1235955056179776, 0, 0., 0, 0., 0, 0., 0, 0., 0, 0., 0, 0., 0, 0., 12, 3.3707865168539324, 0, 0., 0, 0., 0, 0., 0, 0., 0, 0., 0, 0., 0, 0., 0, 0., 0, 0., 49, 13.764044943820224, 0, 0., 0, 0., 0, 0., 5, 1.404494382022472, 0, 0., 0, 0., 325, 272, 597, 356, 0.5963149078726968
, generated\gt\sample_000145.krn, generated\xml_trimmed\sample_000145.xml, 0, 0., 144, 76.59574468085107, 2, 1.0638297872340425, 15, 7.9787234042553195, 1, 0.5319148936170213, 0, 0., 2, 1.0638297872340425, 0, 0., 0, 0., 1, 0.5319148936170213, 5, 2.6595744680851063, 2, 1.0638297872340425, 0, 0., 0, 0., 0, 0., 2, 1.0638297872340425, 0, 0., 2, 1.0638297872340425, 0, 0., 2, 1.0638297872340425, 0, 0., 0, 0., 0, 0., 0, 0., 0, 0., 0, 0., 0, 0., 0, 0., 0, 0., 0, 0., 0, 0., 0, 0., 5, 2.6595744680851063, 0, 0., 0, 0., 0, 0., 5, 2.6595744680851063, 0, 0., 0, 0., 193, 121, 314, 188, 0.5987261146496815
, generated\gt\sample_000536.krn, generated\xml_trimmed\sample_000536.xml, 0, 0., 210, 72.91666666666667, 2, 0.6944444444444444, 14, 4.861111111111111, 2, 0.6944444444444444, 0, 0., 2, 0.6944444444444444, 0, 0., 0, 0., 0, 0., 18, 6.25, 0, 0., 0, 0., 2, 0.6944444444444444, 0, 0., 0, 0., 0, 0., 4, 1.3888888888888888, 0, 0., 6, 2.0833333333333335, 0, 0., 0, 0., 7, 2.4305555555555554, 0, 0., 0, 0., 0, 0., 0, 0., 0, 0., 0, 0., 0, 0., 0, 0., 0, 0., 17, 5.902777777777778, 0, 0., 0, 0., 4, 1.3888888888888888, 0, 0., 0, 0., 0, 0., 262, 218, 480, 288, 0.6
, generated\gt\sample_000134.krn, generated\xml_trimmed\sample_000134.xml, 0, 0., 163, 82.74111675126903, 0, 0., 18, 9.137055837563452, 2, 1.015228426395939, 0, 0., 0, 0., 0, 0., 0, 0., 1, 0.5076142131979695, 1, 0.5076142131979695, 0, 0., 0, 0., 0, 0., 0, 0., 0, 0., 0, 0., 0, 0., 0, 0., 1, 0.5076142131979695, 0, 0., 0, 0., 6, 3.045685279187817, 0, 0., 0, 0., 0, 0., 0, 0., 0, 0., 0, 0., 0, 0., 0, 0., 0, 0., 0, 0., 0, 0., 0, 0., 0, 0., 5, 2.5380710659898478, 0, 0., 0, 0., 217, 111, 328, 197, 0.600609756097561
, generated\gt\sample_000054.krn, generated\xml_trimmed\sample_000054.xml, 0, 0., 102, 76.11940298507463, 0, 0., 4, 2.985074626865672, 8, 5.970149253731344, 0, 0., 0, 0., 0, 0., 0, 0., 2, 1.492537313432836, 2, 1.492537313432836, 0, 0., 0, 0., 0, 0., 0, 0., 0, 0., 0, 0., 0, 0., 6, 4.477611940298507, 1, 0.746268656716418, 0, 0., 0, 0., 4, 2.985074626865672, 0, 0., 0, 0., 0, 0., 0, 0., 0, 0., 0, 0., 0, 0., 0, 0., 0, 0., 0, 0., 0, 0., 0, 0., 0, 0., 5, 3.7313432835820897, 0, 0., 0, 0., 121, 101, 222, 134, 0.6036036036036037
, generated\gt\sample_000382.krn, generated\xml_trimmed\sample_000382.xml, 0, 0., 236, 66.85552407932012, 2, 0.56657223796034, 8, 2.26628895184136, 1, 0.28328611898017, 0, 0., 2, 0.56657223796034, 0, 0., 0, 0., 0, 0., 1, 0.28328611898017, 0, 0., 0, 0., 5, 1.4164305949008498, 2, 0.56657223796034, 0, 0., 0, 0., 0, 0., 0, 0., 5, 1.4164305949008498, 0, 0., 0, 0., 32, 9.06515580736544, 0, 0., 0, 0., 0, 0., 0, 0., 0, 0., 0, 0., 0, 0., 0, 0., 0, 0., 54, 15.297450424929178, 0, 0., 0, 0., 0, 0., 5, 1.4164305949008498, 0, 0., 0, 0., 299, 279, 578, 353, 0.610726643598616
, generated\gt\sample_000610.krn, generated\xml_trimmed\sample_000610.xml, 0, 0., 142, 75.13227513227513, 0, 0., 7, 3.7037037037037037, 0, 0., 0, 0., 6, 3.1746031746031744, 0, 0., 0, 0., 0, 0., 0, 0., 0, 0., 0, 0., 0, 0., 4, 2.1164021164021163, 0, 0., 0, 0., 0, 0., 16, 8.465608465608465, 0, 0., 1, 0.5291005291005291, 2, 1.0582010582010581, 6, 3.1746031746031744, 0, 0., 0, 0., 0, 0., 0, 0., 0, 0., 0, 0., 0, 0., 0, 0., 0, 0., 0, 0., 0, 0., 0, 0., 0, 0., 5, 2.6455026455026456, 0, 0., 0, 0., 161, 147, 308, 189, 0.6136363636363636
, generated\gt\sample_000514.krn, generated\xml_trimmed\sample_000514.xml, 0, 0., 221, 64.43148688046647, 24, 6.997084548104956, 11, 3.206997084548105, 20, 5.830903790087463, 0, 0., 1, 0.2915451895043732, 0, 0., 0, 0., 1, 0.2915451895043732, 11, 3.206997084548105, 0, 0., 0, 0., 0, 0., 8, 2.3323615160349855, 0, 0., 0, 0., 0, 0., 0, 0., 0, 0., 0, 0., 0, 0., 16, 4.664723032069971, 0, 0., 0, 0., 0, 0., 0, 0., 0, 0., 0, 0., 0, 0., 0, 0., 0, 0., 26, 7.580174927113703, 0, 0., 0, 0., 4, 1.1661807580174928, 0, 0., 0, 0., 0, 0., 309, 247, 556, 343, 0.6169064748201439
, generated\gt\sample_000429.krn, generated\xml_trimmed\sample_000429.xml, 0, 0., 25, 25.0, 0, 0., 0, 0., 0, 0., 2, 2.0, 0, 0., 0, 0., 0, 0., 4, 4.0, 3, 3.0, 1, 1.0, 0, 0., 0, 0., 0, 0., 0, 0., 0, 0., 0, 0., 0, 0., 0, 0., 0, 0., 0, 0., 11, 11.0, 0, 0., 0, 0., 0, 0., 0, 0., 0, 0., 0, 0., 0, 0., 0, 0., 0, 0., 54, 54.0, 0, 0., 0, 0., 0, 0., 0, 0., 0, 0., 0, 0., 68, 94, 162, 100, 0.6172839506172839
, generated\gt\sample_000223.krn, generated\xml_trimmed\sample_000223.xml, 0, 0., 132, 53.225806451612904, 2, 0.8064516129032258, 3, 1.2096774193548387, 12, 4.838709677419355, 0, 0., 1, 0.4032258064516129, 0, 0., 0, 0., 0, 0., 1, 0.4032258064516129, 0, 0., 0, 0., 2, 0.8064516129032258, 4, 1.6129032258064515, 2, 0.8064516129032258, 0, 0., 2, 0.8064516129032258, 0, 0., 0, 0., 0, 0., 0, 0., 5, 2.0161290322580645, 0, 0., 0, 0., 0, 0., 0, 0., 0, 0., 0, 0., 0, 0., 0, 0., 0, 0., 77, 31.048387096774192, 0, 0., 0, 0., 0, 0., 5, 2.0161290322580645, 0, 0., 0, 0., 206, 194, 400, 248, 0.62
, generated\gt\sample_000676.krn, generated\xml_trimmed\sample_000676.xml, 0, 0., 201, 82.37704918032787, 0, 0., 12, 4.918032786885246, 4, 1.639344262295082, 4, 1.639344262295082, 0, 0., 0, 0., 0, 0., 0, 0., 2, 0.819672131147541, 1, 0.4098360655737705, 0, 0., 1, 0.4098360655737705, 0, 0., 0, 0., 0, 0., 0, 0., 0, 0., 3, 1.2295081967213115, 0, 0., 0, 0., 11, 4.508196721311475, 0, 0., 0, 0., 0, 0., 0, 0., 0, 0., 0, 0., 0, 0., 0, 0., 0, 0., 0, 0., 0, 0., 0, 0., 0, 0., 5, 2.0491803278688523, 0, 0., 0, 0., 213, 179, 392, 244, 0.6224489795918368
, generated\gt\sample_000146.krn, generated\xml_trimmed\sample_000146.xml, 0, 0., 150, 52.816901408450704, 2, 0.704225352112676, 18, 6.338028169014085, 21, 7.394366197183099, 0, 0., 0, 0., 0, 0., 0, 0., 0, 0., 4, 1.408450704225352, 0, 0., 0, 0., 0, 0., 4, 1.408450704225352, 0, 0., 0, 0., 0, 0., 3, 1.056338028169014, 0, 0., 0, 0., 0, 0., 0, 0., 0, 0., 0, 0., 0, 0., 0, 0., 0, 0., 0, 0., 0, 0., 0, 0., 0, 0., 77, 27.112676056338028, 0, 0., 0, 0., 0, 0., 5, 1.7605633802816902, 0, 0., 0, 0., 273, 183, 456, 284, 0.6228070175438597
, generated\gt\sample_000224.krn, generated\xml_trimmed\sample_000224.xml, 0, 0., 210, 84.6774193548387, 6, 2.4193548387096775, 6, 2.4193548387096775, 3, 1.2096774193548387, 2, 0.8064516129032258, 2, 0.8064516129032258, 0, 0., 0, 0., 0, 0., 0, 0., 0, 0., 0, 0., 2, 0.8064516129032258, 4, 1.6129032258064515, 2, 0.8064516129032258, 0, 0., 0, 0., 4, 1.6129032258064515, 0, 0., 0, 0., 0, 0., 2, 0.8064516129032258, 0, 0., 0, 0., 0, 0., 0, 0., 0, 0., 0, 0., 0, 0., 0, 0., 0, 0., 0, 0., 0, 0., 0, 0., 0, 0., 5, 2.0161290322580645, 0, 0., 0, 0., 208, 190, 398, 248, 0.6231155778894473
, generated\gt\sample_000366.krn, generated\xml_trimmed\sample_000366.xml, 0, 0., 198, 80.16194331983806, 0, 0., 9, 3.6437246963562755, 0, 0., 0, 0., 2, 0.8097165991902834, 0, 0., 0, 0., 0, 0., 1, 0.4048582995951417, 0, 0., 0, 0., 1, 0.4048582995951417, 0, 0., 0, 0., 0, 0., 0, 0., 0, 0., 3, 1.214574898785425, 0, 0., 0, 0., 12, 4.8582995951417, 0, 0., 0, 0., 0, 0., 0, 0., 0, 0., 0, 0., 0, 0., 0, 0., 0, 0., 16, 6.477732793522267, 0, 0., 0, 0., 0, 0., 5, 2.0242914979757085, 0, 0., 0, 0., 235, 160, 395, 247, 0.6253164556962025
, generated\gt\sample_000181.krn, generated\xml_trimmed\sample_000181.xml, 0, 0., 125, 76.68711656441718, 0, 0., 5, 3.067484662576687, 2, 1.2269938650306749, 0, 0., 0, 0., 0, 0., 0, 0., 0, 0., 3, 1.8404907975460123, 0, 0., 0, 0., 1, 0.6134969325153374, 2, 1.2269938650306749, 0, 0., 0, 0., 0, 0., 3, 1.8404907975460123, 1, 0.6134969325153374, 0, 0., 0, 0., 8, 4.9079754601226995, 0, 0., 0, 0., 0, 0., 0, 0., 0, 0., 0, 0., 0, 0., 0, 0., 0, 0., 8, 4.9079754601226995, 0, 0., 0, 0., 0, 0., 5, 3.067484662576687, 0, 0., 0, 0., 147, 113, 260, 163, 0.6269230769230769
, generated\gt\sample_000158.krn, generated\xml_trimmed\sample_000158.xml, 0, 0., 95, 78.51239669421487, 0, 0., 4, 3.3057851239669422, 3, 2.479338842975207, 0, 0., 0, 0., 0, 0., 0, 0., 0, 0., 1, 0.8264462809917356, 0, 0., 0, 0., 0, 0., 0, 0., 2, 1.6528925619834711, 0, 0., 0, 0., 0, 0., 2, 1.6528925619834711, 0, 0., 0, 0., 9, 7.43801652892562, 0, 0., 0, 0., 0, 0., 0, 0., 0, 0., 0, 0., 0, 0., 0, 0., 0, 0., 0, 0., 0, 0., 0, 0., 0, 0., 5, 4.132231404958677, 0, 0., 0, 0., 108, 84, 192, 121, 0.6302083333333334
, generated\gt\sample_000219.krn, generated\xml_trimmed\sample_000219.xml, 0, 0., 91, 65.0, 0, 0., 5, 3.5714285714285716, 0, 0., 0, 0., 0, 0., 0, 0., 0, 0., 0, 0., 0, 0., 0, 0., 0, 0., 0, 0., 0, 0., 0, 0., 0, 0., 0, 0., 0, 0., 2, 1.4285714285714286, 0, 0., 0, 0., 7, 5.0, 0, 0., 0, 0., 0, 0., 0, 0., 0, 0., 0, 0., 0, 0., 0, 0., 0, 0., 30, 21.428571428571427, 0, 0., 0, 0., 0, 0., 5, 3.5714285714285716, 0, 0., 0, 0., 114, 108, 222, 140, 0.6306306306306306
, generated\gt\sample_000550.krn, generated\xml_trimmed\sample_000550.xml, 0, 0., 88, 66.66666666666667, 0, 0., 0, 0., 0, 0., 0, 0., 0, 0., 0, 0., 0, 0., 0, 0., 0, 0., 0, 0., 0, 0., 4, 3.0303030303030303, 0, 0., 0, 0., 0, 0., 0, 0., 0, 0., 0, 0., 0, 0., 0, 0., 6, 4.545454545454546, 0, 0., 0, 0., 0, 0., 0, 0., 0, 0., 0, 0., 0, 0., 0, 0., 0, 0., 34, 25.757575757575758, 0, 0., 0, 0., 0, 0., 0, 0., 0, 0., 0, 0., 108, 101, 209, 132, 0.631578947368421
, generated\gt\sample_000037.krn, generated\xml_trimmed\sample_000037.xml, 0, 0., 181, 54.68277945619335, 0, 0., 13, 3.9274924471299095, 12, 3.6253776435045317, 0, 0., 5, 1.5105740181268883, 0, 0., 0, 0., 1, 0.3021148036253776, 12, 3.6253776435045317, 0, 0., 0, 0., 2, 0.6042296072507553, 8, 2.416918429003021, 0, 0., 0, 0., 0, 0., 0, 0., 3, 0.9063444108761329, 0, 0., 0, 0., 7, 2.1148036253776437, 0, 0., 0, 0., 0, 0., 0, 0., 0, 0., 0, 0., 0, 0., 0, 0., 0, 0., 83, 25.075528700906343, 0, 0., 0, 0., 4, 1.2084592145015105, 0, 0., 0, 0., 0, 0., 293, 230, 523, 331, 0.6328871892925431
, generated\gt\sample_000619.krn, generated\xml_trimmed\sample_000619.xml, 0, 0., 272, 81.92771084337349, 0, 0., 15, 4.518072289156627, 1, 0.30120481927710846, 0, 0., 0, 0., 0, 0., 0, 0., 0, 0., 2, 0.6024096385542169, 0, 0., 0, 0., 3, 0.9036144578313253, 4, 1.2048192771084338, 0, 0., 0, 0., 0, 0., 0, 0., 3, 0.9036144578313253, 0, 0., 0, 0., 4, 1.2048192771084338, 0, 0., 0, 0., 0, 0., 0, 0., 0, 0., 0, 0., 0, 0., 0, 0., 0, 0., 23, 6.927710843373494, 0, 0., 0, 0., 0, 0., 5, 1.5060240963855422, 0, 0., 0, 0., 267, 255, 522, 332, 0.6360153256704981
, generated\gt\sample_000663.krn, generated\xml_trimmed\sample_000663.xml, 0, 0., 74, 55.6390977443609, 0, 0., 2, 1.5037593984962405, 1, 0.7518796992481203, 0, 0., 0, 0., 0, 0., 0, 0., 0, 0., 2, 1.5037593984962405, 0, 0., 0, 0., 0, 0., 2, 1.5037593984962405, 0, 0., 0, 0., 0, 0., 0, 0., 0, 0., 0, 0., 0, 0., 5, 3.7593984962406015, 0, 0., 0, 0., 0, 0., 0, 0., 0, 0., 0, 0., 0, 0., 0, 0., 0, 0., 42, 31.57894736842105, 0, 0., 0, 0., 0, 0., 5, 3.7593984962406015, 0, 0., 0, 0., 121, 88, 209, 133, 0.6363636363636364
, generated\gt\sample_000277.krn, generated\xml_trimmed\sample_000277.xml, 0, 0., 179, 74.58333333333333, 0, 0., 9, 3.75, 5, 2.0833333333333335, 0, 0., 0, 0., 0, 0., 0, 0., 0, 0., 6, 2.5, 0, 0., 0, 0., 0, 0., 0, 0., 0, 0., 0, 0., 0, 0., 0, 0., 2, 0.8333333333333334, 0, 0., 0, 0., 6, 2.5, 0, 0., 0, 0., 0, 0., 0, 0., 0, 0., 0, 0., 0, 0., 0, 0., 0, 0., 28, 11.666666666666666, 0, 0., 0, 0., 0, 0., 5, 2.0833333333333335, 0, 0., 0, 0., 226, 148, 374, 240, 0.6417112299465241
, generated\gt\sample_000680.krn, generated\xml_trimmed\sample_000680.xml, 0, 0., 139, 66.19047619047619, 8, 3.8095238095238093, 12, 5.714285714285714, 5, 2.380952380952381, 0, 0., 0, 0., 0, 0., 0, 0., 1, 0.47619047619047616, 2, 0.9523809523809523, 0, 0., 0, 0., 1, 0.47619047619047616, 4, 1.9047619047619047, 0, 0., 0, 0., 0, 0., 0, 0., 1, 0.47619047619047616, 0, 0., 0, 0., 8, 3.8095238095238093, 0, 0., 0, 0., 0, 0., 0, 0., 0, 0., 0, 0., 0, 0., 0, 0., 0, 0., 24, 11.428571428571429, 0, 0., 0, 0., 0, 0., 5, 2.380952380952381, 0, 0., 0, 0., 176, 151, 327, 210, 0.6422018348623854
, generated\gt\sample_000662.krn, generated\xml_trimmed\sample_000662.xml, 0, 0., 100, 71.94244604316546, 0, 0., 4, 2.8776978417266186, 1, 0.7194244604316546, 0, 0., 0, 0., 0, 0., 0, 0., 0, 0., 3, 2.158273381294964, 0, 0., 0, 0., 0, 0., 2, 1.4388489208633093, 0, 0., 0, 0., 0, 0., 0, 0., 0, 0., 0, 0., 0, 0., 7, 5.0359712230215825, 0, 0., 0, 0., 0, 0., 0, 0., 0, 0., 0, 0., 0, 0., 0, 0., 0, 0., 17, 12.23021582733813, 0, 0., 0, 0., 0, 0., 5, 3.597122302158273, 0, 0., 0, 0., 125, 91, 216, 139, 0.6435185185185185
, generated\gt\sample_000352.krn, generated\xml_trimmed\sample_000352.xml, 0, 0., 116, 89.23076923076923, 0, 0., 0, 0., 0, 0., 0, 0., 0, 0., 0, 0., 0, 0., 2, 1.5384615384615385, 2, 1.5384615384615385, 0, 0., 0, 0., 0, 0., 0, 0., 0, 0., 0, 0., 0, 0., 0, 0., 0, 0., 0, 0., 0, 0., 10, 7.6923076923076925, 0, 0., 0, 0., 0, 0., 0, 0., 0, 0., 0, 0., 0, 0., 0, 0., 0, 0., 0, 0., 0, 0., 0, 0., 0, 0., 0, 0., 0, 0., 0, 0., 138, 64, 202, 130, 0.6435643564356436
, generated\gt\sample_000540.krn, generated\xml_trimmed\sample_000540.xml, 0, 0., 257, 75.58823529411765, 4, 1.1764705882352942, 11, 3.235294117647059, 0, 0., 0, 0., 0, 0., 0, 0., 0, 0., 2, 0.5882352941176471, 0, 0., 0, 0., 0, 0., 0, 0., 4, 1.1764705882352942, 0, 0., 0, 0., 0, 0., 0, 0., 1, 0.29411764705882354, 0, 0., 0, 0., 9, 2.6470588235294117, 0, 0., 0, 0., 0, 0., 0, 0., 0, 0., 0, 0., 0, 0., 0, 0., 0, 0., 47, 13.823529411764707, 0, 0., 0, 0., 0, 0., 5, 1.4705882352941178, 0, 0., 0, 0., 297, 230, 527, 340, 0.6451612903225806
, generated\gt\sample_000021.krn, generated\xml_trimmed\sample_000021.xml, 0, 0., 149, 80.10752688172043, 0, 0., 0, 0., 0, 0., 4, 2.150537634408602, 0, 0., 0, 0., 0, 0., 0, 0., 2, 1.075268817204301, 0, 0., 0, 0., 2, 1.075268817204301, 0, 0., 0, 0., 0, 0., 0, 0., 0, 0., 1, 0.5376344086021505, 0, 0., 0, 0., 28, 15.053763440860216, 0, 0., 0, 0., 0, 0., 0, 0., 0, 0., 0, 0., 0, 0., 0, 0., 0, 0., 0, 0., 0, 0., 0, 0., 0, 0., 0, 0., 0, 0., 0, 0., 126, 162, 288, 186, 0.6458333333333334
, generated\gt\sample_000139.krn, generated\xml_trimmed\sample_000139.xml, 0, 0., 256, 68.81720430107526, 16, 4.301075268817204, 11, 2.956989247311828, 1, 0.26881720430107525, 0, 0., 1, 0.26881720430107525, 0, 0., 0, 0., 0, 0., 15, 4.032258064516129, 0, 0., 0, 0., 2, 0.5376344086021505, 6, 1.6129032258064515, 1, 0.26881720430107525, 0, 0., 6, 1.6129032258064515, 0, 0., 0, 0., 0, 0., 0, 0., 12, 3.225806451612903, 0, 0., 0, 0., 0, 0., 0, 0., 0, 0., 0, 0., 0, 0., 0, 0., 0, 0., 41, 11.021505376344086, 0, 0., 0, 0., 4, 1.075268817204301, 0, 0., 0, 0., 0, 0., 299, 277, 576, 372, 0.6458333333333334
, generated\gt\sample_000113.krn, generated\xml_trimmed\sample_000113.xml, 0, 0., 140, 58.57740585774059, 0, 0., 3, 1.2552301255230125, 3, 1.2552301255230125, 0, 0., 0, 0., 0, 0., 0, 0., 0, 0., 0, 0., 0, 0., 0, 0., 0, 0., 4, 1.6736401673640167, 2, 0.8368200836820083, 0, 0., 0, 0., 0, 0., 1, 0.41841004184100417, 0, 0., 0, 0., 10, 4.184100418410042, 0, 0., 0, 0., 0, 0., 0, 0., 0, 0., 0, 0., 0, 0., 0, 0., 0, 0., 71, 29.707112970711297, 0, 0., 0, 0., 0, 0., 5, 2.092050209205021, 0, 0., 0, 0., 206, 163, 369, 239, 0.6476964769647696
, generated\gt\sample_000603.krn, generated\xml_trimmed\sample_000603.xml, 0, 0., 158, 72.4770642201835, 0, 0., 11, 5.045871559633028, 0, 0., 0, 0., 1, 0.45871559633027525, 0, 0., 0, 0., 0, 0., 2, 0.9174311926605505, 0, 0., 0, 0., 0, 0., 0, 0., 0, 0., 0, 0., 0, 0., 0, 0., 2, 0.9174311926605505, 0, 0., 0, 0., 10, 4.587155963302752, 0, 0., 0, 0., 0, 0., 0, 0., 0, 0., 0, 0., 0, 0., 0, 0., 0, 0., 29, 13.302752293577981, 0, 0., 0, 0., 0, 0., 5, 2.293577981651376, 0, 0., 0, 0., 221, 115, 336, 218, 0.6488095238095238
, generated\gt\sample_000435.krn, generated\xml_trimmed\sample_000435.xml, 0, 0., 135, 57.69230769230769, 0, 0., 4, 1.7094017094017093, 0, 0., 0, 0., 0, 0., 0, 0., 0, 0., 1, 0.42735042735042733, 1, 0.42735042735042733, 0, 0., 0, 0., 0, 0., 0, 0., 0, 0., 0, 0., 6, 2.5641025641025643, 5, 2.1367521367521367, 3, 1.2820512820512822, 1, 0.42735042735042733, 0, 0., 4, 1.7094017094017093, 0, 0., 0, 0., 0, 0., 0, 0., 0, 0., 0, 0., 0, 0., 0, 0., 0, 0., 69, 29.487179487179485, 0, 0., 0, 0., 0, 0., 5, 2.1367521367521367, 0, 0., 0, 0., 190, 170, 360, 234, 0.65
, generated\gt\sample_000278.krn, generated\xml_trimmed\sample_000278.xml, 0, 0., 224, 72.9641693811075, 0, 0., 15, 4.88599348534202, 0, 0., 0, 0., 0, 0., 0, 0., 0, 0., 0, 0., 2, 0.6514657980456026, 0, 0., 0, 0., 1, 0.3257328990228013, 2, 0.6514657980456026, 0, 0., 0, 0., 0, 0., 0, 0., 0, 0., 0, 0., 0, 0., 7, 2.2801302931596092, 0, 0., 0, 0., 0, 0., 0, 0., 0, 0., 0, 0., 0, 0., 0, 0., 0, 0., 51, 16.612377850162865, 0, 0., 0, 0., 0, 0., 5, 1.6286644951140066, 0, 0., 0, 0., 223, 248, 471, 307, 0.6518046709129511
, generated\gt\sample_000542.krn, generated\xml_trimmed\sample_000542.xml, 0, 0., 261, 93.21428571428571, 0, 0., 2, 0.7142857142857143, 1, 0.35714285714285715, 0, 0., 0, 0., 0, 0., 0, 0., 1, 0.35714285714285715, 0, 0., 0, 0., 0, 0., 0, 0., 4, 1.4285714285714286, 0, 0., 0, 0., 0, 0., 0, 0., 1, 0.35714285714285715, 0, 0., 0, 0., 5, 1.7857142857142858, 0, 0., 0, 0., 0, 0., 0, 0., 0, 0., 0, 0., 0, 0., 0, 0., 0, 0., 0, 0., 0, 0., 0, 0., 0, 0., 5, 1.7857142857142858, 0, 0., 0, 0., 212, 217, 429, 280, 0.6526806526806527
, generated\gt\sample_000677.krn, generated\xml_trimmed\sample_000677.xml, 0, 0., 352, 85.02415458937197, 0, 0., 20, 4.830917874396135, 2, 0.4830917874396135, 0, 0., 4, 0.966183574879227, 0, 0., 0, 0., 1, 0.24154589371980675, 1, 0.24154589371980675, 0, 0., 0, 0., 0, 0., 4, 0.966183574879227, 0, 0., 0, 0., 0, 0., 0, 0., 3, 0.7246376811594203, 0, 0., 0, 0., 22, 5.314009661835748, 0, 0., 0, 0., 0, 0., 0, 0., 0, 0., 0, 0., 0, 0., 0, 0., 0, 0., 0, 0., 0, 0., 0, 0., 0, 0., 5, 1.2077294685990339, 0, 0., 0, 0., 325, 309, 634, 414, 0.6529968454258676
, generated\gt\sample_000013.krn, generated\xml_trimmed\sample_000013.xml, 0, 0., 217, 58.80758807588076, 2, 0.5420054200542005, 10, 2.710027100271003, 6, 1.6260162601626016, 2, 0.5420054200542005, 0, 0., 0, 0., 0, 0., 0, 0., 12, 3.252032520325203, 0, 0., 0, 0., 2, 0.5420054200542005, 0, 0., 3, 0.8130081300813008, 0, 0., 0, 0., 0, 0., 3, 0.8130081300813008, 0, 0., 0, 0., 0, 0., 0, 0., 0, 0., 0, 0., 0, 0., 0, 0., 0, 0., 0, 0., 0, 0., 0, 0., 108, 29.26829268292683, 0, 0., 0, 0., 4, 1.084010840108401, 0, 0., 0, 0., 0, 0., 271, 294, 565, 369, 0.6530973451327433
, generated\gt\sample_000547.krn, generated\xml_trimmed\sample_000547.xml, 0, 0., 357, 92.48704663212435, 0, 0., 13, 3.3678756476683938, 0, 0., 0, 0., 3, 0.7772020725388601, 0, 0., 0, 0., 0, 0., 1, 0.25906735751295334, 0, 0., 0, 0., 3, 0.7772020725388601, 4, 1.0362694300518134, 0, 0., 0, 0., 0, 0., 0, 0., 0, 0., 0, 0., 0, 0., 0, 0., 0, 0., 0, 0., 0, 0., 0, 0., 0, 0., 0, 0., 0, 0., 0, 0., 0, 0., 0, 0., 0, 0., 0, 0., 0, 0., 5, 1.2953367875647668, 0, 0., 0, 0., 307, 283, 590, 386, 0.6542372881355932
, generated\gt\sample_000587.krn, generated\xml_trimmed\sample_000587.xml, 0, 0., 463, 85.74074074074075, 4, 0.7407407407407407, 10, 1.8518518518518519, 1, 0.18518518518518517, 32, 5.925925925925926, 2, 0.37037037037037035, 0, 0., 0, 0., 8, 1.4814814814814814, 2, 0.37037037037037035, 0, 0., 0, 0., 0, 0., 4, 0.7407407407407407, 2, 0.37037037037037035, 0, 0., 0, 0., 0, 0., 2, 0.37037037037037035, 0, 0., 0, 0., 5, 0.9259259259259259, 0, 0., 0, 0., 0, 0., 0, 0., 0, 0., 0, 0., 0, 0., 0, 0., 0, 0., 0, 0., 0, 0., 0, 0., 0, 0., 5, 0.9259259259259259, 0, 0., 0, 0., 484, 334, 818, 540, 0.6601466992665037
, generated\gt\sample_000048.krn, generated\xml_trimmed\sample_000048.xml, 0, 0., 334, 86.52849740932642, 0, 0., 10, 2.5906735751295336, 2, 0.5181347150259067, 0, 0., 1, 0.25906735751295334, 0, 0., 0, 0., 0, 0., 2, 0.5181347150259067, 0, 0., 0, 0., 0, 0., 4, 1.0362694300518134, 2, 0.5181347150259067, 0, 0., 0, 0., 0, 0., 0, 0., 0, 0., 0, 0., 12, 3.1088082901554404, 0, 0., 0, 0., 0, 0., 0, 0., 0, 0., 0, 0., 0, 0., 0, 0., 0, 0., 15, 3.8860103626943006, 0, 0., 0, 0., 4, 1.0362694300518134, 0, 0., 0, 0., 0, 0., 324, 260, 584, 386, 0.660958904109589
, generated\gt\sample_000395.krn, generated\xml_trimmed\sample_000395.xml, 0, 0., 192, 75.88932806324111, 0, 0., 6, 2.3715415019762847, 0, 0., 0, 0., 0, 0., 0, 0., 0, 0., 1, 0.3952569169960474, 1, 0.3952569169960474, 2, 0.7905138339920948, 0, 0., 1, 0.3952569169960474, 4, 1.5810276679841897, 0, 0., 0, 0., 0, 0., 0, 0., 2, 0.7905138339920948, 0, 0., 0, 0., 16, 6.324110671936759, 0, 0., 0, 0., 0, 0., 0, 0., 0, 0., 0, 0., 0, 0., 0, 0., 0, 0., 23, 9.090909090909092, 0, 0., 0, 0., 0, 0., 5, 1.976284584980237, 0, 0., 0, 0., 219, 162, 381, 253, 0.6640419947506562
, generated\gt\sample_000333.krn, generated\xml_trimmed\sample_000333.xml, 0, 0., 286, 79.22437673130194, 0, 0., 39, 10.803324099722992, 0, 0., 0, 0., 0, 0., 0, 0., 0, 0., 0, 0., 2, 0.554016620498615, 0, 0., 0, 0., 0, 0., 4, 1.10803324099723, 1, 0.2770083102493075, 0, 0., 10, 2.770083102493075, 0, 0., 0, 0., 0, 0., 0, 0., 2, 0.554016620498615, 0, 0., 0, 0., 0, 0., 0, 0., 12, 3.3240997229916895, 0, 0., 0, 0., 0, 0., 0, 0., 0, 0., 0, 0., 0, 0., 0, 0., 5, 1.3850415512465375, 0, 0., 0, 0., 312, 230, 542, 361, 0.6660516605166051
, generated\gt\sample_000555.krn, generated\xml_trimmed\sample_000555.xml, 0, 0., 151, 82.51366120218579, 0, 0., 5, 2.73224043715847, 4, 2.185792349726776, 0, 0., 0, 0., 0, 0., 0, 0., 0, 0., 1, 0.546448087431694, 1, 0.546448087431694, 0, 0., 0, 0., 4, 2.185792349726776, 0, 0., 0, 0., 0, 0., 0, 0., 3, 1.639344262295082, 0, 0., 0, 0., 9, 4.918032786885246, 0, 0., 0, 0., 0, 0., 0, 0., 0, 0., 0, 0., 0, 0., 0, 0., 0, 0., 0, 0., 0, 0., 0, 0., 0, 0., 5, 2.73224043715847, 0, 0., 0, 0., 151, 123, 274, 183, 0.6678832116788321
, generated\gt\sample_000464.krn, generated\xml_trimmed\sample_000464.xml, 0, 0., 233, 48.541666666666664, 0, 0., 6, 1.25, 5, 1.0416666666666667, 0, 0., 2, 0.4166666666666667, 0, 0., 0, 0., 0, 0., 11, 2.2916666666666665, 0, 0., 0, 0., 0, 0., 8, 1.6666666666666667, 3, 0.625, 0, 0., 0, 0., 0, 0., 0, 0., 0, 0., 0, 0., 10, 2.0833333333333335, 0, 0., 0, 0., 0, 0., 0, 0., 0, 0., 0, 0., 0, 0., 0, 0., 0, 0., 198, 41.25, 0, 0., 0, 0., 4, 0.8333333333333334, 0, 0., 0, 0., 0, 0., 390, 328, 718, 480, 0.6685236768802229
, generated\gt\sample_000217.krn, generated\xml_trimmed\sample_000217.xml, 0, 0., 107, 68.58974358974359, 0, 0., 2, 1.2820512820512822, 0, 0., 4, 2.5641025641025643, 0, 0., 0, 0., 0, 0., 0, 0., 1, 0.6410256410256411, 0, 0., 0, 0., 2, 1.2820512820512822, 4, 2.5641025641025643, 0, 0., 0, 0., 0, 0., 0, 0., 2, 1.2820512820512822, 0, 0., 0, 0., 3, 1.9230769230769231, 0, 0., 0, 0., 0, 0., 0, 0., 0, 0., 0, 0., 0, 0., 0, 0., 0, 0., 26, 16.666666666666668, 0, 0., 0, 0., 0, 0., 5, 3.2051282051282053, 0, 0., 0, 0., 127, 106, 233, 156, 0.6695278969957081
, generated\gt\sample_000613.krn, generated\xml_trimmed\sample_000613.xml, 0, 0., 175, 70.8502024291498, 0, 0., 15, 6.0728744939271255, 0, 0., 0, 0., 2, 0.8097165991902834, 0, 0., 0, 0., 0, 0., 6, 2.42914979757085, 0, 0., 0, 0., 0, 0., 2, 0.8097165991902834, 0, 0., 0, 0., 0, 0., 0, 0., 0, 0., 0, 0., 0, 0., 10, 4.048582995951417, 0, 0., 0, 0., 0, 0., 0, 0., 0, 0., 0, 0., 0, 0., 0, 0., 0, 0., 32, 12.955465587044534, 0, 0., 0, 0., 0, 0., 5, 2.0242914979757085, 0, 0., 0, 0., 205, 163, 368, 247, 0.6711956521739131
, generated\gt\sample_000682.krn, generated\xml_trimmed\sample_000682.xml, 0, 0., 238, 81.5068493150685, 8, 2.73972602739726, 14, 4.794520547945205, 4, 1.36986301369863, 0, 0., 0, 0., 0, 0., 0, 0., 0, 0., 2, 0.684931506849315, 0, 0., 0, 0., 2, 0.684931506849315, 4, 1.36986301369863, 0, 0., 0, 0., 0, 0., 0, 0., 1, 0.3424657534246575, 0, 0., 0, 0., 14, 4.794520547945205, 0, 0., 0, 0., 0, 0., 0, 0., 0, 0., 0, 0., 0, 0., 0, 0., 0, 0., 0, 0., 0, 0., 0, 0., 0, 0., 5, 1.7123287671232876, 0, 0., 0, 0., 231, 204, 435, 292, 0.671264367816092
, generated\gt\sample_000664.krn, generated\xml_trimmed\sample_000664.xml, 0, 0., 122, 84.13793103448276, 2, 1.3793103448275863, 1, 0.6896551724137931, 0, 0., 0, 0., 0, 0., 0, 0., 0, 0., 1, 0.6896551724137931, 2, 1.3793103448275863, 0, 0., 0, 0., 0, 0., 2, 1.3793103448275863, 0, 0., 0, 0., 0, 0., 0, 0., 1, 0.6896551724137931, 0, 0., 1, 0.6896551724137931, 8, 5.517241379310345, 0, 0., 0, 0., 0, 0., 0, 0., 0, 0., 0, 0., 0, 0., 0, 0., 0, 0., 0, 0., 0, 0., 0, 0., 0, 0., 5, 3.4482758620689653, 0, 0., 0, 0., 130, 86, 216, 145, 0.6712962962962963
, generated\gt\sample_000373.krn, generated\xml_trimmed\sample_000373.xml, 0, 0., 155, 58.052434456928836, 0, 0., 4, 1.4981273408239701, 3, 1.1235955056179776, 0, 0., 0, 0., 0, 0., 0, 0., 0, 0., 1, 0.37453183520599254, 2, 0.7490636704119851, 0, 0., 2, 0.7490636704119851, 4, 1.4981273408239701, 2, 0.7490636704119851, 0, 0., 0, 0., 0, 0., 3, 1.1235955056179776, 0, 0., 0, 0., 9, 3.3707865168539324, 0, 0., 0, 0., 0, 0., 0, 0., 0, 0., 0, 0., 0, 0., 0, 0., 0, 0., 77, 28.83895131086142, 0, 0., 0, 0., 0, 0., 5, 1.8726591760299625, 0, 0., 0, 0., 212, 181, 393, 267, 0.6793893129770993
, generated\gt\sample_000081.krn, generated\xml_trimmed\sample_000081.xml, 0, 0., 344, 85.14851485148515, 0, 0., 8, 1.9801980198019802, 2, 0.49504950495049505, 4, 0.9900990099009901, 0, 0., 0, 0., 0, 0., 0, 0., 1, 0.24752475247524752, 1, 0.24752475247524752, 0, 0., 0, 0., 2, 0.49504950495049505, 0, 0., 0, 0., 0, 0., 0, 0., 2, 0.49504950495049505, 0, 0., 0, 0., 7, 1.7326732673267327, 0, 0., 0, 0., 0, 0., 0, 0., 0, 0., 0, 0., 0, 0., 0, 0., 0, 0., 28, 6.930693069306931, 0, 0., 0, 0., 0, 0., 5, 1.2376237623762376, 0, 0., 0, 0., 343, 251, 594, 404, 0.6801346801346801
, generated\gt\sample_000402.krn, generated\xml_trimmed\sample_000402.xml, 0, 0., 128, 49.80544747081712, 2, 0.7782101167315175, 8, 3.11284046692607, 13, 5.058365758754864, 0, 0., 1, 0.38910505836575876, 0, 0., 0, 0., 3, 1.1673151750972763, 0, 0., 0, 0., 0, 0., 0, 0., 4, 1.556420233463035, 2, 0.7782101167315175, 0, 0., 0, 0., 0, 0., 0, 0., 0, 0., 0, 0., 2, 0.7782101167315175, 0, 0., 0, 0., 0, 0., 0, 0., 0, 0., 0, 0., 0, 0., 0, 0., 0, 0., 89, 34.63035019455253, 0, 0., 0, 0., 0, 0., 5, 1.9455252918287937, 0, 0., 0, 0., 211, 166, 377, 257, 0.6816976127320955
, generated\gt\sample_000317.krn, generated\xml_trimmed\sample_000317.xml, 0, 0., 111, 50.2262443438914, 0, 0., 7, 3.167420814479638, 3, 1.3574660633484164, 2, 0.9049773755656109, 0, 0., 0, 0., 0, 0., 0, 0., 0, 0., 1, 0.45248868778280543, 0, 0., 2, 0.9049773755656109, 6, 2.7149321266968327, 2, 0.9049773755656109, 0, 0., 0, 0., 0, 0., 3, 1.3574660633484164, 0, 0., 0, 0., 11, 4.97737556561086, 0, 0., 0, 0., 0, 0., 0, 0., 0, 0., 0, 0., 0, 0., 0, 0., 0, 0., 48, 21.71945701357466, 12, 5.429864253393665, 0, 0., 13, 5.882352941176471, 0, 0., 0, 0., 0, 0., 149, 174, 323, 221, 0.6842105263157895
, generated\gt\sample_000000.krn, generated\xml_trimmed\sample_000000.xml, 0, 0., 267, 69.53125, 4, 1.0416666666666667, 5, 1.3020833333333333, 3, 0.78125, 1, 0.2604166666666667, 0, 0., 0, 0., 0, 0., 0, 0., 0, 0., 2, 0.5208333333333334, 0, 0., 3, 0.78125, 4, 1.0416666666666667, 7, 1.8229166666666667, 0, 0., 0, 0., 0, 0., 6, 1.5625, 1, 0.2604166666666667, 0, 0., 14, 3.6458333333333335, 0, 0., 0, 0., 0, 0., 0, 0., 3, 0.78125, 0, 0., 0, 0., 0, 0., 0, 0., 59, 15.364583333333334, 0, 0., 0, 0., 0, 0., 5, 1.3020833333333333, 0, 0., 0, 0., 286, 275, 561, 384, 0.6844919786096256
, generated\gt\sample_000243.krn, generated\xml_trimmed\sample_000243.xml, 0, 0., 302, 79.8941798941799, 0, 0., 11, 2.9100529100529102, 0, 0., 0, 0., 0, 0., 0, 0., 0, 0., 0, 0., 1, 0.26455026455026454, 1, 0.26455026455026454, 0, 0., 0, 0., 4, 1.0582010582010581, 1, 0.26455026455026454, 0, 0., 0, 0., 0, 0., 1, 0.26455026455026454, 0, 0., 0, 0., 7, 1.8518518518518519, 0, 0., 0, 0., 0, 0., 0, 0., 0, 0., 0, 0., 0, 0., 0, 0., 0, 0., 45, 11.904761904761905, 0, 0., 0, 0., 0, 0., 5, 1.3227513227513228, 0, 0., 0, 0., 283, 268, 551, 378, 0.6860254083484574
, generated\gt\sample_000383.krn, generated\xml_trimmed\sample_000383.xml, 0, 0., 317, 89.54802259887006, 0, 0., 8, 2.2598870056497176, 0, 0., 2, 0.5649717514124294, 0, 0., 0, 0., 0, 0., 0, 0., 0, 0., 1, 0.2824858757062147, 0, 0., 0, 0., 2, 0.5649717514124294, 0, 0., 0, 0., 0, 0., 0, 0., 1, 0.2824858757062147, 0, 0., 0, 0., 8, 2.2598870056497176, 0, 0., 0, 0., 0, 0., 0, 0., 0, 0., 0, 0., 0, 0., 0, 0., 0, 0., 10, 2.824858757062147, 0, 0., 0, 0., 0, 0., 5, 1.4124293785310735, 0, 0., 0, 0., 271, 243, 514, 354, 0.688715953307393
, generated\gt\sample_000082.krn, generated\xml_trimmed\sample_000082.xml, 0, 0., 306, 67.69911504424779, 0, 0., 17, 3.7610619469026547, 0, 0., 0, 0., 0, 0., 0, 0., 0, 0., 0, 0., 2, 0.4424778761061947, 1, 0.22123893805309736, 0, 0., 0, 0., 2, 0.4424778761061947, 0, 0., 0, 0., 0, 0., 0, 0., 1, 0.22123893805309736, 0, 0., 0, 0., 14, 3.0973451327433628, 0, 0., 0, 0., 0, 0., 0, 0., 0, 0., 0, 0., 0, 0., 0, 0., 0, 0., 104, 23.008849557522122, 0, 0., 0, 0., 0, 0., 5, 1.1061946902654867, 0, 0., 0, 0., 320, 333, 653, 452, 0.6921898928024502
, generated\gt\sample_000137.krn, generated\xml_trimmed\sample_000137.xml, 0, 0., 191, 68.95306859205776, 0, 0., 18, 6.498194945848375, 1, 0.36101083032490977, 0, 0., 2, 0.7220216606498195, 0, 0., 0, 0., 0, 0., 3, 1.0830324909747293, 0, 0., 0, 0., 0, 0., 4, 1.444043321299639, 0, 0., 0, 0., 0, 0., 0, 0., 2, 0.7220216606498195, 0, 0., 0, 0., 12, 4.332129963898917, 0, 0., 0, 0., 0, 0., 0, 0., 0, 0., 0, 0., 0, 0., 0, 0., 0, 0., 39, 14.07942238267148, 0, 0., 0, 0., 0, 0., 5, 1.8050541516245486, 0, 0., 0, 0., 226, 174, 400, 277, 0.6925
, generated\gt\sample_000028.krn, generated\xml_trimmed\sample_000028.xml, 0, 0., 137, 70.61855670103093, 0, 0., 6, 3.0927835051546393, 0, 0., 0, 0., 1, 0.5154639175257731, 0, 0., 0, 0., 0, 0., 3, 1.5463917525773196, 0, 0., 0, 0., 0, 0., 2, 1.0309278350515463, 0, 0., 0, 0., 0, 0., 0, 0., 1, 0.5154639175257731, 0, 0., 0, 0., 4, 2.0618556701030926, 0, 0., 0, 0., 0, 0., 0, 0., 0, 0., 0, 0., 0, 0., 0, 0., 0, 0., 35, 18.04123711340206, 0, 0., 0, 0., 0, 0., 5, 2.577319587628866, 0, 0., 0, 0., 148, 131, 279, 194, 0.6953405017921147
, generated\gt\sample_000439.krn, generated\xml_trimmed\sample_000439.xml, 0, 0., 248, 69.27374301675978, 0, 0., 5, 1.3966480446927374, 2, 0.5586592178770949, 0, 0., 0, 0., 0, 0., 0, 0., 0, 0., 0, 0., 0, 0., 0, 0., 3, 0.8379888268156425, 2, 0.5586592178770949, 0, 0., 0, 0., 0, 0., 0, 0., 5, 1.3966480446927374, 0, 0., 0, 0., 11, 3.0726256983240225, 0, 0., 0, 0., 0, 0., 0, 0., 0, 0., 0, 0., 0, 0., 0, 0., 0, 0., 77, 21.508379888268156, 0, 0., 0, 0., 0, 0., 5, 1.3966480446927374, 0, 0., 0, 0., 276, 237, 513, 358, 0.6978557504873294
, generated\gt\sample_000485.krn, generated\xml_trimmed\sample_000485.xml, 0, 0., 138, 82.14285714285714, 0, 0., 2, 1.1904761904761905, 0, 0., 0, 0., 0, 0., 0, 0., 0, 0., 0, 0., 0, 0., 1, 0.5952380952380952, 0, 0., 3, 1.7857142857142858, 4, 2.380952380952381, 0, 0., 0, 0., 0, 0., 0, 0., 1, 0.5952380952380952, 0, 0., 0, 0., 1, 0.5952380952380952, 0, 0., 0, 0., 0, 0., 0, 0., 0, 0., 0, 0., 0, 0., 0, 0., 0, 0., 13, 7.738095238095238, 0, 0., 0, 0., 0, 0., 5, 2.9761904761904763, 0, 0., 0, 0., 134, 106, 240, 168, 0.7
, generated\gt\sample_000614.krn, generated\xml_trimmed\sample_000614.xml, 0, 0., 199, 83.61344537815125, 0, 0., 16, 6.722689075630252, 0, 0., 0, 0., 0, 0., 0, 0., 0, 0., 1, 0.42016806722689076, 6, 2.5210084033613445, 0, 0., 0, 0., 0, 0., 2, 0.8403361344537815, 0, 0., 0, 0., 0, 0., 0, 0., 2, 0.8403361344537815, 0, 0., 0, 0., 7, 2.9411764705882355, 0, 0., 0, 0., 0, 0., 0, 0., 0, 0., 0, 0., 0, 0., 0, 0., 0, 0., 0, 0., 0, 0., 0, 0., 0, 0., 5, 2.100840336134454, 0, 0., 0, 0., 185, 155, 340, 238, 0.7
, generated\gt\sample_000356.krn, generated\xml_trimmed\sample_000356.xml, 0, 0., 131, 57.709251101321584, 0, 0., 12, 5.286343612334802, 2, 0.8810572687224669, 0, 0., 0, 0., 0, 0., 0, 0., 0, 0., 2, 0.8810572687224669, 1, 0.44052863436123346, 0, 0., 0, 0., 4, 1.7621145374449338, 2, 0.8810572687224669, 0, 0., 0, 0., 0, 0., 6, 2.643171806167401, 0, 0., 0, 0., 10, 4.405286343612334, 0, 0., 0, 0., 0, 0., 0, 0., 0, 0., 0, 0., 0, 0., 0, 0., 0, 0., 52, 22.90748898678414, 0, 0., 0, 0., 0, 0., 5, 2.202643171806167, 0, 0., 0, 0., 172, 152, 324, 227, 0.7006172839506173
, generated\gt\sample_000307.krn, generated\xml_trimmed\sample_000307.xml, 0, 0., 397, 89.61625282167043, 0, 0., 20, 4.514672686230249, 0, 0., 0, 0., 0, 0., 0, 0., 0, 0., 0, 0., 1, 0.22573363431151242, 0, 0., 0, 0., 4, 0.9029345372460497, 4, 0.9029345372460497, 0, 0., 0, 0., 0, 0., 0, 0., 2, 0.45146726862302483, 0, 0., 0, 0., 10, 2.2573363431151243, 0, 0., 0, 0., 0, 0., 0, 0., 0, 0., 0, 0., 0, 0., 0, 0., 0, 0., 0, 0., 0, 0., 0, 0., 0, 0., 5, 1.1286681715575622, 0, 0., 0, 0., 315, 317, 632, 443, 0.7009493670886076
, generated\gt\sample_000295.krn, generated\xml_trimmed\sample_000295.xml, 0, 0., 261, 85.57377049180327, 6, 1.9672131147540983, 7, 2.2950819672131146, 3, 0.9836065573770492, 0, 0., 2, 0.6557377049180327, 0, 0., 0, 0., 0, 0., 2, 0.6557377049180327, 1, 0.32786885245901637, 0, 0., 2, 0.6557377049180327, 8, 2.622950819672131, 0, 0., 0, 0., 0, 0., 0, 0., 0, 0., 0, 0., 0, 0., 5, 1.639344262295082, 0, 0., 0, 0., 0, 0., 0, 0., 0, 0., 0, 0., 0, 0., 0, 0., 0, 0., 4, 1.3114754098360655, 0, 0., 0, 0., 4, 1.3114754098360655, 0, 0., 0, 0., 0, 0., 219, 216, 435, 305, 0.7011494252873564
, generated\gt\sample_000102.krn, generated\xml_trimmed\sample_000102.xml, 0, 0., 193, 89.35185185185185, 0, 0., 1, 0.46296296296296297, 1, 0.46296296296296297, 2, 0.9259259259259259, 1, 0.46296296296296297, 0, 0., 0, 0., 0, 0., 0, 0., 0, 0., 0, 0., 0, 0., 4, 1.8518518518518519, 0, 0., 0, 0., 0, 0., 0, 0., 3, 1.3888888888888888, 0, 0., 0, 0., 1, 0.46296296296296297, 0, 0., 0, 0., 0, 0., 0, 0., 0, 0., 0, 0., 0, 0., 0, 0., 0, 0., 5, 2.314814814814815, 0, 0., 0, 0., 0, 0., 5, 2.314814814814815, 0, 0., 0, 0., 155, 152, 307, 216, 0.7035830618892508
, generated\gt\sample_000601.krn, generated\xml_trimmed\sample_000601.xml, 0, 0., 423, 88.8655462184874, 0, 0., 15, 3.1512605042016806, 7, 1.4705882352941178, 0, 0., 0, 0., 0, 0., 0, 0., 0, 0., 7, 1.4705882352941178, 0, 0., 0, 0., 4, 0.8403361344537815, 0, 0., 0, 0., 0, 0., 0, 0., 0, 0., 0, 0., 0, 0., 0, 0., 15, 3.1512605042016806, 0, 0., 0, 0., 0, 0., 0, 0., 0, 0., 0, 0., 0, 0., 0, 0., 0, 0., 0, 0., 0, 0., 0, 0., 0, 0., 5, 1.050420168067227, 0, 0., 0, 0., 359, 317, 676, 476, 0.7041420118343196
, generated\gt\sample_000148.krn, generated\xml_trimmed\sample_000148.xml, 0, 0., 281, 75.1336898395722, 0, 0., 15, 4.010695187165775, 0, 0., 0, 0., 0, 0., 0, 0., 0, 0., 2, 0.5347593582887701, 4, 1.0695187165775402, 0, 0., 0, 0., 0, 0., 4, 1.0695187165775402, 0, 0., 0, 0., 0, 0., 0, 0., 0, 0., 0, 0., 0, 0., 3, 0.8021390374331551, 0, 0., 0, 0., 0, 0., 0, 0., 0, 0., 0, 0., 0, 0., 0, 0., 0, 0., 60, 16.0427807486631, 0, 0., 0, 0., 0, 0., 5, 1.3368983957219251, 0, 0., 0, 0., 292, 239, 531, 374, 0.704331450094162
, generated\gt\sample_000612.krn, generated\xml_trimmed\sample_000612.xml, 0, 0., 210, 75.81227436823104, 2, 0.7220216606498195, 12, 4.332129963898917, 2, 0.7220216606498195, 0, 0., 2, 0.7220216606498195, 0, 0., 0, 0., 0, 0., 1, 0.36101083032490977, 2, 0.7220216606498195, 0, 0., 0, 0., 2, 0.7220216606498195, 0, 0., 0, 0., 0, 0., 0, 0., 3, 1.0830324909747293, 0, 0., 0, 0., 12, 4.332129963898917, 0, 0., 0, 0., 0, 0., 0, 0., 0, 0., 0, 0., 0, 0., 0, 0., 0, 0., 24, 8.664259927797834, 0, 0., 0, 0., 0, 0., 5, 1.8050541516245486, 0, 0., 0, 0., 224, 169, 393, 277, 0.7048346055979644
, generated\gt\sample_000289.krn, generated\xml_trimmed\sample_000289.xml, 0, 0., 460, 80.56042031523643, 2, 0.3502626970227671, 21, 3.677758318739054, 1, 0.17513134851138354, 0, 0., 0, 0., 0, 0., 0, 0., 0, 0., 26, 4.553415061295972, 0, 0., 0, 0., 2, 0.3502626970227671, 8, 1.4010507880910683, 0, 0., 0, 0., 0, 0., 0, 0., 4, 0.7005253940455342, 0, 0., 0, 0., 16, 2.8021015761821366, 0, 0., 0, 0., 0, 0., 0, 0., 0, 0., 0, 0., 0, 0., 0, 0., 0, 0., 27, 4.728546409807356, 0, 0., 0, 0., 4, 0.7005253940455342, 0, 0., 0, 0., 0, 0., 362, 447, 809, 571, 0.7058096415327565
, generated\gt\sample_000031.krn, generated\xml_trimmed\sample_000031.xml, 0, 0., 151, 89.3491124260355, 0, 0., 5, 2.9585798816568047, 0, 0., 0, 0., 0, 0., 0, 0., 0, 0., 0, 0., 1, 0.591715976331361, 0, 0., 0, 0., 0, 0., 2, 1.183431952662722, 0, 0., 0, 0., 0, 0., 0, 0., 1, 0.591715976331361, 0, 0., 0, 0., 4, 2.366863905325444, 0, 0., 0, 0., 0, 0., 0, 0., 0, 0., 0, 0., 0, 0., 0, 0., 0, 0., 0, 0., 0, 0., 0, 0., 0, 0., 5, 2.9585798816568047, 0, 0., 0, 0., 128, 111, 239, 169, 0.7071129707112971
, generated\gt\sample_000368.krn, generated\xml_trimmed\sample_000368.xml, 0, 0., 309, 68.06167400881057, 0, 0., 30, 6.607929515418502, 3, 0.6607929515418502, 2, 0.44052863436123346, 4, 0.8810572687224669, 0, 0., 0, 0., 3, 0.6607929515418502, 0, 0., 0, 0., 0, 0., 0, 0., 4, 0.8810572687224669, 0, 0., 0, 0., 0, 0., 0, 0., 1, 0.22026431718061673, 0, 0., 0, 0., 7, 1.5418502202643172, 0, 0., 0, 0., 0, 0., 0, 0., 0, 0., 0, 0., 0, 0., 0, 0., 0, 0., 86, 18.94273127753304, 0, 0., 0, 0., 0, 0., 5, 1.1013215859030836, 0, 0., 0, 0., 346, 296, 642, 454, 0.7071651090342679
, generated\gt\sample_000483.krn, generated\xml_trimmed\sample_000483.xml, 0, 0., 126, 46.494464944649444, 2, 0.7380073800738007, 2, 0.7380073800738007, 3, 1.1070110701107012, 0, 0., 2, 0.7380073800738007, 0, 0., 0, 0., 0, 0., 0, 0., 0, 0., 0, 0., 3, 1.1070110701107012, 4, 1.4760147601476015, 0, 0., 0, 0., 0, 0., 0, 0., 0, 0., 0, 0., 0, 0., 3, 1.1070110701107012, 0, 0., 0, 0., 0, 0., 0, 0., 0, 0., 0, 0., 0, 0., 0, 0., 0, 0., 121, 44.64944649446495, 0, 0., 0, 0., 0, 0., 5, 1.845018450184502, 0, 0., 0, 0., 194, 188, 382, 271, 0.7094240837696335
, generated\gt\sample_000386.krn, generated\xml_trimmed\sample_000386.xml, 0, 0., 263, 85.3896103896104, 0, 0., 21, 6.818181818181818, 2, 0.6493506493506493, 0, 0., 5, 1.6233766233766234, 0, 0., 0, 0., 0, 0., 1, 0.3246753246753247, 0, 0., 0, 0., 0, 0., 0, 0., 0, 0., 0, 0., 0, 0., 0, 0., 0, 0., 0, 0., 0, 0., 12, 3.896103896103896, 0, 0., 0, 0., 0, 0., 0, 0., 0, 0., 0, 0., 0, 0., 0, 0., 0, 0., 0, 0., 0, 0., 0, 0., 4, 1.2987012987012987, 0, 0., 0, 0., 0, 0., 275, 159, 434, 308, 0.7096774193548387
, generated\gt\sample_000276.krn, generated\xml_trimmed\sample_000276.xml, 0, 0., 447, 87.81925343811395, 0, 0., 12, 2.357563850687623, 0, 0., 0, 0., 0, 0., 0, 0., 0, 0., 0, 0., 0, 0., 0, 0., 0, 0., 0, 0., 4, 0.7858546168958742, 0, 0., 0, 0., 0, 0., 0, 0., 7, 1.37524557956778, 0, 0., 1, 0.19646365422396855, 33, 6.4833005893909625, 0, 0., 0, 0., 0, 0., 0, 0., 0, 0., 0, 0., 0, 0., 0, 0., 0, 0., 0, 0., 0, 0., 0, 0., 0, 0., 5, 0.9823182711198428, 0, 0., 0, 0., 358, 359, 717, 509, 0.7099023709902371
, generated\gt\sample_000058.krn, generated\xml_trimmed\sample_000058.xml, 0, 0., 78, 58.64661654135338, 0, 0., 0, 0., 1, 0.7518796992481203, 0, 0., 0, 0., 0, 0., 0, 0., 0, 0., 0, 0., 0, 0., 0, 0., 0, 0., 4, 3.007518796992481, 0, 0., 0, 0., 2, 1.5037593984962405, 0, 0., 1, 0.7518796992481203, 0, 0., 0, 0., 0, 0., 0, 0., 0, 0., 4, 3.007518796992481, 0, 0., 0, 0., 0, 0., 0, 0., 0, 0., 0, 0., 38, 28.571428571428573, 0, 0., 0, 0., 0, 0., 5, 3.7593984962406015, 0, 0., 0, 0., 101, 86, 187, 133, 0.7112299465240641
, generated\gt\sample_000400.krn, generated\xml_trimmed\sample_000400.xml, 0, 0., 192, 89.7196261682243, 0, 0., 7, 3.2710280373831777, 0, 0., 0, 0., 0, 0., 0, 0., 0, 0., 0, 0., 1, 0.4672897196261682, 0, 0., 0, 0., 0, 0., 0, 0., 0, 0., 0, 0., 2, 0.9345794392523364, 0, 0., 1, 0.4672897196261682, 0, 0., 0, 0., 6, 2.803738317757009, 0, 0., 0, 0., 0, 0., 0, 0., 0, 0., 0, 0., 0, 0., 0, 0., 0, 0., 0, 0., 0, 0., 0, 0., 0, 0., 5, 2.336448598130841, 0, 0., 0, 0., 192, 108, 300, 214, 0.7133333333333334
, generated\gt\sample_000032.krn, generated\xml_trimmed\sample_000032.xml, 0, 0., 237, 58.51851851851852, 2, 0.49382716049382713, 22, 5.432098765432099, 0, 0., 0, 0., 2, 0.49382716049382713, 0, 0., 0, 0., 0, 0., 18, 4.444444444444445, 0, 0., 0, 0., 2, 0.49382716049382713, 0, 0., 0, 0., 0, 0., 0, 0., 0, 0., 0, 0., 0, 0., 0, 0., 4, 0.9876543209876543, 0, 0., 0, 0., 0, 0., 0, 0., 0, 0., 0, 0., 0, 0., 0, 0., 0, 0., 114, 28.14814814814815, 0, 0., 0, 0., 4, 0.9876543209876543, 0, 0., 0, 0., 0, 0., 348, 219, 567, 405, 0.7142857142857143
, generated\gt\sample_000380.krn, generated\xml_trimmed\sample_000380.xml, 0, 0., 128, 57.918552036199095, 0, 0., 8, 3.6199095022624435, 0, 0., 0, 0., 2, 0.9049773755656109, 0, 0., 0, 0., 0, 0., 0, 0., 0, 0., 0, 0., 2, 0.9049773755656109, 1, 0.45248868778280543, 2, 0.9049773755656109, 0, 0., 0, 0., 0, 0., 2, 0.9049773755656109, 0, 0., 0, 0., 12, 5.429864253393665, 0, 0., 0, 0., 0, 0., 0, 0., 0, 0., 0, 0., 0, 0., 0, 0., 0, 0., 59, 26.69683257918552, 0, 0., 0, 0., 0, 0., 5, 2.262443438914027, 0, 0., 0, 0., 160, 149, 309, 221, 0.7152103559870551
, generated\gt\sample_000203.krn, generated\xml_trimmed\sample_000203.xml, 0, 0., 242, 81.20805369127517, 0, 0., 11, 3.6912751677852347, 2, 0.6711409395973155, 0, 0., 0, 0., 0, 0., 0, 0., 0, 0., 1, 0.33557046979865773, 0, 0., 0, 0., 4, 1.342281879194631, 4, 1.342281879194631, 0, 0., 0, 0., 0, 0., 3, 1.0067114093959733, 4, 1.342281879194631, 0, 0., 0, 0., 0, 0., 0, 0., 0, 0., 0, 0., 0, 0., 0, 0., 0, 0., 0, 0., 0, 0., 0, 0., 22, 7.382550335570469, 0, 0., 0, 0., 0, 0., 5, 1.6778523489932886, 0, 0., 0, 0., 187, 229, 416, 298, 0.7163461538461539
, generated\gt\sample_000390.krn, generated\xml_trimmed\sample_000390.xml, 0, 0., 323, 93.35260115606937, 0, 0., 5, 1.4450867052023122, 0, 0., 6, 1.7341040462427746, 0, 0., 0, 0., 0, 0., 0, 0., 3, 0.8670520231213873, 0, 0., 0, 0., 0, 0., 0, 0., 0, 0., 0, 0., 2, 0.5780346820809249, 0, 0., 2, 0.5780346820809249, 0, 0., 0, 0., 0, 0., 0, 0., 0, 0., 0, 0., 0, 0., 0, 0., 0, 0., 0, 0., 0, 0., 0, 0., 0, 0., 0, 0., 0, 0., 0, 0., 5, 1.4450867052023122, 0, 0., 0, 0., 289, 194, 483, 346, 0.7163561076604554
, generated\gt\sample_000135.krn, generated\xml_trimmed\sample_000135.xml, 0, 0., 255, 79.9373040752351, 0, 0., 18, 5.6426332288401255, 0, 0., 4, 1.2539184952978057, 0, 0., 0, 0., 0, 0., 0, 0., 1, 0.31347962382445144, 0, 0., 0, 0., 0, 0., 4, 1.2539184952978057, 0, 0., 0, 0., 0, 0., 0, 0., 0, 0., 0, 0., 0, 0., 9, 2.8213166144200628, 0, 0., 0, 0., 0, 0., 0, 0., 0, 0., 0, 0., 0, 0., 0, 0., 0, 0., 23, 7.210031347962382, 0, 0., 0, 0., 0, 0., 5, 1.567398119122257, 0, 0., 0, 0., 234, 210, 444, 319, 0.7184684684684685
, generated\gt\sample_000220.krn, generated\xml_trimmed\sample_000220.xml, 0, 0., 395, 82.4634655532359, 4, 0.8350730688935282, 20, 4.175365344467641, 1, 0.20876826722338204, 0, 0., 1, 0.20876826722338204, 0, 0., 0, 0., 1, 0.20876826722338204, 0, 0., 1, 0.20876826722338204, 0, 0., 0, 0., 4, 0.8350730688935282, 2, 0.4175365344467641, 0, 0., 0, 0., 28, 5.845511482254698, 3, 0.6263048016701461, 0, 0., 1, 0.20876826722338204, 9, 1.8789144050104385, 0, 0., 4, 0.8350730688935282, 0, 0., 0, 0., 0, 0., 0, 0., 0, 0., 0, 0., 0, 0., 0, 0., 0, 0., 0, 0., 0, 0., 5, 1.0438413361169103, 0, 0., 0, 0., 379, 286, 665, 479, 0.7203007518796992
, generated\gt\sample_000494.krn, generated\xml_trimmed\sample_000494.xml, 0, 0., 236, 89.05660377358491, 0, 0., 9, 3.3962264150943398, 0, 0., 0, 0., 1, 0.37735849056603776, 0, 0., 0, 0., 1, 0.37735849056603776, 3, 1.1320754716981132, 0, 0., 0, 0., 0, 0., 0, 0., 0, 0., 0, 0., 0, 0., 0, 0., 1, 0.37735849056603776, 0, 0., 0, 0., 1, 0.37735849056603776, 0, 0., 0, 0., 0, 0., 0, 0., 0, 0., 0, 0., 0, 0., 0, 0., 0, 0., 8, 3.018867924528302, 0, 0., 0, 0., 0, 0., 5, 1.8867924528301887, 0, 0., 0, 0., 263, 103, 366, 265, 0.7240437158469946
, generated\gt\sample_000596.krn, generated\xml_trimmed\sample_000596.xml, 0, 0., 212, 74.3859649122807, 0, 0., 9, 3.1578947368421053, 0, 0., 0, 0., 0, 0., 0, 0., 0, 0., 1, 0.3508771929824561, 2, 0.7017543859649122, 0, 0., 0, 0., 0, 0., 4, 1.4035087719298245, 0, 0., 0, 0., 0, 0., 0, 0., 2, 0.7017543859649122, 0, 0., 0, 0., 13, 4.56140350877193, 0, 0., 0, 0., 0, 0., 0, 0., 0, 0., 0, 0., 0, 0., 0, 0., 0, 0., 37, 12.982456140350877, 0, 0., 0, 0., 0, 0., 5, 1.7543859649122806, 0, 0., 0, 0., 229, 164, 393, 285, 0.7251908396946565
, generated\gt\sample_000661.krn, generated\xml_trimmed\sample_000661.xml, 0, 0., 170, 86.29441624365482, 2, 1.015228426395939, 3, 1.5228426395939085, 1, 0.5076142131979695, 0, 0., 0, 0., 0, 0., 0, 0., 0, 0., 2, 1.015228426395939, 0, 0., 0, 0., 2, 1.015228426395939, 2, 1.015228426395939, 0, 0., 0, 0., 0, 0., 0, 0., 1, 0.5076142131979695, 0, 0., 0, 0., 9, 4.568527918781726, 0, 0., 0, 0., 0, 0., 0, 0., 0, 0., 0, 0., 0, 0., 0, 0., 0, 0., 0, 0., 0, 0., 0, 0., 0, 0., 5, 2.5380710659898478, 0, 0., 0, 0., 147, 124, 271, 197, 0.7269372693726938
, generated\gt\sample_000296.krn, generated\xml_trimmed\sample_000296.xml, 0, 0., 331, 79.37649880095923, 0, 0., 8, 1.9184652278177459, 2, 0.47961630695443647, 0, 0., 2, 0.47961630695443647, 0, 0., 0, 0., 0, 0., 1, 0.23980815347721823, 0, 0., 0, 0., 2, 0.47961630695443647, 8, 1.9184652278177459, 1, 0.23980815347721823, 0, 0., 0, 0., 0, 0., 0, 0., 0, 0., 0, 0., 6, 1.4388489208633093, 0, 0., 0, 0., 0, 0., 0, 0., 0, 0., 0, 0., 0, 0., 0, 0., 0, 0., 52, 12.470023980815348, 0, 0., 0, 0., 4, 0.9592326139088729, 0, 0., 0, 0., 0, 0., 289, 284, 573, 417, 0.7277486910994765
, generated\gt\sample_000460.krn, generated\xml_trimmed\sample_000460.xml, 0, 0., 375, 78.61635220125787, 12, 2.5157232704402515, 12, 2.5157232704402515, 6, 1.2578616352201257, 0, 0., 0, 0., 0, 0., 0, 0., 2, 0.4192872117400419, 5, 1.0482180293501049, 1, 0.20964360587002095, 0, 0., 0, 0., 8, 1.6771488469601676, 6, 1.2578616352201257, 0, 0., 0, 0., 0, 0., 0, 0., 0, 0., 0, 0., 20, 4.1928721174004195, 0, 0., 0, 0., 0, 0., 0, 0., 0, 0., 0, 0., 0, 0., 0, 0., 0, 0., 26, 5.450733752620545, 0, 0., 0, 0., 4, 0.8385744234800838, 0, 0., 0, 0., 0, 0., 371, 284, 655, 477, 0.7282442748091603
, generated\gt\sample_000512.krn, generated\xml_trimmed\sample_000512.xml, 0, 0., 441, 88.73239436619718, 2, 0.4024144869215292, 29, 5.835010060362173, 0, 0., 0, 0., 1, 0.2012072434607646, 0, 0., 0, 0., 1, 0.2012072434607646, 0, 0., 0, 0., 0, 0., 2, 0.4024144869215292, 8, 1.6096579476861168, 2, 0.4024144869215292, 0, 0., 0, 0., 0, 0., 1, 0.2012072434607646, 0, 0., 0, 0., 6, 1.2072434607645874, 0, 0., 0, 0., 0, 0., 0, 0., 0, 0., 0, 0., 0, 0., 0, 0., 0, 0., 0, 0., 0, 0., 0, 0., 4, 0.8048289738430584, 0, 0., 0, 0., 0, 0., 387, 295, 682, 497, 0.7287390029325513
, generated\gt\sample_000222.krn, generated\xml_trimmed\sample_000222.xml, 0, 0., 127, 47.744360902255636, 6, 2.255639097744361, 2, 0.7518796992481203, 8, 3.007518796992481, 1, 0.37593984962406013, 1, 0.37593984962406013, 0, 0., 0, 0., 0, 0., 2, 0.7518796992481203, 0, 0., 0, 0., 2, 0.7518796992481203, 0, 0., 2, 0.7518796992481203, 0, 0., 0, 0., 0, 0., 0, 0., 0, 0., 0, 0., 2, 0.7518796992481203, 0, 0., 0, 0., 0, 0., 0, 0., 0, 0., 0, 0., 0, 0., 0, 0., 0, 0., 78, 29.32330827067669, 30, 11.278195488721805, 0, 0., 0, 0., 5, 1.8796992481203008, 0, 0., 0, 0., 164, 201, 365, 266, 0.7287671232876712
, generated\gt\sample_000478.krn, generated\xml_trimmed\sample_000478.xml, 0, 0., 478, 91.57088122605364, 0, 0., 20, 3.8314176245210727, 0, 0., 0, 0., 1, 0.19157088122605365, 0, 0., 0, 0., 0, 0., 3, 0.5747126436781609, 0, 0., 0, 0., 1, 0.19157088122605365, 2, 0.3831417624521073, 0, 0., 0, 0., 0, 0., 0, 0., 0, 0., 0, 0., 0, 0., 12, 2.2988505747126435, 0, 0., 0, 0., 0, 0., 0, 0., 0, 0., 0, 0., 0, 0., 0, 0., 0, 0., 0, 0., 0, 0., 0, 0., 0, 0., 5, 0.9578544061302682, 0, 0., 0, 0., 363, 353, 716, 522, 0.729050279329609
, generated\gt\sample_000191.krn, generated\xml_trimmed\sample_000191.xml, 0, 0., 126, 46.15384615384615, 0, 0., 0, 0., 0, 0., 0, 0., 1, 0.3663003663003663, 0, 0., 0, 0., 0, 0., 0, 0., 0, 0., 0, 0., 1, 0.3663003663003663, 0, 0., 0, 0., 0, 0., 0, 0., 0, 0., 0, 0., 0, 0., 0, 0., 3, 1.098901098901099, 0, 0., 0, 0., 0, 0., 0, 0., 0, 0., 0, 0., 0, 0., 0, 0., 0, 0., 142, 52.014652014652015, 0, 0., 0, 0., 0, 0., 0, 0., 0, 0., 0, 0., 191, 182, 373, 273, 0.7319034852546917
, generated\gt\sample_000330.krn, generated\xml_trimmed\sample_000330.xml, 0, 0., 242, 85.81560283687944, 0, 0., 18, 6.382978723404255, 0, 0., 2, 0.7092198581560284, 0, 0., 0, 0., 0, 0., 2, 0.7092198581560284, 0, 0., 0, 0., 0, 0., 0, 0., 0, 0., 2, 0.7092198581560284, 0, 0., 0, 0., 0, 0., 1, 0.3546099290780142, 0, 0., 0, 0., 10, 3.5460992907801416, 0, 0., 0, 0., 0, 0., 0, 0., 0, 0., 0, 0., 0, 0., 0, 0., 0, 0., 0, 0., 0, 0., 0, 0., 0, 0., 5, 1.7730496453900708, 0, 0., 0, 0., 259, 126, 385, 282, 0.7324675324675325
, generated\gt\sample_000049.krn, generated\xml_trimmed\sample_000049.xml, 0, 0., 389, 74.37858508604207, 2, 0.3824091778202677, 12, 2.294455066921606, 2, 0.3824091778202677, 0, 0., 4, 0.7648183556405354, 0, 0., 0, 0., 0, 0., 4, 0.7648183556405354, 0, 0., 0, 0., 0, 0., 4, 0.7648183556405354, 4, 0.7648183556405354, 0, 0., 0, 0., 0, 0., 0, 0., 0, 0., 0, 0., 7, 1.338432122370937, 0, 0., 0, 0., 0, 0., 0, 0., 0, 0., 0, 0., 0, 0., 0, 0., 0, 0., 91, 17.399617590822178, 0, 0., 0, 0., 4, 0.7648183556405354, 0, 0., 0, 0., 0, 0., 387, 327, 714, 523, 0.7324929971988795
, generated\gt\sample_000633.krn, generated\xml_trimmed\sample_000633.xml, 0, 0., 82, 34.45378151260504, 12, 5.042016806722689, 1, 0.42016806722689076, 9, 3.7815126050420167, 0, 0., 1, 0.42016806722689076, 0, 0., 0, 0., 0, 0., 2, 0.8403361344537815, 0, 0., 0, 0., 3, 1.2605042016806722, 8, 3.361344537815126, 16, 6.722689075630252, 0, 0., 0, 0., 0, 0., 0, 0., 0, 0., 0, 0., 1, 0.42016806722689076, 0, 0., 0, 0., 0, 0., 0, 0., 0, 0., 0, 0., 0, 0., 0, 0., 0, 0., 99, 41.596638655462186, 0, 0., 0, 0., 4, 1.680672268907563, 0, 0., 0, 0., 0, 0., 181, 143, 324, 238, 0.7345679012345679
, generated\gt\sample_000334.krn, generated\xml_trimmed\sample_000334.xml, 0, 0., 301, 83.84401114206128, 0, 0., 16, 4.456824512534819, 0, 0., 0, 0., 0, 0., 0, 0., 0, 0., 1, 0.2785515320334262, 2, 0.5571030640668524, 0, 0., 0, 0., 0, 0., 0, 0., 0, 0., 0, 0., 0, 0., 0, 0., 5, 1.392757660167131, 0, 0., 0, 0., 11, 3.064066852367688, 0, 0., 2, 0.5571030640668524, 0, 0., 0, 0., 0, 0., 0, 0., 0, 0., 0, 0., 0, 0., 16, 4.456824512534819, 0, 0., 0, 0., 0, 0., 5, 1.392757660167131, 0, 0., 0, 0., 343, 144, 487, 359, 0.7371663244353183
, generated\gt\sample_000155.krn, generated\xml_trimmed\sample_000155.xml, 0, 0., 351, 86.88118811881188, 0, 0., 10, 2.4752475247524752, 0, 0., 0, 0., 1, 0.24752475247524752, 0, 0., 0, 0., 0, 0., 1, 0.24752475247524752, 0, 0., 0, 0., 1, 0.24752475247524752, 4, 0.9900990099009901, 0, 0., 0, 0., 0, 0., 0, 0., 1, 0.24752475247524752, 0, 0., 0, 0., 3, 0.7425742574257426, 0, 0., 0, 0., 0, 0., 0, 0., 0, 0., 0, 0., 0, 0., 0, 0., 0, 0., 27, 6.683168316831683, 0, 0., 0, 0., 0, 0., 5, 1.2376237623762376, 0, 0., 0, 0., 286, 261, 547, 404, 0.7385740402193784
, generated\gt\sample_000331.krn, generated\xml_trimmed\sample_000331.xml, 0, 0., 269, 83.80062305295951, 0, 0., 22, 6.853582554517134, 0, 0., 4, 1.2461059190031152, 0, 0., 0, 0., 0, 0., 0, 0., 1, 0.3115264797507788, 0, 0., 0, 0., 0, 0., 4, 1.2461059190031152, 2, 0.6230529595015576, 0, 0., 6, 1.8691588785046729, 0, 0., 3, 0.9345794392523364, 0, 0., 0, 0., 5, 1.557632398753894, 0, 0., 0, 0., 0, 0., 0, 0., 0, 0., 0, 0., 0, 0., 0, 0., 0, 0., 0, 0., 0, 0., 0, 0., 0, 0., 5, 1.557632398753894, 0, 0., 0, 0., 288, 146, 434, 321, 0.7396313364055299
, generated\gt\sample_000055.krn, generated\xml_trimmed\sample_000055.xml, 0, 0., 136, 57.6271186440678, 0, 0., 4, 1.694915254237288, 1, 0.423728813559322, 2, 0.847457627118644, 0, 0., 0, 0., 0, 0., 2, 0.847457627118644, 1, 0.423728813559322, 0, 0., 0, 0., 0, 0., 4, 1.694915254237288, 0, 0., 0, 0., 0, 0., 3, 1.271186440677966, 2, 0.847457627118644, 0, 0., 0, 0., 7, 2.9661016949152543, 0, 0., 0, 0., 0, 0., 0, 0., 0, 0., 0, 0., 0, 0., 0, 0., 0, 0., 69, 29.23728813559322, 0, 0., 0, 0., 0, 0., 5, 2.1186440677966103, 0, 0., 0, 0., 174, 145, 319, 236, 0.7398119122257053
, generated\gt\sample_000033.krn, generated\xml_trimmed\sample_000033.xml, 0, 0., 280, 62.92134831460674, 0, 0., 26, 5.842696629213483, 1, 0.2247191011235955, 0, 0., 3, 0.6741573033707865, 0, 0., 0, 0., 0, 0., 9, 2.0224719101123596, 0, 0., 0, 0., 2, 0.449438202247191, 8, 1.797752808988764, 0, 0., 0, 0., 0, 0., 0, 0., 14, 3.146067415730337, 0, 0., 0, 0., 17, 3.8202247191011236, 0, 0., 0, 0., 0, 0., 0, 0., 0, 0., 0, 0., 0, 0., 0, 0., 0, 0., 81, 18.202247191011235, 0, 0., 0, 0., 4, 0.898876404494382, 0, 0., 0, 0., 0, 0., 294, 307, 601, 445, 0.740432612312812
, generated\gt\sample_000466.krn, generated\xml_trimmed\sample_000466.xml, 0, 0., 364, 72.36580516898609, 0, 0., 12, 2.3856858846918487, 9, 1.7892644135188867, 0, 0., 1, 0.1988071570576541, 0, 0., 0, 0., 2, 0.3976143141153082, 2, 0.3976143141153082, 0, 0., 0, 0., 0, 0., 8, 1.5904572564612327, 4, 0.7952286282306164, 0, 0., 0, 0., 0, 0., 0, 0., 0, 0., 0, 0., 24, 4.7713717693836974, 0, 0., 0, 0., 0, 0., 0, 0., 0, 0., 0, 0., 0, 0., 0, 0., 0, 0., 73, 14.512922465208748, 0, 0., 0, 0., 4, 0.7952286282306164, 0, 0., 0, 0., 0, 0., 380, 299, 679, 503, 0.7407952871870398
, generated\gt\sample_000481.krn, generated\xml_trimmed\sample_000481.xml, 0, 0., 145, 46.62379421221865, 0, 0., 13, 4.180064308681672, 0, 0., 0, 0., 0, 0., 0, 0., 0, 0., 0, 0., 0, 0., 0, 0., 0, 0., 3, 0.9646302250803859, 4, 1.2861736334405145, 0, 0., 0, 0., 0, 0., 0, 0., 0, 0., 0, 0., 0, 0., 0, 0., 0, 0., 0, 0., 0, 0., 0, 0., 0, 0., 0, 0., 0, 0., 0, 0., 0, 0., 141, 45.337620578778136, 0, 0., 0, 0., 0, 0., 5, 1.607717041800643, 0, 0., 0, 0., 238, 179, 417, 311, 0.7458033573141487
, generated\gt\sample_000162.krn, generated\xml_trimmed\sample_000162.xml, 0, 0., 54, 18.88111888111888, 0, 0., 0, 0., 2, 0.6993006993006993, 0, 0., 0, 0., 0, 0., 0, 0., 0, 0., 3, 1.048951048951049, 3, 1.048951048951049, 0, 0., 0, 0., 2, 0.6993006993006993, 2, 0.6993006993006993, 0, 0., 0, 0., 0, 0., 2, 0.6993006993006993, 0, 0., 0, 0., 4, 1.3986013986013985, 0, 0., 0, 0., 0, 0., 0, 0., 0, 0., 0, 0., 0, 0., 0, 0., 0, 0., 209, 73.07692307692308, 0, 0., 0, 0., 0, 0., 5, 1.7482517482517483, 0, 0., 0, 0., 261, 121, 382, 286, 0.7486910994764397
, generated\gt\sample_000004.krn, generated\xml_trimmed\sample_000004.xml, 0, 0., 226, 74.34210526315789, 0, 0., 19, 6.25, 1, 0.32894736842105265, 0, 0., 0, 0., 0, 0., 0, 0., 1, 0.32894736842105265, 1, 0.32894736842105265, 0, 0., 0, 0., 0, 0., 0, 0., 0, 0., 0, 0., 0, 0., 0, 0., 1, 0.32894736842105265, 0, 0., 0, 0., 4, 1.3157894736842106, 0, 0., 0, 0., 0, 0., 0, 0., 0, 0., 0, 0., 0, 0., 0, 0., 0, 0., 46, 15.131578947368421, 0, 0., 0, 0., 0, 0., 5, 1.644736842105263, 0, 0., 0, 0., 295, 111, 406, 304, 0.7487684729064039
, generated\gt\sample_000229.krn, generated\xml_trimmed\sample_000229.xml, 0, 0., 225, 86.53846153846153, 0, 0., 6, 2.3076923076923075, 0, 0., 0, 0., 0, 0., 0, 0., 0, 0., 0, 0., 1, 0.38461538461538464, 0, 0., 0, 0., 2, 0.7692307692307693, 0, 0., 0, 0., 0, 0., 0, 0., 0, 0., 0, 0., 0, 0., 0, 0., 5, 1.9230769230769231, 0, 0., 0, 0., 0, 0., 0, 0., 0, 0., 0, 0., 0, 0., 0, 0., 0, 0., 16, 6.153846153846154, 0, 0., 0, 0., 0, 0., 5, 1.9230769230769231, 0, 0., 0, 0., 237, 110, 347, 260, 0.7492795389048992
, generated\gt\sample_000302.krn, generated\xml_trimmed\sample_000302.xml, 0, 0., 271, 68.09045226130654, 0, 0., 15, 3.7688442211055277, 1, 0.25125628140703515, 0, 0., 0, 0., 0, 0., 0, 0., 0, 0., 2, 0.5025125628140703, 0, 0., 0, 0., 1, 0.25125628140703515, 4, 1.0050251256281406, 0, 0., 0, 0., 0, 0., 0, 0., 2, 0.5025125628140703, 0, 0., 0, 0., 16, 4.0201005025125625, 0, 0., 0, 0., 0, 0., 0, 0., 0, 0., 0, 0., 0, 0., 0, 0., 0, 0., 81, 20.35175879396985, 0, 0., 0, 0., 0, 0., 5, 1.256281407035176, 0, 0., 0, 0., 300, 231, 531, 398, 0.7495291902071564
, generated\gt\sample_000461.krn, generated\xml_trimmed\sample_000461.xml, 0, 0., 417, 82.90258449304174, 0, 0., 21, 4.174950298210735, 5, 0.9940357852882704, 0, 0., 1, 0.1988071570576541, 0, 0., 0, 0., 0, 0., 4, 0.7952286282306164, 0, 0., 0, 0., 0, 0., 8, 1.5904572564612327, 1, 0.1988071570576541, 0, 0., 0, 0., 0, 0., 0, 0., 0, 0., 0, 0., 17, 3.3797216699801194, 0, 0., 0, 0., 0, 0., 0, 0., 0, 0., 0, 0., 0, 0., 0, 0., 0, 0., 25, 4.970178926441352, 0, 0., 0, 0., 4, 0.7952286282306164, 0, 0., 0, 0., 0, 0., 412, 258, 670, 503, 0.7507462686567165
, generated\gt\sample_000640.krn, generated\xml_trimmed\sample_000640.xml, 0, 0., 334, 86.75324675324676, 0, 0., 18, 4.675324675324675, 0, 0., 0, 0., 1, 0.2597402597402597, 0, 0., 0, 0., 0, 0., 9, 2.3376623376623376, 0, 0., 0, 0., 0, 0., 4, 1.0389610389610389, 2, 0.5194805194805194, 0, 0., 0, 0., 0, 0., 2, 0.5194805194805194, 0, 0., 0, 0., 1, 0.2597402597402597, 0, 0., 0, 0., 0, 0., 0, 0., 0, 0., 0, 0., 0, 0., 0, 0., 0, 0., 9, 2.3376623376623376, 0, 0., 0, 0., 0, 0., 5, 1.2987012987012987, 0, 0., 0, 0., 288, 224, 512, 385, 0.751953125
, generated\gt\sample_000110.krn, generated\xml_trimmed\sample_000110.xml, 0, 0., 299, 91.43730886850153, 0, 0., 8, 2.4464831804281344, 7, 2.140672782874618, 0, 0., 0, 0., 0, 0., 0, 0., 0, 0., 1, 0.3058103975535168, 0, 0., 0, 0., 0, 0., 4, 1.2232415902140672, 2, 0.6116207951070336, 0, 0., 0, 0., 0, 0., 0, 0., 0, 0., 0, 0., 1, 0.3058103975535168, 0, 0., 0, 0., 0, 0., 0, 0., 0, 0., 0, 0., 0, 0., 0, 0., 0, 0., 0, 0., 0, 0., 0, 0., 0, 0., 5, 1.529051987767584, 0, 0., 0, 0., 268, 164, 432, 327, 0.7569444444444444
, generated\gt\sample_000185.krn, generated\xml_trimmed\sample_000185.xml, 0, 0., 153, 66.23376623376623, 0, 0., 8, 3.463203463203463, 0, 0., 0, 0., 0, 0., 0, 0., 0, 0., 0, 0., 2, 0.8658008658008658, 0, 0., 0, 0., 0, 0., 2, 0.8658008658008658, 0, 0., 0, 0., 0, 0., 3, 1.2987012987012987, 1, 0.4329004329004329, 0, 0., 1, 0.4329004329004329, 4, 1.7316017316017316, 0, 0., 0, 0., 0, 0., 0, 0., 0, 0., 0, 0., 0, 0., 0, 0., 0, 0., 52, 22.51082251082251, 0, 0., 0, 0., 0, 0., 5, 2.1645021645021645, 0, 0., 0, 0., 161, 144, 305, 231, 0.7573770491803279
, generated\gt\sample_000043.krn, generated\xml_trimmed\sample_000043.xml, 0, 0., 70, 44.30379746835443, 6, 3.7974683544303796, 1, 0.6329113924050633, 0, 0., 0, 0., 1, 0.6329113924050633, 0, 0., 0, 0., 0, 0., 1, 0.6329113924050633, 0, 0., 0, 0., 0, 0., 4, 2.5316455696202533, 0, 0., 0, 0., 0, 0., 0, 0., 0, 0., 0, 0., 0, 0., 2, 1.2658227848101267, 0, 0., 0, 0., 0, 0., 0, 0., 0, 0., 0, 0., 0, 0., 0, 0., 0, 0., 68, 43.037974683544306, 0, 0., 0, 0., 0, 0., 5, 3.1645569620253164, 0, 0., 0, 0., 129, 79, 208, 158, 0.7596153846153846
, generated\gt\sample_000470.krn, generated\xml_trimmed\sample_000470.xml, 0, 0., 587, 90.72642967542504, 0, 0., 29, 4.482225656877898, 2, 0.3091190108191654, 2, 0.3091190108191654, 0, 0., 0, 0., 0, 0., 1, 0.1545595054095827, 1, 0.1545595054095827, 0, 0., 0, 0., 0, 0., 8, 1.2364760432766615, 1, 0.1545595054095827, 0, 0., 0, 0., 0, 0., 0, 0., 0, 0., 0, 0., 12, 1.8547140649149922, 0, 0., 0, 0., 0, 0., 0, 0., 0, 0., 0, 0., 0, 0., 0, 0., 0, 0., 0, 0., 0, 0., 0, 0., 4, 0.6182380216383307, 0, 0., 0, 0., 0, 0., 479, 371, 850, 647, 0.7611764705882353
, generated\gt\sample_000637.krn, generated\xml_trimmed\sample_000637.xml, 0, 0., 235, 71.64634146341463, 0, 0., 10, 3.048780487804878, 1, 0.3048780487804878, 0, 0., 0, 0., 0, 0., 0, 0., 0, 0., 1, 0.3048780487804878, 0, 0., 0, 0., 0, 0., 4, 1.2195121951219512, 0, 0., 0, 0., 0, 0., 0, 0., 2, 0.6097560975609756, 0, 0., 0, 0., 0, 0., 0, 0., 0, 0., 0, 0., 0, 0., 0, 0., 0, 0., 0, 0., 0, 0., 0, 0., 70, 21.341463414634145, 0, 0., 0, 0., 0, 0., 5, 1.524390243902439, 0, 0., 0, 0., 246, 184, 430, 328, 0.7627906976744186
, generated\gt\sample_000130.krn, generated\xml_trimmed\sample_000130.xml, 0, 0., 227, 97.42489270386267, 0, 0., 0, 0., 0, 0., 0, 0., 0, 0., 0, 0., 0, 0., 0, 0., 0, 0., 0, 0., 0, 0., 2, 0.8583690987124464, 0, 0., 0, 0., 0, 0., 0, 0., 0, 0., 0, 0., 0, 0., 0, 0., 4, 1.7167381974248928, 0, 0., 0, 0., 0, 0., 0, 0., 0, 0., 0, 0., 0, 0., 0, 0., 0, 0., 0, 0., 0, 0., 0, 0., 0, 0., 0, 0., 0, 0., 0, 0., 161, 144, 305, 233, 0.7639344262295082
, generated\gt\sample_000358.krn, generated\xml_trimmed\sample_000358.xml, 0, 0., 237, 78.7375415282392, 0, 0., 12, 3.9867109634551494, 0, 0., 2, 0.6644518272425249, 0, 0., 0, 0., 0, 0., 0, 0., 2, 0.6644518272425249, 3, 0.9966777408637874, 0, 0., 0, 0., 0, 0., 0, 0., 0, 0., 0, 0., 0, 0., 1, 0.33222591362126247, 0, 0., 0, 0., 3, 0.9966777408637874, 0, 0., 0, 0., 0, 0., 0, 0., 0, 0., 0, 0., 0, 0., 0, 0., 0, 0., 36, 11.960132890365449, 0, 0., 0, 0., 0, 0., 5, 1.6611295681063123, 0, 0., 0, 0., 298, 96, 394, 301, 0.7639593908629442
, generated\gt\sample_000280.krn, generated\xml_trimmed\sample_000280.xml, 0, 0., 270, 88.23529411764706, 0, 0., 9, 2.9411764705882355, 2, 0.6535947712418301, 0, 0., 0, 0., 0, 0., 0, 0., 0, 0., 5, 1.6339869281045751, 0, 0., 0, 0., 0, 0., 2, 0.6535947712418301, 0, 0., 0, 0., 0, 0., 0, 0., 0, 0., 0, 0., 0, 0., 13, 4.248366013071895, 0, 0., 0, 0., 0, 0., 0, 0., 0, 0., 0, 0., 0, 0., 0, 0., 0, 0., 0, 0., 0, 0., 0, 0., 0, 0., 5, 1.6339869281045751, 0, 0., 0, 0., 220, 180, 400, 306, 0.765
, generated\gt\sample_000221.krn, generated\xml_trimmed\sample_000221.xml, 0, 0., 87, 54.375, 0, 0., 3, 1.875, 0, 0., 0, 0., 0, 0., 0, 0., 0, 0., 0, 0., 1, 0.625, 0, 0., 0, 0., 0, 0., 4, 2.5, 0, 0., 0, 0., 0, 0., 0, 0., 0, 0., 0, 0., 0, 0., 8, 5.0, 0, 0., 0, 0., 0, 0., 0, 0., 0, 0., 0, 0., 0, 0., 0, 0., 0, 0., 52, 32.5, 0, 0., 0, 0., 0, 0., 5, 3.125, 0, 0., 0, 0., 137, 72, 209, 160, 0.7655502392344498
, generated\gt\sample_000347.krn, generated\xml_trimmed\sample_000347.xml, 0, 0., 231, 72.87066246056783, 0, 0., 12, 3.7854889589905363, 0, 0., 0, 0., 0, 0., 0, 0., 0, 0., 0, 0., 0, 0., 0, 0., 0, 0., 0, 0., 0, 0., 0, 0., 0, 0., 0, 0., 0, 0., 2, 0.6309148264984227, 0, 0., 0, 0., 12, 3.7854889589905363, 0, 0., 0, 0., 0, 0., 0, 0., 0, 0., 0, 0., 0, 0., 0, 0., 0, 0., 55, 17.350157728706623, 0, 0., 0, 0., 0, 0., 5, 1.5772870662460567, 0, 0., 0, 0., 263, 151, 414, 317, 0.7657004830917874
, generated\gt\sample_000653.krn, generated\xml_trimmed\sample_000653.xml, 0, 0., 370, 94.14758269720102, 0, 0., 4, 1.0178117048346056, 0, 0., 0, 0., 0, 0., 0, 0., 0, 0., 0, 0., 0, 0., 0, 0., 0, 0., 2, 0.5089058524173028, 2, 0.5089058524173028, 2, 0.5089058524173028, 0, 0., 0, 0., 0, 0., 1, 0.2544529262086514, 0, 0., 0, 0., 7, 1.7811704834605597, 0, 0., 0, 0., 0, 0., 0, 0., 0, 0., 0, 0., 0, 0., 0, 0., 0, 0., 0, 0., 0, 0., 0, 0., 0, 0., 5, 1.272264631043257, 0, 0., 0, 0., 261, 252, 513, 393, 0.7660818713450293
, generated\gt\sample_000241.krn, generated\xml_trimmed\sample_000241.xml, 0, 0., 265, 90.44368600682594, 0, 0., 7, 2.3890784982935154, 1, 0.3412969283276451, 0, 0., 0, 0., 0, 0., 0, 0., 0, 0., 2, 0.6825938566552902, 0, 0., 0, 0., 0, 0., 0, 0., 0, 0., 0, 0., 0, 0., 0, 0., 1, 0.3412969283276451, 0, 0., 0, 0., 12, 4.09556313993174, 0, 0., 0, 0., 0, 0., 0, 0., 0, 0., 0, 0., 0, 0., 0, 0., 0, 0., 0, 0., 0, 0., 0, 0., 0, 0., 5, 1.7064846416382253, 0, 0., 0, 0., 215, 167, 382, 293, 0.7670157068062827
, generated\gt\sample_000050.krn, generated\xml_trimmed\sample_000050.xml, 0, 0., 338, 74.77876106194691, 8, 1.7699115044247788, 9, 1.991150442477876, 0, 0., 0, 0., 0, 0., 0, 0., 0, 0., 0, 0., 10, 2.2123893805309733, 1, 0.22123893805309736, 0, 0., 1, 0.22123893805309736, 4, 0.8849557522123894, 2, 0.4424778761061947, 0, 0., 0, 0., 0, 0., 0, 0., 0, 0., 0, 0., 21, 4.646017699115045, 0, 0., 0, 0., 0, 0., 0, 0., 0, 0., 0, 0., 0, 0., 0, 0., 0, 0., 54, 11.946902654867257, 0, 0., 0, 0., 4, 0.8849557522123894, 0, 0., 0, 0., 0, 0., 339, 250, 589, 452, 0.767402376910017
, generated\gt\sample_000046.krn, generated\xml_trimmed\sample_000046.xml, 0, 0., 341, 75.77777777777777, 0, 0., 2, 0.4444444444444444, 0, 0., 0, 0., 0, 0., 0, 0., 0, 0., 0, 0., 6, 1.3333333333333333, 0, 0., 0, 0., 0, 0., 4, 0.8888888888888888, 0, 0., 0, 0., 0, 0., 0, 0., 0, 0., 0, 0., 0, 0., 5, 1.1111111111111112, 0, 0., 0, 0., 0, 0., 0, 0., 0, 0., 0, 0., 0, 0., 0, 0., 0, 0., 88, 19.555555555555557, 0, 0., 0, 0., 4, 0.8888888888888888, 0, 0., 0, 0., 0, 0., 321, 265, 586, 450, 0.7679180887372014
, generated\gt\sample_000016.krn, generated\xml_trimmed\sample_000016.xml, 0, 0., 327, 63.2495164410058, 10, 1.9342359767891684, 8, 1.5473887814313345, 4, 0.7736943907156673, 2, 0.38684719535783363, 3, 0.5802707930367504, 0, 0., 0, 0., 0, 0., 8, 1.5473887814313345, 0, 0., 0, 0., 2, 0.38684719535783363, 8, 1.5473887814313345, 4, 0.7736943907156673, 0, 0., 6, 1.1605415860735009, 0, 0., 9, 1.7408123791102514, 0, 0., 0, 0., 2, 0.38684719535783363, 0, 0., 0, 0., 0, 0., 0, 0., 0, 0., 0, 0., 0, 0., 0, 0., 0, 0., 120, 23.21083172147002, 0, 0., 0, 0., 4, 0.7736943907156673, 0, 0., 0, 0., 0, 0., 317, 356, 673, 517, 0.7682020802377415
, generated\gt\sample_000036.krn, generated\xml_trimmed\sample_000036.xml, 0, 0., 322, 73.34851936218679, 4, 0.9111617312072893, 20, 4.555808656036446, 3, 0.683371298405467, 0, 0., 1, 0.22779043280182232, 0, 0., 0, 0., 0, 0., 1, 0.22779043280182232, 0, 0., 0, 0., 2, 0.45558086560364464, 8, 1.8223234624145785, 0, 0., 0, 0., 0, 0., 0, 0., 0, 0., 0, 0., 0, 0., 2, 0.45558086560364464, 0, 0., 0, 0., 0, 0., 0, 0., 0, 0., 0, 0., 0, 0., 0, 0., 0, 0., 72, 16.40091116173121, 0, 0., 0, 0., 4, 0.9111617312072893, 0, 0., 0, 0., 0, 0., 275, 296, 571, 439, 0.7688266199649737
, generated\gt\sample_000121.krn, generated\xml_trimmed\sample_000121.xml, 0, 0., 304, 95.0, 0, 0., 2, 0.625, 0, 0., 0, 0., 0, 0., 0, 0., 0, 0., 0, 0., 0, 0., 0, 0., 0, 0., 3, 0.9375, 0, 0., 0, 0., 0, 0., 0, 0., 0, 0., 2, 0.625, 1, 0.3125, 0, 0., 3, 0.9375, 0, 0., 0, 0., 0, 0., 0, 0., 0, 0., 0, 0., 0, 0., 0, 0., 0, 0., 0, 0., 0, 0., 0, 0., 0, 0., 5, 1.5625, 0, 0., 0, 0., 203, 213, 416, 320, 0.7692307692307693
, generated\gt\sample_000659.krn, generated\xml_trimmed\sample_000659.xml, 0, 0., 244, 56.87645687645688, 0, 0., 6, 1.3986013986013985, 0, 0., 0, 0., 0, 0., 0, 0., 0, 0., 0, 0., 1, 0.2331002331002331, 0, 0., 0, 0., 0, 0., 4, 0.9324009324009324, 0, 0., 0, 0., 0, 0., 0, 0., 0, 0., 0, 0., 0, 0., 3, 0.6993006993006993, 0, 0., 0, 0., 0, 0., 0, 0., 0, 0., 0, 0., 0, 0., 0, 0., 0, 0., 166, 38.6946386946387, 0, 0., 0, 0., 0, 0., 5, 1.1655011655011656, 0, 0., 0, 0., 302, 255, 557, 429, 0.770197486535009
, generated\gt\sample_000095.krn, generated\xml_trimmed\sample_000095.xml, 0, 0., 321, 88.18681318681318, 0, 0., 15, 4.1208791208791204, 2, 0.5494505494505495, 0, 0., 0, 0., 0, 0., 0, 0., 0, 0., 3, 0.8241758241758241, 0, 0., 0, 0., 0, 0., 2, 0.5494505494505495, 0, 0., 0, 0., 0, 0., 0, 0., 0, 0., 0, 0., 0, 0., 16, 4.395604395604396, 0, 0., 0, 0., 0, 0., 0, 0., 0, 0., 0, 0., 0, 0., 0, 0., 0, 0., 0, 0., 0, 0., 0, 0., 0, 0., 5, 1.3736263736263736, 0, 0., 0, 0., 263, 209, 472, 364, 0.7711864406779662
, generated\gt\sample_000017.krn, generated\xml_trimmed\sample_000017.xml, 0, 0., 225, 59.523809523809526, 10, 2.6455026455026456, 8, 2.1164021164021163, 1, 0.26455026455026454, 0, 0., 2, 0.5291005291005291, 0, 0., 0, 0., 0, 0., 5, 1.3227513227513228, 0, 0., 0, 0., 2, 0.5291005291005291, 8, 2.1164021164021163, 0, 0., 0, 0., 0, 0., 0, 0., 1, 0.26455026455026454, 0, 0., 0, 0., 1, 0.26455026455026454, 0, 0., 0, 0., 0, 0., 0, 0., 0, 0., 0, 0., 0, 0., 0, 0., 0, 0., 111, 29.365079365079364, 0, 0., 0, 0., 4, 1.0582010582010581, 0, 0., 0, 0., 0, 0., 263, 227, 490, 378, 0.7714285714285715
, generated\gt\sample_000543.krn, generated\xml_trimmed\sample_000543.xml, 0, 0., 82, 48.5207100591716, 0, 0., 2, 1.183431952662722, 1, 0.591715976331361, 0, 0., 0, 0., 0, 0., 0, 0., 0, 0., 2, 1.183431952662722, 0, 0., 0, 0., 0, 0., 0, 0., 0, 0., 0, 0., 0, 0., 0, 0., 1, 0.591715976331361, 1, 0.591715976331361, 0, 0., 3, 1.7751479289940828, 0, 0., 0, 0., 0, 0., 0, 0., 0, 0., 0, 0., 0, 0., 0, 0., 0, 0., 72, 42.603550295857985, 0, 0., 0, 0., 0, 0., 5, 2.9585798816568047, 0, 0., 0, 0., 146, 73, 219, 169, 0.771689497716895
, generated\gt\sample_000323.krn, generated\xml_trimmed\sample_000323.xml, 0, 0., 367, 81.01545253863135, 0, 0., 12, 2.6490066225165565, 2, 0.44150110375275936, 0, 0., 0, 0., 0, 0., 0, 0., 0, 0., 0, 0., 0, 0., 0, 0., 3, 0.6622516556291391, 4, 0.8830022075055187, 2, 0.44150110375275936, 0, 0., 0, 0., 0, 0., 5, 1.1037527593818985, 1, 0.22075055187637968, 0, 0., 20, 4.415011037527594, 0, 0., 0, 0., 0, 0., 0, 0., 0, 0., 0, 0., 0, 0., 0, 0., 0, 0., 32, 7.06401766004415, 0, 0., 0, 0., 0, 0., 5, 1.1037527593818985, 0, 0., 0, 0., 319, 268, 587, 453, 0.7717206132879046
, generated\gt\sample_000159.krn, generated\xml_trimmed\sample_000159.xml, 0, 0., 218, 86.16600790513834, 0, 0., 4, 1.5810276679841897, 3, 1.1857707509881423, 4, 1.5810276679841897, 0, 0., 0, 0., 0, 0., 0, 0., 1, 0.3952569169960474, 1, 0.3952569169960474, 0, 0., 4, 1.5810276679841897, 2, 0.7905138339920948, 2, 0.7905138339920948, 0, 0., 0, 0., 0, 0., 3, 1.1857707509881423, 0, 0., 0, 0., 6, 2.3715415019762847, 0, 0., 0, 0., 0, 0., 0, 0., 0, 0., 0, 0., 0, 0., 0, 0., 0, 0., 0, 0., 0, 0., 0, 0., 0, 0., 5, 1.976284584980237, 0, 0., 0, 0., 168, 159, 327, 253, 0.7737003058103975
, generated\gt\sample_000626.krn, generated\xml_trimmed\sample_000626.xml, 0, 0., 708, 87.51545117428924, 2, 0.24721878862793573, 72, 8.899876390605685, 2, 0.24721878862793573, 0, 0., 0, 0., 0, 0., 0, 0., 0, 0., 1, 0.12360939431396786, 0, 0., 0, 0., 0, 0., 8, 0.9888751545117429, 1, 0.12360939431396786, 0, 0., 0, 0., 0, 0., 0, 0., 0, 0., 0, 0., 11, 1.3597033374536465, 0, 0., 0, 0., 0, 0., 0, 0., 0, 0., 0, 0., 0, 0., 0, 0., 0, 0., 0, 0., 0, 0., 0, 0., 4, 0.49443757725587145, 0, 0., 0, 0., 0, 0., 615, 430, 1045, 809, 0.7741626794258373
, generated\gt\sample_000440.krn, generated\xml_trimmed\sample_000440.xml, 0, 0., 409, 89.49671772428884, 0, 0., 10, 2.1881838074398248, 1, 0.2188183807439825, 0, 0., 4, 0.87527352297593, 0, 0., 0, 0., 0, 0., 0, 0., 0, 0., 0, 0., 2, 0.437636761487965, 2, 0.437636761487965, 0, 0., 0, 0., 0, 0., 0, 0., 3, 0.6564551422319475, 0, 0., 0, 0., 21, 4.595185995623632, 0, 0., 0, 0., 0, 0., 0, 0., 0, 0., 0, 0., 0, 0., 0, 0., 0, 0., 0, 0., 0, 0., 0, 0., 0, 0., 5, 1.0940919037199124, 0, 0., 0, 0., 300, 290, 590, 457, 0.7745762711864407
, generated\gt\sample_000271.krn, generated\xml_trimmed\sample_000271.xml, 0, 0., 277, 84.19452887537994, 0, 0., 8, 2.43161094224924, 0, 0., 0, 0., 1, 0.303951367781155, 0, 0., 0, 0., 0, 0., 0, 0., 0, 0., 0, 0., 0, 0., 0, 0., 0, 0., 0, 0., 6, 1.8237082066869301, 0, 0., 1, 0.303951367781155, 0, 0., 0, 0., 14, 4.25531914893617, 0, 0., 0, 0., 0, 0., 0, 0., 0, 0., 0, 0., 0, 0., 0, 0., 0, 0., 17, 5.167173252279635, 0, 0., 0, 0., 0, 0., 5, 1.5197568389057752, 0, 0., 0, 0., 324, 100, 424, 329, 0.7759433962264151
, generated\gt\sample_000642.krn, generated\xml_trimmed\sample_000642.xml, 0, 0., 336, 85.0632911392405, 0, 0., 11, 2.7848101265822787, 0, 0., 0, 0., 0, 0., 0, 0., 0, 0., 0, 0., 2, 0.5063291139240507, 0, 0., 0, 0., 0, 0., 4, 1.0126582278481013, 0, 0., 0, 0., 0, 0., 0, 0., 2, 0.5063291139240507, 0, 0., 0, 0., 1, 0.25316455696202533, 0, 0., 0, 0., 0, 0., 0, 0., 0, 0., 0, 0., 0, 0., 0, 0., 0, 0., 34, 8.60759493670886, 0, 0., 0, 0., 0, 0., 5, 1.2658227848101267, 0, 0., 0, 0., 284, 225, 509, 395, 0.7760314341846758
, generated\gt\sample_000018.krn, generated\xml_trimmed\sample_000018.xml, 0, 0., 268, 61.75115207373272, 6, 1.3824884792626728, 11, 2.5345622119815667, 2, 0.4608294930875576, 0, 0., 1, 0.2304147465437788, 0, 0., 0, 0., 0, 0., 6, 1.3824884792626728, 0, 0., 0, 0., 4, 0.9216589861751152, 8, 1.8433179723502304, 3, 0.6912442396313364, 0, 0., 0, 0., 0, 0., 0, 0., 0, 0., 0, 0., 2, 0.4608294930875576, 0, 0., 0, 0., 0, 0., 0, 0., 0, 0., 0, 0., 0, 0., 0, 0., 0, 0., 119, 27.419354838709676, 0, 0., 0, 0., 4, 0.9216589861751152, 0, 0., 0, 0., 0, 0., 300, 258, 558, 434, 0.7777777777777778
, generated\gt\sample_000030.krn, generated\xml_trimmed\sample_000030.xml, 0, 0., 264, 90.72164948453609, 0, 0., 8, 2.7491408934707904, 0, 0., 0, 0., 0, 0., 0, 0., 0, 0., 2, 0.6872852233676976, 1, 0.3436426116838488, 1, 0.3436426116838488, 0, 0., 1, 0.3436426116838488, 2, 0.6872852233676976, 0, 0., 0, 0., 0, 0., 0, 0., 1, 0.3436426116838488, 0, 0., 0, 0., 6, 2.0618556701030926, 0, 0., 0, 0., 0, 0., 0, 0., 0, 0., 0, 0., 0, 0., 0, 0., 0, 0., 0, 0., 0, 0., 0, 0., 0, 0., 5, 1.7182130584192439, 0, 0., 0, 0., 201, 173, 374, 291, 0.7780748663101604
, generated\gt\sample_000585.krn, generated\xml_trimmed\sample_000585.xml, 0, 0., 374, 81.6593886462882, 2, 0.4366812227074236, 26, 5.676855895196507, 0, 0., 0, 0., 1, 0.2183406113537118, 0, 0., 0, 0., 0, 0., 2, 0.4366812227074236, 0, 0., 0, 0., 3, 0.6550218340611353, 4, 0.8733624454148472, 2, 0.4366812227074236, 0, 0., 0, 0., 0, 0., 0, 0., 0, 0., 0, 0., 6, 1.3100436681222707, 0, 0., 0, 0., 0, 0., 0, 0., 0, 0., 0, 0., 0, 0., 0, 0., 0, 0., 33, 7.205240174672489, 0, 0., 0, 0., 0, 0., 5, 1.091703056768559, 0, 0., 0, 0., 319, 269, 588, 458, 0.7789115646258503
, generated\gt\sample_000643.krn, generated\xml_trimmed\sample_000643.xml, 0, 0., 409, 83.640081799591, 0, 0., 23, 4.703476482617587, 0, 0., 0, 0., 0, 0., 0, 0., 0, 0., 1, 0.20449897750511248, 0, 0., 0, 0., 0, 0., 0, 0., 4, 0.8179959100204499, 0, 0., 0, 0., 0, 0., 0, 0., 1, 0.20449897750511248, 0, 0., 0, 0., 1, 0.20449897750511248, 0, 0., 0, 0., 0, 0., 0, 0., 0, 0., 0, 0., 0, 0., 0, 0., 0, 0., 45, 9.202453987730062, 0, 0., 0, 0., 0, 0., 5, 1.0224948875255624, 0, 0., 0, 0., 358, 269, 627, 489, 0.7799043062200957
, generated\gt\sample_000014.krn, generated\xml_trimmed\sample_000014.xml, 0, 0., 583, 89.00763358778626, 2, 0.3053435114503817, 23, 3.5114503816793894, 2, 0.3053435114503817, 4, 0.6106870229007634, 7, 1.0687022900763359, 0, 0., 0, 0., 1, 0.15267175572519084, 13, 1.984732824427481, 0, 0., 0, 0., 2, 0.3053435114503817, 8, 1.2213740458015268, 3, 0.4580152671755725, 0, 0., 0, 0., 0, 0., 0, 0., 0, 0., 0, 0., 3, 0.4580152671755725, 0, 0., 0, 0., 0, 0., 0, 0., 0, 0., 0, 0., 0, 0., 0, 0., 0, 0., 0, 0., 0, 0., 0, 0., 4, 0.6106870229007634, 0, 0., 0, 0., 0, 0., 390, 449, 839, 655, 0.7806912991656734
, generated\gt\sample_000035.krn, generated\xml_trimmed\sample_000035.xml, 0, 0., 310, 56.88073394495413, 6, 1.1009174311926606, 21, 3.853211009174312, 2, 0.3669724770642202, 0, 0., 0, 0., 0, 0., 0, 0., 0, 0., 9, 1.651376146788991, 0, 0., 0, 0., 2, 0.3669724770642202, 8, 1.4678899082568808, 1, 0.1834862385321101, 0, 0., 0, 0., 0, 0., 1, 0.1834862385321101, 0, 0., 0, 0., 4, 0.7339449541284404, 0, 0., 0, 0., 0, 0., 0, 0., 0, 0., 0, 0., 0, 0., 0, 0., 0, 0., 177, 32.477064220183486, 0, 0., 0, 0., 4, 0.7339449541284404, 0, 0., 0, 0., 0, 0., 378, 319, 697, 545, 0.7819225251076041
, generated\gt\sample_000578.krn, generated\xml_trimmed\sample_000578.xml, 0, 0., 344, 84.72906403940887, 0, 0., 14, 3.4482758620689653, 1, 0.24630541871921183, 0, 0., 0, 0., 0, 0., 0, 0., 0, 0., 1, 0.24630541871921183, 0, 0., 0, 0., 0, 0., 4, 0.9852216748768473, 2, 0.49261083743842365, 0, 0., 0, 0., 0, 0., 1, 0.24630541871921183, 0, 0., 0, 0., 2, 0.49261083743842365, 0, 0., 0, 0., 0, 0., 0, 0., 0, 0., 0, 0., 0, 0., 0, 0., 0, 0., 32, 7.8817733990147785, 0, 0., 0, 0., 0, 0., 5, 1.2315270935960592, 0, 0., 0, 0., 261, 256, 517, 406, 0.7852998065764023
, generated\gt\sample_000641.krn, generated\xml_trimmed\sample_000641.xml, 0, 0., 281, 57.23014256619145, 2, 0.4073319755600815, 25, 5.091649694501018, 0, 0., 0, 0., 4, 0.814663951120163, 0, 0., 0, 0., 1, 0.20366598778004075, 4, 0.814663951120163, 0, 0., 0, 0., 0, 0., 4, 0.814663951120163, 2, 0.4073319755600815, 0, 0., 0, 0., 0, 0., 3, 0.6109979633401222, 0, 0., 0, 0., 0, 0., 0, 0., 0, 0., 0, 0., 0, 0., 0, 0., 0, 0., 0, 0., 0, 0., 0, 0., 160, 32.586558044806516, 0, 0., 0, 0., 0, 0., 5, 1.0183299389002036, 0, 0., 0, 0., 335, 290, 625, 491, 0.7856
, generated\gt\sample_000027.krn, generated\xml_trimmed\sample_000027.xml, 0, 0., 123, 52.340425531914896, 2, 0.851063829787234, 5, 2.127659574468085, 0, 0., 0, 0., 0, 0., 0, 0., 0, 0., 0, 0., 1, 0.425531914893617, 0, 0., 0, 0., 0, 0., 2, 0.851063829787234, 0, 0., 0, 0., 0, 0., 0, 0., 0, 0., 0, 0., 0, 0., 1, 0.425531914893617, 0, 0., 0, 0., 0, 0., 0, 0., 0, 0., 0, 0., 0, 0., 0, 0., 0, 0., 96, 40.851063829787236, 0, 0., 0, 0., 0, 0., 5, 2.127659574468085, 0, 0., 0, 0., 167, 132, 299, 235, 0.7859531772575251
, generated\gt\sample_000279.krn, generated\xml_trimmed\sample_000279.xml, 0, 0., 263, 91.31944444444444, 4, 1.3888888888888888, 6, 2.0833333333333335, 0, 0., 0, 0., 2, 0.6944444444444444, 0, 0., 0, 0., 1, 0.3472222222222222, 1, 0.3472222222222222, 0, 0., 0, 0., 0, 0., 2, 0.6944444444444444, 0, 0., 0, 0., 0, 0., 0, 0., 1, 0.3472222222222222, 0, 0., 0, 0., 3, 1.0416666666666667, 0, 0., 0, 0., 0, 0., 0, 0., 0, 0., 0, 0., 0, 0., 0, 0., 0, 0., 0, 0., 0, 0., 0, 0., 0, 0., 5, 1.7361111111111112, 0, 0., 0, 0., 173, 193, 366, 288, 0.7868852459016393
, generated\gt\sample_000624.krn, generated\xml_trimmed\sample_000624.xml, 0, 0., 553, 75.96153846153847, 4, 0.5494505494505495, 28, 3.8461538461538463, 2, 0.27472527472527475, 2, 0.27472527472527475, 2, 0.27472527472527475, 0, 0., 0, 0., 0, 0., 5, 0.6868131868131868, 0, 0., 0, 0., 0, 0., 8, 1.098901098901099, 0, 0., 0, 0., 0, 0., 0, 0., 3, 0.41208791208791207, 0, 0., 0, 0., 16, 2.197802197802198, 0, 0., 0, 0., 0, 0., 0, 0., 0, 0., 0, 0., 0, 0., 0, 0., 0, 0., 101, 13.873626373626374, 0, 0., 0, 0., 4, 0.5494505494505495, 0, 0., 0, 0., 0, 0., 526, 399, 925, 728, 0.787027027027027
, generated\gt\sample_000127.krn, generated\xml_trimmed\sample_000127.xml, 0, 0., 375, 49.21259842519685, 0, 0., 50, 6.561679790026247, 5, 0.6561679790026247, 0, 0., 1, 0.13123359580052493, 0, 0., 0, 0., 6, 0.7874015748031497, 3, 0.3937007874015748, 0, 0., 0, 0., 3, 0.3937007874015748, 6, 0.7874015748031497, 3, 0.3937007874015748, 0, 0., 0, 0., 0, 0., 1, 0.13123359580052493, 0, 0., 0, 0., 2, 0.26246719160104987, 0, 0., 0, 0., 0, 0., 0, 0., 0, 0., 0, 0., 0, 0., 0, 0., 0, 0., 294, 38.58267716535433, 0, 0., 0, 0., 13, 1.7060367454068242, 0, 0., 0, 0., 0, 0., 561, 407, 968, 762, 0.7871900826446281
, generated\gt\sample_000332.krn, generated\xml_trimmed\sample_000332.xml, 0, 0., 189, 63.21070234113712, 0, 0., 9, 3.0100334448160537, 1, 0.33444816053511706, 4, 1.3377926421404682, 2, 0.6688963210702341, 0, 0., 0, 0., 0, 0., 0, 0., 0, 0., 0, 0., 2, 0.6688963210702341, 4, 1.3377926421404682, 2, 0.6688963210702341, 0, 0., 0, 0., 0, 0., 0, 0., 0, 0., 0, 0., 1, 0.33444816053511706, 0, 0., 0, 0., 0, 0., 0, 0., 0, 0., 0, 0., 0, 0., 0, 0., 0, 0., 80, 26.755852842809364, 0, 0., 0, 0., 0, 0., 5, 1.6722408026755853, 0, 0., 0, 0., 209, 170, 379, 299, 0.7889182058047494
, generated\gt\sample_000160.krn, generated\xml_trimmed\sample_000160.xml, 0, 0., 156, 58.208955223880594, 0, 0., 3, 1.1194029850746268, 1, 0.373134328358209, 4, 1.492537313432836, 0, 0., 0, 0., 0, 0., 0, 0., 0, 0., 0, 0., 0, 0., 0, 0., 2, 0.746268656716418, 2, 0.746268656716418, 0, 0., 0, 0., 0, 0., 3, 1.1194029850746268, 0, 0., 0, 0., 5, 1.8656716417910448, 0, 0., 0, 0., 0, 0., 0, 0., 0, 0., 0, 0., 0, 0., 0, 0., 0, 0., 87, 32.46268656716418, 0, 0., 0, 0., 0, 0., 5, 1.8656716417910448, 0, 0., 0, 0., 187, 152, 339, 268, 0.7905604719764012
, generated\gt\sample_000639.krn, generated\xml_trimmed\sample_000639.xml, 0, 0., 336, 85.27918781725889, 0, 0., 17, 4.314720812182741, 0, 0., 0, 0., 0, 0., 0, 0., 0, 0., 3, 0.7614213197969543, 3, 0.7614213197969543, 0, 0., 0, 0., 0, 0., 4, 1.015228426395939, 2, 0.5076142131979695, 0, 0., 0, 0., 0, 0., 3, 0.7614213197969543, 0, 0., 0, 0., 0, 0., 0, 0., 0, 0., 0, 0., 0, 0., 0, 0., 0, 0., 0, 0., 0, 0., 0, 0., 21, 5.32994923857868, 0, 0., 0, 0., 0, 0., 5, 1.2690355329949239, 0, 0., 0, 0., 267, 231, 498, 394, 0.7911646586345381
, generated\gt\sample_000163.krn, generated\xml_trimmed\sample_000163.xml, 0, 0., 203, 88.26086956521739, 0, 0., 2, 0.8695652173913043, 3, 1.3043478260869565, 4, 1.7391304347826086, 0, 0., 0, 0., 0, 0., 0, 0., 1, 0.43478260869565216, 1, 0.43478260869565216, 0, 0., 1, 0.43478260869565216, 2, 0.8695652173913043, 2, 0.8695652173913043, 0, 0., 0, 0., 0, 0., 1, 0.43478260869565216, 0, 0., 0, 0., 5, 2.1739130434782608, 0, 0., 0, 0., 0, 0., 0, 0., 0, 0., 0, 0., 0, 0., 0, 0., 0, 0., 0, 0., 0, 0., 0, 0., 0, 0., 5, 2.1739130434782608, 0, 0., 0, 0., 162, 128, 290, 230, 0.7931034482758621
, generated\gt\sample_000228.krn, generated\xml_trimmed\sample_000228.xml, 0, 0., 258, 93.47826086956522, 0, 0., 7, 2.536231884057971, 1, 0.36231884057971014, 0, 0., 0, 0., 0, 0., 0, 0., 0, 0., 0, 0., 0, 0., 0, 0., 1, 0.36231884057971014, 2, 0.7246376811594203, 2, 0.7246376811594203, 0, 0., 0, 0., 0, 0., 0, 0., 0, 0., 0, 0., 0, 0., 0, 0., 0, 0., 0, 0., 0, 0., 0, 0., 0, 0., 0, 0., 0, 0., 0, 0., 0, 0., 0, 0., 0, 0., 0, 0., 5, 1.8115942028985508, 0, 0., 0, 0., 196, 152, 348, 276, 0.7931034482758621
, generated\gt\sample_000459.krn, generated\xml_trimmed\sample_000459.xml, 0, 0., 356, 65.68265682656826, 8, 1.4760147601476015, 17, 3.1365313653136533, 1, 0.18450184501845018, 2, 0.36900369003690037, 0, 0., 0, 0., 0, 0., 0, 0., 2, 0.36900369003690037, 0, 0., 0, 0., 0, 0., 8, 1.4760147601476015, 3, 0.5535055350553506, 0, 0., 0, 0., 0, 0., 3, 0.5535055350553506, 0, 0., 0, 0., 21, 3.874538745387454, 0, 0., 0, 0., 0, 0., 0, 0., 0, 0., 0, 0., 0, 0., 0, 0., 0, 0., 117, 21.58671586715867, 0, 0., 0, 0., 4, 0.7380073800738007, 0, 0., 0, 0., 0, 0., 391, 292, 683, 542, 0.7935578330893118
, generated\gt\sample_000080.krn, generated\xml_trimmed\sample_000080.xml, 0, 0., 352, 91.42857142857143, 0, 0., 14, 3.6363636363636362, 0, 0., 2, 0.5194805194805194, 2, 0.5194805194805194, 0, 0., 0, 0., 0, 0., 0, 0., 0, 0., 0, 0., 3, 0.7792207792207793, 2, 0.5194805194805194, 0, 0., 0, 0., 0, 0., 0, 0., 1, 0.2597402597402597, 0, 0., 0, 0., 4, 1.0389610389610389, 0, 0., 0, 0., 0, 0., 0, 0., 0, 0., 0, 0., 0, 0., 0, 0., 0, 0., 0, 0., 0, 0., 0, 0., 0, 0., 5, 1.2987012987012987, 0, 0., 0, 0., 247, 238, 485, 385, 0.7938144329896907
, generated\gt\sample_000620.krn, generated\xml_trimmed\sample_000620.xml, 0, 0., 148, 32.03463203463203, 0, 0., 13, 2.813852813852814, 1, 0.21645021645021645, 0, 0., 2, 0.4329004329004329, 0, 0., 0, 0., 6, 1.2987012987012987, 2, 0.4329004329004329, 1, 0.21645021645021645, 0, 0., 0, 0., 4, 0.8658008658008658, 0, 0., 0, 0., 0, 0., 0, 0., 1, 0.21645021645021645, 0, 0., 0, 0., 3, 0.6493506493506493, 0, 0., 0, 0., 0, 0., 0, 0., 0, 0., 0, 0., 0, 0., 0, 0., 0, 0., 276, 59.74025974025974, 0, 0., 0, 0., 0, 0., 5, 1.0822510822510822, 0, 0., 0, 0., 282, 300, 582, 462, 0.7938144329896907
, generated\gt\sample_000436.krn, generated\xml_trimmed\sample_000436.xml, 0, 0., 315, 75.0, 0, 0., 8, 1.9047619047619047, 0, 0., 4, 0.9523809523809523, 0, 0., 0, 0., 0, 0., 0, 0., 2, 0.47619047619047616, 0, 0., 0, 0., 0, 0., 4, 0.9523809523809523, 0, 0., 0, 0., 2, 0.47619047619047616, 8, 1.9047619047619047, 0, 0., 0, 0., 2, 0.47619047619047616, 13, 3.0952380952380953, 0, 0., 0, 0., 0, 0., 0, 0., 12, 2.857142857142857, 0, 0., 0, 0., 0, 0., 0, 0., 45, 10.714285714285714, 0, 0., 0, 0., 0, 0., 5, 1.1904761904761905, 0, 0., 0, 0., 248, 281, 529, 420, 0.7939508506616257
, generated\gt\sample_000083.krn, generated\xml_trimmed\sample_000083.xml, 0, 0., 282, 66.9833729216152, 2, 0.4750593824228028, 9, 2.137767220902613, 0, 0., 2, 0.4750593824228028, 4, 0.9501187648456056, 0, 0., 0, 0., 0, 0., 0, 0., 0, 0., 0, 0., 1, 0.2375296912114014, 2, 0.4750593824228028, 0, 0., 0, 0., 0, 0., 0, 0., 1, 0.2375296912114014, 0, 0., 0, 0., 6, 1.4251781472684086, 0, 0., 0, 0., 0, 0., 0, 0., 0, 0., 0, 0., 0, 0., 0, 0., 0, 0., 107, 25.41567695961995, 0, 0., 0, 0., 0, 0., 5, 1.187648456057007, 0, 0., 0, 0., 289, 241, 530, 421, 0.7943396226415095
, generated\gt\sample_000045.krn, generated\xml_trimmed\sample_000045.xml, 0, 0., 308, 69.52595936794583, 2, 0.45146726862302483, 11, 2.4830699774266365, 0, 0., 2, 0.45146726862302483, 1, 0.22573363431151242, 0, 0., 0, 0., 1, 0.22573363431151242, 1, 0.22573363431151242, 0, 0., 0, 0., 1, 0.22573363431151242, 3, 0.6772009029345373, 0, 0., 0, 0., 0, 0., 0, 0., 0, 0., 0, 0., 0, 0., 21, 4.74040632054176, 0, 0., 0, 0., 0, 0., 0, 0., 0, 0., 0, 0., 0, 0., 0, 0., 0, 0., 88, 19.864559819413092, 0, 0., 0, 0., 4, 0.9029345372460497, 0, 0., 0, 0., 0, 0., 288, 269, 557, 443, 0.7953321364452424
, generated\gt\sample_000150.krn, generated\xml_trimmed\sample_000150.xml, 0, 0., 437, 82.45283018867924, 0, 0., 21, 3.9622641509433962, 0, 0., 0, 0., 0, 0., 0, 0., 0, 0., 0, 0., 2, 0.37735849056603776, 0, 0., 0, 0., 0, 0., 4, 0.7547169811320755, 0, 0., 0, 0., 0, 0., 0, 0., 2, 0.37735849056603776, 0, 0., 0, 0., 0, 0., 0, 0., 0, 0., 0, 0., 0, 0., 0, 0., 0, 0., 0, 0., 0, 0., 0, 0., 59, 11.132075471698114, 0, 0., 0, 0., 0, 0., 5, 0.9433962264150944, 0, 0., 0, 0., 389, 277, 666, 530, 0.7957957957957958
, generated\gt\sample_000369.krn, generated\xml_trimmed\sample_000369.xml, 0, 0., 367, 92.21105527638191, 0, 0., 2, 0.5025125628140703, 1, 0.25125628140703515, 0, 0., 0, 0., 0, 0., 0, 0., 0, 0., 2, 0.5025125628140703, 1, 0.25125628140703515, 0, 0., 0, 0., 4, 1.0050251256281406, 0, 0., 0, 0., 0, 0., 0, 0., 1, 0.25125628140703515, 0, 0., 0, 0., 5, 1.256281407035176, 0, 0., 0, 0., 0, 0., 0, 0., 0, 0., 0, 0., 0, 0., 0, 0., 0, 0., 10, 2.512562814070352, 0, 0., 0, 0., 0, 0., 5, 1.256281407035176, 0, 0., 0, 0., 275, 225, 500, 398, 0.796
, generated\gt\sample_000430.krn, generated\xml_trimmed\sample_000430.xml, 0, 0., 172, 75.77092511013215, 0, 0., 2, 0.8810572687224669, 3, 1.3215859030837005, 0, 0., 0, 0., 0, 0., 0, 0., 0, 0., 1, 0.44052863436123346, 0, 0., 0, 0., 0, 0., 0, 0., 0, 0., 0, 0., 0, 0., 0, 0., 1, 0.44052863436123346, 0, 0., 0, 0., 8, 3.5242290748898677, 0, 0., 0, 0., 0, 0., 0, 0., 0, 0., 0, 0., 0, 0., 0, 0., 0, 0., 35, 15.418502202643172, 0, 0., 0, 0., 0, 0., 5, 2.202643171806167, 0, 0., 0, 0., 171, 114, 285, 227, 0.7964912280701755
, generated\gt\sample_000652.krn, generated\xml_trimmed\sample_000652.xml, 0, 0., 253, 91.00719424460432, 0, 0., 7, 2.5179856115107913, 1, 0.3597122302158273, 0, 0., 0, 0., 0, 0., 0, 0., 0, 0., 0, 0., 1, 0.3597122302158273, 0, 0., 2, 0.7194244604316546, 0, 0., 2, 0.7194244604316546, 0, 0., 0, 0., 0, 0., 3, 1.079136690647482, 0, 0., 0, 0., 4, 1.4388489208633093, 0, 0., 0, 0., 0, 0., 0, 0., 0, 0., 0, 0., 0, 0., 0, 0., 0, 0., 0, 0., 0, 0., 0, 0., 0, 0., 5, 1.7985611510791366, 0, 0., 0, 0., 226, 123, 349, 278, 0.7965616045845272
, generated\gt\sample_000210.krn, generated\xml_trimmed\sample_000210.xml, 0, 0., 177, 80.45454545454545, 12, 5.454545454545454, 6, 2.727272727272727, 7, 3.1818181818181817, 0, 0., 0, 0., 0, 0., 0, 0., 0, 0., 4, 1.8181818181818181, 0, 0., 0, 0., 0, 0., 4, 1.8181818181818181, 2, 0.9090909090909091, 0, 0., 0, 0., 0, 0., 1, 0.45454545454545453, 0, 0., 0, 0., 2, 0.9090909090909091, 0, 0., 0, 0., 0, 0., 0, 0., 0, 0., 0, 0., 0, 0., 0, 0., 0, 0., 0, 0., 0, 0., 0, 0., 0, 0., 5, 2.272727272727273, 0, 0., 0, 0., 119, 157, 276, 220, 0.7971014492753623
, generated\gt\sample_000595.krn, generated\xml_trimmed\sample_000595.xml, 0, 0., 267, 94.34628975265018, 2, 0.7067137809187279, 8, 2.8268551236749118, 0, 0., 0, 0., 0, 0., 0, 0., 0, 0., 0, 0., 0, 0., 0, 0., 0, 0., 0, 0., 0, 0., 0, 0., 0, 0., 0, 0., 0, 0., 1, 0.35335689045936397, 0, 0., 0, 0., 0, 0., 0, 0., 0, 0., 0, 0., 0, 0., 0, 0., 0, 0., 0, 0., 0, 0., 0, 0., 0, 0., 0, 0., 0, 0., 0, 0., 5, 1.7667844522968197, 0, 0., 0, 0., 280, 75, 355, 283, 0.7971830985915493
, generated\gt\sample_000467.krn, generated\xml_trimmed\sample_000467.xml, 0, 0., 495, 81.01472995090016, 8, 1.309328968903437, 21, 3.436988543371522, 4, 0.6546644844517185, 0, 0., 0, 0., 0, 0., 0, 0., 1, 0.16366612111292964, 5, 0.8183306055646481, 0, 0., 0, 0., 1, 0.16366612111292964, 8, 1.309328968903437, 4, 0.6546644844517185, 0, 0., 0, 0., 0, 0., 0, 0., 0, 0., 0, 0., 23, 3.7643207855973815, 0, 0., 0, 0., 0, 0., 0, 0., 0, 0., 0, 0., 0, 0., 0, 0., 0, 0., 37, 6.055646481178396, 0, 0., 0, 0., 4, 0.6546644844517185, 0, 0., 0, 0., 0, 0., 413, 353, 766, 611, 0.7976501305483029
, generated\gt\sample_000495.krn, generated\xml_trimmed\sample_000495.xml, 0, 0., 406, 73.41772151898734, 0, 0., 30, 5.424954792043399, 0, 0., 0, 0., 3, 0.5424954792043399, 0, 0., 0, 0., 0, 0., 0, 0., 0, 0., 0, 0., 0, 0., 4, 0.7233273056057866, 0, 0., 0, 0., 0, 0., 0, 0., 2, 0.3616636528028933, 2, 0.3616636528028933, 1, 0.18083182640144665, 12, 2.1699819168173597, 0, 0., 0, 0., 0, 0., 0, 0., 0, 0., 0, 0., 0, 0., 0, 0., 0, 0., 88, 15.913200723327305, 0, 0., 0, 0., 0, 0., 5, 0.9041591320072333, 0, 0., 0, 0., 402, 291, 693, 553, 0.797979797979798
, generated\gt\sample_000034.krn, generated\xml_trimmed\sample_000034.xml, 0, 0., 386, 67.48251748251748, 8, 1.3986013986013985, 28, 4.895104895104895, 1, 0.17482517482517482, 0, 0., 3, 0.5244755244755245, 0, 0., 0, 0., 0, 0., 12, 2.097902097902098, 0, 0., 0, 0., 2, 0.34965034965034963, 8, 1.3986013986013985, 1, 0.17482517482517482, 0, 0., 12, 2.097902097902098, 0, 0., 4, 0.6993006993006993, 0, 0., 0, 0., 7, 1.2237762237762237, 0, 0., 0, 0., 0, 0., 0, 0., 0, 0., 0, 0., 0, 0., 0, 0., 0, 0., 96, 16.783216783216783, 0, 0., 0, 0., 4, 0.6993006993006993, 0, 0., 0, 0., 0, 0., 379, 335, 714, 572, 0.8011204481792717
, generated\gt\sample_000126.krn, generated\xml_trimmed\sample_000126.xml, 0, 0., 327, 45.04132231404959, 0, 0., 42, 5.785123966942149, 0, 0., 0, 0., 2, 0.27548209366391185, 0, 0., 0, 0., 3, 0.4132231404958678, 7, 0.9641873278236914, 0, 0., 0, 0., 1, 0.13774104683195593, 2, 0.27548209366391185, 4, 0.5509641873278237, 0, 0., 0, 0., 0, 0., 0, 0., 0, 0., 0, 0., 3, 0.4132231404958678, 0, 0., 0, 0., 0, 0., 0, 0., 0, 0., 0, 0., 0, 0., 0, 0., 0, 0., 322, 44.352617079889804, 0, 0., 0, 0., 13, 1.790633608815427, 0, 0., 0, 0., 0, 0., 671, 233, 904, 726, 0.8030973451327433
, generated\gt\sample_000634.krn, generated\xml_trimmed\sample_000634.xml, 0, 0., 171, 60.0, 2, 0.7017543859649122, 4, 1.4035087719298245, 11, 3.8596491228070176, 2, 0.7017543859649122, 6, 2.1052631578947367, 0, 0., 0, 0., 0, 0., 1, 0.3508771929824561, 0, 0., 0, 0., 2, 0.7017543859649122, 8, 2.807017543859649, 17, 5.964912280701754, 0, 0., 0, 0., 0, 0., 10, 3.508771929824561, 0, 0., 0, 0., 1, 0.3508771929824561, 0, 0., 0, 0., 0, 0., 0, 0., 0, 0., 0, 0., 0, 0., 0, 0., 0, 0., 46, 16.140350877192983, 0, 0., 0, 0., 4, 1.4035087719298245, 0, 0., 0, 0., 0, 0., 177, 176, 353, 285, 0.8073654390934845
, generated\gt\sample_000255.krn, generated\xml_trimmed\sample_000255.xml, 0, 0., 252, 80.5111821086262, 0, 0., 9, 2.8753993610223643, 0, 0., 0, 0., 0, 0., 0, 0., 0, 0., 0, 0., 2, 0.6389776357827476, 0, 0., 0, 0., 0, 0., 4, 1.2779552715654952, 0, 0., 0, 0., 0, 0., 0, 0., 2, 0.6389776357827476, 0, 0., 1, 0.3194888178913738, 6, 1.9169329073482428, 0, 0., 0, 0., 0, 0., 0, 0., 0, 0., 0, 0., 0, 0., 0, 0., 0, 0., 32, 10.223642172523961, 0, 0., 0, 0., 0, 0., 5, 1.597444089456869, 0, 0., 0, 0., 185, 202, 387, 313, 0.8087855297157622
, generated\gt\sample_000337.krn, generated\xml_trimmed\sample_000337.xml, 0, 0., 328, 91.11111111111111, 0, 0., 4, 1.1111111111111112, 0, 0., 0, 0., 0, 0., 0, 0., 0, 0., 0, 0., 0, 0., 0, 0., 0, 0., 0, 0., 4, 1.1111111111111112, 0, 0., 0, 0., 0, 0., 0, 0., 2, 0.5555555555555556, 0, 0., 0, 0., 15, 4.166666666666667, 0, 0., 2, 0.5555555555555556, 0, 0., 0, 0., 0, 0., 0, 0., 0, 0., 0, 0., 0, 0., 0, 0., 0, 0., 0, 0., 0, 0., 5, 1.3888888888888888, 0, 0., 0, 0., 243, 202, 445, 360, 0.8089887640449438
, generated\gt\sample_000154.krn, generated\xml_trimmed\sample_000154.xml, 0, 0., 219, 58.09018567639257, 0, 0., 4, 1.0610079575596818, 0, 0., 0, 0., 0, 0., 0, 0., 0, 0., 0, 0., 3, 0.7957559681697612, 0, 0., 0, 0., 0, 0., 4, 1.0610079575596818, 0, 0., 0, 0., 0, 0., 0, 0., 3, 0.7957559681697612, 0, 0., 0, 0., 1, 0.26525198938992045, 0, 0., 0, 0., 0, 0., 0, 0., 0, 0., 0, 0., 0, 0., 0, 0., 0, 0., 138, 36.60477453580902, 0, 0., 0, 0., 0, 0., 5, 1.3262599469496021, 0, 0., 0, 0., 237, 229, 466, 377, 0.8090128755364807
, generated\gt\sample_000182.krn, generated\xml_trimmed\sample_000182.xml, 0, 0., 192, 89.30232558139535, 0, 0., 5, 2.3255813953488373, 0, 0., 0, 0., 0, 0., 0, 0., 0, 0., 0, 0., 0, 0., 0, 0., 0, 0., 2, 0.9302325581395349, 2, 0.9302325581395349, 0, 0., 0, 0., 0, 0., 0, 0., 2, 0.9302325581395349, 0, 0., 0, 0., 3, 1.3953488372093024, 0, 0., 0, 0., 0, 0., 0, 0., 0, 0., 0, 0., 0, 0., 0, 0., 0, 0., 4, 1.8604651162790697, 0, 0., 0, 0., 0, 0., 5, 2.3255813953488373, 0, 0., 0, 0., 136, 129, 265, 215, 0.8113207547169812
, generated\gt\sample_000247.krn, generated\xml_trimmed\sample_000247.xml, 0, 0., 258, 71.07438016528926, 0, 0., 1, 0.27548209366391185, 1, 0.27548209366391185, 0, 0., 0, 0., 0, 0., 0, 0., 0, 0., 1, 0.27548209366391185, 1, 0.27548209366391185, 0, 0., 0, 0., 0, 0., 0, 0., 0, 0., 0, 0., 0, 0., 0, 0., 0, 0., 0, 0., 22, 6.0606060606060606, 0, 0., 0, 0., 0, 0., 0, 0., 0, 0., 0, 0., 0, 0., 0, 0., 0, 0., 79, 21.763085399449036, 0, 0., 0, 0., 0, 0., 0, 0., 0, 0., 0, 0., 220, 227, 447, 363, 0.8120805369127517
, generated\gt\sample_000212.krn, generated\xml_trimmed\sample_000212.xml, 0, 0., 19, 14.615384615384615, 0, 0., 0, 0., 2, 1.5384615384615385, 0, 0., 0, 0., 0, 0., 0, 0., 0, 0., 0, 0., 0, 0., 0, 0., 2, 1.5384615384615385, 0, 0., 0, 0., 0, 0., 0, 0., 0, 0., 0, 0., 0, 0., 0, 0., 2, 1.5384615384615385, 0, 0., 0, 0., 0, 0., 0, 0., 0, 0., 0, 0., 0, 0., 0, 0., 0, 0., 105, 80.76923076923077, 0, 0., 0, 0., 0, 0., 0, 0., 0, 0., 0, 0., 79, 81, 160, 130, 0.8125
, generated\gt\sample_000301.krn, generated\xml_trimmed\sample_000301.xml, 0, 0., 51, 18.27956989247312, 0, 0., 0, 0., 0, 0., 0, 0., 0, 0., 0, 0., 0, 0., 0, 0., 0, 0., 0, 0., 0, 0., 1, 0.35842293906810035, 0, 0., 0, 0., 0, 0., 0, 0., 0, 0., 3, 1.075268817204301, 0, 0., 0, 0., 7, 2.5089605734767026, 0, 0., 0, 0., 0, 0., 0, 0., 0, 0., 0, 0., 0, 0., 0, 0., 0, 0., 212, 75.98566308243727, 0, 0., 0, 0., 0, 0., 5, 1.7921146953405018, 0, 0., 0, 0., 256, 87, 343, 279, 0.8134110787172012
, generated\gt\sample_000094.krn, generated\xml_trimmed\sample_000094.xml, 0, 0., 267, 73.55371900826447, 0, 0., 9, 2.479338842975207, 1, 0.27548209366391185, 0, 0., 3, 0.8264462809917356, 0, 0., 0, 0., 0, 0., 0, 0., 1, 0.27548209366391185, 0, 0., 0, 0., 2, 0.5509641873278237, 0, 0., 0, 0., 0, 0., 0, 0., 2, 0.5509641873278237, 0, 0., 0, 0., 13, 3.581267217630854, 0, 0., 0, 0., 0, 0., 0, 0., 0, 0., 0, 0., 0, 0., 0, 0., 0, 0., 60, 16.52892561983471, 0, 0., 0, 0., 0, 0., 5, 1.3774104683195592, 0, 0., 0, 0., 250, 195, 445, 363, 0.8157303370786517
, generated\gt\sample_000526.krn, generated\xml_trimmed\sample_000526.xml, 0, 0., 418, 76.41681901279708, 2, 0.3656307129798903, 16, 2.9250457038391224, 2, 0.3656307129798903, 10, 1.8281535648994516, 0, 0., 0, 0., 0, 0., 0, 0., 0, 0., 0, 0., 0, 0., 0, 0., 4, 0.7312614259597806, 0, 0., 0, 0., 0, 0., 0, 0., 3, 0.5484460694698354, 0, 0., 0, 0., 6, 1.0968921389396709, 0, 0., 0, 0., 0, 0., 0, 0., 0, 0., 0, 0., 0, 0., 0, 0., 0, 0., 81, 14.808043875685557, 0, 0., 0, 0., 0, 0., 5, 0.9140767824497258, 0, 0., 0, 0., 427, 242, 669, 547, 0.8176382660687593
, generated\gt\sample_000592.krn, generated\xml_trimmed\sample_000592.xml, 0, 0., 496, 72.09302325581395, 8, 1.1627906976744187, 35, 5.087209302325581, 0, 0., 0, 0., 3, 0.436046511627907, 0, 0., 0, 0., 0, 0., 0, 0., 0, 0., 0, 0., 2, 0.29069767441860467, 4, 0.5813953488372093, 3, 0.436046511627907, 0, 0., 0, 0., 0, 0., 2, 0.29069767441860467, 0, 0., 0, 0., 2, 0.29069767441860467, 0, 0., 0, 0., 0, 0., 0, 0., 0, 0., 0, 0., 0, 0., 0, 0., 0, 0., 128, 18.6046511627907, 0, 0., 0, 0., 0, 0., 5, 0.7267441860465116, 0, 0., 0, 0., 450, 391, 841, 688, 0.8180737217598097
, generated\gt\sample_000670.krn, generated\xml_trimmed\sample_000670.xml, 0, 0., 241, 71.09144542772862, 4, 1.1799410029498525, 7, 2.0648967551622417, 0, 0., 0, 0., 0, 0., 0, 0., 0, 0., 0, 0., 0, 0., 2, 0.5899705014749262, 0, 0., 0, 0., 4, 1.1799410029498525, 2, 0.5899705014749262, 0, 0., 0, 0., 0, 0., 1, 0.2949852507374631, 1, 0.2949852507374631, 0, 0., 7, 2.0648967551622417, 0, 0., 0, 0., 0, 0., 0, 0., 0, 0., 0, 0., 0, 0., 0, 0., 0, 0., 65, 19.174041297935105, 0, 0., 0, 0., 0, 0., 5, 1.4749262536873156, 0, 0., 0, 0., 225, 189, 414, 339, 0.8188405797101449
, generated\gt\sample_000273.krn, generated\xml_trimmed\sample_000273.xml, 0, 0., 368, 89.1041162227603, 0, 0., 9, 2.179176755447942, 2, 0.48426150121065376, 0, 0., 0, 0., 0, 0., 0, 0., 1, 0.24213075060532688, 0, 0., 0, 0., 0, 0., 1, 0.24213075060532688, 0, 0., 0, 0., 0, 0., 0, 0., 0, 0., 4, 0.9685230024213075, 0, 0., 0, 0., 23, 5.5690072639225185, 0, 0., 0, 0., 0, 0., 0, 0., 0, 0., 0, 0., 0, 0., 0, 0., 0, 0., 0, 0., 0, 0., 0, 0., 0, 0., 5, 1.2106537530266344, 0, 0., 0, 0., 356, 148, 504, 413, 0.8194444444444444
, generated\gt\sample_000532.krn, generated\xml_trimmed\sample_000532.xml, 0, 0., 214, 52.19512195121951, 0, 0., 12, 2.926829268292683, 2, 0.4878048780487805, 4, 0.975609756097561, 2, 0.4878048780487805, 0, 0., 0, 0., 1, 0.24390243902439024, 0, 0., 0, 0., 0, 0., 3, 0.7317073170731707, 6, 1.4634146341463414, 3, 0.7317073170731707, 0, 0., 0, 0., 0, 0., 0, 0., 0, 0., 0, 0., 11, 2.682926829268293, 0, 0., 0, 0., 0, 0., 0, 0., 0, 0., 0, 0., 0, 0., 0, 0., 0, 0., 148, 36.09756097560975, 0, 0., 0, 0., 4, 0.975609756097561, 0, 0., 0, 0., 0, 0., 253, 247, 500, 410, 0.82
, generated\gt\sample_000209.krn, generated\xml_trimmed\sample_000209.xml, 0, 0., 122, 53.275109170305676, 0, 0., 2, 0.8733624454148472, 0, 0., 2, 0.8733624454148472, 0, 0., 0, 0., 0, 0., 0, 0., 2, 0.8733624454148472, 0, 0., 0, 0., 0, 0., 4, 1.7467248908296944, 4, 1.7467248908296944, 0, 0., 0, 0., 0, 0., 1, 0.4366812227074236, 0, 0., 0, 0., 4, 1.7467248908296944, 0, 0., 0, 0., 0, 0., 0, 0., 0, 0., 0, 0., 0, 0., 0, 0., 0, 0., 83, 36.24454148471616, 0, 0., 0, 0., 0, 0., 5, 2.183406113537118, 0, 0., 0, 0., 156, 123, 279, 229, 0.8207885304659498
, generated\gt\sample_000093.krn, generated\xml_trimmed\sample_000093.xml, 0, 0., 253, 91.33574007220217, 0, 0., 6, 2.1660649819494586, 0, 0., 0, 0., 0, 0., 0, 0., 0, 0., 0, 0., 2, 0.7220216606498195, 0, 0., 0, 0., 0, 0., 2, 0.7220216606498195, 0, 0., 0, 0., 0, 0., 0, 0., 1, 0.36101083032490977, 0, 0., 0, 0., 8, 2.888086642599278, 0, 0., 0, 0., 0, 0., 0, 0., 0, 0., 0, 0., 0, 0., 0, 0., 0, 0., 0, 0., 0, 0., 0, 0., 0, 0., 5, 1.8050541516245486, 0, 0., 0, 0., 196, 141, 337, 277, 0.8219584569732937
, generated\gt\sample_000456.krn, generated\xml_trimmed\sample_000456.xml, 0, 0., 233, 73.50157728706624, 0, 0., 10, 3.1545741324921135, 0, 0., 0, 0., 0, 0., 0, 0., 0, 0., 0, 0., 0, 0., 0, 0., 0, 0., 0, 0., 0, 0., 0, 0., 0, 0., 0, 0., 24, 7.570977917981073, 1, 0.31545741324921134, 0, 0., 0, 0., 7, 2.2082018927444795, 0, 0., 0, 0., 0, 0., 0, 0., 0, 0., 0, 0., 0, 0., 0, 0., 0, 0., 37, 11.67192429022082, 0, 0., 0, 0., 0, 0., 5, 1.5772870662460567, 0, 0., 0, 0., 314, 71, 385, 317, 0.8233766233766234
, generated\gt\sample_000667.krn, generated\xml_trimmed\sample_000667.xml, 0, 0., 326, 85.78947368421052, 0, 0., 19, 5.0, 0, 0., 4, 1.0526315789473684, 0, 0., 0, 0., 0, 0., 0, 0., 2, 0.5263157894736842, 0, 0., 0, 0., 2, 0.5263157894736842, 4, 1.0526315789473684, 0, 0., 0, 0., 0, 0., 12, 3.1578947368421053, 1, 0.2631578947368421, 0, 0., 0, 0., 5, 1.3157894736842106, 0, 0., 0, 0., 0, 0., 0, 0., 0, 0., 0, 0., 0, 0., 0, 0., 0, 0., 0, 0., 0, 0., 0, 0., 0, 0., 5, 1.3157894736842106, 0, 0., 0, 0., 221, 239, 460, 380, 0.8260869565217391
, generated\gt\sample_000487.krn, generated\xml_trimmed\sample_000487.xml, 0, 0., 39, 29.104477611940297, 0, 0., 0, 0., 0, 0., 0, 0., 0, 0., 0, 0., 0, 0., 0, 0., 0, 0., 0, 0., 0, 0., 0, 0., 4, 2.985074626865672, 0, 0., 0, 0., 0, 0., 0, 0., 1, 0.746268656716418, 0, 0., 0, 0., 2, 1.492537313432836, 0, 0., 0, 0., 0, 0., 0, 0., 0, 0., 0, 0., 0, 0., 0, 0., 0, 0., 83, 61.940298507462686, 0, 0., 0, 0., 0, 0., 5, 3.7313432835820897, 0, 0., 0, 0., 128, 34, 162, 134, 0.8271604938271605
, generated\gt\sample_000669.krn, generated\xml_trimmed\sample_000669.xml, 0, 0., 396, 90.20501138952164, 0, 0., 13, 2.9612756264236904, 0, 0., 2, 0.45558086560364464, 1, 0.22779043280182232, 0, 0., 0, 0., 0, 0., 2, 0.45558086560364464, 1, 0.22779043280182232, 0, 0., 0, 0., 4, 0.9111617312072893, 2, 0.45558086560364464, 0, 0., 0, 0., 0, 0., 3, 0.683371298405467, 0, 0., 0, 0., 10, 2.277904328018223, 0, 0., 0, 0., 0, 0., 0, 0., 0, 0., 0, 0., 0, 0., 0, 0., 0, 0., 0, 0., 0, 0., 0, 0., 0, 0., 5, 1.1389521640091116, 0, 0., 0, 0., 283, 247, 530, 439, 0.8283018867924529
, generated\gt\sample_000616.krn, generated\xml_trimmed\sample_000616.xml, 0, 0., 336, 77.95823665893272, 0, 0., 2, 0.46403712296983757, 0, 0., 10, 2.320185614849188, 0, 0., 0, 0., 0, 0., 0, 0., 0, 0., 0, 0., 0, 0., 1, 0.23201856148491878, 4, 0.9280742459396751, 0, 0., 0, 0., 0, 0., 0, 0., 1, 0.23201856148491878, 0, 0., 0, 0., 13, 3.0162412993039442, 0, 0., 0, 0., 0, 0., 0, 0., 0, 0., 0, 0., 0, 0., 0, 0., 0, 0., 59, 13.689095127610209, 0, 0., 0, 0., 0, 0., 5, 1.160092807424594, 0, 0., 0, 0., 309, 211, 520, 431, 0.8288461538461539
, generated\gt\sample_000450.krn, generated\xml_trimmed\sample_000450.xml, 0, 0., 297, 78.57142857142857, 0, 0., 3, 0.7936507936507936, 0, 0., 8, 2.1164021164021163, 1, 0.26455026455026454, 0, 0., 0, 0., 0, 0., 2, 0.5291005291005291, 0, 0., 0, 0., 0, 0., 0, 0., 0, 0., 0, 0., 0, 0., 0, 0., 2, 0.5291005291005291, 0, 0., 0, 0., 24, 6.349206349206349, 0, 0., 0, 0., 0, 0., 0, 0., 0, 0., 0, 0., 0, 0., 0, 0., 0, 0., 41, 10.846560846560847, 0, 0., 0, 0., 0, 0., 0, 0., 0, 0., 0, 0., 277, 179, 456, 378, 0.8289473684210527
, generated\gt\sample_000484.krn, generated\xml_trimmed\sample_000484.xml, 0, 0., 279, 92.69102990033223, 0, 0., 10, 3.3222591362126246, 0, 0., 0, 0., 1, 0.33222591362126247, 0, 0., 0, 0., 0, 0., 0, 0., 0, 0., 0, 0., 2, 0.6644518272425249, 4, 1.3289036544850499, 0, 0., 0, 0., 0, 0., 0, 0., 0, 0., 0, 0., 0, 0., 0, 0., 0, 0., 0, 0., 0, 0., 0, 0., 0, 0., 0, 0., 0, 0., 0, 0., 0, 0., 0, 0., 0, 0., 0, 0., 0, 0., 5, 1.6611295681063123, 0, 0., 0, 0., 202, 161, 363, 301, 0.8292011019283747
, generated\gt\sample_000489.krn, generated\xml_trimmed\sample_000489.xml, 0, 0., 378, 83.6283185840708, 2, 0.4424778761061947, 11, 2.433628318584071, 0, 0., 10, 2.2123893805309733, 0, 0., 0, 0., 0, 0., 0, 0., 1, 0.22123893805309736, 0, 0., 0, 0., 0, 0., 0, 0., 0, 0., 0, 0., 0, 0., 0, 0., 2, 0.4424778761061947, 0, 0., 0, 0., 1, 0.22123893805309736, 0, 0., 0, 0., 0, 0., 0, 0., 0, 0., 0, 0., 0, 0., 0, 0., 0, 0., 42, 9.29203539823009, 0, 0., 0, 0., 0, 0., 5, 1.1061946902654867, 0, 0., 0, 0., 447, 97, 544, 452, 0.8308823529411765
, generated\gt\sample_000245.krn, generated\xml_trimmed\sample_000245.xml, 0, 0., 384, 92.97820823244552, 0, 0., 5, 1.2106537530266344, 0, 0., 10, 2.4213075060532687, 1, 0.24213075060532688, 0, 0., 0, 0., 0, 0., 1, 0.24213075060532688, 0, 0., 0, 0., 0, 0., 4, 0.9685230024213075, 0, 0., 0, 0., 0, 0., 0, 0., 2, 0.48426150121065376, 0, 0., 0, 0., 1, 0.24213075060532688, 0, 0., 0, 0., 0, 0., 0, 0., 0, 0., 0, 0., 0, 0., 0, 0., 0, 0., 0, 0., 0, 0., 0, 0., 0, 0., 5, 1.2106537530266344, 0, 0., 0, 0., 304, 193, 497, 413, 0.8309859154929577
, generated\gt\sample_000157.krn, generated\xml_trimmed\sample_000157.xml, 0, 0., 407, 68.06020066889631, 2, 0.33444816053511706, 30, 5.016722408026756, 0, 0., 0, 0., 0, 0., 0, 0., 0, 0., 3, 0.5016722408026756, 2, 0.33444816053511706, 0, 0., 0, 0., 0, 0., 4, 0.6688963210702341, 0, 0., 0, 0., 0, 0., 0, 0., 8, 1.3377926421404682, 0, 0., 0, 0., 12, 2.0066889632107023, 0, 0., 0, 0., 0, 0., 0, 0., 0, 0., 0, 0., 0, 0., 0, 0., 0, 0., 125, 20.903010033444815, 0, 0., 0, 0., 0, 0., 5, 0.8361204013377926, 0, 0., 0, 0., 329, 389, 718, 598, 0.8328690807799443
, generated\gt\sample_000496.krn, generated\xml_trimmed\sample_000496.xml, 0, 0., 473, 93.47826086956522, 0, 0., 10, 1.976284584980237, 2, 0.3952569169960474, 2, 0.3952569169960474, 0, 0., 0, 0., 0, 0., 0, 0., 0, 0., 0, 0., 0, 0., 0, 0., 4, 0.7905138339920948, 0, 0., 0, 0., 0, 0., 0, 0., 1, 0.1976284584980237, 0, 0., 0, 0., 9, 1.7786561264822134, 0, 0., 0, 0., 0, 0., 0, 0., 0, 0., 0, 0., 0, 0., 0, 0., 0, 0., 0, 0., 0, 0., 0, 0., 0, 0., 5, 0.9881422924901185, 0, 0., 0, 0., 318, 289, 607, 506, 0.8336079077429983
, generated\gt\sample_000070.krn, generated\xml_trimmed\sample_000070.xml, 0, 0., 182, 57.59493670886076, 0, 0., 4, 1.2658227848101267, 1, 0.31645569620253167, 0, 0., 0, 0., 0, 0., 0, 0., 0, 0., 0, 0., 0, 0., 0, 0., 1, 0.31645569620253167, 4, 1.2658227848101267, 2, 0.6329113924050633, 0, 0., 0, 0., 0, 0., 4, 1.2658227848101267, 0, 0., 0, 0., 7, 2.2151898734177213, 0, 0., 0, 0., 0, 0., 0, 0., 0, 0., 0, 0., 0, 0., 0, 0., 0, 0., 106, 33.54430379746835, 0, 0., 0, 0., 0, 0., 5, 1.5822784810126582, 0, 0., 0, 0., 239, 140, 379, 316, 0.8337730870712401
, generated\gt\sample_000156.krn, generated\xml_trimmed\sample_000156.xml, 0, 0., 195, 34.69750889679715, 4, 0.7117437722419929, 7, 1.2455516014234875, 0, 0., 0, 0., 1, 0.17793594306049823, 0, 0., 0, 0., 0, 0., 0, 0., 0, 0., 0, 0., 1, 0.17793594306049823, 4, 0.7117437722419929, 0, 0., 0, 0., 4, 0.7117437722419929, 0, 0., 0, 0., 0, 0., 0, 0., 0, 0., 0, 0., 0, 0., 0, 0., 0, 0., 9, 1.601423487544484, 0, 0., 0, 0., 0, 0., 0, 0., 332, 59.07473309608541, 0, 0., 0, 0., 0, 0., 5, 0.8896797153024911, 0, 0., 0, 0., 359, 315, 674, 562, 0.8338278931750742
, generated\gt\sample_000343.krn, generated\xml_trimmed\sample_000343.xml, 0, 0., 420, 93.75, 0, 0., 8, 1.7857142857142858, 0, 0., 0, 0., 0, 0., 0, 0., 0, 0., 0, 0., 0, 0., 0, 0., 0, 0., 3, 0.6696428571428571, 4, 0.8928571428571429, 0, 0., 0, 0., 0, 0., 0, 0., 2, 0.44642857142857145, 0, 0., 0, 0., 6, 1.3392857142857142, 0, 0., 0, 0., 0, 0., 0, 0., 0, 0., 0, 0., 0, 0., 0, 0., 0, 0., 0, 0., 0, 0., 0, 0., 0, 0., 5, 1.1160714285714286, 0, 0., 0, 0., 241, 296, 537, 448, 0.8342644320297952
, generated\gt\sample_000468.krn, generated\xml_trimmed\sample_000468.xml, 0, 0., 265, 60.36446469248292, 4, 0.9111617312072893, 4, 0.9111617312072893, 5, 1.1389521640091116, 0, 0., 3, 0.683371298405467, 0, 0., 0, 0., 3, 0.683371298405467, 1, 0.22779043280182232, 0, 0., 0, 0., 0, 0., 8, 1.8223234624145785, 1, 0.22779043280182232, 0, 0., 0, 0., 0, 0., 0, 0., 0, 0., 0, 0., 14, 3.1890660592255125, 0, 0., 0, 0., 0, 0., 0, 0., 0, 0., 0, 0., 0, 0., 0, 0., 0, 0., 127, 28.929384965831435, 0, 0., 0, 0., 4, 0.9111617312072893, 0, 0., 0, 0., 0, 0., 337, 189, 526, 439, 0.8346007604562737
, generated\gt\sample_000654.krn, generated\xml_trimmed\sample_000654.xml, 0, 0., 359, 94.47368421052632, 0, 0., 9, 2.3684210526315788, 0, 0., 0, 0., 1, 0.2631578947368421, 0, 0., 0, 0., 0, 0., 0, 0., 0, 0., 0, 0., 0, 0., 2, 0.5263157894736842, 2, 0.5263157894736842, 0, 0., 0, 0., 0, 0., 0, 0., 0, 0., 0, 0., 2, 0.5263157894736842, 0, 0., 0, 0., 0, 0., 0, 0., 0, 0., 0, 0., 0, 0., 0, 0., 0, 0., 0, 0., 0, 0., 0, 0., 0, 0., 5, 1.3157894736842106, 0, 0., 0, 0., 225, 229, 454, 380, 0.8370044052863436
, generated\gt\sample_000104.krn, generated\xml_trimmed\sample_000104.xml, 0, 0., 153, 67.40088105726872, 0, 0., 3, 1.3215859030837005, 0, 0., 0, 0., 0, 0., 0, 0., 0, 0., 0, 0., 1, 0.44052863436123346, 0, 0., 0, 0., 1, 0.44052863436123346, 4, 1.7621145374449338, 0, 0., 0, 0., 0, 0., 3, 1.3215859030837005, 0, 0., 0, 0., 0, 0., 4, 1.7621145374449338, 0, 0., 0, 0., 0, 0., 0, 0., 0, 0., 0, 0., 0, 0., 0, 0., 0, 0., 53, 23.348017621145374, 0, 0., 0, 0., 0, 0., 5, 2.202643171806167, 0, 0., 0, 0., 127, 144, 271, 227, 0.8376383763837638
, generated\gt\sample_000625.krn, generated\xml_trimmed\sample_000625.xml, 0, 0., 431, 59.612724757952975, 2, 0.2766251728907331, 14, 1.9363762102351314, 2, 0.2766251728907331, 0, 0., 0, 0., 0, 0., 0, 0., 0, 0., 2, 0.2766251728907331, 0, 0., 0, 0., 0, 0., 6, 0.8298755186721992, 0, 0., 0, 0., 6, 0.8298755186721992, 0, 0., 0, 0., 0, 0., 0, 0., 1, 0.13831258644536654, 0, 0., 0, 0., 0, 0., 0, 0., 0, 0., 0, 0., 0, 0., 0, 0., 0, 0., 255, 35.26970954356847, 0, 0., 0, 0., 4, 0.5532503457814661, 0, 0., 0, 0., 0, 0., 448, 415, 863, 723, 0.8377752027809965
, generated\gt\sample_000069.krn, generated\xml_trimmed\sample_000069.xml, 0, 0., 403, 91.5909090909091, 0, 0., 4, 0.9090909090909091, 0, 0., 8, 1.8181818181818181, 0, 0., 0, 0., 0, 0., 2, 0.45454545454545453, 0, 0., 0, 0., 0, 0., 0, 0., 4, 0.9090909090909091, 0, 0., 0, 0., 0, 0., 0, 0., 1, 0.22727272727272727, 0, 0., 0, 0., 4, 0.9090909090909091, 0, 0., 0, 0., 0, 0., 0, 0., 0, 0., 0, 0., 0, 0., 0, 0., 0, 0., 9, 2.0454545454545454, 0, 0., 0, 0., 0, 0., 5, 1.1363636363636365, 0, 0., 0, 0., 291, 234, 525, 440, 0.8380952380952381
, generated\gt\sample_000432.krn, generated\xml_trimmed\sample_000432.xml, 0, 0., 194, 71.32352941176471, 0, 0., 3, 1.1029411764705883, 0, 0., 0, 0., 0, 0., 0, 0., 0, 0., 0, 0., 0, 0., 0, 0., 0, 0., 1, 0.36764705882352944, 2, 0.7352941176470589, 3, 1.1029411764705883, 0, 0., 0, 0., 0, 0., 1, 0.36764705882352944, 0, 0., 0, 0., 11, 4.044117647058823, 0, 0., 0, 0., 0, 0., 0, 0., 0, 0., 0, 0., 0, 0., 0, 0., 0, 0., 52, 19.11764705882353, 0, 0., 0, 0., 0, 0., 5, 1.838235294117647, 0, 0., 0, 0., 191, 133, 324, 272, 0.8395061728395061
, generated\gt\sample_000431.krn, generated\xml_trimmed\sample_000431.xml, 0, 0., 526, 92.44288224956064, 0, 0., 10, 1.757469244288225, 0, 0., 19, 3.3391915641476273, 2, 0.351493848857645, 0, 0., 0, 0., 2, 0.351493848857645, 0, 0., 0, 0., 0, 0., 0, 0., 2, 0.351493848857645, 0, 0., 0, 0., 0, 0., 0, 0., 0, 0., 0, 0., 0, 0., 3, 0.5272407732864675, 0, 0., 0, 0., 0, 0., 0, 0., 0, 0., 0, 0., 0, 0., 0, 0., 0, 0., 0, 0., 0, 0., 0, 0., 0, 0., 5, 0.8787346221441125, 0, 0., 0, 0., 429, 248, 677, 569, 0.8404726735598228
, generated\gt\sample_000128.krn, generated\xml_trimmed\sample_000128.xml, 0, 0., 332, 64.84375, 0, 0., 18, 3.515625, 0, 0., 0, 0., 0, 0., 0, 0., 0, 0., 0, 0., 0, 0., 0, 0., 0, 0., 0, 0., 0, 0., 3, 0.5859375, 0, 0., 4, 0.78125, 0, 0., 0, 0., 0, 0., 0, 0., 0, 0., 0, 0., 0, 0., 0, 0., 0, 0., 0, 0., 0, 0., 0, 0., 0, 0., 0, 0., 142, 27.734375, 0, 0., 0, 0., 13, 2.5390625, 0, 0., 0, 0., 0, 0., 464, 144, 608, 512, 0.8421052631578947
, generated\gt\sample_000246.krn, generated\xml_trimmed\sample_000246.xml, 0, 0., 418, 92.0704845814978, 0, 0., 12, 2.643171806167401, 0, 0., 2, 0.44052863436123346, 2, 0.44052863436123346, 0, 0., 0, 0., 0, 0., 2, 0.44052863436123346, 0, 0., 0, 0., 0, 0., 4, 0.8810572687224669, 0, 0., 0, 0., 0, 0., 0, 0., 3, 0.6607929515418502, 0, 0., 0, 0., 6, 1.3215859030837005, 0, 0., 0, 0., 0, 0., 0, 0., 0, 0., 0, 0., 0, 0., 0, 0., 0, 0., 0, 0., 0, 0., 0, 0., 0, 0., 5, 1.1013215859030836, 0, 0., 0, 0., 293, 245, 538, 454, 0.8438661710037175
, generated\gt\sample_000315.krn, generated\xml_trimmed\sample_000315.xml, 0, 0., 169, 48.98550724637681, 6, 1.7391304347826086, 4, 1.1594202898550725, 4, 1.1594202898550725, 0, 0., 3, 0.8695652173913043, 0, 0., 0, 0., 0, 0., 0, 0., 0, 0., 0, 0., 0, 0., 4, 1.1594202898550725, 2, 0.5797101449275363, 0, 0., 0, 0., 9, 2.608695652173913, 2, 0.5797101449275363, 0, 0., 0, 0., 7, 2.028985507246377, 0, 0., 0, 0., 0, 0., 0, 0., 0, 0., 0, 0., 0, 0., 0, 0., 0, 0., 130, 37.68115942028985, 0, 0., 0, 0., 0, 0., 5, 1.4492753623188406, 0, 0., 0, 0., 230, 178, 408, 345, 0.8455882352941176
, generated\gt\sample_000324.krn, generated\xml_trimmed\sample_000324.xml, 0, 0., 308, 67.54385964912281, 0, 0., 7, 1.5350877192982457, 1, 0.21929824561403508, 0, 0., 0, 0., 0, 0., 0, 0., 0, 0., 0, 0., 0, 0., 0, 0., 1, 0.21929824561403508, 4, 0.8771929824561403, 0, 0., 0, 0., 0, 0., 0, 0., 2, 0.43859649122807015, 0, 0., 0, 0., 8, 1.7543859649122806, 0, 0., 0, 0., 0, 0., 0, 0., 0, 0., 0, 0., 0, 0., 0, 0., 0, 0., 120, 26.31578947368421, 0, 0., 0, 0., 0, 0., 5, 1.0964912280701755, 0, 0., 0, 0., 308, 231, 539, 456, 0.8460111317254174
, generated\gt\sample_000348.krn, generated\xml_trimmed\sample_000348.xml, 0, 0., 502, 76.06060606060606, 0, 0., 22, 3.3333333333333335, 1, 0.15151515151515152, 2, 0.30303030303030304, 2, 0.30303030303030304, 0, 0., 0, 0., 0, 0., 2, 0.30303030303030304, 0, 0., 0, 0., 0, 0., 4, 0.6060606060606061, 0, 0., 0, 0., 0, 0., 0, 0., 4, 0.6060606060606061, 0, 0., 0, 0., 16, 2.4242424242424243, 0, 0., 0, 0., 0, 0., 0, 0., 0, 0., 0, 0., 0, 0., 0, 0., 0, 0., 100, 15.151515151515152, 0, 0., 0, 0., 0, 0., 5, 0.7575757575757576, 0, 0., 0, 0., 434, 346, 780, 660, 0.8461538461538461
, generated\gt\sample_000490.krn, generated\xml_trimmed\sample_000490.xml, 0, 0., 519, 89.63730569948187, 2, 0.3454231433506045, 11, 1.8998272884283247, 0, 0., 8, 1.381692573402418, 2, 0.3454231433506045, 0, 0., 0, 0., 0, 0., 5, 0.8635578583765112, 0, 0., 0, 0., 0, 0., 4, 0.690846286701209, 0, 0., 0, 0., 0, 0., 8, 1.381692573402418, 0, 0., 0, 0., 0, 0., 15, 2.5906735751295336, 0, 0., 0, 0., 0, 0., 0, 0., 0, 0., 0, 0., 0, 0., 0, 0., 0, 0., 0, 0., 0, 0., 0, 0., 0, 0., 5, 0.8635578583765112, 0, 0., 0, 0., 428, 255, 683, 579, 0.8477306002928258
, generated\gt\sample_000225.krn, generated\xml_trimmed\sample_000225.xml, 0, 0., 86, 41.74757281553398, 0, 0., 1, 0.4854368932038835, 0, 0., 0, 0., 0, 0., 0, 0., 0, 0., 0, 0., 1, 0.4854368932038835, 1, 0.4854368932038835, 0, 0., 2, 0.970873786407767, 0, 0., 2, 0.970873786407767, 0, 0., 0, 0., 0, 0., 0, 0., 0, 0., 0, 0., 2, 0.970873786407767, 0, 0., 0, 0., 0, 0., 0, 0., 0, 0., 0, 0., 0, 0., 0, 0., 0, 0., 106, 51.45631067961165, 0, 0., 0, 0., 0, 0., 5, 2.4271844660194173, 0, 0., 0, 0., 153, 90, 243, 206, 0.8477366255144033
, generated\gt\sample_000392.krn, generated\xml_trimmed\sample_000392.xml, 0, 0., 392, 84.48275862068965, 2, 0.43103448275862066, 9, 1.9396551724137931, 0, 0., 16, 3.4482758620689653, 0, 0., 0, 0., 0, 0., 0, 0., 2, 0.43103448275862066, 0, 0., 0, 0., 0, 0., 4, 0.8620689655172413, 0, 0., 0, 0., 0, 0., 0, 0., 0, 0., 0, 0., 0, 0., 2, 0.43103448275862066, 0, 0., 0, 0., 0, 0., 0, 0., 0, 0., 0, 0., 0, 0., 0, 0., 0, 0., 32, 6.896551724137931, 0, 0., 0, 0., 0, 0., 5, 1.0775862068965518, 0, 0., 0, 0., 326, 221, 547, 464, 0.8482632541133455
, generated\gt\sample_000628.krn, generated\xml_trimmed\sample_000628.xml, 0, 0., 742, 86.48018648018648, 2, 0.2331002331002331, 27, 3.1468531468531467, 0, 0., 0, 0., 0, 0., 0, 0., 0, 0., 0, 0., 7, 0.8158508158508159, 0, 0., 0, 0., 0, 0., 8, 0.9324009324009324, 1, 0.11655011655011654, 0, 0., 0, 0., 0, 0., 0, 0., 0, 0., 0, 0., 19, 2.2144522144522143, 0, 0., 0, 0., 0, 0., 0, 0., 0, 0., 0, 0., 0, 0., 0, 0., 0, 0., 48, 5.594405594405594, 0, 0., 0, 0., 4, 0.4662004662004662, 0, 0., 0, 0., 0, 0., 590, 419, 1009, 858, 0.8503468780971258
, generated\gt\sample_000349.krn, generated\xml_trimmed\sample_000349.xml, 0, 0., 539, 85.55555555555556, 0, 0., 22, 3.492063492063492, 0, 0., 2, 0.31746031746031744, 0, 0., 0, 0., 0, 0., 0, 0., 0, 0., 0, 0., 0, 0., 0, 0., 4, 0.6349206349206349, 0, 0., 0, 0., 0, 0., 0, 0., 3, 0.47619047619047616, 0, 0., 0, 0., 24, 3.8095238095238093, 0, 0., 0, 0., 0, 0., 0, 0., 0, 0., 0, 0., 0, 0., 0, 0., 0, 0., 31, 4.920634920634921, 0, 0., 0, 0., 0, 0., 5, 0.7936507936507936, 0, 0., 0, 0., 402, 338, 740, 630, 0.8513513513513513
, generated\gt\sample_000391.krn, generated\xml_trimmed\sample_000391.xml, 0, 0., 485, 93.62934362934362, 0, 0., 8, 1.5444015444015444, 0, 0., 14, 2.7027027027027026, 0, 0., 0, 0., 0, 0., 0, 0., 0, 0., 0, 0., 0, 0., 0, 0., 4, 0.7722007722007722, 0, 0., 0, 0., 0, 0., 0, 0., 0, 0., 0, 0., 0, 0., 2, 0.3861003861003861, 0, 0., 0, 0., 0, 0., 0, 0., 0, 0., 0, 0., 0, 0., 0, 0., 0, 0., 0, 0., 0, 0., 0, 0., 0, 0., 5, 0.9652509652509652, 0, 0., 0, 0., 390, 218, 608, 518, 0.8519736842105263
, generated\gt\sample_000149.krn, generated\xml_trimmed\sample_000149.xml, 0, 0., 360, 80.17817371937639, 2, 0.44543429844098, 6, 1.3363028953229399, 2, 0.44543429844098, 0, 0., 0, 0., 0, 0., 0, 0., 0, 0., 1, 0.22271714922049, 0, 0., 0, 0., 2, 0.44543429844098, 4, 0.89086859688196, 0, 0., 0, 0., 0, 0., 0, 0., 2, 0.44543429844098, 0, 0., 0, 0., 8, 1.78173719376392, 0, 0., 0, 0., 0, 0., 0, 0., 0, 0., 0, 0., 0, 0., 0, 0., 0, 0., 57, 12.694877505567929, 0, 0., 0, 0., 0, 0., 5, 1.1135857461024499, 0, 0., 0, 0., 278, 249, 527, 449, 0.8519924098671727
, generated\gt\sample_000119.krn, generated\xml_trimmed\sample_000119.xml, 0, 0., 235, 69.94047619047619, 0, 0., 0, 0., 0, 0., 8, 2.380952380952381, 0, 0., 0, 0., 0, 0., 0, 0., 0, 0., 0, 0., 0, 0., 1, 0.2976190476190476, 0, 0., 1, 0.2976190476190476, 0, 0., 0, 0., 0, 0., 0, 0., 0, 0., 0, 0., 4, 1.1904761904761905, 0, 0., 0, 0., 0, 0., 0, 0., 0, 0., 0, 0., 0, 0., 0, 0., 0, 0., 87, 25.892857142857142, 0, 0., 0, 0., 0, 0., 0, 0., 0, 0., 0, 0., 263, 131, 394, 336, 0.8527918781725888
, generated\gt\sample_000627.krn, generated\xml_trimmed\sample_000627.xml, 0, 0., 913, 91.57472417251755, 0, 0., 46, 4.613841524573721, 2, 0.20060180541624875, 2, 0.20060180541624875, 0, 0., 0, 0., 0, 0., 0, 0., 2, 0.20060180541624875, 0, 0., 0, 0., 0, 0., 8, 0.802407221664995, 1, 0.10030090270812438, 0, 0., 0, 0., 0, 0., 0, 0., 0, 0., 0, 0., 7, 0.7021063189568706, 0, 0., 0, 0., 0, 0., 0, 0., 0, 0., 0, 0., 0, 0., 0, 0., 0, 0., 12, 1.2036108324974926, 0, 0., 0, 0., 4, 0.4012036108324975, 0, 0., 0, 0., 0, 0., 663, 506, 1169, 997, 0.8528656971770744
, generated\gt\sample_000193.krn, generated\xml_trimmed\sample_000193.xml, 0, 0., 166, 46.76056338028169, 0, 0., 1, 0.28169014084507044, 0, 0., 0, 0., 2, 0.5633802816901409, 0, 0., 0, 0., 0, 0., 0, 0., 0, 0., 0, 0., 5, 1.408450704225352, 4, 1.1267605633802817, 1, 0.28169014084507044, 0, 0., 0, 0., 10, 2.816901408450704, 3, 0.8450704225352113, 0, 0., 0, 0., 5, 1.408450704225352, 0, 0., 0, 0., 0, 0., 0, 0., 0, 0., 0, 0., 0, 0., 0, 0., 0, 0., 153, 43.098591549295776, 0, 0., 0, 0., 0, 0., 5, 1.408450704225352, 0, 0., 0, 0., 220, 196, 416, 355, 0.8533653846153846
, generated\gt\sample_000396.krn, generated\xml_trimmed\sample_000396.xml, 0, 0., 463, 93.158953722334, 0, 0., 7, 1.408450704225352, 0, 0., 11, 2.2132796780684103, 0, 0., 0, 0., 0, 0., 0, 0., 1, 0.2012072434607646, 0, 0., 0, 0., 0, 0., 4, 0.8048289738430584, 0, 0., 0, 0., 0, 0., 0, 0., 1, 0.2012072434607646, 0, 0., 0, 0., 5, 1.0060362173038229, 0, 0., 0, 0., 0, 0., 0, 0., 0, 0., 0, 0., 0, 0., 0, 0., 0, 0., 0, 0., 0, 0., 0, 0., 0, 0., 5, 1.0060362173038229, 0, 0., 0, 0., 332, 249, 581, 497, 0.8554216867469879
, generated\gt\sample_000491.krn, generated\xml_trimmed\sample_000491.xml, 0, 0., 599, 91.45038167938931, 0, 0., 12, 1.83206106870229, 1, 0.15267175572519084, 8, 1.2213740458015268, 0, 0., 0, 0., 0, 0., 0, 0., 0, 0., 0, 0., 0, 0., 2, 0.3053435114503817, 4, 0.6106870229007634, 0, 0., 0, 0., 0, 0., 20, 3.053435114503817, 3, 0.4580152671755725, 0, 0., 0, 0., 1, 0.15267175572519084, 0, 0., 0, 0., 0, 0., 0, 0., 0, 0., 0, 0., 0, 0., 0, 0., 0, 0., 0, 0., 0, 0., 0, 0., 0, 0., 5, 0.7633587786259542, 0, 0., 0, 0., 446, 319, 765, 655, 0.8562091503267973
, generated\gt\sample_000118.krn, generated\xml_trimmed\sample_000118.xml, 0, 0., 622, 94.52887537993921, 0, 0., 19, 2.8875379939209727, 1, 0.1519756838905775, 0, 0., 0, 0., 0, 0., 0, 0., 0, 0., 4, 0.60790273556231, 0, 0., 0, 0., 0, 0., 4, 0.60790273556231, 2, 0.303951367781155, 0, 0., 0, 0., 0, 0., 1, 0.1519756838905775, 0, 0., 0, 0., 0, 0., 0, 0., 0, 0., 0, 0., 0, 0., 0, 0., 0, 0., 0, 0., 0, 0., 0, 0., 0, 0., 0, 0., 0, 0., 0, 0., 5, 0.7598784194528876, 0, 0., 0, 0., 430, 338, 768, 658, 0.8567708333333334
, generated\gt\sample_000458.krn, generated\xml_trimmed\sample_000458.xml, 0, 0., 399, 89.86486486486487, 0, 0., 6, 1.3513513513513513, 0, 0., 0, 0., 0, 0., 0, 0., 0, 0., 0, 0., 0, 0., 0, 0., 0, 0., 0, 0., 4, 0.9009009009009009, 0, 0., 0, 0., 0, 0., 23, 5.18018018018018, 1, 0.22522522522522523, 0, 0., 0, 0., 6, 1.3513513513513513, 0, 0., 0, 0., 0, 0., 0, 0., 0, 0., 0, 0., 0, 0., 0, 0., 0, 0., 0, 0., 0, 0., 0, 0., 0, 0., 5, 1.1261261261261262, 0, 0., 0, 0., 290, 228, 518, 444, 0.8571428571428571
, generated\gt\sample_000260.krn, generated\xml_trimmed\sample_000260.xml, 0, 0., 300, 95.23809523809524, 0, 0., 0, 0., 0, 0., 12, 3.8095238095238093, 1, 0.31746031746031744, 0, 0., 0, 0., 0, 0., 0, 0., 0, 0., 0, 0., 0, 0., 0, 0., 0, 0., 0, 0., 0, 0., 0, 0., 0, 0., 0, 0., 0, 0., 2, 0.6349206349206349, 0, 0., 0, 0., 0, 0., 0, 0., 0, 0., 0, 0., 0, 0., 0, 0., 0, 0., 0, 0., 0, 0., 0, 0., 0, 0., 0, 0., 0, 0., 0, 0., 252, 115, 367, 315, 0.8583106267029973
, generated\gt\sample_000554.krn, generated\xml_trimmed\sample_000554.xml, 0, 0., 116, 55.50239234449761, 0, 0., 4, 1.9138755980861244, 0, 0., 0, 0., 0, 0., 0, 0., 0, 0., 0, 0., 1, 0.4784688995215311, 0, 0., 0, 0., 3, 1.4354066985645932, 4, 1.9138755980861244, 2, 0.9569377990430622, 0, 0., 5, 2.3923444976076556, 0, 0., 0, 0., 0, 0., 0, 0., 1, 0.4784688995215311, 0, 0., 0, 0., 0, 0., 0, 0., 0, 0., 0, 0., 0, 0., 0, 0., 0, 0., 68, 32.535885167464116, 0, 0., 0, 0., 0, 0., 5, 2.3923444976076556, 0, 0., 0, 0., 150, 93, 243, 209, 0.8600823045267489
, generated\gt\sample_000272.krn, generated\xml_trimmed\sample_000272.xml, 0, 0., 559, 78.40112201963534, 0, 0., 18, 2.524544179523142, 0, 0., 0, 0., 0, 0., 0, 0., 0, 0., 0, 0., 1, 0.1402524544179523, 0, 0., 0, 0., 0, 0., 4, 0.5610098176718092, 0, 0., 0, 0., 0, 0., 0, 0., 3, 0.42075736325385693, 0, 0., 0, 0., 23, 3.225806451612903, 0, 0., 0, 0., 0, 0., 0, 0., 0, 0., 0, 0., 0, 0., 0, 0., 0, 0., 100, 14.025245441795231, 0, 0., 0, 0., 0, 0., 5, 0.7012622720897616, 0, 0., 0, 0., 439, 389, 828, 713, 0.8611111111111112
, generated\gt\sample_000591.krn, generated\xml_trimmed\sample_000591.xml, 0, 0., 561, 93.5, 0, 0., 24, 4.0, 0, 0., 0, 0., 1, 0.16666666666666666, 0, 0., 0, 0., 0, 0., 1, 0.16666666666666666, 0, 0., 0, 0., 0, 0., 4, 0.6666666666666666, 2, 0.3333333333333333, 0, 0., 0, 0., 0, 0., 2, 0.3333333333333333, 0, 0., 0, 0., 0, 0., 0, 0., 0, 0., 0, 0., 0, 0., 0, 0., 0, 0., 0, 0., 0, 0., 0, 0., 0, 0., 0, 0., 0, 0., 0, 0., 5, 0.8333333333333334, 0, 0., 0, 0., 422, 274, 696, 600, 0.8620689655172413
, generated\gt\sample_000254.krn, generated\xml_trimmed\sample_000254.xml, 0, 0., 117, 46.42857142857143, 0, 0., 4, 1.5873015873015872, 0, 0., 0, 0., 0, 0., 0, 0., 0, 0., 0, 0., 0, 0., 0, 0., 0, 0., 2, 0.7936507936507936, 4, 1.5873015873015872, 6, 2.380952380952381, 0, 0., 3, 1.1904761904761905, 0, 0., 0, 0., 0, 0., 0, 0., 2, 0.7936507936507936, 0, 0., 0, 0., 0, 0., 0, 0., 0, 0., 0, 0., 0, 0., 0, 0., 0, 0., 109, 43.25396825396825, 0, 0., 0, 0., 0, 0., 5, 1.9841269841269842, 0, 0., 0, 0., 191, 101, 292, 252, 0.863013698630137
, generated\gt\sample_000153.krn, generated\xml_trimmed\sample_000153.xml, 0, 0., 235, 55.95238095238095, 0, 0., 10, 2.380952380952381, 0, 0., 0, 0., 0, 0., 0, 0., 0, 0., 0, 0., 0, 0., 0, 0., 0, 0., 1, 0.23809523809523808, 4, 0.9523809523809523, 0, 0., 0, 0., 0, 0., 0, 0., 1, 0.23809523809523808, 0, 0., 0, 0., 0, 0., 0, 0., 0, 0., 0, 0., 0, 0., 0, 0., 0, 0., 0, 0., 0, 0., 0, 0., 164, 39.04761904761905, 0, 0., 0, 0., 0, 0., 5, 1.1904761904761905, 0, 0., 0, 0., 254, 232, 486, 420, 0.8641975308641975
, generated\gt\sample_000513.krn, generated\xml_trimmed\sample_000513.xml, 0, 0., 449, 75.71669477234401, 2, 0.3372681281618887, 15, 2.5295109612141653, 2, 0.3372681281618887, 0, 0., 1, 0.16863406408094436, 0, 0., 0, 0., 1, 0.16863406408094436, 0, 0., 0, 0., 0, 0., 1, 0.16863406408094436, 8, 1.349072512647555, 3, 0.5059021922428331, 0, 0., 0, 0., 0, 0., 0, 0., 0, 0., 0, 0., 17, 2.866779089376054, 0, 0., 0, 0., 0, 0., 0, 0., 0, 0., 0, 0., 0, 0., 0, 0., 0, 0., 90, 15.177065767284992, 0, 0., 0, 0., 4, 0.6745362563237775, 0, 0., 0, 0., 0, 0., 401, 284, 685, 593, 0.8656934306569343
, generated\gt\sample_000361.krn, generated\xml_trimmed\sample_000361.xml, 0, 0., 473, 71.23493975903614, 0, 0., 15, 2.2590361445783134, 0, 0., 0, 0., 0, 0., 0, 0., 0, 0., 0, 0., 2, 0.30120481927710846, 0, 0., 0, 0., 2, 0.30120481927710846, 4, 0.6024096385542169, 0, 0., 0, 0., 0, 0., 0, 0., 2, 0.30120481927710846, 0, 0., 0, 0., 9, 1.355421686746988, 0, 0., 0, 0., 0, 0., 0, 0., 0, 0., 0, 0., 0, 0., 0, 0., 0, 0., 152, 22.89156626506024, 0, 0., 0, 0., 0, 0., 5, 0.7530120481927711, 0, 0., 0, 0., 398, 369, 767, 664, 0.8657105606258149
, generated\gt\sample_000421.krn, generated\xml_trimmed\sample_000421.xml, 0, 0., 162, 35.294117647058826, 0, 0., 10, 2.178649237472767, 0, 0., 0, 0., 0, 0., 0, 0., 0, 0., 0, 0., 0, 0., 0, 0., 0, 0., 1, 0.2178649237472767, 0, 0., 2, 0.4357298474945534, 0, 0., 0, 0., 0, 0., 1, 0.2178649237472767, 0, 0., 0, 0., 5, 1.0893246187363834, 0, 0., 0, 0., 0, 0., 0, 0., 0, 0., 0, 0., 0, 0., 0, 0., 0, 0., 273, 59.47712418300654, 0, 0., 0, 0., 0, 0., 5, 1.0893246187363834, 0, 0., 0, 0., 364, 165, 529, 459, 0.8676748582230623
, generated\gt\sample_000100.krn, generated\xml_trimmed\sample_000100.xml, 0, 0., 104, 29.714285714285715, 0, 0., 0, 0., 1, 0.2857142857142857, 0, 0., 1, 0.2857142857142857, 0, 0., 0, 0., 0, 0., 0, 0., 1, 0.2857142857142857, 0, 0., 0, 0., 4, 1.1428571428571428, 0, 0., 0, 0., 0, 0., 5, 1.4285714285714286, 2, 0.5714285714285714, 0, 0., 0, 0., 4, 1.1428571428571428, 0, 0., 0, 0., 0, 0., 0, 0., 0, 0., 0, 0., 0, 0., 0, 0., 0, 0., 223, 63.714285714285715, 0, 0., 0, 0., 0, 0., 5, 1.4285714285714286, 0, 0., 0, 0., 263, 140, 403, 350, 0.8684863523573201
, generated\gt\sample_000063.krn, generated\xml_trimmed\sample_000063.xml, 0, 0., 261, 67.09511568123393, 0, 0., 7, 1.7994858611825193, 0, 0., 0, 0., 0, 0., 0, 0., 0, 0., 0, 0., 1, 0.2570694087403599, 0, 0., 0, 0., 0, 0., 0, 0., 0, 0., 0, 0., 0, 0., 0, 0., 2, 0.5141388174807198, 0, 0., 0, 0., 9, 2.3136246786632393, 0, 0., 0, 0., 0, 0., 0, 0., 0, 0., 0, 0., 0, 0., 0, 0., 0, 0., 104, 26.73521850899743, 0, 0., 0, 0., 0, 0., 5, 1.2853470437017995, 0, 0., 0, 0., 375, 72, 447, 389, 0.8702460850111857
, generated\gt\sample_000328.krn, generated\xml_trimmed\sample_000328.xml, 0, 0., 349, 85.96059113300493, 0, 0., 8, 1.9704433497536946, 0, 0., 0, 0., 0, 0., 0, 0., 0, 0., 0, 0., 1, 0.24630541871921183, 0, 0., 0, 0., 0, 0., 4, 0.9852216748768473, 2, 0.49261083743842365, 0, 0., 0, 0., 0, 0., 1, 0.24630541871921183, 0, 0., 0, 0., 19, 4.679802955665025, 0, 0., 0, 0., 0, 0., 0, 0., 0, 0., 0, 0., 0, 0., 0, 0., 0, 0., 17, 4.187192118226601, 0, 0., 0, 0., 0, 0., 5, 1.2315270935960592, 0, 0., 0, 0., 243, 219, 462, 406, 0.8787878787878788
, generated\gt\sample_000387.krn, generated\xml_trimmed\sample_000387.xml, 0, 0., 523, 93.06049822064057, 0, 0., 12, 2.1352313167259784, 2, 0.35587188612099646, 0, 0., 0, 0., 0, 0., 0, 0., 0, 0., 0, 0., 0, 0., 0, 0., 0, 0., 6, 1.0676156583629892, 0, 0., 0, 0., 0, 0., 0, 0., 0, 0., 0, 0., 0, 0., 15, 2.6690391459074734, 0, 0., 0, 0., 0, 0., 0, 0., 0, 0., 0, 0., 0, 0., 0, 0., 0, 0., 0, 0., 0, 0., 0, 0., 4, 0.7117437722419929, 0, 0., 0, 0., 0, 0., 324, 315, 639, 562, 0.8794992175273866
, generated\gt\sample_000381.krn, generated\xml_trimmed\sample_000381.xml, 0, 0., 254, 53.24947589098532, 2, 0.4192872117400419, 5, 1.0482180293501049, 0, 0., 2, 0.4192872117400419, 0, 0., 0, 0., 0, 0., 0, 0., 1, 0.20964360587002095, 1, 0.20964360587002095, 0, 0., 1, 0.20964360587002095, 2, 0.4192872117400419, 0, 0., 0, 0., 0, 0., 0, 0., 1, 0.20964360587002095, 0, 0., 0, 0., 8, 1.6771488469601676, 0, 0., 0, 0., 0, 0., 0, 0., 0, 0., 0, 0., 0, 0., 0, 0., 0, 0., 195, 40.880503144654085, 0, 0., 0, 0., 0, 0., 5, 1.0482180293501049, 0, 0., 0, 0., 314, 228, 542, 477, 0.8800738007380073
, generated\gt\sample_000152.krn, generated\xml_trimmed\sample_000152.xml, 0, 0., 403, 77.05544933078394, 0, 0., 16, 3.0592734225621414, 0, 0., 0, 0., 0, 0., 0, 0., 0, 0., 0, 0., 0, 0., 0, 0., 0, 0., 3, 0.5736137667304015, 4, 0.7648183556405354, 0, 0., 0, 0., 0, 0., 0, 0., 0, 0., 0, 0., 0, 0., 0, 0., 0, 0., 0, 0., 0, 0., 0, 0., 0, 0., 0, 0., 0, 0., 0, 0., 0, 0., 92, 17.590822179732314, 0, 0., 0, 0., 0, 0., 5, 0.9560229445506692, 0, 0., 0, 0., 348, 245, 593, 523, 0.8819561551433389
, generated\gt\sample_000015.krn, generated\xml_trimmed\sample_000015.xml, 0, 0., 481, 64.3048128342246, 18, 2.406417112299465, 17, 2.272727272727273, 4, 0.5347593582887701, 0, 0., 0, 0., 0, 0., 0, 0., 0, 0., 6, 0.8021390374331551, 0, 0., 0, 0., 1, 0.13368983957219252, 8, 1.0695187165775402, 10, 1.3368983957219251, 0, 0., 0, 0., 0, 0., 1, 0.13368983957219252, 0, 0., 0, 0., 3, 0.40106951871657753, 0, 0., 0, 0., 0, 0., 0, 0., 0, 0., 0, 0., 0, 0., 0, 0., 0, 0., 195, 26.06951871657754, 0, 0., 0, 0., 4, 0.5347593582887701, 0, 0., 0, 0., 0, 0., 397, 451, 848, 748, 0.8820754716981132
, generated\gt\sample_000244.krn, generated\xml_trimmed\sample_000244.xml, 0, 0., 400, 86.02150537634408, 0, 0., 1, 0.21505376344086022, 0, 0., 6, 1.2903225806451613, 0, 0., 0, 0., 0, 0., 0, 0., 3, 0.6451612903225806, 0, 0., 0, 0., 0, 0., 4, 0.8602150537634409, 0, 0., 0, 0., 0, 0., 0, 0., 2, 0.43010752688172044, 0, 0., 0, 0., 10, 2.150537634408602, 0, 0., 0, 0., 0, 0., 0, 0., 0, 0., 0, 0., 0, 0., 0, 0., 0, 0., 34, 7.311827956989247, 0, 0., 0, 0., 0, 0., 5, 1.075268817204301, 0, 0., 0, 0., 344, 183, 527, 465, 0.8823529411764706
, generated\gt\sample_000604.krn, generated\xml_trimmed\sample_000604.xml, 0, 0., 283, 66.903073286052, 0, 0., 4, 0.9456264775413712, 0, 0., 0, 0., 1, 0.2364066193853428, 0, 0., 0, 0., 0, 0., 1, 0.2364066193853428, 1, 0.2364066193853428, 0, 0., 1, 0.2364066193853428, 4, 0.9456264775413712, 0, 0., 0, 0., 2, 0.4728132387706856, 0, 0., 2, 0.4728132387706856, 0, 0., 0, 0., 2, 0.4728132387706856, 0, 0., 0, 0., 0, 0., 0, 0., 0, 0., 0, 0., 0, 0., 0, 0., 0, 0., 117, 27.659574468085108, 0, 0., 0, 0., 0, 0., 5, 1.1820330969267139, 0, 0., 0, 0., 233, 246, 479, 423, 0.8830897703549061
, generated\gt\sample_000684.krn, generated\xml_trimmed\sample_000684.xml, 0, 0., 445, 90.26369168356997, 0, 0., 14, 2.839756592292089, 0, 0., 12, 2.4340770791075053, 0, 0., 0, 0., 0, 0., 0, 0., 0, 0., 0, 0., 0, 0., 3, 0.6085192697768763, 4, 0.8113590263691683, 0, 0., 0, 0., 0, 0., 0, 0., 1, 0.2028397565922921, 0, 0., 0, 0., 3, 0.6085192697768763, 0, 0., 0, 0., 0, 0., 0, 0., 0, 0., 0, 0., 0, 0., 0, 0., 0, 0., 6, 1.2170385395537526, 0, 0., 0, 0., 0, 0., 5, 1.0141987829614605, 0, 0., 0, 0., 315, 242, 557, 493, 0.8850987432675045
, generated\gt\sample_000597.krn, generated\xml_trimmed\sample_000597.xml, 0, 0., 324, 60.111317254174395, 0, 0., 6, 1.1131725417439704, 0, 0., 0, 0., 0, 0., 0, 0., 0, 0., 0, 0., 0, 0., 0, 0., 0, 0., 2, 0.37105751391465674, 4, 0.7421150278293135, 0, 0., 0, 0., 0, 0., 0, 0., 0, 0., 0, 0., 0, 0., 19, 3.5250463821892395, 0, 0., 0, 0., 0, 0., 0, 0., 0, 0., 0, 0., 0, 0., 0, 0., 0, 0., 179, 33.20964749536178, 0, 0., 0, 0., 0, 0., 5, 0.9276437847866419, 0, 0., 0, 0., 366, 241, 607, 539, 0.8879736408566722
, generated\gt\sample_000544.krn, generated\xml_trimmed\sample_000544.xml, 0, 0., 378, 94.9748743718593, 0, 0., 5, 1.256281407035176, 0, 0., 0, 0., 0, 0., 0, 0., 0, 0., 0, 0., 0, 0., 0, 0., 0, 0., 0, 0., 2, 0.5025125628140703, 0, 0., 0, 0., 0, 0., 0, 0., 2, 0.5025125628140703, 0, 0., 0, 0., 6, 1.5075376884422111, 0, 0., 0, 0., 0, 0., 0, 0., 0, 0., 0, 0., 0, 0., 0, 0., 0, 0., 0, 0., 0, 0., 0, 0., 0, 0., 5, 1.256281407035176, 0, 0., 0, 0., 245, 203, 448, 398, 0.8883928571428571
, generated\gt\sample_000541.krn, generated\xml_trimmed\sample_000541.xml, 0, 0., 311, 62.955465587044536, 0, 0., 10, 2.0242914979757085, 0, 0., 0, 0., 0, 0., 0, 0., 0, 0., 0, 0., 0, 0., 0, 0., 0, 0., 1, 0.20242914979757085, 4, 0.8097165991902834, 2, 0.4048582995951417, 0, 0., 0, 0., 0, 0., 3, 0.6072874493927125, 0, 0., 0, 0., 1, 0.20242914979757085, 0, 0., 0, 0., 0, 0., 0, 0., 0, 0., 0, 0., 0, 0., 0, 0., 0, 0., 157, 31.781376518218625, 0, 0., 0, 0., 0, 0., 5, 1.0121457489878543, 0, 0., 0, 0., 281, 275, 556, 494, 0.8884892086330936
, generated\gt\sample_000232.krn, generated\xml_trimmed\sample_000232.xml, 0, 0., 731, 95.05851755526658, 0, 0., 23, 2.990897269180754, 0, 0., 0, 0., 0, 0., 0, 0., 0, 0., 0, 0., 0, 0., 0, 0., 0, 0., 0, 0., 4, 0.5201560468140443, 0, 0., 0, 0., 0, 0., 0, 0., 0, 0., 0, 0., 0, 0., 6, 0.7802340702210663, 0, 0., 0, 0., 0, 0., 0, 0., 0, 0., 0, 0., 0, 0., 0, 0., 0, 0., 0, 0., 0, 0., 0, 0., 0, 0., 5, 0.6501950585175552, 0, 0., 0, 0., 463, 402, 865, 769, 0.8890173410404625
, generated\gt\sample_000019.krn, generated\xml_trimmed\sample_000019.xml, 0, 0., 253, 38.44984802431611, 6, 0.9118541033434651, 5, 0.7598784194528876, 3, 0.45592705167173253, 0, 0., 0, 0., 0, 0., 0, 0., 0, 0., 3, 0.45592705167173253, 0, 0., 0, 0., 1, 0.1519756838905775, 4, 0.60790273556231, 0, 0., 0, 0., 0, 0., 0, 0., 0, 0., 0, 0., 0, 0., 2, 0.303951367781155, 0, 0., 0, 0., 0, 0., 0, 0., 0, 0., 0, 0., 0, 0., 0, 0., 0, 0., 377, 57.29483282674772, 0, 0., 0, 0., 4, 0.60790273556231, 0, 0., 0, 0., 0, 0., 395, 345, 740, 658, 0.8891891891891892
, generated\gt\sample_000515.krn, generated\xml_trimmed\sample_000515.xml, 0, 0., 247, 46.34146341463415, 0, 0., 9, 1.6885553470919326, 3, 0.5628517823639775, 0, 0., 0, 0., 0, 0., 0, 0., 0, 0., 0, 0., 0, 0., 0, 0., 1, 0.18761726078799248, 6, 1.125703564727955, 3, 0.5628517823639775, 0, 0., 0, 0., 0, 0., 0, 0., 0, 0., 0, 0., 5, 0.9380863039399625, 0, 0., 0, 0., 0, 0., 0, 0., 0, 0., 0, 0., 0, 0., 0, 0., 0, 0., 255, 47.84240150093809, 0, 0., 0, 0., 4, 0.7504690431519699, 0, 0., 0, 0., 0, 0., 366, 233, 599, 533, 0.8898163606010017
, generated\gt\sample_000583.krn, generated\xml_trimmed\sample_000583.xml, 0, 0., 365, 71.85039370078741, 0, 0., 3, 0.5905511811023622, 0, 0., 6, 1.1811023622047243, 5, 0.984251968503937, 0, 0., 0, 0., 0, 0., 2, 0.3937007874015748, 0, 0., 0, 0., 3, 0.5905511811023622, 4, 0.7874015748031497, 2, 0.3937007874015748, 0, 0., 0, 0., 0, 0., 1, 0.1968503937007874, 0, 0., 0, 0., 4, 0.7874015748031497, 0, 0., 0, 0., 0, 0., 0, 0., 0, 0., 0, 0., 0, 0., 0, 0., 0, 0., 108, 21.25984251968504, 0, 0., 0, 0., 0, 0., 5, 0.984251968503937, 0, 0., 0, 0., 344, 226, 570, 508, 0.8912280701754386
, generated\gt\sample_000151.krn, generated\xml_trimmed\sample_000151.xml, 0, 0., 252, 38.948995363214834, 0, 0., 8, 1.2364760432766615, 1, 0.1545595054095827, 0, 0., 0, 0., 0, 0., 0, 0., 1, 0.1545595054095827, 2, 0.3091190108191654, 0, 0., 0, 0., 2, 0.3091190108191654, 4, 0.6182380216383307, 0, 0., 0, 0., 0, 0., 0, 0., 0, 0., 1, 0.1545595054095827, 0, 0., 4, 0.6182380216383307, 0, 0., 0, 0., 0, 0., 0, 0., 0, 0., 0, 0., 0, 0., 0, 0., 0, 0., 367, 56.723338485316845, 0, 0., 0, 0., 0, 0., 5, 0.7727975270479135, 0, 0., 0, 0., 410, 315, 725, 647, 0.8924137931034483
, generated\gt\sample_000297.krn, generated\xml_trimmed\sample_000297.xml, 0, 0., 109, 25.23148148148148, 10, 2.314814814814815, 1, 0.23148148148148148, 1, 0.23148148148148148, 0, 0., 1, 0.23148148148148148, 0, 0., 0, 0., 2, 0.46296296296296297, 5, 1.1574074074074074, 0, 0., 0, 0., 2, 0.46296296296296297, 8, 1.8518518518518519, 1, 0.23148148148148148, 0, 0., 0, 0., 0, 0., 1, 0.23148148148148148, 0, 0., 0, 0., 1, 0.23148148148148148, 0, 0., 0, 0., 0, 0., 0, 0., 0, 0., 0, 0., 0, 0., 0, 0., 0, 0., 286, 66.20370370370371, 0, 0., 0, 0., 4, 0.9259259259259259, 0, 0., 0, 0., 0, 0., 198, 286, 484, 432, 0.8925619834710744
, generated\gt\sample_000457.krn, generated\xml_trimmed\sample_000457.xml, 0, 0., 460, 76.66666666666667, 0, 0., 8, 1.3333333333333333, 0, 0., 0, 0., 2, 0.3333333333333333, 0, 0., 0, 0., 0, 0., 1, 0.16666666666666666, 1, 0.16666666666666666, 0, 0., 2, 0.3333333333333333, 4, 0.6666666666666666, 0, 0., 0, 0., 0, 0., 3, 0.5, 1, 0.16666666666666666, 0, 0., 0, 0., 20, 3.3333333333333335, 0, 0., 0, 0., 0, 0., 0, 0., 0, 0., 0, 0., 0, 0., 0, 0., 0, 0., 93, 15.5, 0, 0., 0, 0., 0, 0., 5, 0.8333333333333334, 0, 0., 0, 0., 393, 279, 672, 600, 0.8928571428571429
, generated\gt\sample_000598.krn, generated\xml_trimmed\sample_000598.xml, 0, 0., 416, 69.2179700499168, 2, 0.33277870216306155, 13, 2.1630615640599, 0, 0., 0, 0., 0, 0., 0, 0., 0, 0., 0, 0., 1, 0.16638935108153077, 0, 0., 0, 0., 0, 0., 4, 0.6655574043261231, 0, 0., 0, 0., 0, 0., 0, 0., 1, 0.16638935108153077, 0, 0., 0, 0., 2, 0.33277870216306155, 0, 0., 0, 0., 0, 0., 0, 0., 0, 0., 0, 0., 0, 0., 0, 0., 0, 0., 157, 26.123128119800334, 0, 0., 0, 0., 0, 0., 5, 0.831946755407654, 0, 0., 0, 0., 420, 253, 673, 601, 0.8930163447251115
, generated\gt\sample_000492.krn, generated\xml_trimmed\sample_000492.xml, 0, 0., 502, 82.5657894736842, 0, 0., 12, 1.9736842105263157, 0, 0., 8, 1.3157894736842106, 0, 0., 0, 0., 0, 0., 0, 0., 0, 0., 0, 0., 0, 0., 0, 0., 4, 0.6578947368421053, 0, 0., 0, 0., 0, 0., 0, 0., 1, 0.16447368421052633, 0, 0., 0, 0., 5, 0.8223684210526315, 0, 0., 0, 0., 0, 0., 0, 0., 0, 0., 0, 0., 0, 0., 0, 0., 0, 0., 71, 11.677631578947368, 0, 0., 0, 0., 0, 0., 5, 0.8223684210526315, 0, 0., 0, 0., 415, 265, 680, 608, 0.8941176470588236
, generated\gt\sample_000425.krn, generated\xml_trimmed\sample_000425.xml, 0, 0., 522, 93.88489208633094, 2, 0.3597122302158273, 15, 2.697841726618705, 0, 0., 0, 0., 0, 0., 0, 0., 0, 0., 0, 0., 0, 0., 0, 0., 0, 0., 0, 0., 4, 0.7194244604316546, 2, 0.3597122302158273, 0, 0., 0, 0., 0, 0., 3, 0.539568345323741, 0, 0., 0, 0., 3, 0.539568345323741, 0, 0., 0, 0., 0, 0., 0, 0., 0, 0., 0, 0., 0, 0., 0, 0., 0, 0., 0, 0., 0, 0., 0, 0., 0, 0., 5, 0.8992805755395683, 0, 0., 0, 0., 291, 330, 621, 556, 0.895330112721417
, generated\gt\sample_000589.krn, generated\xml_trimmed\sample_000589.xml, 0, 0., 508, 86.39455782312925, 0, 0., 24, 4.081632653061225, 0, 0., 0, 0., 0, 0., 0, 0., 0, 0., 0, 0., 1, 0.17006802721088435, 0, 0., 0, 0., 0, 0., 4, 0.6802721088435374, 2, 0.3401360544217687, 0, 0., 0, 0., 0, 0., 1, 0.17006802721088435, 0, 0., 0, 0., 1, 0.17006802721088435, 0, 0., 0, 0., 0, 0., 0, 0., 0, 0., 0, 0., 0, 0., 0, 0., 0, 0., 42, 7.142857142857143, 0, 0., 0, 0., 0, 0., 5, 0.8503401360544217, 0, 0., 0, 0., 387, 268, 655, 588, 0.8977099236641222
, generated\gt\sample_000338.krn, generated\xml_trimmed\sample_000338.xml, 0, 0., 192, 38.78787878787879, 0, 0., 3, 0.6060606060606061, 0, 0., 0, 0., 0, 0., 0, 0., 0, 0., 0, 0., 1, 0.20202020202020202, 1, 0.20202020202020202, 0, 0., 1, 0.20202020202020202, 4, 0.8080808080808081, 0, 0., 0, 0., 0, 0., 0, 0., 0, 0., 0, 0., 0, 0., 7, 1.4141414141414141, 0, 0., 0, 0., 0, 0., 0, 0., 0, 0., 0, 0., 0, 0., 0, 0., 0, 0., 281, 56.76767676767677, 0, 0., 0, 0., 0, 0., 5, 1.0101010101010102, 0, 0., 0, 0., 301, 250, 551, 495, 0.8983666061705989
, generated\gt\sample_000545.krn, generated\xml_trimmed\sample_000545.xml, 0, 0., 305, 65.87473002159827, 0, 0., 7, 1.511879049676026, 0, 0., 0, 0., 0, 0., 0, 0., 0, 0., 0, 0., 1, 0.2159827213822894, 0, 0., 0, 0., 0, 0., 2, 0.4319654427645788, 0, 0., 0, 0., 0, 0., 0, 0., 2, 0.4319654427645788, 0, 0., 0, 0., 5, 1.079913606911447, 0, 0., 0, 0., 0, 0., 0, 0., 0, 0., 0, 0., 0, 0., 0, 0., 0, 0., 136, 29.37365010799136, 0, 0., 0, 0., 0, 0., 5, 1.079913606911447, 0, 0., 0, 0., 264, 251, 515, 463, 0.8990291262135922
, generated\gt\sample_000304.krn, generated\xml_trimmed\sample_000304.xml, 0, 0., 415, 76.99443413729128, 0, 0., 14, 2.5974025974025974, 0, 0., 0, 0., 0, 0., 0, 0., 0, 0., 0, 0., 0, 0., 0, 0., 0, 0., 2, 0.37105751391465674, 4, 0.7421150278293135, 0, 0., 0, 0., 0, 0., 0, 0., 1, 0.18552875695732837, 0, 0., 0, 0., 4, 0.7421150278293135, 0, 0., 0, 0., 0, 0., 0, 0., 0, 0., 0, 0., 0, 0., 0, 0., 0, 0., 94, 17.43970315398887, 0, 0., 0, 0., 0, 0., 5, 0.9276437847866419, 0, 0., 0, 0., 297, 299, 596, 539, 0.9043624161073825
, generated\gt\sample_000623.krn, generated\xml_trimmed\sample_000623.xml, 0, 0., 657, 73.90326209223846, 2, 0.2249718785151856, 22, 2.4746906636670416, 0, 0., 2, 0.2249718785151856, 0, 0., 0, 0., 0, 0., 3, 0.3374578177727784, 3, 0.3374578177727784, 0, 0., 0, 0., 1, 0.1124859392575928, 8, 0.8998875140607424, 0, 0., 0, 0., 0, 0., 0, 0., 1, 0.1124859392575928, 0, 0., 0, 0., 4, 0.4499437570303712, 0, 0., 0, 0., 0, 0., 0, 0., 0, 0., 0, 0., 0, 0., 0, 0., 0, 0., 182, 20.47244094488189, 0, 0., 0, 0., 4, 0.4499437570303712, 0, 0., 0, 0., 0, 0., 583, 400, 983, 889, 0.9043743641912513
, generated\gt\sample_000147.krn, generated\xml_trimmed\sample_000147.xml, 0, 0., 307, 55.415162454873645, 0, 0., 12, 2.1660649819494586, 1, 0.18050541516245489, 0, 0., 0, 0., 0, 0., 0, 0., 0, 0., 1, 0.18050541516245489, 0, 0., 0, 0., 0, 0., 4, 0.7220216606498195, 0, 0., 0, 0., 0, 0., 0, 0., 1, 0.18050541516245489, 0, 0., 0, 0., 0, 0., 0, 0., 0, 0., 0, 0., 0, 0., 0, 0., 0, 0., 0, 0., 0, 0., 0, 0., 223, 40.25270758122743, 0, 0., 0, 0., 0, 0., 5, 0.9025270758122743, 0, 0., 0, 0., 335, 277, 612, 554, 0.9052287581699346
, generated\gt\sample_000300.krn, generated\xml_trimmed\sample_000300.xml, 0, 0., 289, 44.18960244648318, 6, 0.9174311926605505, 1, 0.1529051987767584, 0, 0., 0, 0., 2, 0.3058103975535168, 0, 0., 0, 0., 0, 0., 5, 0.764525993883792, 1, 0.1529051987767584, 0, 0., 5, 0.764525993883792, 6, 0.9174311926605505, 4, 0.6116207951070336, 0, 0., 1, 0.1529051987767584, 0, 0., 3, 0.45871559633027525, 0, 0., 0, 0., 2, 0.3058103975535168, 0, 0., 0, 0., 0, 0., 0, 0., 0, 0., 0, 0., 0, 0., 0, 0., 0, 0., 325, 49.694189602446485, 0, 0., 0, 0., 4, 0.6116207951070336, 0, 0., 0, 0., 0, 0., 330, 392, 722, 654, 0.9058171745152355
, generated\gt\sample_000463.krn, generated\xml_trimmed\sample_000463.xml, 0, 0., 346, 43.63177805800757, 0, 0., 8, 1.008827238335435, 3, 0.37831021437578816, 2, 0.25220680958385877, 0, 0., 0, 0., 0, 0., 2, 0.25220680958385877, 1, 0.12610340479192939, 0, 0., 0, 0., 3, 0.37831021437578816, 8, 1.008827238335435, 4, 0.5044136191677175, 0, 0., 0, 0., 0, 0., 1, 0.12610340479192939, 0, 0., 0, 0., 11, 1.3871374527112232, 0, 0., 0, 0., 0, 0., 0, 0., 0, 0., 0, 0., 0, 0., 0, 0., 0, 0., 400, 50.441361916771754, 0, 0., 0, 0., 4, 0.5044136191677175, 0, 0., 0, 0., 0, 0., 492, 383, 875, 793, 0.9062857142857143
, generated\gt\sample_000590.krn, generated\xml_trimmed\sample_000590.xml, 0, 0., 304, 62.68041237113402, 2, 0.41237113402061853, 6, 1.2371134020618557, 0, 0., 12, 2.4742268041237114, 1, 0.20618556701030927, 0, 0., 0, 0., 0, 0., 1, 0.20618556701030927, 0, 0., 0, 0., 1, 0.20618556701030927, 4, 0.8247422680412371, 2, 0.41237113402061853, 0, 0., 0, 0., 0, 0., 1, 0.20618556701030927, 0, 0., 0, 0., 0, 0., 0, 0., 0, 0., 0, 0., 0, 0., 0, 0., 0, 0., 0, 0., 0, 0., 0, 0., 146, 30.103092783505154, 0, 0., 0, 0., 0, 0., 5, 1.0309278350515463, 0, 0., 0, 0., 375, 160, 535, 485, 0.9065420560747663
, generated\gt\sample_000242.krn, generated\xml_trimmed\sample_000242.xml, 0, 0., 230, 53.613053613053616, 0, 0., 2, 0.4662004662004662, 0, 0., 6, 1.3986013986013985, 0, 0., 0, 0., 0, 0., 0, 0., 0, 0., 0, 0., 0, 0., 2, 0.4662004662004662, 4, 0.9324009324009324, 0, 0., 0, 0., 0, 0., 0, 0., 2, 0.4662004662004662, 0, 0., 0, 0., 3, 0.6993006993006993, 0, 0., 0, 0., 0, 0., 0, 0., 0, 0., 0, 0., 0, 0., 0, 0., 0, 0., 175, 40.79254079254079, 0, 0., 0, 0., 0, 0., 5, 1.1655011655011656, 0, 0., 0, 0., 302, 171, 473, 429, 0.9069767441860465
, generated\gt\sample_000469.krn, generated\xml_trimmed\sample_000469.xml, 0, 0., 374, 49.27536231884058, 6, 0.7905138339920948, 12, 1.5810276679841897, 0, 0., 2, 0.2635046113306983, 1, 0.13175230566534915, 0, 0., 0, 0., 0, 0., 2, 0.2635046113306983, 0, 0., 0, 0., 0, 0., 4, 0.5270092226613966, 2, 0.2635046113306983, 0, 0., 0, 0., 0, 0., 0, 0., 0, 0., 0, 0., 26, 3.4255599472990776, 0, 0., 0, 0., 0, 0., 0, 0., 0, 0., 0, 0., 0, 0., 0, 0., 0, 0., 326, 42.95125164690382, 0, 0., 0, 0., 4, 0.5270092226613966, 0, 0., 0, 0., 0, 0., 478, 357, 835, 759, 0.9089820359281438
, generated\gt\sample_000671.krn, generated\xml_trimmed\sample_000671.xml, 0, 0., 400, 58.651026392961874, 0, 0., 4, 0.5865102639296188, 0, 0., 0, 0., 1, 0.1466275659824047, 0, 0., 0, 0., 0, 0., 0, 0., 0, 0., 0, 0., 1, 0.1466275659824047, 4, 0.5865102639296188, 3, 0.4398826979472141, 0, 0., 0, 0., 0, 0., 0, 0., 0, 0., 0, 0., 12, 1.7595307917888563, 0, 0., 0, 0., 0, 0., 0, 0., 0, 0., 0, 0., 0, 0., 0, 0., 0, 0., 252, 36.950146627565985, 0, 0., 0, 0., 0, 0., 5, 0.7331378299120235, 0, 0., 0, 0., 404, 346, 750, 682, 0.9093333333333333
, generated\gt\sample_000064.krn, generated\xml_trimmed\sample_000064.xml, 0, 0., 765, 94.44444444444444, 0, 0., 9, 1.1111111111111112, 0, 0., 0, 0., 0, 0., 0, 0., 0, 0., 0, 0., 1, 0.12345679012345678, 0, 0., 0, 0., 0, 0., 2, 0.24691358024691357, 0, 0., 0, 0., 0, 0., 0, 0., 5, 0.6172839506172839, 0, 0., 0, 0., 23, 2.8395061728395063, 0, 0., 0, 0., 0, 0., 0, 0., 0, 0., 0, 0., 0, 0., 0, 0., 0, 0., 0, 0., 0, 0., 0, 0., 0, 0., 5, 0.6172839506172839, 0, 0., 0, 0., 472, 418, 890, 810, 0.9101123595505618
, generated\gt\sample_000336.krn, generated\xml_trimmed\sample_000336.xml, 0, 0., 241, 37.597503900156006, 0, 0., 3, 0.46801872074882994, 0, 0., 2, 0.31201248049922, 0, 0., 0, 0., 0, 0., 0, 0., 0, 0., 0, 0., 0, 0., 0, 0., 4, 0.62402496099844, 0, 0., 0, 0., 0, 0., 0, 0., 2, 0.31201248049922, 0, 0., 0, 0., 16, 2.49609984399376, 0, 0., 0, 0., 0, 0., 0, 0., 0, 0., 0, 0., 0, 0., 0, 0., 0, 0., 368, 57.41029641185647, 0, 0., 0, 0., 0, 0., 5, 0.7800312012480499, 0, 0., 0, 0., 393, 311, 704, 641, 0.9105113636363636
, generated\gt\sample_000335.krn, generated\xml_trimmed\sample_000335.xml, 0, 0., 460, 74.79674796747967, 0, 0., 12, 1.951219512195122, 0, 0., 0, 0., 0, 0., 0, 0., 0, 0., 0, 0., 2, 0.3252032520325203, 1, 0.16260162601626016, 0, 0., 1, 0.16260162601626016, 4, 0.6504065040650406, 0, 0., 0, 0., 0, 0., 0, 0., 1, 0.16260162601626016, 0, 0., 0, 0., 6, 0.975609756097561, 0, 0., 0, 0., 0, 0., 0, 0., 0, 0., 0, 0., 0, 0., 0, 0., 0, 0., 123, 20.0, 0, 0., 0, 0., 0, 0., 5, 0.8130081300813008, 0, 0., 0, 0., 330, 345, 675, 615, 0.9111111111111111
, generated\gt\sample_000424.krn, generated\xml_trimmed\sample_000424.xml, 0, 0., 526, 81.04776579352851, 0, 0., 16, 2.4653312788906008, 1, 0.15408320493066255, 0, 0., 0, 0., 0, 0., 0, 0., 1, 0.15408320493066255, 2, 0.3081664098613251, 0, 0., 0, 0., 0, 0., 4, 0.6163328197226502, 3, 0.4622496147919877, 0, 0., 0, 0., 0, 0., 1, 0.15408320493066255, 0, 0., 0, 0., 23, 3.5439137134052388, 0, 0., 0, 0., 0, 0., 0, 0., 0, 0., 0, 0., 0, 0., 0, 0., 0, 0., 67, 10.323574730354391, 0, 0., 0, 0., 0, 0., 5, 0.7704160246533128, 0, 0., 0, 0., 396, 315, 711, 649, 0.9127988748241913
, generated\gt\sample_000477.krn, generated\xml_trimmed\sample_000477.xml, 0, 0., 372, 71.95357833655706, 0, 0., 5, 0.9671179883945842, 1, 0.19342359767891681, 0, 0., 0, 0., 0, 0., 0, 0., 0, 0., 1, 0.19342359767891681, 1, 0.19342359767891681, 0, 0., 1, 0.19342359767891681, 2, 0.38684719535783363, 0, 0., 0, 0., 3, 0.5802707930367504, 0, 0., 2, 0.38684719535783363, 0, 0., 0, 0., 10, 1.9342359767891684, 0, 0., 0, 0., 0, 0., 0, 0., 0, 0., 0, 0., 0, 0., 0, 0., 0, 0., 114, 22.05029013539652, 0, 0., 0, 0., 0, 0., 5, 0.9671179883945842, 0, 0., 0, 0., 354, 211, 565, 517, 0.9150442477876106
, generated\gt\sample_000433.krn, generated\xml_trimmed\sample_000433.xml, 0, 0., 466, 93.3867735470942, 6, 1.2024048096192386, 4, 0.8016032064128257, 0, 0., 8, 1.6032064128256514, 6, 1.2024048096192386, 0, 0., 0, 0., 1, 0.20040080160320642, 0, 0., 0, 0., 0, 0., 0, 0., 2, 0.40080160320641284, 1, 0.20040080160320642, 0, 0., 0, 0., 0, 0., 0, 0., 0, 0., 0, 0., 0, 0., 0, 0., 0, 0., 0, 0., 0, 0., 0, 0., 0, 0., 0, 0., 0, 0., 0, 0., 0, 0., 0, 0., 0, 0., 0, 0., 5, 1.002004008016032, 0, 0., 0, 0., 301, 244, 545, 499, 0.9155963302752294
, generated\gt\sample_000298.krn, generated\xml_trimmed\sample_000298.xml, 0, 0., 147, 37.404580152671755, 10, 2.544529262086514, 5, 1.272264631043257, 0, 0., 0, 0., 0, 0., 0, 0., 0, 0., 1, 0.2544529262086514, 2, 0.5089058524173028, 0, 0., 0, 0., 2, 0.5089058524173028, 6, 1.5267175572519085, 1, 0.2544529262086514, 0, 0., 0, 0., 0, 0., 3, 0.7633587786259542, 0, 0., 0, 0., 3, 0.7633587786259542, 0, 0., 0, 0., 0, 0., 0, 0., 0, 0., 0, 0., 0, 0., 0, 0., 0, 0., 209, 53.18066157760814, 0, 0., 0, 0., 4, 1.0178117048346056, 0, 0., 0, 0., 0, 0., 245, 184, 429, 393, 0.916083916083916
, generated\gt\sample_000065.krn, generated\xml_trimmed\sample_000065.xml, 0, 0., 773, 94.26829268292683, 0, 0., 14, 1.7073170731707317, 1, 0.12195121951219512, 0, 0., 1, 0.12195121951219512, 0, 0., 0, 0., 1, 0.12195121951219512, 0, 0., 1, 0.12195121951219512, 0, 0., 0, 0., 2, 0.24390243902439024, 0, 0., 0, 0., 0, 0., 0, 0., 6, 0.7317073170731707, 0, 0., 0, 0., 16, 1.951219512195122, 0, 0., 0, 0., 0, 0., 0, 0., 0, 0., 0, 0., 0, 0., 0, 0., 0, 0., 0, 0., 0, 0., 0, 0., 0, 0., 5, 0.6097560975609756, 0, 0., 0, 0., 449, 446, 895, 820, 0.9162011173184358
, generated\gt\sample_000656.krn, generated\xml_trimmed\sample_000656.xml, 0, 0., 564, 94.94949494949495, 0, 0., 9, 1.5151515151515151, 0, 0., 0, 0., 2, 0.3367003367003367, 0, 0., 0, 0., 0, 0., 1, 0.16835016835016836, 0, 0., 0, 0., 1, 0.16835016835016836, 4, 0.6734006734006734, 8, 1.3468013468013469, 0, 0., 0, 0., 0, 0., 0, 0., 0, 0., 0, 0., 0, 0., 0, 0., 0, 0., 0, 0., 0, 0., 0, 0., 0, 0., 0, 0., 0, 0., 0, 0., 0, 0., 0, 0., 0, 0., 0, 0., 5, 0.8417508417508418, 0, 0., 0, 0., 374, 274, 648, 594, 0.9166666666666666
, generated\gt\sample_000586.krn, generated\xml_trimmed\sample_000586.xml, 0, 0., 505, 74.92581602373888, 4, 0.5934718100890207, 9, 1.3353115727002967, 0, 0., 18, 2.6706231454005933, 2, 0.29673590504451036, 0, 0., 0, 0., 3, 0.44510385756676557, 5, 0.7418397626112759, 0, 0., 0, 0., 0, 0., 4, 0.5934718100890207, 2, 0.29673590504451036, 0, 0., 0, 0., 0, 0., 2, 0.29673590504451036, 0, 0., 0, 0., 7, 1.0385756676557865, 0, 0., 0, 0., 0, 0., 0, 0., 0, 0., 0, 0., 0, 0., 0, 0., 0, 0., 108, 16.023738872403563, 0, 0., 0, 0., 0, 0., 5, 0.7418397626112759, 0, 0., 0, 0., 466, 269, 735, 674, 0.9170068027210885
, generated\gt\sample_000426.krn, generated\xml_trimmed\sample_000426.xml, 0, 0., 378, 64.72602739726027, 0, 0., 12, 2.0547945205479454, 0, 0., 2, 0.3424657534246575, 0, 0., 0, 0., 0, 0., 0, 0., 0, 0., 0, 0., 0, 0., 0, 0., 4, 0.684931506849315, 2, 0.3424657534246575, 0, 0., 0, 0., 0, 0., 0, 0., 0, 0., 0, 0., 7, 1.1986301369863013, 0, 0., 0, 0., 0, 0., 0, 0., 0, 0., 0, 0., 0, 0., 0, 0., 0, 0., 174, 29.794520547945204, 0, 0., 0, 0., 0, 0., 5, 0.8561643835616438, 0, 0., 0, 0., 302, 333, 635, 584, 0.9196850393700787
, generated\gt\sample_000427.krn, generated\xml_trimmed\sample_000427.xml, 0, 0., 663, 96.36627906976744, 0, 0., 11, 1.5988372093023255, 0, 0., 0, 0., 0, 0., 0, 0., 0, 0., 0, 0., 0, 0., 0, 0., 0, 0., 0, 0., 4, 0.5813953488372093, 2, 0.29069767441860467, 0, 0., 0, 0., 0, 0., 3, 0.436046511627907, 0, 0., 0, 0., 0, 0., 0, 0., 0, 0., 0, 0., 0, 0., 0, 0., 0, 0., 0, 0., 0, 0., 0, 0., 0, 0., 0, 0., 0, 0., 0, 0., 5, 0.7267441860465116, 0, 0., 0, 0., 360, 384, 744, 688, 0.9247311827956989
, generated\gt\sample_000306.krn, generated\xml_trimmed\sample_000306.xml, 0, 0., 460, 77.44107744107744, 0, 0., 9, 1.5151515151515151, 0, 0., 4, 0.6734006734006734, 0, 0., 0, 0., 0, 0., 0, 0., 0, 0., 0, 0., 0, 0., 0, 0., 4, 0.6734006734006734, 0, 0., 0, 0., 0, 0., 0, 0., 0, 0., 0, 0., 0, 0., 0, 0., 0, 0., 0, 0., 0, 0., 0, 0., 0, 0., 0, 0., 0, 0., 0, 0., 0, 0., 112, 18.855218855218855, 0, 0., 0, 0., 0, 0., 5, 0.8417508417508418, 0, 0., 0, 0., 284, 358, 642, 594, 0.9252336448598131
, generated\gt\sample_000658.krn, generated\xml_trimmed\sample_000658.xml, 0, 0., 443, 90.59304703476482, 2, 0.40899795501022496, 10, 2.044989775051125, 3, 0.6134969325153374, 0, 0., 6, 1.2269938650306749, 0, 0., 0, 0., 0, 0., 0, 0., 1, 0.20449897750511248, 0, 0., 0, 0., 4, 0.8179959100204499, 8, 1.6359918200408998, 0, 0., 0, 0., 0, 0., 2, 0.40899795501022496, 0, 0., 1, 0.20449897750511248, 4, 0.8179959100204499, 0, 0., 0, 0., 0, 0., 0, 0., 0, 0., 0, 0., 0, 0., 0, 0., 0, 0., 0, 0., 0, 0., 0, 0., 0, 0., 5, 1.0224948875255624, 0, 0., 0, 0., 314, 214, 528, 489, 0.9261363636363636
, generated\gt\sample_000538.krn, generated\xml_trimmed\sample_000538.xml, 0, 0., 64, 13.389121338912133, 0, 0., 1, 0.20920502092050208, 0, 0., 0, 0., 3, 0.6276150627615062, 0, 0., 0, 0., 0, 0., 2, 0.41841004184100417, 0, 0., 0, 0., 1, 0.20920502092050208, 6, 1.2552301255230125, 3, 0.6276150627615062, 0, 0., 1, 0.20920502092050208, 0, 0., 0, 0., 0, 0., 0, 0., 3, 0.6276150627615062, 0, 0., 0, 0., 0, 0., 0, 0., 0, 0., 0, 0., 0, 0., 0, 0., 0, 0., 390, 81.58995815899581, 0, 0., 0, 0., 4, 0.8368200836820083, 0, 0., 0, 0., 0, 0., 318, 198, 516, 478, 0.9263565891472868
, generated\gt\sample_000434.krn, generated\xml_trimmed\sample_000434.xml, 0, 0., 270, 64.90384615384616, 0, 0., 1, 0.2403846153846154, 0, 0., 2, 0.4807692307692308, 0, 0., 0, 0., 0, 0., 0, 0., 0, 0., 0, 0., 0, 0., 1, 0.2403846153846154, 2, 0.4807692307692308, 0, 0., 0, 0., 0, 0., 0, 0., 3, 0.7211538461538461, 1, 0.2403846153846154, 1, 0.2403846153846154, 7, 1.6826923076923077, 0, 0., 0, 0., 0, 0., 0, 0., 0, 0., 0, 0., 0, 0., 0, 0., 0, 0., 123, 29.567307692307693, 0, 0., 0, 0., 0, 0., 5, 1.2019230769230769, 0, 0., 0, 0., 243, 206, 449, 416, 0.9265033407572383
, generated\gt\sample_000111.krn, generated\xml_trimmed\sample_000111.xml, 0, 0., 461, 82.32142857142857, 0, 0., 10, 1.7857142857142858, 0, 0., 0, 0., 0, 0., 0, 0., 0, 0., 0, 0., 0, 0., 0, 0., 0, 0., 0, 0., 4, 0.7142857142857143, 2, 0.35714285714285715, 0, 0., 0, 0., 0, 0., 1, 0.17857142857142858, 0, 0., 0, 0., 0, 0., 0, 0., 0, 0., 0, 0., 0, 0., 0, 0., 0, 0., 0, 0., 0, 0., 0, 0., 77, 13.75, 0, 0., 0, 0., 0, 0., 5, 0.8928571428571429, 0, 0., 0, 0., 341, 263, 604, 560, 0.9271523178807947
, generated\gt\sample_000360.krn, generated\xml_trimmed\sample_000360.xml, 0, 0., 622, 96.73405909797823, 0, 0., 8, 1.244167962674961, 0, 0., 0, 0., 0, 0., 0, 0., 0, 0., 0, 0., 0, 0., 0, 0., 0, 0., 1, 0.15552099533437014, 4, 0.6220839813374806, 0, 0., 0, 0., 0, 0., 0, 0., 1, 0.15552099533437014, 0, 0., 0, 0., 2, 0.3110419906687403, 0, 0., 0, 0., 0, 0., 0, 0., 0, 0., 0, 0., 0, 0., 0, 0., 0, 0., 0, 0., 0, 0., 0, 0., 0, 0., 5, 0.7776049766718507, 0, 0., 0, 0., 316, 377, 693, 643, 0.9278499278499278
, generated\gt\sample_000227.krn, generated\xml_trimmed\sample_000227.xml, 0, 0., 171, 50.0, 0, 0., 0, 0., 0, 0., 0, 0., 0, 0., 0, 0., 0, 0., 0, 0., 0, 0., 0, 0., 0, 0., 1, 0.29239766081871343, 2, 0.5847953216374269, 2, 0.5847953216374269, 0, 0., 0, 0., 0, 0., 0, 0., 0, 0., 0, 0., 0, 0., 0, 0., 0, 0., 0, 0., 0, 0., 0, 0., 0, 0., 0, 0., 0, 0., 0, 0., 161, 47.07602339181287, 0, 0., 0, 0., 0, 0., 5, 1.4619883040935673, 0, 0., 0, 0., 233, 135, 368, 342, 0.9293478260869565
, generated\gt\sample_000674.krn, generated\xml_trimmed\sample_000674.xml, 0, 0., 168, 28.8659793814433, 0, 0., 2, 0.3436426116838488, 0, 0., 0, 0., 0, 0., 0, 0., 0, 0., 0, 0., 1, 0.1718213058419244, 0, 0., 0, 0., 2, 0.3436426116838488, 4, 0.6872852233676976, 3, 0.5154639175257731, 0, 0., 0, 0., 0, 0., 4, 0.6872852233676976, 0, 0., 0, 0., 2, 0.3436426116838488, 0, 0., 0, 0., 0, 0., 0, 0., 0, 0., 0, 0., 0, 0., 0, 0., 0, 0., 391, 67.18213058419244, 0, 0., 0, 0., 0, 0., 5, 0.8591065292096219, 0, 0., 0, 0., 316, 309, 625, 582, 0.9312
, generated\gt\sample_000529.krn, generated\xml_trimmed\sample_000529.xml, 0, 0., 207, 44.516129032258064, 10, 2.150537634408602, 9, 1.935483870967742, 0, 0., 0, 0., 0, 0., 0, 0., 0, 0., 0, 0., 0, 0., 0, 0., 0, 0., 0, 0., 6, 1.2903225806451613, 3, 0.6451612903225806, 0, 0., 0, 0., 0, 0., 0, 0., 0, 0., 0, 0., 0, 0., 0, 0., 0, 0., 0, 0., 0, 0., 0, 0., 0, 0., 0, 0., 0, 0., 0, 0., 226, 48.60215053763441, 0, 0., 0, 0., 4, 0.8602150537634409, 0, 0., 0, 0., 0, 0., 332, 167, 499, 465, 0.9318637274549099
, generated\gt\sample_000582.krn, generated\xml_trimmed\sample_000582.xml, 0, 0., 642, 95.53571428571429, 0, 0., 14, 2.0833333333333335, 0, 0., 0, 0., 0, 0., 0, 0., 0, 0., 0, 0., 2, 0.2976190476190476, 0, 0., 0, 0., 0, 0., 4, 0.5952380952380952, 2, 0.2976190476190476, 0, 0., 0, 0., 0, 0., 2, 0.2976190476190476, 0, 0., 0, 0., 1, 0.1488095238095238, 0, 0., 0, 0., 0, 0., 0, 0., 0, 0., 0, 0., 0, 0., 0, 0., 0, 0., 0, 0., 0, 0., 0, 0., 0, 0., 5, 0.7440476190476191, 0, 0., 0, 0., 405, 315, 720, 672, 0.9333333333333333
, generated\gt\sample_000275.krn, generated\xml_trimmed\sample_000275.xml, 0, 0., 639, 94.9479940564636, 0, 0., 6, 0.8915304606240714, 2, 0.2971768202080238, 2, 0.2971768202080238, 0, 0., 0, 0., 0, 0., 0, 0., 0, 0., 0, 0., 0, 0., 2, 0.2971768202080238, 4, 0.5943536404160475, 0, 0., 0, 0., 0, 0., 0, 0., 2, 0.2971768202080238, 0, 0., 0, 0., 11, 1.6344725111441307, 0, 0., 0, 0., 0, 0., 0, 0., 0, 0., 0, 0., 0, 0., 0, 0., 0, 0., 0, 0., 0, 0., 0, 0., 0, 0., 5, 0.7429420505200595, 0, 0., 0, 0., 372, 346, 718, 673, 0.9373259052924791
, generated\gt\sample_000066.krn, generated\xml_trimmed\sample_000066.xml, 0, 0., 533, 75.17630465444287, 2, 0.2820874471086037, 6, 0.846262341325811, 0, 0., 0, 0., 0, 0., 0, 0., 0, 0., 0, 0., 1, 0.14104372355430184, 0, 0., 0, 0., 0, 0., 2, 0.2820874471086037, 0, 0., 0, 0., 1, 0.14104372355430184, 0, 0., 4, 0.5641748942172073, 0, 0., 0, 0., 23, 3.244005641748942, 0, 0., 0, 0., 0, 0., 0, 0., 0, 0., 0, 0., 0, 0., 0, 0., 0, 0., 132, 18.61777150916784, 0, 0., 0, 0., 0, 0., 5, 0.7052186177715092, 0, 0., 0, 0., 374, 378, 752, 709, 0.9428191489361702
, generated\gt\sample_000533.krn, generated\xml_trimmed\sample_000533.xml, 0, 0., 361, 57.210776545166404, 0, 0., 16, 2.535657686212361, 0, 0., 0, 0., 0, 0., 0, 0., 0, 0., 0, 0., 0, 0., 0, 0., 0, 0., 1, 0.15847860538827258, 6, 0.9508716323296355, 3, 0.4754358161648177, 0, 0., 0, 0., 0, 0., 0, 0., 0, 0., 0, 0., 0, 0., 0, 0., 0, 0., 0, 0., 0, 0., 0, 0., 0, 0., 0, 0., 0, 0., 0, 0., 240, 38.03486529318542, 0, 0., 0, 0., 4, 0.6339144215530903, 0, 0., 0, 0., 0, 0., 363, 306, 669, 631, 0.9431988041853513
, generated\gt\sample_000226.krn, generated\xml_trimmed\sample_000226.xml, 0, 0., 168, 50.450450450450454, 0, 0., 0, 0., 0, 0., 0, 0., 0, 0., 0, 0., 0, 0., 0, 0., 0, 0., 0, 0., 0, 0., 0, 0., 2, 0.6006006006006006, 2, 0.6006006006006006, 0, 0., 0, 0., 0, 0., 0, 0., 0, 0., 0, 0., 0, 0., 0, 0., 0, 0., 0, 0., 0, 0., 0, 0., 0, 0., 0, 0., 0, 0., 0, 0., 156, 46.846846846846844, 0, 0., 0, 0., 0, 0., 5, 1.5015015015015014, 0, 0., 0, 0., 228, 125, 353, 333, 0.943342776203966
, generated\gt\sample_000274.krn, generated\xml_trimmed\sample_000274.xml, 0, 0., 392, 72.32472324723247, 0, 0., 3, 0.5535055350553506, 0, 0., 0, 0., 0, 0., 0, 0., 0, 0., 0, 0., 0, 0., 0, 0., 0, 0., 2, 0.36900369003690037, 4, 0.7380073800738007, 0, 0., 0, 0., 0, 0., 0, 0., 3, 0.5535055350553506, 1, 0.18450184501845018, 0, 0., 8, 1.4760147601476015, 0, 0., 0, 0., 0, 0., 0, 0., 0, 0., 0, 0., 0, 0., 0, 0., 0, 0., 124, 22.878228782287824, 0, 0., 0, 0., 0, 0., 5, 0.922509225092251, 0, 0., 0, 0., 355, 218, 573, 542, 0.9458987783595113
, generated\gt\sample_000528.krn, generated\xml_trimmed\sample_000528.xml, 0, 0., 504, 64.61538461538461, 0, 0., 19, 2.4358974358974357, 0, 0., 0, 0., 0, 0., 0, 0., 0, 0., 0, 0., 1, 0.1282051282051282, 0, 0., 0, 0., 3, 0.38461538461538464, 6, 0.7692307692307693, 3, 0.38461538461538464, 0, 0., 0, 0., 0, 0., 0, 0., 0, 0., 0, 0., 3, 0.38461538461538464, 0, 0., 0, 0., 0, 0., 0, 0., 0, 0., 0, 0., 0, 0., 0, 0., 0, 0., 237, 30.384615384615383, 0, 0., 0, 0., 4, 0.5128205128205128, 0, 0., 0, 0., 0, 0., 377, 447, 824, 780, 0.9466019417475728
, generated\gt\sample_000516.krn, generated\xml_trimmed\sample_000516.xml, 0, 0., 136, 19.767441860465116, 2, 0.29069767441860467, 3, 0.436046511627907, 1, 0.14534883720930233, 0, 0., 0, 0., 0, 0., 0, 0., 0, 0., 0, 0., 0, 0., 0, 0., 0, 0., 4, 0.5813953488372093, 0, 0., 0, 0., 0, 0., 0, 0., 0, 0., 0, 0., 0, 0., 2, 0.29069767441860467, 0, 0., 0, 0., 0, 0., 0, 0., 0, 0., 0, 0., 0, 0., 0, 0., 0, 0., 536, 77.90697674418605, 0, 0., 0, 0., 4, 0.5813953488372093, 0, 0., 0, 0., 0, 0., 399, 327, 726, 688, 0.9476584022038568
, generated\gt\sample_000299.krn, generated\xml_trimmed\sample_000299.xml, 0, 0., 197, 31.62118780096308, 2, 0.32102728731942215, 5, 0.8025682182985554, 0, 0., 0, 0., 0, 0., 0, 0., 0, 0., 1, 0.16051364365971107, 1, 0.16051364365971107, 0, 0., 0, 0., 1, 0.16051364365971107, 6, 0.9630818619582665, 2, 0.32102728731942215, 0, 0., 0, 0., 0, 0., 0, 0., 0, 0., 0, 0., 8, 1.2841091492776886, 0, 0., 0, 0., 0, 0., 0, 0., 0, 0., 0, 0., 0, 0., 0, 0., 0, 0., 396, 63.56340288924559, 0, 0., 0, 0., 4, 0.6420545746388443, 0, 0., 0, 0., 0, 0., 366, 289, 655, 623, 0.9511450381679389
, generated\gt\sample_000465.krn, generated\xml_trimmed\sample_000465.xml, 0, 0., 129, 24.339622641509433, 6, 1.1320754716981132, 5, 0.9433962264150944, 3, 0.5660377358490566, 0, 0., 0, 0., 0, 0., 0, 0., 0, 0., 0, 0., 0, 0., 0, 0., 0, 0., 2, 0.37735849056603776, 1, 0.18867924528301888, 0, 0., 0, 0., 0, 0., 0, 0., 0, 0., 0, 0., 2, 0.37735849056603776, 0, 0., 0, 0., 0, 0., 0, 0., 0, 0., 0, 0., 0, 0., 0, 0., 0, 0., 378, 71.32075471698113, 0, 0., 0, 0., 4, 0.7547169811320755, 0, 0., 0, 0., 0, 0., 332, 225, 557, 530, 0.9515260323159784
, generated\gt\sample_000588.krn, generated\xml_trimmed\sample_000588.xml, 0, 0., 366, 60.0, 0, 0., 5, 0.819672131147541, 0, 0., 0, 0., 0, 0., 0, 0., 0, 0., 0, 0., 1, 0.16393442622950818, 0, 0., 0, 0., 3, 0.4918032786885246, 4, 0.6557377049180327, 2, 0.32786885245901637, 0, 0., 0, 0., 0, 0., 3, 0.4918032786885246, 0, 0., 0, 0., 1, 0.16393442622950818, 0, 0., 0, 0., 0, 0., 0, 0., 0, 0., 0, 0., 0, 0., 0, 0., 0, 0., 220, 36.0655737704918, 0, 0., 0, 0., 0, 0., 5, 0.819672131147541, 0, 0., 0, 0., 391, 250, 641, 610, 0.9516380655226209
, generated\gt\sample_000593.krn, generated\xml_trimmed\sample_000593.xml, 0, 0., 372, 61.691542288557216, 0, 0., 6, 0.9950248756218906, 0, 0., 0, 0., 0, 0., 0, 0., 0, 0., 0, 0., 0, 0., 0, 0., 0, 0., 1, 0.16583747927031509, 4, 0.6633499170812603, 2, 0.33167495854063017, 0, 0., 0, 0., 0, 0., 4, 0.6633499170812603, 0, 0., 0, 0., 5, 0.8291873963515755, 0, 0., 0, 0., 0, 0., 0, 0., 0, 0., 0, 0., 0, 0., 0, 0., 0, 0., 204, 33.830845771144276, 0, 0., 0, 0., 0, 0., 5, 0.8291873963515755, 0, 0., 0, 0., 354, 279, 633, 603, 0.95260663507109
, generated\gt\sample_000264.krn, generated\xml_trimmed\sample_000264.xml, 0, 0., 224, 60.54054054054054, 0, 0., 0, 0., 0, 0., 0, 0., 0, 0., 0, 0., 0, 0., 0, 0., 0, 0., 0, 0., 0, 0., 0, 0., 0, 0., 1, 0.2702702702702703, 0, 0., 0, 0., 3, 0.8108108108108109, 0, 0., 0, 0., 0, 0., 4, 1.0810810810810811, 0, 0., 0, 0., 0, 0., 0, 0., 0, 0., 0, 0., 0, 0., 0, 0., 0, 0., 0, 0., 133, 35.945945945945944, 0, 0., 0, 0., 5, 1.3513513513513513, 0, 0., 0, 0., 237, 151, 388, 370, 0.9536082474226805
, generated\gt\sample_000531.krn, generated\xml_trimmed\sample_000531.xml, 0, 0., 446, 62.640449438202246, 0, 0., 17, 2.3876404494382024, 0, 0., 2, 0.2808988764044944, 1, 0.1404494382022472, 0, 0., 0, 0., 0, 0., 1, 0.1404494382022472, 0, 0., 0, 0., 3, 0.42134831460674155, 6, 0.8426966292134831, 3, 0.42134831460674155, 0, 0., 0, 0., 0, 0., 0, 0., 0, 0., 0, 0., 0, 0., 0, 0., 0, 0., 0, 0., 0, 0., 0, 0., 0, 0., 0, 0., 0, 0., 0, 0., 229, 32.162921348314605, 0, 0., 0, 0., 4, 0.5617977528089888, 0, 0., 0, 0., 0, 0., 372, 374, 746, 712, 0.9544235924932976
, generated\gt\sample_000618.krn, generated\xml_trimmed\sample_000618.xml, 0, 0., 191, 36.45038167938932, 10, 1.9083969465648856, 5, 0.9541984732824428, 0, 0., 10, 1.9083969465648856, 0, 0., 0, 0., 0, 0., 0, 0., 0, 0., 0, 0., 0, 0., 0, 0., 4, 0.7633587786259542, 1, 0.19083969465648856, 0, 0., 0, 0., 0, 0., 0, 0., 0, 0., 0, 0., 3, 0.5725190839694656, 0, 0., 0, 0., 0, 0., 0, 0., 0, 0., 0, 0., 0, 0., 0, 0., 0, 0., 103, 19.65648854961832, 192, 36.6412213740458, 0, 0., 0, 0., 5, 0.9541984732824428, 0, 0., 0, 0., 322, 226, 548, 524, 0.9562043795620438
, generated\gt\sample_000088.krn, generated\xml_trimmed\sample_000088.xml, 0, 0., 43, 23.118279569892472, 0, 0., 0, 0., 0, 0., 0, 0., 0, 0., 0, 0., 0, 0., 0, 0., 1, 0.5376344086021505, 0, 0., 0, 0., 1, 0.5376344086021505, 2, 1.075268817204301, 1, 0.5376344086021505, 0, 0., 1, 0.5376344086021505, 0, 0., 0, 0., 0, 0., 0, 0., 0, 0., 0, 0., 0, 0., 0, 0., 0, 0., 0, 0., 0, 0., 0, 0., 0, 0., 0, 0., 76, 40.86021505376344, 57, 30.64516129032258, 0, 0., 4, 2.150537634408602, 0, 0., 0, 0., 0, 0., 115, 79, 194, 186, 0.9587628865979382
, generated\gt\sample_000322.krn, generated\xml_trimmed\sample_000322.xml, 0, 0., 94, 22.38095238095238, 2, 0.47619047619047616, 1, 0.23809523809523808, 0, 0., 0, 0., 0, 0., 0, 0., 0, 0., 0, 0., 0, 0., 0, 0., 0, 0., 0, 0., 4, 0.9523809523809523, 2, 0.47619047619047616, 0, 0., 0, 0., 0, 0., 0, 0., 0, 0., 0, 0., 1, 0.23809523809523808, 0, 0., 0, 0., 0, 0., 0, 0., 0, 0., 0, 0., 0, 0., 0, 0., 0, 0., 147, 35.0, 164, 39.04761904761905, 0, 0., 0, 0., 5, 1.1904761904761905, 0, 0., 0, 0., 243, 195, 438, 420, 0.958904109589041
, generated\gt\sample_000282.krn, generated\xml_trimmed\sample_000282.xml, 0, 0., 34, 7.359307359307359, 2, 0.4329004329004329, 0, 0., 0, 0., 0, 0., 0, 0., 0, 0., 0, 0., 0, 0., 0, 0., 0, 0., 0, 0., 0, 0., 2, 0.4329004329004329, 0, 0., 0, 0., 0, 0., 0, 0., 0, 0., 0, 0., 0, 0., 1, 0.21645021645021645, 0, 0., 0, 0., 0, 0., 0, 0., 0, 0., 0, 0., 0, 0., 0, 0., 0, 0., 195, 42.20779220779221, 215, 46.53679653679654, 0, 0., 13, 2.813852813852814, 0, 0., 0, 0., 0, 0., 228, 252, 480, 462, 0.9625
, generated\gt\sample_000101.krn, generated\xml_trimmed\sample_000101.xml, 0, 0., 75, 14.423076923076923, 4, 0.7692307692307693, 0, 0., 0, 0., 0, 0., 0, 0., 0, 0., 0, 0., 0, 0., 0, 0., 0, 0., 0, 0., 0, 0., 4, 0.7692307692307693, 1, 0.19230769230769232, 0, 0., 0, 0., 0, 0., 0, 0., 0, 0., 0, 0., 0, 0., 0, 0., 0, 0., 0, 0., 0, 0., 0, 0., 0, 0., 0, 0., 0, 0., 0, 0., 206, 39.61538461538461, 225, 43.26923076923077, 0, 0., 0, 0., 5, 0.9615384615384616, 0, 0., 0, 0., 285, 253, 538, 520, 0.966542750929368
, generated\gt\sample_000099.krn, generated\xml_trimmed\sample_000099.xml, 0, 0., 26, 5.8558558558558556, 0, 0., 0, 0., 0, 0., 0, 0., 0, 0., 0, 0., 0, 0., 0, 0., 0, 0., 0, 0., 0, 0., 0, 0., 4, 0.9009009009009009, 1, 0.22522522522522523, 0, 0., 0, 0., 0, 0., 0, 0., 0, 0., 0, 0., 2, 0.45045045045045046, 0, 0., 0, 0., 0, 0., 0, 0., 0, 0., 0, 0., 0, 0., 0, 0., 0, 0., 215, 48.42342342342342, 191, 43.01801801801802, 0, 0., 0, 0., 5, 1.1261261261261262, 0, 0., 0, 0., 227, 231, 458, 444, 0.9694323144104804
, generated\gt\sample_000305.krn, generated\xml_trimmed\sample_000305.xml, 0, 0., 82, 15.922330097087379, 6, 1.1650485436893203, 0, 0., 0, 0., 0, 0., 0, 0., 0, 0., 0, 0., 0, 0., 0, 0., 0, 0., 0, 0., 3, 0.5825242718446602, 4, 0.7766990291262136, 1, 0.1941747572815534, 0, 0., 0, 0., 0, 0., 0, 0., 0, 0., 0, 0., 0, 0., 0, 0., 0, 0., 0, 0., 0, 0., 0, 0., 0, 0., 0, 0., 0, 0., 0, 0., 217, 42.13592233009709, 189, 36.699029126213595, 0, 0., 13, 2.5242718446601944, 0, 0., 0, 0., 0, 0., 301, 230, 531, 515, 0.9698681732580038
, generated\gt\sample_000001.krn, generated\xml_trimmed\sample_000001.xml, 0, 0., 20, 3.4482758620689653, 0, 0., 0, 0., 0, 0., 0, 0., 0, 0., 0, 0., 0, 0., 0, 0., 0, 0., 0, 0., 0, 0., 0, 0., 2, 0.3448275862068966, 0, 0., 0, 0., 0, 0., 0, 0., 0, 0., 0, 0., 0, 0., 0, 0., 0, 0., 0, 0., 0, 0., 0, 0., 0, 0., 0, 0., 0, 0., 0, 0., 0, 0., 288, 49.6551724137931, 265, 45.689655172413794, 0, 0., 0, 0., 5, 0.8620689655172413, 0, 0., 0, 0., 294, 304, 598, 580, 0.9698996655518395
, generated\gt\sample_000251.krn, generated\xml_trimmed\sample_000251.xml, 0, 0., 43, 9.45054945054945, 4, 0.8791208791208791, 0, 0., 1, 0.21978021978021978, 0, 0., 0, 0., 0, 0., 0, 0., 0, 0., 1, 0.21978021978021978, 0, 0., 0, 0., 1, 0.21978021978021978, 2, 0.43956043956043955, 1, 0.21978021978021978, 0, 0., 0, 0., 0, 0., 1, 0.21978021978021978, 0, 0., 0, 0., 2, 0.43956043956043955, 0, 0., 0, 0., 0, 0., 0, 0., 0, 0., 0, 0., 0, 0., 0, 0., 0, 0., 217, 47.69230769230769, 177, 38.9010989010989, 0, 0., 0, 0., 5, 1.098901098901099, 0, 0., 0, 0., 213, 256, 469, 455, 0.9701492537313433
, generated\gt\sample_000367.krn, generated\xml_trimmed\sample_000367.xml, 0, 0., 61, 9.791332263242376, 4, 0.6420545746388443, 2, 0.32102728731942215, 1, 0.16051364365971107, 0, 0., 0, 0., 0, 0., 0, 0., 0, 0., 0, 0., 0, 0., 0, 0., 3, 0.48154093097913325, 4, 0.6420545746388443, 0, 0., 0, 0., 0, 0., 0, 0., 0, 0., 0, 0., 0, 0., 1, 0.16051364365971107, 0, 0., 0, 0., 0, 0., 0, 0., 0, 0., 0, 0., 0, 0., 0, 0., 0, 0., 243, 39.00481540930979, 291, 46.70947030497592, 0, 0., 13, 2.086677367576244, 0, 0., 0, 0., 0, 0., 313, 328, 641, 623, 0.9719188767550702
, generated\gt\sample_000117.krn, generated\xml_trimmed\sample_000117.xml, 0, 0., 42, 9.90566037735849, 0, 0., 0, 0., 0, 0., 0, 0., 0, 0., 0, 0., 0, 0., 0, 0., 0, 0., 0, 0., 0, 0., 0, 0., 4, 0.9433962264150944, 2, 0.4716981132075472, 0, 0., 0, 0., 0, 0., 0, 0., 0, 0., 0, 0., 0, 0., 0, 0., 0, 0., 0, 0., 0, 0., 0, 0., 0, 0., 0, 0., 0, 0., 0, 0., 219, 51.65094339622642, 152, 35.84905660377358, 0, 0., 0, 0., 5, 1.179245283018868, 0, 0., 0, 0., 245, 191, 436, 424, 0.9724770642201835
, generated\gt\sample_000530.krn, generated\xml_trimmed\sample_000530.xml, 0, 0., 420, 55.776892430278885, 0, 0., 2, 0.2656042496679947, 0, 0., 0, 0., 0, 0., 0, 0., 0, 0., 2, 0.2656042496679947, 1, 0.13280212483399734, 0, 0., 0, 0., 1, 0.13280212483399734, 6, 0.796812749003984, 3, 0.398406374501992, 0, 0., 0, 0., 0, 0., 0, 0., 0, 0., 0, 0., 3, 0.398406374501992, 0, 0., 0, 0., 0, 0., 0, 0., 0, 0., 0, 0., 0, 0., 0, 0., 0, 0., 311, 41.301460823373176, 0, 0., 0, 0., 4, 0.5312084993359893, 0, 0., 0, 0., 0, 0., 400, 373, 773, 753, 0.9741267787839586
, generated\gt\sample_000103.krn, generated\xml_trimmed\sample_000103.xml, 0, 0., 19, 4.086021505376344, 2, 0.43010752688172044, 0, 0., 0, 0., 0, 0., 0, 0., 0, 0., 0, 0., 0, 0., 0, 0., 0, 0., 0, 0., 0, 0., 2, 0.43010752688172044, 1, 0.21505376344086022, 0, 0., 0, 0., 0, 0., 0, 0., 0, 0., 0, 0., 1, 0.21505376344086022, 0, 0., 0, 0., 0, 0., 0, 0., 0, 0., 0, 0., 0, 0., 0, 0., 0, 0., 233, 50.10752688172043, 202, 43.44086021505376, 0, 0., 0, 0., 5, 1.075268817204301, 0, 0., 0, 0., 238, 239, 477, 465, 0.9748427672955975
, generated\gt\sample_000406.krn, generated\xml_trimmed\sample_000406.xml, 0, 0., 46, 14.556962025316455, 0, 0., 0, 0., 0, 0., 0, 0., 0, 0., 0, 0., 0, 0., 0, 0., 0, 0., 0, 0., 0, 0., 0, 0., 2, 0.6329113924050633, 1, 0.31645569620253167, 0, 0., 0, 0., 0, 0., 0, 0., 0, 0., 0, 0., 0, 0., 0, 0., 0, 0., 0, 0., 0, 0., 0, 0., 0, 0., 0, 0., 0, 0., 0, 0., 182, 57.59493670886076, 72, 22.78481012658228, 0, 0., 13, 4.113924050632911, 0, 0., 0, 0., 0, 0., 154, 170, 324, 316, 0.9753086419753086
, generated\gt\sample_000681.krn, generated\xml_trimmed\sample_000681.xml, 0, 0., 166, 37.986270022883296, 0, 0., 0, 0., 0, 0., 0, 0., 0, 0., 0, 0., 0, 0., 0, 0., 0, 0., 0, 0., 0, 0., 2, 0.4576659038901602, 4, 0.9153318077803204, 0, 0., 0, 0., 0, 0., 0, 0., 0, 0., 0, 0., 0, 0., 6, 1.3729977116704806, 0, 0., 0, 0., 0, 0., 0, 0., 0, 0., 0, 0., 0, 0., 0, 0., 0, 0., 143, 32.723112128146454, 103, 23.569794050343248, 0, 0., 13, 2.9748283752860414, 0, 0., 0, 0., 0, 0., 256, 192, 448, 437, 0.9754464285714286
, generated\gt\sample_000617.krn, generated\xml_trimmed\sample_000617.xml, 0, 0., 42, 6.521739130434782, 6, 0.9316770186335404, 0, 0., 0, 0., 0, 0., 0, 0., 0, 0., 0, 0., 0, 0., 0, 0., 0, 0., 0, 0., 0, 0., 4, 0.6211180124223602, 0, 0., 0, 0., 0, 0., 0, 0., 0, 0., 0, 0., 0, 0., 3, 0.4658385093167702, 0, 0., 0, 0., 0, 0., 0, 0., 0, 0., 0, 0., 0, 0., 0, 0., 0, 0., 290, 45.03105590062112, 286, 44.409937888198755, 0, 0., 13, 2.018633540372671, 0, 0., 0, 0., 0, 0., 327, 331, 658, 644, 0.9787234042553191
, generated\gt\sample_000508.krn, generated\xml_trimmed\sample_000508.xml, 0, 0., 45, 6.96594427244582, 0, 0., 0, 0., 0, 0., 0, 0., 0, 0., 0, 0., 0, 0., 0, 0., 2, 0.30959752321981426, 0, 0., 0, 0., 3, 0.46439628482972134, 8, 1.238390092879257, 2, 0.30959752321981426, 0, 0., 4, 0.6191950464396285, 0, 0., 1, 0.15479876160990713, 0, 0., 0, 0., 0, 0., 0, 0., 0, 0., 0, 0., 0, 0., 0, 0., 0, 0., 0, 0., 0, 0., 0, 0., 577, 89.3188854489164, 0, 0., 0, 0., 4, 0.6191950464396285, 0, 0., 0, 0., 0, 0., 365, 295, 660, 646, 0.9787878787878788
, generated\gt\sample_000136.krn, generated\xml_trimmed\sample_000136.xml, 0, 0., 50, 11.415525114155251, 2, 0.45662100456621, 0, 0., 0, 0., 0, 0., 0, 0., 0, 0., 0, 0., 0, 0., 0, 0., 0, 0., 0, 0., 3, 0.684931506849315, 4, 0.91324200913242, 0, 0., 0, 0., 0, 0., 0, 0., 0, 0., 0, 0., 0, 0., 1, 0.228310502283105, 0, 0., 0, 0., 0, 0., 0, 0., 0, 0., 0, 0., 0, 0., 0, 0., 0, 0., 187, 42.694063926940636, 178, 40.63926940639269, 0, 0., 13, 2.9680365296803655, 0, 0., 0, 0., 0, 0., 231, 215, 446, 438, 0.9820627802690582
, generated\gt\sample_000057.krn, generated\xml_trimmed\sample_000057.xml, 0, 0., 36, 9.782608695652174, 0, 0., 0, 0., 0, 0., 0, 0., 0, 0., 0, 0., 0, 0., 0, 0., 0, 0., 0, 0., 0, 0., 1, 0.2717391304347826, 0, 0., 1, 0.2717391304347826, 0, 0., 0, 0., 0, 0., 0, 0., 0, 0., 0, 0., 0, 0., 0, 0., 0, 0., 0, 0., 0, 0., 0, 0., 0, 0., 0, 0., 0, 0., 0, 0., 330, 89.67391304347827, 0, 0., 0, 0., 0, 0., 0, 0., 0, 0., 0, 0., 198, 176, 374, 368, 0.983957219251337
, generated\gt\sample_000253.krn, generated\xml_trimmed\sample_000253.xml, 0, 0., 6, 0.966183574879227, 2, 0.322061191626409, 1, 0.1610305958132045, 0, 0., 0, 0., 0, 0., 0, 0., 0, 0., 0, 0., 0, 0., 0, 0., 0, 0., 0, 0., 4, 0.644122383252818, 0, 0., 0, 0., 4, 0.644122383252818, 0, 0., 0, 0., 0, 0., 0, 0., 0, 0., 0, 0., 0, 0., 0, 0., 0, 0., 0, 0., 0, 0., 0, 0., 0, 0., 0, 0., 264, 42.51207729468599, 327, 52.65700483091788, 0, 0., 13, 2.0933977455716586, 0, 0., 0, 0., 0, 0., 267, 364, 631, 621, 0.9841521394611727
, generated\gt\sample_000675.krn, generated\xml_trimmed\sample_000675.xml, 0, 0., 69, 9.236947791164658, 4, 0.535475234270415, 0, 0., 0, 0., 0, 0., 0, 0., 0, 0., 0, 0., 0, 0., 0, 0., 0, 0., 0, 0., 0, 0., 2, 0.2677376171352075, 1, 0.13386880856760375, 0, 0., 0, 0., 0, 0., 0, 0., 0, 0., 0, 0., 2, 0.2677376171352075, 0, 0., 0, 0., 0, 0., 0, 0., 0, 0., 0, 0., 0, 0., 0, 0., 0, 0., 483, 64.65863453815261, 173, 23.15930388219545, 0, 0., 13, 1.7402945113788488, 0, 0., 0, 0., 0, 0., 557, 196, 753, 747, 0.9920318725099602
, generated\gt\sample_000341.krn, generated\xml_trimmed\sample_000341.xml, 0, 0., 56, 11.22244488977956, 0, 0., 0, 0., 0, 0., 0, 0., 0, 0., 0, 0., 0, 0., 0, 0., 0, 0., 0, 0., 0, 0., 3, 0.6012024048096193, 4, 0.8016032064128257, 0, 0., 0, 0., 0, 0., 0, 0., 0, 0., 0, 0., 0, 0., 4, 0.8016032064128257, 0, 0., 0, 0., 0, 0., 0, 0., 0, 0., 0, 0., 0, 0., 0, 0., 0, 0., 185, 37.07414829659319, 234, 46.8937875751503, 0, 0., 13, 2.6052104208416833, 0, 0., 0, 0., 0, 0., 245, 258, 503, 499, 0.9920477137176938
, generated\gt\sample_000657.krn, generated\xml_trimmed\sample_000657.xml, 0, 0., 23, 3.490136570561457, 0, 0., 0, 0., 0, 0., 0, 0., 0, 0., 0, 0., 0, 0., 0, 0., 0, 0., 0, 0., 0, 0., 0, 0., 0, 0., 0, 0., 0, 0., 0, 0., 0, 0., 0, 0., 0, 0., 0, 0., 1, 0.15174506828528073, 0, 0., 0, 0., 0, 0., 0, 0., 0, 0., 0, 0., 0, 0., 0, 0., 0, 0., 419, 63.58118361153262, 203, 30.804248861911987, 0, 0., 13, 1.9726858877086495, 0, 0., 0, 0., 0, 0., 381, 279, 660, 659, 0.9984848484848485
Total:, , , 0, 0., 109247, 66.82264141710706, 594, 0.3633294186729301, 4152, 2.5396359365825014, 724, 0.4428459581131337, 496, 0.30338618124877664, 396, 0.2422196124486201, 0, 0., 0, 0., 225, 0.13762477980035231, 1172, 0.7168721863378352, 125, 0.07645821100019573, 0, 0., 381, 0.23304462712859658, 1580, 0.966431787042474, 477, 0.29176453317674694, 0, 0., 186, 0.11376981796829125, 326, 0.19940301428851048, 732, 0.4477392836171462, 25, 0.015291642200039146, 20, 0.012233313760031317, 3330, 2.0368467410452142, 0, 0., 8, 0.004893325504012527, 4, 0.0024466627520062633, 0, 0., 54, 0.03302994715208456, 0, 0., 0, 0., 0, 0., 0, 0., 32763, 20.040002935995304, 4071, 2.4900910158543748, 0, 0., 530, 0.32418281464082993, 1870, 1.1438148365629281, 0, 0., 0, 0., 137581, 115559, 253140, 163488, 0.6458402465039109
, gtpath, predpath, bad kern syntax OMR-ED, bad kern syntax % contribution to OMR-NED, wrong note OMR-ED, wrong note % contribution to OMR-NED, wrong note head OMR-ED, wrong note head % contribution to OMR-NED, wrong flag/beam OMR-ED, wrong flag/beam % contribution to OMR-NED, wrong dot OMR-ED, wrong dot % contribution to OMR-NED, wrong tuplet OMR-ED, wrong tuplet % contribution to OMR-NED, wrong accidental OMR-ED, wrong accidental % contribution to OMR-NED, wrong note stem OMR-ED, wrong note stem % contribution to OMR-NED, wrong graceness OMR-ED, wrong graceness % contribution to OMR-NED, wrong tie OMR-ED, wrong tie % contribution to OMR-NED, wrong articulation OMR-ED, wrong articulation % contribution to OMR-NED, wrong ornament OMR-ED, wrong ornament % contribution to OMR-NED, wrong lyric OMR-ED, wrong lyric % contribution to OMR-NED, wrong clef OMR-ED, wrong clef % contribution to OMR-NED, wrong timesig OMR-ED, wrong timesig % contribution to OMR-NED, wrong keysig OMR-ED, wrong keysig % contribution to OMR-NED, wrong tempo OMR-ED, wrong tempo % contribution to OMR-NED, wrong barline OMR-ED, wrong barline % contribution to OMR-NED, wrong direction OMR-ED, wrong direction % contribution to OMR-NED, wrong dynamic OMR-ED, wrong dynamic % contribution to OMR-NED, wrong crescendo OMR-ED, wrong crescendo % contribution to OMR-NED, wrong diminuendo OMR-ED, wrong diminuendo % contribution to OMR-NED, wrong slur OMR-ED, wrong slur % contribution to OMR-NED, wrong ottava OMR-ED, wrong ottava % contribution to OMR-NED, wrong multi-staff arpeggio OMR-ED, wrong multi-staff arpeggio % contribution to OMR-NED, wrong fingered tremolo OMR-ED, wrong fingered tremolo % contribution to OMR-NED, wrong chord symbol OMR-ED, wrong chord symbol % contribution to OMR-NED, wrong ending OMR-ED, wrong ending % contribution to OMR-NED, wrong staff info OMR-ED, wrong staff info % contribution to OMR-NED, wrong system break OMR-ED, wrong system break % contribution to OMR-NED, wrong page break OMR-ED, wrong page break % contribution to OMR-NED, wrong other object OMR-ED, wrong other object % contribution to OMR-NED, entire measure insert/delete OMR-ED, entire measure insert/delete % contribution to OMR-NED, entire staff insert/delete OMR-ED, entire staff insert/delete % contribution to OMR-NED, wrong metadata OMR-ED, wrong metadata % contribution to OMR-NED, wrong staff group OMR-ED, wrong staff group % contribution to OMR-NED, wrong staff group name/abbrev OMR-ED, wrong staff group name/abbrev % contribution to OMR-NED, wrong staff group brace OMR-ED, wrong staff group brace % contribution to OMR-NED, wrong staff group barline OMR-ED, wrong staff group barline % contribution to OMR-NED, gt numsyms, pred numsyms, total numsyms (in both scores), OMR-ED (OMR Edit Distance), OMR-NED (OMR-ED / total numsyms)
