, gtpath, predpath, bad kern syntax OMR-ED, bad kern syntax % contribution to OMR-NED, wrong note OMR-ED, wrong note % contribution to OMR-NED, wrong note head OMR-ED, wrong note head % contribution to OMR-NED, wrong flag/beam OMR-ED, wrong flag/beam % contribution to OMR-NED, wrong dot OMR-ED, wrong dot % contribution to OMR-NED, wrong tuplet OMR-ED, wrong tuplet % contribution to OMR-NED, wrong accidental OMR-ED, wrong accidental % contribution to OMR-NED, wrong note stem OMR-ED, wrong note stem % contribution to OMR-NED, wrong graceness OMR-ED, wrong graceness % contribution to OMR-NED, wrong tie OMR-ED, wrong tie % contribution to OMR-NED, wrong articulation OMR-ED, wrong articulation % contribution to OMR-NED, wrong ornament OMR-ED, wrong ornament % contribution to OMR-NED, wrong lyric OMR-ED, wrong lyric % contribution to OMR-NED, wrong clef OMR-ED, wrong clef % contribution to OMR-NED, wrong timesig OMR-ED, wrong timesig % contribution to OMR-NED, wrong keysig OMR-ED, wrong keysig % contribution to OMR-NED, wrong tempo OMR-ED, wrong tempo % contribution to OMR-NED, wrong barline OMR-ED, wrong barline % contribution to OMR-NED, wrong direction OMR-ED, wrong direction % contribution to OMR-NED, wrong dynamic OMR-ED, wrong dynamic % contribution to OMR-NED, wrong crescendo OMR-ED, wrong crescendo % contribution to OMR-NED, wrong diminuendo OMR-ED, wrong diminuendo % contribution to OMR-NED, wrong slur OMR-ED, wrong slur % contribution to OMR-NED, wrong ottava OMR-ED, wrong ottava % contribution to OMR-NED, wrong multi-staff arpeggio OMR-ED, wrong multi-staff arpeggio % contribution to OMR-NED, wrong fingered tremolo OMR-ED, wrong fingered tremolo % contribution to OMR-NED, wrong chord symbol OMR-ED, wrong chord symbol % contribution to OMR-NED, wrong ending OMR-ED, wrong ending % contribution to OMR-NED, wrong staff info OMR-ED, wrong staff info % contribution to OMR-NED, wrong system break OMR-ED, wrong system break % contribution to OMR-NED, wrong page break OMR-ED, wrong page break % contribution to OMR-NED, wrong other object OMR-ED, wrong other object % contribution to OMR-NED, entire measure insert/delete OMR-ED, entire measure insert/delete % contribution to OMR-NED, entire staff insert/delete OMR-ED, entire staff insert/delete % contribution to OMR-NED, wrong metadata OMR-ED, wrong metadata % contribution to OMR-NED, wrong staff group OMR-ED, wrong staff group % contribution to OMR-NED, wrong staff group name/abbrev OMR-ED, wrong staff group name/abbrev % contribution to OMR-NED, wrong staff group brace OMR-ED, wrong staff group brace % contribution to OMR-NED, wrong staff group barline OMR-ED, wrong staff group barline % contribution to OMR-NED, gt numsyms, pred numsyms, total numsyms (in both scores), OMR-ED (OMR Edit Distance), OMR-NED (OMR-ED / total numsyms)
, generated\gt\sample_000497.krn, generated\xml_trimmed_2\sample_000497.xml, 0, 0., 0, 0., 0, 0., 0, 0., 0, 0., 0, 0., 0, 0., 0, 0., 0, 0., 0, 0., 0, 0., 2, 66.66666666666667, 0, 0., 0, 0., 0, 0., 0, 0., 0, 0., 0, 0., 0, 0., 0, 0., 0, 0., 0, 0., 1, 33.333333333333336, 0, 0., 0, 0., 0, 0., 0, 0., 0, 0., 0, 0., 0, 0., 0, 0., 0, 0., 0, 0., 0, 0., 0, 0., 0, 0., 0, 0., 0, 0., 0, 0., 162, 161, 323, 3, 0.009287925696594427
, generated\gt\sample_000346.krn, generated\xml_trimmed_2\sample_000346.xml, 0, 0., 0, 0., 0, 0., 0, 0., 0, 0., 0, 0., 0, 0., 0, 0., 0, 0., 1, 14.285714285714286, 2, 28.571428571428573, 1, 14.285714285714286, 0, 0., 0, 0., 0, 0., 1, 14.285714285714286, 0, 0., 0, 0., 0, 0., 0, 0., 0, 0., 0, 0., 2, 28.571428571428573, 0, 0., 0, 0., 0, 0., 0, 0., 0, 0., 0, 0., 0, 0., 0, 0., 0, 0., 0, 0., 0, 0., 0, 0., 0, 0., 0, 0., 0, 0., 0, 0., 234, 233, 467, 7, 0.014989293361884369
, generated\gt\sample_000206.krn, generated\xml_trimmed_2\sample_000206.xml, 0, 0., 0, 0., 0, 0., 0, 0., 0, 0., 0, 0., 0, 0., 0, 0., 0, 0., 0, 0., 1, 14.285714285714286, 0, 0., 0, 0., 0, 0., 0, 0., 1, 14.285714285714286, 0, 0., 0, 0., 0, 0., 0, 0., 0, 0., 0, 0., 5, 71.42857142857143, 0, 0., 0, 0., 0, 0., 0, 0., 0, 0., 0, 0., 0, 0., 0, 0., 0, 0., 0, 0., 0, 0., 0, 0., 0, 0., 0, 0., 0, 0., 0, 0., 204, 209, 413, 7, 0.01694915254237288
, generated\gt\sample_000353.krn, generated\xml_trimmed_2\sample_000353.xml, 0, 0., 0, 0., 0, 0., 0, 0., 0, 0., 0, 0., 0, 0., 0, 0., 0, 0., 0, 0., 1, 14.285714285714286, 0, 0., 0, 0., 0, 0., 0, 0., 0, 0., 0, 0., 0, 0., 0, 0., 0, 0., 0, 0., 0, 0., 6, 85.71428571428571, 0, 0., 0, 0., 0, 0., 0, 0., 0, 0., 0, 0., 0, 0., 0, 0., 0, 0., 0, 0., 0, 0., 0, 0., 0, 0., 0, 0., 0, 0., 0, 0., 198, 205, 403, 7, 0.017369727047146403
, generated\gt\sample_000437.krn, generated\xml_trimmed_2\sample_000437.xml, 0, 0., 0, 0., 0, 0., 0, 0., 0, 0., 0, 0., 0, 0., 0, 0., 0, 0., 0, 0., 1, 16.666666666666668, 0, 0., 0, 0., 0, 0., 0, 0., 0, 0., 0, 0., 0, 0., 0, 0., 0, 0., 0, 0., 0, 0., 5, 83.33333333333333, 0, 0., 0, 0., 0, 0., 0, 0., 0, 0., 0, 0., 0, 0., 0, 0., 0, 0., 0, 0., 0, 0., 0, 0., 0, 0., 0, 0., 0, 0., 0, 0., 124, 130, 254, 6, 0.023622047244094488
, generated\gt\sample_000474.krn, generated\xml_trimmed_2\sample_000474.xml, 0, 0., 0, 0., 0, 0., 0, 0., 0, 0., 0, 0., 1, 9.090909090909092, 0, 0., 0, 0., 0, 0., 0, 0., 0, 0., 0, 0., 0, 0., 4, 36.36363636363637, 0, 0., 0, 0., 0, 0., 0, 0., 1, 9.090909090909092, 0, 0., 0, 0., 0, 0., 0, 0., 0, 0., 0, 0., 0, 0., 0, 0., 0, 0., 0, 0., 0, 0., 0, 0., 0, 0., 0, 0., 0, 0., 0, 0., 5, 45.45454545454545, 0, 0., 0, 0., 220, 221, 441, 11, 0.024943310657596373
, generated\gt\sample_000574.krn, generated\xml_trimmed_2\sample_000574.xml, 0, 0., 0, 0., 0, 0., 0, 0., 0, 0., 0, 0., 0, 0., 0, 0., 0, 0., 0, 0., 0, 0., 0, 0., 0, 0., 0, 0., 0, 0., 3, 23.076923076923077, 0, 0., 2, 15.384615384615385, 0, 0., 3, 23.076923076923077, 0, 0., 0, 0., 0, 0., 0, 0., 0, 0., 0, 0., 0, 0., 0, 0., 0, 0., 0, 0., 0, 0., 0, 0., 0, 0., 0, 0., 0, 0., 0, 0., 5, 38.46153846153846, 0, 0., 0, 0., 247, 254, 501, 13, 0.02594810379241517
, generated\gt\sample_000194.krn, generated\xml_trimmed_2\sample_000194.xml, 0, 0., 0, 0., 0, 0., 0, 0., 0, 0., 0, 0., 0, 0., 0, 0., 0, 0., 0, 0., 1, 16.666666666666668, 0, 0., 0, 0., 0, 0., 0, 0., 1, 16.666666666666668, 0, 0., 0, 0., 0, 0., 0, 0., 0, 0., 0, 0., 4, 66.66666666666667, 0, 0., 0, 0., 0, 0., 0, 0., 0, 0., 0, 0., 0, 0., 0, 0., 0, 0., 0, 0., 0, 0., 0, 0., 0, 0., 0, 0., 0, 0., 0, 0., 84, 88, 172, 6, 0.03488372093023256
, generated\gt\sample_000415.krn, generated\xml_trimmed_2\sample_000415.xml, 0, 0., 0, 0., 0, 0., 0, 0., 0, 0., 0, 0., 0, 0., 0, 0., 0, 0., 0, 0., 3, 15.0, 0, 0., 0, 0., 0, 0., 0, 0., 0, 0., 0, 0., 0, 0., 0, 0., 3, 15.0, 0, 0., 0, 0., 1, 5.0, 0, 0., 0, 0., 0, 0., 0, 0., 0, 0., 0, 0., 0, 0., 0, 0., 0, 0., 0, 0., 0, 0., 0, 0., 13, 65.0, 0, 0., 0, 0., 0, 0., 272, 284, 556, 20, 0.03597122302158273
, generated\gt\sample_000176.krn, generated\xml_trimmed_2\sample_000176.xml, 0, 0., 4, 22.22222222222222, 0, 0., 0, 0., 0, 0., 0, 0., 0, 0., 0, 0., 0, 0., 3, 16.666666666666668, 0, 0., 0, 0., 0, 0., 0, 0., 4, 22.22222222222222, 0, 0., 0, 0., 0, 0., 0, 0., 2, 11.11111111111111, 0, 0., 0, 0., 0, 0., 0, 0., 0, 0., 0, 0., 0, 0., 0, 0., 0, 0., 0, 0., 0, 0., 0, 0., 0, 0., 0, 0., 0, 0., 0, 0., 5, 27.77777777777778, 0, 0., 0, 0., 222, 230, 452, 18, 0.03982300884955752
, generated\gt\sample_000078.krn, generated\xml_trimmed_2\sample_000078.xml, 0, 0., 0, 0., 0, 0., 1, 7.142857142857143, 0, 0., 0, 0., 0, 0., 0, 0., 0, 0., 0, 0., 0, 0., 0, 0., 0, 0., 0, 0., 4, 28.571428571428573, 0, 0., 0, 0., 0, 0., 0, 0., 1, 7.142857142857143, 0, 0., 0, 0., 3, 21.428571428571427, 0, 0., 0, 0., 0, 0., 0, 0., 0, 0., 0, 0., 0, 0., 0, 0., 0, 0., 0, 0., 0, 0., 0, 0., 0, 0., 5, 35.714285714285715, 0, 0., 0, 0., 174, 176, 350, 14, 0.04
, generated\gt\sample_000261.krn, generated\xml_trimmed_2\sample_000261.xml, 0, 0., 5, 41.666666666666664, 0, 0., 0, 0., 0, 0., 0, 0., 0, 0., 0, 0., 0, 0., 0, 0., 1, 8.333333333333334, 0, 0., 0, 0., 0, 0., 0, 0., 0, 0., 0, 0., 0, 0., 0, 0., 0, 0., 0, 0., 0, 0., 6, 50.0, 0, 0., 0, 0., 0, 0., 0, 0., 0, 0., 0, 0., 0, 0., 0, 0., 0, 0., 0, 0., 0, 0., 0, 0., 0, 0., 0, 0., 0, 0., 0, 0., 146, 152, 298, 12, 0.040268456375838924
, generated\gt\sample_000351.krn, generated\xml_trimmed_2\sample_000351.xml, 0, 0., 0, 0., 0, 0., 0, 0., 0, 0., 0, 0., 0, 0., 0, 0., 0, 0., 0, 0., 2, 40.0, 0, 0., 0, 0., 0, 0., 0, 0., 0, 0., 0, 0., 0, 0., 0, 0., 0, 0., 0, 0., 0, 0., 3, 60.0, 0, 0., 0, 0., 0, 0., 0, 0., 0, 0., 0, 0., 0, 0., 0, 0., 0, 0., 0, 0., 0, 0., 0, 0., 0, 0., 0, 0., 0, 0., 0, 0., 59, 64, 123, 5, 0.04065040650406504
, generated\gt\sample_000318.krn, generated\xml_trimmed_2\sample_000318.xml, 0, 0., 5, 29.41176470588235, 0, 0., 0, 0., 0, 0., 0, 0., 0, 0., 0, 0., 0, 0., 1, 5.882352941176471, 2, 11.764705882352942, 0, 0., 0, 0., 0, 0., 0, 0., 0, 0., 0, 0., 0, 0., 0, 0., 0, 0., 0, 0., 0, 0., 9, 52.94117647058823, 0, 0., 0, 0., 0, 0., 0, 0., 0, 0., 0, 0., 0, 0., 0, 0., 0, 0., 0, 0., 0, 0., 0, 0., 0, 0., 0, 0., 0, 0., 0, 0., 192, 194, 386, 17, 0.04404145077720207
, generated\gt\sample_000345.krn, generated\xml_trimmed_2\sample_000345.xml, 0, 0., 0, 0., 0, 0., 0, 0., 0, 0., 0, 0., 0, 0., 0, 0., 0, 0., 0, 0., 4, 23.529411764705884, 0, 0., 0, 0., 0, 0., 0, 0., 0, 0., 0, 0., 0, 0., 0, 0., 0, 0., 0, 0., 0, 0., 13, 76.47058823529412, 0, 0., 0, 0., 0, 0., 0, 0., 0, 0., 0, 0., 0, 0., 0, 0., 0, 0., 0, 0., 0, 0., 0, 0., 0, 0., 0, 0., 0, 0., 0, 0., 185, 201, 386, 17, 0.04404145077720207
, generated\gt\sample_000551.krn, generated\xml_trimmed_2\sample_000551.xml, 0, 0., 0, 0., 0, 0., 0, 0., 0, 0., 0, 0., 0, 0., 0, 0., 0, 0., 1, 16.666666666666668, 0, 0., 0, 0., 0, 0., 0, 0., 0, 0., 0, 0., 0, 0., 0, 0., 0, 0., 0, 0., 0, 0., 0, 0., 5, 83.33333333333333, 0, 0., 0, 0., 0, 0., 0, 0., 0, 0., 0, 0., 0, 0., 0, 0., 0, 0., 0, 0., 0, 0., 0, 0., 0, 0., 0, 0., 0, 0., 0, 0., 60, 66, 126, 6, 0.047619047619047616
, generated\gt\sample_000376.krn, generated\xml_trimmed_2\sample_000376.xml, 0, 0., 16, 48.484848484848484, 2, 6.0606060606060606, 0, 0., 2, 6.0606060606060606, 0, 0., 3, 9.090909090909092, 0, 0., 0, 0., 1, 3.0303030303030303, 0, 0., 0, 0., 0, 0., 0, 0., 4, 12.121212121212121, 0, 0., 0, 0., 0, 0., 0, 0., 0, 0., 0, 0., 0, 0., 0, 0., 0, 0., 0, 0., 0, 0., 0, 0., 0, 0., 0, 0., 0, 0., 0, 0., 0, 0., 0, 0., 0, 0., 0, 0., 0, 0., 5, 15.151515151515152, 0, 0., 0, 0., 340, 341, 681, 33, 0.048458149779735685
, generated\gt\sample_000377.krn, generated\xml_trimmed_2\sample_000377.xml, 0, 0., 15, 55.55555555555556, 0, 0., 3, 11.11111111111111, 0, 0., 0, 0., 0, 0., 0, 0., 0, 0., 0, 0., 0, 0., 0, 0., 0, 0., 0, 0., 4, 14.814814814814815, 0, 0., 0, 0., 0, 0., 0, 0., 0, 0., 0, 0., 0, 0., 0, 0., 0, 0., 0, 0., 0, 0., 0, 0., 0, 0., 0, 0., 0, 0., 0, 0., 0, 0., 0, 0., 0, 0., 0, 0., 0, 0., 5, 18.51851851851852, 0, 0., 0, 0., 274, 279, 553, 27, 0.048824593128390596
, generated\gt\sample_000572.krn, generated\xml_trimmed_2\sample_000572.xml, 0, 0., 6, 42.857142857142854, 0, 0., 0, 0., 1, 7.142857142857143, 0, 0., 0, 0., 0, 0., 0, 0., 1, 7.142857142857143, 1, 7.142857142857143, 0, 0., 0, 0., 0, 0., 0, 0., 0, 0., 0, 0., 0, 0., 0, 0., 0, 0., 0, 0., 0, 0., 5, 35.714285714285715, 0, 0., 0, 0., 0, 0., 0, 0., 0, 0., 0, 0., 0, 0., 0, 0., 0, 0., 0, 0., 0, 0., 0, 0., 0, 0., 0, 0., 0, 0., 0, 0., 139, 141, 280, 14, 0.05
, generated\gt\sample_000416.krn, generated\xml_trimmed_2\sample_000416.xml, 0, 0., 0, 0., 0, 0., 0, 0., 0, 0., 0, 0., 0, 0., 0, 0., 0, 0., 1, 3.4482758620689653, 3, 10.344827586206897, 3, 10.344827586206897, 0, 0., 0, 0., 6, 20.689655172413794, 0, 0., 0, 0., 0, 0., 0, 0., 3, 10.344827586206897, 0, 0., 0, 0., 0, 0., 0, 0., 0, 0., 0, 0., 0, 0., 0, 0., 0, 0., 0, 0., 0, 0., 0, 0., 0, 0., 0, 0., 0, 0., 13, 44.827586206896555, 0, 0., 0, 0., 0, 0., 272, 281, 553, 29, 0.05244122965641953
, generated\gt\sample_000501.krn, generated\xml_trimmed_2\sample_000501.xml, 0, 0., 4, 17.391304347826086, 0, 0., 0, 0., 4, 17.391304347826086, 0, 0., 0, 0., 0, 0., 0, 0., 1, 4.3478260869565215, 2, 8.695652173913043, 0, 0., 0, 0., 0, 0., 4, 17.391304347826086, 0, 0., 0, 0., 0, 0., 0, 0., 0, 0., 0, 0., 0, 0., 3, 13.043478260869565, 0, 0., 0, 0., 0, 0., 0, 0., 0, 0., 0, 0., 0, 0., 0, 0., 0, 0., 0, 0., 0, 0., 0, 0., 0, 0., 5, 21.73913043478261, 0, 0., 0, 0., 211, 215, 426, 23, 0.0539906103286385
, generated\gt\sample_000403.krn, generated\xml_trimmed_2\sample_000403.xml, 0, 0., 0, 0., 0, 0., 0, 0., 0, 0., 0, 0., 4, 17.391304347826086, 0, 0., 0, 0., 0, 0., 2, 8.695652173913043, 0, 0., 0, 0., 0, 0., 0, 0., 1, 4.3478260869565215, 0, 0., 0, 0., 0, 0., 0, 0., 0, 0., 0, 0., 16, 69.56521739130434, 0, 0., 0, 0., 0, 0., 0, 0., 0, 0., 0, 0., 0, 0., 0, 0., 0, 0., 0, 0., 0, 0., 0, 0., 0, 0., 0, 0., 0, 0., 0, 0., 181, 197, 378, 23, 0.06084656084656084
, generated\gt\sample_000375.krn, generated\xml_trimmed_2\sample_000375.xml, 0, 0., 20, 68.96551724137932, 0, 0., 3, 10.344827586206897, 0, 0., 0, 0., 0, 0., 0, 0., 0, 0., 0, 0., 0, 0., 0, 0., 0, 0., 0, 0., 0, 0., 0, 0., 0, 0., 0, 0., 0, 0., 1, 3.4482758620689653, 0, 0., 0, 0., 0, 0., 0, 0., 0, 0., 0, 0., 0, 0., 0, 0., 0, 0., 0, 0., 0, 0., 0, 0., 0, 0., 0, 0., 0, 0., 0, 0., 5, 17.24137931034483, 0, 0., 0, 0., 233, 232, 465, 29, 0.06236559139784946
, generated\gt\sample_000363.krn, generated\xml_trimmed_2\sample_000363.xml, 0, 0., 15, 30.0, 0, 0., 5, 10.0, 0, 0., 0, 0., 0, 0., 0, 0., 0, 0., 0, 0., 5, 10.0, 0, 0., 0, 0., 0, 0., 0, 0., 0, 0., 0, 0., 0, 0., 0, 0., 6, 12.0, 0, 0., 0, 0., 6, 12.0, 0, 0., 0, 0., 0, 0., 0, 0., 0, 0., 0, 0., 0, 0., 0, 0., 0, 0., 0, 0., 0, 0., 0, 0., 13, 26.0, 0, 0., 0, 0., 0, 0., 391, 403, 794, 50, 0.06297229219143577
, generated\gt\sample_000020.krn, generated\xml_trimmed_2\sample_000020.xml, 0, 0., 0, 0., 0, 0., 0, 0., 0, 0., 0, 0., 0, 0., 0, 0., 0, 0., 1, 4.166666666666667, 7, 29.166666666666668, 0, 0., 0, 0., 0, 0., 0, 0., 1, 4.166666666666667, 0, 0., 0, 0., 0, 0., 0, 0., 0, 0., 0, 0., 15, 62.5, 0, 0., 0, 0., 0, 0., 0, 0., 0, 0., 0, 0., 0, 0., 0, 0., 0, 0., 0, 0., 0, 0., 0, 0., 0, 0., 0, 0., 0, 0., 0, 0., 178, 192, 370, 24, 0.06486486486486487
, generated\gt\sample_000133.krn, generated\xml_trimmed_2\sample_000133.xml, 0, 0., 14, 66.66666666666667, 0, 0., 0, 0., 0, 0., 0, 0., 0, 0., 0, 0., 0, 0., 0, 0., 2, 9.523809523809524, 0, 0., 0, 0., 1, 4.761904761904762, 0, 0., 0, 0., 0, 0., 0, 0., 0, 0., 0, 0., 0, 0., 0, 0., 4, 19.047619047619047, 0, 0., 0, 0., 0, 0., 0, 0., 0, 0., 0, 0., 0, 0., 0, 0., 0, 0., 0, 0., 0, 0., 0, 0., 0, 0., 0, 0., 0, 0., 0, 0., 156, 161, 317, 21, 0.06624605678233439
, generated\gt\sample_000195.krn, generated\xml_trimmed_2\sample_000195.xml, 0, 0., 0, 0., 0, 0., 0, 0., 0, 0., 0, 0., 0, 0., 0, 0., 0, 0., 1, 2.7777777777777777, 6, 16.666666666666668, 1, 2.7777777777777777, 0, 0., 0, 0., 0, 0., 0, 0., 0, 0., 0, 0., 0, 0., 13, 36.111111111111114, 0, 0., 0, 0., 2, 5.555555555555555, 0, 0., 0, 0., 0, 0., 0, 0., 0, 0., 0, 0., 0, 0., 0, 0., 0, 0., 0, 0., 0, 0., 0, 0., 13, 36.111111111111114, 0, 0., 0, 0., 0, 0., 254, 282, 536, 36, 0.06716417910447761
, generated\gt\sample_000417.krn, generated\xml_trimmed_2\sample_000417.xml, 0, 0., 8, 21.62162162162162, 0, 0., 2, 5.405405405405405, 2, 5.405405405405405, 0, 0., 0, 0., 0, 0., 0, 0., 1, 2.7027027027027026, 4, 10.81081081081081, 1, 2.7027027027027026, 0, 0., 0, 0., 6, 16.216216216216218, 0, 0., 0, 0., 0, 0., 0, 0., 0, 0., 0, 0., 0, 0., 0, 0., 0, 0., 0, 0., 0, 0., 0, 0., 0, 0., 0, 0., 0, 0., 0, 0., 0, 0., 0, 0., 0, 0., 0, 0., 13, 35.13513513513514, 0, 0., 0, 0., 0, 0., 274, 275, 549, 37, 0.06739526411657559
, generated\gt\sample_000344.krn, generated\xml_trimmed_2\sample_000344.xml, 0, 0., 10, 71.42857142857143, 0, 0., 0, 0., 0, 0., 0, 0., 0, 0., 0, 0., 0, 0., 0, 0., 2, 14.285714285714286, 0, 0., 0, 0., 0, 0., 0, 0., 1, 7.142857142857143, 0, 0., 0, 0., 0, 0., 0, 0., 0, 0., 0, 0., 1, 7.142857142857143, 0, 0., 0, 0., 0, 0., 0, 0., 0, 0., 0, 0., 0, 0., 0, 0., 0, 0., 0, 0., 0, 0., 0, 0., 0, 0., 0, 0., 0, 0., 0, 0., 101, 95, 196, 14, 0.07142857142857142
, generated\gt\sample_000053.krn, generated\xml_trimmed_2\sample_000053.xml, 0, 0., 18, 54.54545454545455, 0, 0., 0, 0., 1, 3.0303030303030303, 0, 0., 0, 0., 0, 0., 0, 0., 0, 0., 5, 15.151515151515152, 0, 0., 0, 0., 0, 0., 0, 0., 0, 0., 0, 0., 0, 0., 0, 0., 0, 0., 0, 0., 0, 0., 9, 27.272727272727273, 0, 0., 0, 0., 0, 0., 0, 0., 0, 0., 0, 0., 0, 0., 0, 0., 0, 0., 0, 0., 0, 0., 0, 0., 0, 0., 0, 0., 0, 0., 0, 0., 198, 213, 411, 33, 0.08029197080291971
, generated\gt\sample_000352.krn, generated\xml_trimmed_2\sample_000352.xml, 0, 0., 14, 60.869565217391305, 0, 0., 0, 0., 0, 0., 0, 0., 0, 0., 0, 0., 0, 0., 1, 4.3478260869565215, 0, 0., 0, 0., 0, 0., 0, 0., 0, 0., 0, 0., 0, 0., 0, 0., 0, 0., 0, 0., 0, 0., 0, 0., 8, 34.78260869565217, 0, 0., 0, 0., 0, 0., 0, 0., 0, 0., 0, 0., 0, 0., 0, 0., 0, 0., 0, 0., 0, 0., 0, 0., 0, 0., 0, 0., 0, 0., 0, 0., 138, 131, 269, 23, 0.08550185873605948
, generated\gt\sample_000120.krn, generated\xml_trimmed_2\sample_000120.xml, 0, 0., 14, 32.55813953488372, 0, 0., 0, 0., 1, 2.3255813953488373, 0, 0., 0, 0., 0, 0., 0, 0., 0, 0., 5, 11.627906976744185, 0, 0., 0, 0., 0, 0., 0, 0., 3, 6.976744186046512, 0, 0., 0, 0., 0, 0., 7, 16.27906976744186, 0, 0., 0, 0., 0, 0., 0, 0., 0, 0., 0, 0., 0, 0., 0, 0., 0, 0., 0, 0., 0, 0., 0, 0., 0, 0., 0, 0., 0, 0., 13, 30.232558139534884, 0, 0., 0, 0., 0, 0., 243, 256, 499, 43, 0.08617234468937876
, generated\gt\sample_000076.krn, generated\xml_trimmed_2\sample_000076.xml, 0, 0., 23, 50.0, 0, 0., 2, 4.3478260869565215, 0, 0., 0, 0., 0, 0., 0, 0., 0, 0., 0, 0., 7, 15.217391304347826, 1, 2.1739130434782608, 0, 0., 0, 0., 0, 0., 0, 0., 0, 0., 2, 4.3478260869565215, 0, 0., 2, 4.3478260869565215, 1, 2.1739130434782608, 1, 2.1739130434782608, 2, 4.3478260869565215, 0, 0., 0, 0., 0, 0., 0, 0., 0, 0., 0, 0., 0, 0., 0, 0., 0, 0., 0, 0., 0, 0., 0, 0., 0, 0., 5, 10.869565217391305, 0, 0., 0, 0., 264, 268, 532, 46, 0.08646616541353383
, generated\gt\sample_000479.krn, generated\xml_trimmed_2\sample_000479.xml, 0, 0., 18, 64.28571428571429, 0, 0., 2, 7.142857142857143, 0, 0., 0, 0., 0, 0., 0, 0., 0, 0., 0, 0., 0, 0., 0, 0., 0, 0., 0, 0., 0, 0., 0, 0., 0, 0., 0, 0., 0, 0., 1, 3.5714285714285716, 0, 0., 0, 0., 7, 25.0, 0, 0., 0, 0., 0, 0., 0, 0., 0, 0., 0, 0., 0, 0., 0, 0., 0, 0., 0, 0., 0, 0., 0, 0., 0, 0., 0, 0., 0, 0., 0, 0., 163, 158, 321, 28, 0.08722741433021806
, generated\gt\sample_000518.krn, generated\xml_trimmed_2\sample_000518.xml, 0, 0., 0, 0., 0, 0., 29, 96.66666666666667, 0, 0., 0, 0., 0, 0., 0, 0., 0, 0., 0, 0., 0, 0., 0, 0., 0, 0., 0, 0., 0, 0., 0, 0., 0, 0., 0, 0., 0, 0., 0, 0., 0, 0., 0, 0., 1, 3.3333333333333335, 0, 0., 0, 0., 0, 0., 0, 0., 0, 0., 0, 0., 0, 0., 0, 0., 0, 0., 0, 0., 0, 0., 0, 0., 0, 0., 0, 0., 0, 0., 0, 0., 153, 154, 307, 30, 0.09771986970684039
, generated\gt\sample_000519.krn, generated\xml_trimmed_2\sample_000519.xml, 0, 0., 26, 70.27027027027027, 0, 0., 0, 0., 0, 0., 0, 0., 0, 0., 0, 0., 0, 0., 0, 0., 0, 0., 0, 0., 0, 0., 2, 5.405405405405405, 0, 0., 1, 2.7027027027027026, 0, 0., 0, 0., 0, 0., 0, 0., 0, 0., 0, 0., 5, 13.513513513513514, 0, 0., 0, 0., 0, 0., 0, 0., 3, 8.108108108108109, 0, 0., 0, 0., 0, 0., 0, 0., 0, 0., 0, 0., 0, 0., 0, 0., 0, 0., 0, 0., 0, 0., 168, 168, 336, 37, 0.11011904761904762
, generated\gt\sample_000454.krn, generated\xml_trimmed_2\sample_000454.xml, 0, 0., 42, 63.63636363636363, 4, 6.0606060606060606, 9, 13.636363636363637, 0, 0., 0, 0., 1, 1.5151515151515151, 0, 0., 0, 0., 0, 0., 0, 0., 0, 0., 0, 0., 0, 0., 4, 6.0606060606060606, 0, 0., 0, 0., 0, 0., 0, 0., 0, 0., 0, 0., 0, 0., 1, 1.5151515151515151, 0, 0., 0, 0., 0, 0., 0, 0., 0, 0., 0, 0., 0, 0., 0, 0., 0, 0., 0, 0., 0, 0., 0, 0., 0, 0., 5, 7.575757575757576, 0, 0., 0, 0., 291, 295, 586, 66, 0.11262798634812286
, generated\gt\sample_000354.krn, generated\xml_trimmed_2\sample_000354.xml, 0, 0., 27, 71.05263157894737, 0, 0., 3, 7.894736842105263, 0, 0., 0, 0., 0, 0., 0, 0., 0, 0., 0, 0., 2, 5.2631578947368425, 1, 2.6315789473684212, 0, 0., 0, 0., 0, 0., 0, 0., 0, 0., 0, 0., 0, 0., 0, 0., 0, 0., 0, 0., 5, 13.157894736842104, 0, 0., 0, 0., 0, 0., 0, 0., 0, 0., 0, 0., 0, 0., 0, 0., 0, 0., 0, 0., 0, 0., 0, 0., 0, 0., 0, 0., 0, 0., 0, 0., 164, 166, 330, 38, 0.11515151515151516
, generated\gt\sample_000511.krn, generated\xml_trimmed_2\sample_000511.xml, 0, 0., 26, 60.46511627906977, 0, 0., 1, 2.3255813953488373, 0, 0., 0, 0., 0, 0., 0, 0., 0, 0., 1, 2.3255813953488373, 2, 4.651162790697675, 2, 4.651162790697675, 0, 0., 0, 0., 0, 0., 0, 0., 0, 0., 0, 0., 0, 0., 0, 0., 0, 0., 0, 0., 11, 25.58139534883721, 0, 0., 0, 0., 0, 0., 0, 0., 0, 0., 0, 0., 0, 0., 0, 0., 0, 0., 0, 0., 0, 0., 0, 0., 0, 0., 0, 0., 0, 0., 0, 0., 188, 175, 363, 43, 0.1184573002754821
, generated\gt\sample_000106.krn, generated\xml_trimmed_2\sample_000106.xml, 0, 0., 0, 0., 2, 6.0606060606060606, 0, 0., 7, 21.21212121212121, 0, 0., 0, 0., 0, 0., 0, 0., 1, 3.0303030303030303, 6, 18.181818181818183, 0, 0., 0, 0., 0, 0., 4, 12.121212121212121, 0, 0., 0, 0., 0, 0., 5, 15.151515151515152, 2, 6.0606060606060606, 0, 0., 0, 0., 1, 3.0303030303030303, 0, 0., 0, 0., 0, 0., 0, 0., 0, 0., 0, 0., 0, 0., 0, 0., 0, 0., 0, 0., 0, 0., 0, 0., 0, 0., 5, 15.151515151515152, 0, 0., 0, 0., 144, 134, 278, 33, 0.11870503597122302
, generated\gt\sample_000608.krn, generated\xml_trimmed_2\sample_000608.xml, 0, 0., 56, 74.66666666666667, 0, 0., 0, 0., 1, 1.3333333333333333, 0, 0., 3, 4.0, 0, 0., 0, 0., 0, 0., 5, 6.666666666666667, 0, 0., 0, 0., 0, 0., 4, 5.333333333333333, 0, 0., 0, 0., 0, 0., 0, 0., 0, 0., 0, 0., 0, 0., 1, 1.3333333333333333, 0, 0., 0, 0., 0, 0., 0, 0., 0, 0., 0, 0., 0, 0., 0, 0., 0, 0., 0, 0., 0, 0., 0, 0., 0, 0., 5, 6.666666666666667, 0, 0., 0, 0., 327, 303, 630, 75, 0.11904761904761904
, generated\gt\sample_000177.krn, generated\xml_trimmed_2\sample_000177.xml, 0, 0., 40, 65.57377049180327, 0, 0., 5, 8.19672131147541, 1, 1.639344262295082, 0, 0., 0, 0., 0, 0., 0, 0., 0, 0., 2, 3.278688524590164, 0, 0., 0, 0., 0, 0., 4, 6.557377049180328, 0, 0., 0, 0., 0, 0., 0, 0., 1, 1.639344262295082, 0, 0., 0, 0., 3, 4.918032786885246, 0, 0., 0, 0., 0, 0., 0, 0., 0, 0., 0, 0., 0, 0., 0, 0., 0, 0., 0, 0., 0, 0., 0, 0., 0, 0., 5, 8.19672131147541, 0, 0., 0, 0., 232, 231, 463, 61, 0.13174946004319654
, generated\gt\sample_000178.krn, generated\xml_trimmed_2\sample_000178.xml, 0, 0., 80, 74.07407407407408, 0, 0., 9, 8.333333333333334, 2, 1.8518518518518519, 0, 0., 0, 0., 0, 0., 0, 0., 2, 1.8518518518518519, 1, 0.9259259259259259, 0, 0., 0, 0., 0, 0., 4, 3.7037037037037037, 0, 0., 0, 0., 0, 0., 0, 0., 1, 0.9259259259259259, 1, 0.9259259259259259, 0, 0., 3, 2.7777777777777777, 0, 0., 0, 0., 0, 0., 0, 0., 0, 0., 0, 0., 0, 0., 0, 0., 0, 0., 0, 0., 0, 0., 0, 0., 0, 0., 5, 4.62962962962963, 0, 0., 0, 0., 400, 390, 790, 108, 0.13670886075949368
, generated\gt\sample_000407.krn, generated\xml_trimmed_2\sample_000407.xml, 0, 0., 50, 64.93506493506493, 2, 2.5974025974025974, 3, 3.896103896103896, 0, 0., 0, 0., 0, 0., 0, 0., 0, 0., 0, 0., 3, 3.896103896103896, 0, 0., 0, 0., 0, 0., 0, 0., 0, 0., 0, 0., 0, 0., 0, 0., 1, 1.2987012987012987, 0, 0., 0, 0., 3, 3.896103896103896, 0, 0., 0, 0., 0, 0., 0, 0., 0, 0., 0, 0., 0, 0., 0, 0., 0, 0., 10, 12.987012987012987, 0, 0., 0, 0., 0, 0., 5, 6.4935064935064934, 0, 0., 0, 0., 261, 254, 515, 77, 0.14951456310679612
, generated\gt\sample_000023.krn, generated\xml_trimmed_2\sample_000023.xml, 0, 0., 21, 18.42105263157895, 0, 0., 2, 1.7543859649122806, 0, 0., 0, 0., 33, 28.94736842105263, 0, 0., 0, 0., 0, 0., 2, 1.7543859649122806, 0, 0., 0, 0., 0, 0., 4, 3.508771929824561, 8, 7.017543859649122, 0, 0., 0, 0., 0, 0., 2, 1.7543859649122806, 0, 0., 0, 0., 0, 0., 0, 0., 0, 0., 0, 0., 0, 0., 0, 0., 0, 0., 0, 0., 0, 0., 0, 0., 37, 32.45614035087719, 0, 0., 0, 0., 0, 0., 5, 4.385964912280702, 0, 0., 0, 0., 397, 331, 728, 114, 0.1565934065934066
, generated\gt\sample_000449.krn, generated\xml_trimmed_2\sample_000449.xml, 0, 0., 8, 47.05882352941177, 2, 11.764705882352942, 0, 0., 0, 0., 0, 0., 0, 0., 0, 0., 0, 0., 2, 11.764705882352942, 0, 0., 0, 0., 0, 0., 0, 0., 0, 0., 0, 0., 0, 0., 0, 0., 0, 0., 0, 0., 0, 0., 0, 0., 1, 5.882352941176471, 0, 0., 0, 0., 0, 0., 0, 0., 0, 0., 0, 0., 0, 0., 0, 0., 0, 0., 4, 23.529411764705884, 0, 0., 0, 0., 0, 0., 0, 0., 0, 0., 0, 0., 51, 52, 103, 17, 0.1650485436893204
, generated\gt\sample_000003.krn, generated\xml_trimmed_2\sample_000003.xml, 0, 0., 60, 86.95652173913044, 0, 0., 3, 4.3478260869565215, 0, 0., 0, 0., 0, 0., 0, 0., 0, 0., 1, 1.4492753623188406, 0, 0., 0, 0., 0, 0., 0, 0., 0, 0., 0, 0., 0, 0., 0, 0., 0, 0., 0, 0., 0, 0., 0, 0., 5, 7.246376811594203, 0, 0., 0, 0., 0, 0., 0, 0., 0, 0., 0, 0., 0, 0., 0, 0., 0, 0., 0, 0., 0, 0., 0, 0., 0, 0., 0, 0., 0, 0., 0, 0., 232, 177, 409, 69, 0.1687041564792176
, generated\gt\sample_000173.krn, generated\xml_trimmed_2\sample_000173.xml, 0, 0., 20, 45.45454545454545, 2, 4.545454545454546, 0, 0., 1, 2.272727272727273, 0, 0., 0, 0., 0, 0., 0, 0., 1, 2.272727272727273, 7, 15.909090909090908, 0, 0., 0, 0., 0, 0., 4, 9.090909090909092, 2, 4.545454545454546, 0, 0., 0, 0., 0, 0., 1, 2.272727272727273, 0, 0., 0, 0., 1, 2.272727272727273, 0, 0., 0, 0., 0, 0., 0, 0., 0, 0., 0, 0., 0, 0., 0, 0., 0, 0., 0, 0., 0, 0., 0, 0., 0, 0., 5, 11.363636363636363, 0, 0., 0, 0., 125, 133, 258, 44, 0.17054263565891473
, generated\gt\sample_000559.krn, generated\xml_trimmed_2\sample_000559.xml, 0, 0., 58, 79.45205479452055, 0, 0., 1, 1.36986301369863, 1, 1.36986301369863, 0, 0., 0, 0., 0, 0., 0, 0., 0, 0., 3, 4.109589041095891, 0, 0., 0, 0., 0, 0., 0, 0., 0, 0., 0, 0., 0, 0., 0, 0., 0, 0., 0, 0., 0, 0., 10, 13.698630136986301, 0, 0., 0, 0., 0, 0., 0, 0., 0, 0., 0, 0., 0, 0., 0, 0., 0, 0., 0, 0., 0, 0., 0, 0., 0, 0., 0, 0., 0, 0., 0, 0., 218, 193, 411, 73, 0.17761557177615572
, generated\gt\sample_000175.krn, generated\xml_trimmed_2\sample_000175.xml, 0, 0., 8, 13.559322033898304, 0, 0., 1, 1.694915254237288, 0, 0., 0, 0., 0, 0., 0, 0., 0, 0., 0, 0., 0, 0., 0, 0., 0, 0., 0, 0., 0, 0., 0, 0., 0, 0., 2, 3.389830508474576, 0, 0., 4, 6.779661016949152, 0, 0., 0, 0., 2, 3.389830508474576, 0, 0., 0, 0., 0, 0., 0, 0., 0, 0., 0, 0., 0, 0., 0, 0., 0, 0., 37, 62.71186440677966, 0, 0., 0, 0., 0, 0., 5, 8.474576271186441, 0, 0., 0, 0., 166, 166, 332, 59, 0.17771084337349397
, generated\gt\sample_000311.krn, generated\xml_trimmed_2\sample_000311.xml, 0, 0., 46, 74.19354838709677, 0, 0., 0, 0., 0, 0., 4, 6.451612903225806, 0, 0., 0, 0., 0, 0., 2, 3.225806451612903, 0, 0., 0, 0., 0, 0., 0, 0., 0, 0., 1, 1.6129032258064515, 0, 0., 0, 0., 0, 0., 0, 0., 0, 0., 0, 0., 9, 14.516129032258064, 0, 0., 0, 0., 0, 0., 0, 0., 0, 0., 0, 0., 0, 0., 0, 0., 0, 0., 0, 0., 0, 0., 0, 0., 0, 0., 0, 0., 0, 0., 0, 0., 163, 182, 345, 62, 0.17971014492753623
, generated\gt\sample_000213.krn, generated\xml_trimmed_2\sample_000213.xml, 0, 0., 26, 46.42857142857143, 0, 0., 2, 3.5714285714285716, 0, 0., 0, 0., 0, 0., 0, 0., 0, 0., 0, 0., 0, 0., 0, 0., 0, 0., 0, 0., 0, 0., 0, 0., 0, 0., 0, 0., 0, 0., 0, 0., 0, 0., 0, 0., 2, 3.5714285714285716, 0, 0., 0, 0., 0, 0., 0, 0., 0, 0., 0, 0., 0, 0., 0, 0., 0, 0., 26, 46.42857142857143, 0, 0., 0, 0., 0, 0., 0, 0., 0, 0., 0, 0., 139, 163, 302, 56, 0.18543046357615894
, generated\gt\sample_000605.krn, generated\xml_trimmed_2\sample_000605.xml, 0, 0., 73, 82.95454545454545, 0, 0., 0, 0., 1, 1.1363636363636365, 0, 0., 0, 0., 0, 0., 0, 0., 0, 0., 0, 0., 0, 0., 0, 0., 0, 0., 0, 0., 2, 2.272727272727273, 0, 0., 2, 2.272727272727273, 0, 0., 3, 3.409090909090909, 0, 0., 0, 0., 2, 2.272727272727273, 0, 0., 0, 0., 0, 0., 0, 0., 0, 0., 0, 0., 0, 0., 0, 0., 0, 0., 0, 0., 0, 0., 0, 0., 0, 0., 5, 5.681818181818182, 0, 0., 0, 0., 239, 232, 471, 88, 0.18683651804670912
, generated\gt\sample_000365.krn, generated\xml_trimmed_2\sample_000365.xml, 0, 0., 77, 93.90243902439025, 0, 0., 0, 0., 0, 0., 0, 0., 0, 0., 0, 0., 0, 0., 1, 1.2195121951219512, 0, 0., 0, 0., 0, 0., 0, 0., 0, 0., 0, 0., 0, 0., 0, 0., 0, 0., 0, 0., 0, 0., 0, 0., 4, 4.878048780487805, 0, 0., 0, 0., 0, 0., 0, 0., 0, 0., 0, 0., 0, 0., 0, 0., 0, 0., 0, 0., 0, 0., 0, 0., 0, 0., 0, 0., 0, 0., 0, 0., 219, 211, 430, 82, 0.19069767441860466
, generated\gt\sample_000452.krn, generated\xml_trimmed_2\sample_000452.xml, 0, 0., 86, 71.66666666666667, 0, 0., 13, 10.833333333333334, 0, 0., 0, 0., 0, 0., 0, 0., 0, 0., 5, 4.166666666666667, 1, 0.8333333333333334, 0, 0., 0, 0., 0, 0., 4, 3.3333333333333335, 2, 1.6666666666666667, 0, 0., 0, 0., 0, 0., 1, 0.8333333333333334, 1, 0.8333333333333334, 1, 0.8333333333333334, 1, 0.8333333333333334, 0, 0., 0, 0., 0, 0., 0, 0., 0, 0., 0, 0., 0, 0., 0, 0., 0, 0., 0, 0., 0, 0., 0, 0., 0, 0., 5, 4.166666666666667, 0, 0., 0, 0., 319, 305, 624, 120, 0.19230769230769232
, generated\gt\sample_000455.krn, generated\xml_trimmed_2\sample_000455.xml, 0, 0., 61, 73.49397590361446, 0, 0., 2, 2.4096385542168677, 1, 1.2048192771084338, 0, 0., 1, 1.2048192771084338, 0, 0., 0, 0., 0, 0., 1, 1.2048192771084338, 0, 0., 0, 0., 0, 0., 2, 2.4096385542168677, 1, 1.2048192771084338, 0, 0., 6, 7.228915662650603, 0, 0., 0, 0., 0, 0., 0, 0., 8, 9.63855421686747, 0, 0., 0, 0., 0, 0., 0, 0., 0, 0., 0, 0., 0, 0., 0, 0., 0, 0., 0, 0., 0, 0., 0, 0., 0, 0., 0, 0., 0, 0., 0, 0., 217, 209, 426, 83, 0.19483568075117372
, generated\gt\sample_000524.krn, generated\xml_trimmed_2\sample_000524.xml, 0, 0., 58, 72.5, 0, 0., 2, 2.5, 2, 2.5, 0, 0., 0, 0., 0, 0., 0, 0., 0, 0., 2, 2.5, 0, 0., 0, 0., 0, 0., 0, 0., 0, 0., 0, 0., 0, 0., 0, 0., 0, 0., 0, 0., 0, 0., 16, 20.0, 0, 0., 0, 0., 0, 0., 0, 0., 0, 0., 0, 0., 0, 0., 0, 0., 0, 0., 0, 0., 0, 0., 0, 0., 0, 0., 0, 0., 0, 0., 0, 0., 196, 205, 401, 80, 0.19950124688279303
, generated\gt\sample_000283.krn, generated\xml_trimmed_2\sample_000283.xml, 0, 0., 58, 76.3157894736842, 0, 0., 0, 0., 1, 1.3157894736842106, 0, 0., 0, 0., 0, 0., 0, 0., 0, 0., 2, 2.6315789473684212, 0, 0., 0, 0., 0, 0., 2, 2.6315789473684212, 0, 0., 0, 0., 0, 0., 0, 0., 2, 2.6315789473684212, 0, 0., 0, 0., 6, 7.894736842105263, 0, 0., 0, 0., 0, 0., 0, 0., 0, 0., 0, 0., 0, 0., 0, 0., 0, 0., 0, 0., 0, 0., 0, 0., 0, 0., 5, 6.578947368421052, 0, 0., 0, 0., 186, 190, 376, 76, 0.20212765957446807
, generated\gt\sample_000179.krn, generated\xml_trimmed_2\sample_000179.xml, 0, 0., 37, 43.02325581395349, 0, 0., 2, 2.3255813953488373, 0, 0., 0, 0., 0, 0., 0, 0., 0, 0., 0, 0., 7, 8.13953488372093, 0, 0., 0, 0., 0, 0., 9, 10.465116279069768, 0, 0., 0, 0., 0, 0., 0, 0., 16, 18.6046511627907, 0, 0., 0, 0., 2, 2.3255813953488373, 0, 0., 0, 0., 0, 0., 0, 0., 0, 0., 0, 0., 0, 0., 0, 0., 0, 0., 0, 0., 0, 0., 0, 0., 13, 15.116279069767442, 0, 0., 0, 0., 0, 0., 196, 229, 425, 86, 0.2023529411764706
, generated\gt\sample_000621.krn, generated\xml_trimmed_2\sample_000621.xml, 0, 0., 63, 82.89473684210526, 0, 0., 0, 0., 1, 1.3157894736842106, 2, 2.6315789473684212, 0, 0., 0, 0., 0, 0., 2, 2.6315789473684212, 0, 0., 0, 0., 0, 0., 0, 0., 0, 0., 0, 0., 0, 0., 0, 0., 0, 0., 0, 0., 0, 0., 0, 0., 8, 10.526315789473685, 0, 0., 0, 0., 0, 0., 0, 0., 0, 0., 0, 0., 0, 0., 0, 0., 0, 0., 0, 0., 0, 0., 0, 0., 0, 0., 0, 0., 0, 0., 0, 0., 188, 179, 367, 76, 0.20708446866485014
, generated\gt\sample_000269.krn, generated\xml_trimmed_2\sample_000269.xml, 0, 0., 54, 62.7906976744186, 0, 0., 11, 12.790697674418604, 4, 4.651162790697675, 0, 0., 1, 1.1627906976744187, 0, 0., 0, 0., 1, 1.1627906976744187, 1, 1.1627906976744187, 0, 0., 0, 0., 0, 0., 4, 4.651162790697675, 0, 0., 0, 0., 0, 0., 0, 0., 0, 0., 1, 1.1627906976744187, 0, 0., 4, 4.651162790697675, 0, 0., 0, 0., 0, 0., 0, 0., 0, 0., 0, 0., 0, 0., 0, 0., 0, 0., 0, 0., 0, 0., 0, 0., 0, 0., 5, 5.813953488372093, 0, 0., 0, 0., 215, 193, 408, 86, 0.2107843137254902
, generated\gt\sample_000412.krn, generated\xml_trimmed_2\sample_000412.xml, 0, 0., 39, 32.773109243697476, 0, 0., 4, 3.361344537815126, 1, 0.8403361344537815, 0, 0., 1, 0.8403361344537815, 0, 0., 0, 0., 3, 2.5210084033613445, 3, 2.5210084033613445, 0, 0., 0, 0., 0, 0., 4, 3.361344537815126, 2, 1.680672268907563, 0, 0., 0, 0., 0, 0., 6, 5.042016806722689, 0, 0., 0, 0., 2, 1.680672268907563, 0, 0., 0, 0., 0, 0., 0, 0., 0, 0., 0, 0., 0, 0., 0, 0., 0, 0., 49, 41.1764705882353, 0, 0., 0, 0., 0, 0., 5, 4.201680672268908, 0, 0., 0, 0., 281, 276, 557, 119, 0.21364452423698385
, generated\gt\sample_000142.krn, generated\xml_trimmed_2\sample_000142.xml, 0, 0., 52, 78.78787878787878, 0, 0., 4, 6.0606060606060606, 0, 0., 0, 0., 0, 0., 0, 0., 0, 0., 0, 0., 3, 4.545454545454546, 0, 0., 0, 0., 0, 0., 0, 0., 0, 0., 0, 0., 0, 0., 0, 0., 0, 0., 0, 0., 0, 0., 7, 10.606060606060606, 0, 0., 0, 0., 0, 0., 0, 0., 0, 0., 0, 0., 0, 0., 0, 0., 0, 0., 0, 0., 0, 0., 0, 0., 0, 0., 0, 0., 0, 0., 0, 0., 156, 150, 306, 66, 0.21568627450980393
, generated\gt\sample_000630.krn, generated\xml_trimmed_2\sample_000630.xml, 0, 0., 17, 58.62068965517241, 0, 0., 2, 6.896551724137931, 0, 0., 0, 0., 0, 0., 0, 0., 0, 0., 0, 0., 0, 0., 0, 0., 0, 0., 1, 3.4482758620689653, 0, 0., 0, 0., 0, 0., 0, 0., 0, 0., 0, 0., 0, 0., 0, 0., 9, 31.03448275862069, 0, 0., 0, 0., 0, 0., 0, 0., 0, 0., 0, 0., 0, 0., 0, 0., 0, 0., 0, 0., 0, 0., 0, 0., 0, 0., 0, 0., 0, 0., 0, 0., 65, 68, 133, 29, 0.21804511278195488
, generated\gt\sample_000021.krn, generated\xml_trimmed_2\sample_000021.xml, 0, 0., 33, 57.89473684210526, 0, 0., 2, 3.508771929824561, 0, 0., 0, 0., 0, 0., 0, 0., 0, 0., 0, 0., 0, 0., 0, 0., 0, 0., 2, 3.508771929824561, 0, 0., 0, 0., 0, 0., 0, 0., 0, 0., 0, 0., 0, 0., 0, 0., 20, 35.08771929824562, 0, 0., 0, 0., 0, 0., 0, 0., 0, 0., 0, 0., 0, 0., 0, 0., 0, 0., 0, 0., 0, 0., 0, 0., 0, 0., 0, 0., 0, 0., 0, 0., 126, 134, 260, 57, 0.21923076923076923
, generated\gt\sample_000282.krn, generated\xml_trimmed_2\sample_000282.xml, 0, 0., 64, 65.97938144329896, 0, 0., 1, 1.0309278350515463, 0, 0., 0, 0., 0, 0., 0, 0., 0, 0., 0, 0., 14, 14.43298969072165, 0, 0., 0, 0., 0, 0., 2, 2.0618556701030926, 0, 0., 0, 0., 0, 0., 0, 0., 1, 1.0309278350515463, 0, 0., 0, 0., 10, 10.309278350515465, 0, 0., 0, 0., 0, 0., 0, 0., 0, 0., 0, 0., 0, 0., 0, 0., 0, 0., 0, 0., 0, 0., 0, 0., 0, 0., 5, 5.154639175257732, 0, 0., 0, 0., 228, 210, 438, 97, 0.22146118721461186
, generated\gt\sample_000429.krn, generated\xml_trimmed_2\sample_000429.xml, 0, 0., 4, 11.428571428571429, 0, 0., 0, 0., 0, 0., 0, 0., 0, 0., 0, 0., 0, 0., 1, 2.857142857142857, 1, 2.857142857142857, 0, 0., 0, 0., 0, 0., 0, 0., 0, 0., 0, 0., 0, 0., 0, 0., 0, 0., 0, 0., 0, 0., 12, 34.285714285714285, 0, 0., 0, 0., 0, 0., 0, 0., 0, 0., 0, 0., 0, 0., 0, 0., 0, 0., 17, 48.57142857142857, 0, 0., 0, 0., 0, 0., 0, 0., 0, 0., 0, 0., 68, 87, 155, 35, 0.22580645161290322
, generated\gt\sample_000385.krn, generated\xml_trimmed_2\sample_000385.xml, 0, 0., 0, 0., 0, 0., 0, 0., 0, 0., 0, 0., 2, 2.7027027027027026, 0, 0., 0, 0., 0, 0., 1, 1.3513513513513513, 0, 0., 0, 0., 0, 0., 0, 0., 0, 0., 0, 0., 0, 0., 0, 0., 0, 0., 0, 0., 0, 0., 12, 16.216216216216218, 0, 0., 0, 0., 0, 0., 0, 0., 0, 0., 0, 0., 0, 0., 0, 0., 0, 0., 59, 79.72972972972973, 0, 0., 0, 0., 0, 0., 0, 0., 0, 0., 0, 0., 150, 168, 318, 74, 0.23270440251572327
, generated\gt\sample_000239.krn, generated\xml_trimmed_2\sample_000239.xml, 0, 0., 10, 14.925373134328359, 0, 0., 0, 0., 1, 1.492537313432836, 0, 0., 0, 0., 0, 0., 0, 0., 0, 0., 2, 2.985074626865672, 0, 0., 0, 0., 0, 0., 0, 0., 0, 0., 0, 0., 0, 0., 0, 0., 0, 0., 0, 0., 0, 0., 11, 16.417910447761194, 0, 0., 0, 0., 0, 0., 0, 0., 0, 0., 0, 0., 0, 0., 0, 0., 0, 0., 43, 64.17910447761194, 0, 0., 0, 0., 0, 0., 0, 0., 0, 0., 0, 0., 132, 146, 278, 67, 0.24100719424460432
, generated\gt\sample_000284.krn, generated\xml_trimmed_2\sample_000284.xml, 0, 0., 70, 70.0, 0, 0., 2, 2.0, 0, 0., 0, 0., 0, 0., 0, 0., 0, 0., 0, 0., 12, 12.0, 0, 0., 0, 0., 0, 0., 2, 2.0, 0, 0., 0, 0., 0, 0., 0, 0., 1, 1.0, 0, 0., 0, 0., 8, 8.0, 0, 0., 0, 0., 0, 0., 0, 0., 0, 0., 0, 0., 0, 0., 0, 0., 0, 0., 0, 0., 0, 0., 0, 0., 0, 0., 5, 5.0, 0, 0., 0, 0., 212, 195, 407, 100, 0.2457002457002457
, generated\gt\sample_000268.krn, generated\xml_trimmed_2\sample_000268.xml, 0, 0., 60, 67.41573033707866, 0, 0., 2, 2.247191011235955, 3, 3.3707865168539324, 0, 0., 1, 1.1235955056179776, 0, 0., 0, 0., 3, 3.3707865168539324, 0, 0., 0, 0., 0, 0., 0, 0., 4, 4.49438202247191, 0, 0., 0, 0., 6, 6.741573033707865, 0, 0., 1, 1.1235955056179776, 0, 0., 0, 0., 4, 4.49438202247191, 0, 0., 0, 0., 0, 0., 0, 0., 0, 0., 0, 0., 0, 0., 0, 0., 0, 0., 0, 0., 0, 0., 0, 0., 0, 0., 5, 5.617977528089888, 0, 0., 0, 0., 181, 173, 354, 89, 0.2514124293785311
, generated\gt\sample_000316.krn, generated\xml_trimmed_2\sample_000316.xml, 0, 0., 41, 40.19607843137255, 0, 0., 4, 3.9215686274509802, 0, 0., 0, 0., 0, 0., 0, 0., 0, 0., 0, 0., 5, 4.901960784313726, 1, 0.9803921568627451, 0, 0., 0, 0., 9, 8.823529411764707, 0, 0., 0, 0., 0, 0., 0, 0., 11, 10.784313725490197, 0, 0., 0, 0., 3, 2.9411764705882355, 0, 0., 0, 0., 0, 0., 0, 0., 0, 0., 0, 0., 0, 0., 0, 0., 0, 0., 15, 14.705882352941176, 0, 0., 0, 0., 13, 12.745098039215685, 0, 0., 0, 0., 0, 0., 211, 193, 404, 102, 0.2524752475247525
, generated\gt\sample_000002.krn, generated\xml_trimmed_2\sample_000002.xml, 0, 0., 71, 78.88888888888889, 0, 0., 0, 0., 0, 0., 0, 0., 0, 0., 0, 0., 0, 0., 0, 0., 1, 1.1111111111111112, 0, 0., 0, 0., 0, 0., 0, 0., 0, 0., 0, 0., 2, 2.2222222222222223, 0, 0., 0, 0., 0, 0., 0, 0., 16, 17.77777777777778, 0, 0., 0, 0., 0, 0., 0, 0., 0, 0., 0, 0., 0, 0., 0, 0., 0, 0., 0, 0., 0, 0., 0, 0., 0, 0., 0, 0., 0, 0., 0, 0., 166, 188, 354, 90, 0.2542372881355932
, generated\gt\sample_000258.krn, generated\xml_trimmed_2\sample_000258.xml, 0, 0., 3, 6.0, 0, 0., 1, 2.0, 0, 0., 0, 0., 0, 0., 0, 0., 0, 0., 4, 8.0, 4, 8.0, 0, 0., 0, 0., 0, 0., 0, 0., 0, 0., 0, 0., 0, 0., 0, 0., 0, 0., 0, 0., 0, 0., 4, 8.0, 0, 0., 0, 0., 0, 0., 0, 0., 0, 0., 0, 0., 0, 0., 0, 0., 0, 0., 34, 68.0, 0, 0., 0, 0., 0, 0., 0, 0., 0, 0., 0, 0., 102, 93, 195, 50, 0.2564102564102564
, generated\gt\sample_000062.krn, generated\xml_trimmed_2\sample_000062.xml, 0, 0., 54, 93.10344827586206, 0, 0., 0, 0., 0, 0., 0, 0., 0, 0., 0, 0., 0, 0., 0, 0., 0, 0., 0, 0., 0, 0., 0, 0., 0, 0., 0, 0., 0, 0., 0, 0., 0, 0., 0, 0., 0, 0., 0, 0., 4, 6.896551724137931, 0, 0., 0, 0., 0, 0., 0, 0., 0, 0., 0, 0., 0, 0., 0, 0., 0, 0., 0, 0., 0, 0., 0, 0., 0, 0., 0, 0., 0, 0., 0, 0., 125, 101, 226, 58, 0.25663716814159293
, generated\gt\sample_000475.krn, generated\xml_trimmed_2\sample_000475.xml, 0, 0., 29, 24.576271186440678, 0, 0., 2, 1.694915254237288, 0, 0., 0, 0., 3, 2.542372881355932, 0, 0., 0, 0., 0, 0., 3, 2.542372881355932, 0, 0., 0, 0., 0, 0., 0, 0., 0, 0., 0, 0., 0, 0., 0, 0., 0, 0., 0, 0., 0, 0., 11, 9.322033898305085, 0, 0., 0, 0., 0, 0., 0, 0., 0, 0., 0, 0., 0, 0., 0, 0., 0, 0., 70, 59.32203389830509, 0, 0., 0, 0., 0, 0., 0, 0., 0, 0., 0, 0., 223, 234, 457, 118, 0.25820568927789933
, generated\gt\sample_000329.krn, generated\xml_trimmed_2\sample_000329.xml, 0, 0., 116, 79.45205479452055, 0, 0., 4, 2.73972602739726, 0, 0., 2, 1.36986301369863, 1, 0.684931506849315, 0, 0., 0, 0., 2, 1.36986301369863, 0, 0., 0, 0., 0, 0., 0, 0., 0, 0., 0, 0., 0, 0., 0, 0., 0, 0., 0, 0., 0, 0., 0, 0., 21, 14.383561643835616, 0, 0., 0, 0., 0, 0., 0, 0., 0, 0., 0, 0., 0, 0., 0, 0., 0, 0., 0, 0., 0, 0., 0, 0., 0, 0., 0, 0., 0, 0., 0, 0., 289, 269, 558, 146, 0.2616487455197133
, generated\gt\sample_000247.krn, generated\xml_trimmed_2\sample_000247.xml, 0, 0., 91, 84.25925925925925, 0, 0., 3, 2.7777777777777777, 0, 0., 0, 0., 0, 0., 0, 0., 0, 0., 2, 1.8518518518518519, 1, 0.9259259259259259, 0, 0., 0, 0., 0, 0., 0, 0., 0, 0., 0, 0., 0, 0., 0, 0., 0, 0., 0, 0., 0, 0., 11, 10.185185185185185, 0, 0., 0, 0., 0, 0., 0, 0., 0, 0., 0, 0., 0, 0., 0, 0., 0, 0., 0, 0., 0, 0., 0, 0., 0, 0., 0, 0., 0, 0., 0, 0., 220, 186, 406, 108, 0.2660098522167488
, generated\gt\sample_000520.krn, generated\xml_trimmed_2\sample_000520.xml, 0, 0., 133, 75.14124293785311, 0, 0., 18, 10.169491525423728, 0, 0., 6, 3.389830508474576, 0, 0., 0, 0., 0, 0., 10, 5.649717514124294, 3, 1.694915254237288, 0, 0., 0, 0., 0, 0., 0, 0., 1, 0.5649717514124294, 0, 0., 0, 0., 0, 0., 0, 0., 0, 0., 0, 0., 6, 3.389830508474576, 0, 0., 0, 0., 0, 0., 0, 0., 0, 0., 0, 0., 0, 0., 0, 0., 0, 0., 0, 0., 0, 0., 0, 0., 0, 0., 0, 0., 0, 0., 0, 0., 339, 310, 649, 177, 0.2727272727272727
, generated\gt\sample_000556.krn, generated\xml_trimmed_2\sample_000556.xml, 0, 0., 0, 0., 0, 0., 0, 0., 0, 0., 0, 0., 0, 0., 0, 0., 0, 0., 0, 0., 0, 0., 0, 0., 0, 0., 0, 0., 0, 0., 0, 0., 0, 0., 0, 0., 0, 0., 0, 0., 0, 0., 0, 0., 1, 0.8771929824561403, 0, 0., 0, 0., 0, 0., 0, 0., 0, 0., 0, 0., 0, 0., 0, 0., 0, 0., 113, 99.12280701754386, 0, 0., 0, 0., 0, 0., 0, 0., 0, 0., 0, 0., 176, 242, 418, 114, 0.2727272727272727
, generated\gt\sample_000093.krn, generated\xml_trimmed_2\sample_000093.xml, 0, 0., 80, 76.19047619047619, 0, 0., 10, 9.523809523809524, 1, 0.9523809523809523, 0, 0., 0, 0., 0, 0., 0, 0., 0, 0., 4, 3.8095238095238093, 0, 0., 0, 0., 0, 0., 0, 0., 0, 0., 0, 0., 0, 0., 0, 0., 1, 0.9523809523809523, 1, 0.9523809523809523, 0, 0., 3, 2.857142857142857, 0, 0., 0, 0., 0, 0., 0, 0., 0, 0., 0, 0., 0, 0., 0, 0., 0, 0., 0, 0., 0, 0., 0, 0., 0, 0., 5, 4.761904761904762, 0, 0., 0, 0., 196, 179, 375, 105, 0.28
, generated\gt\sample_000411.krn, generated\xml_trimmed_2\sample_000411.xml, 0, 0., 128, 80.50314465408805, 0, 0., 9, 5.660377358490566, 0, 0., 0, 0., 1, 0.6289308176100629, 0, 0., 0, 0., 0, 0., 2, 1.2578616352201257, 2, 1.2578616352201257, 0, 0., 0, 0., 4, 2.5157232704402515, 2, 1.2578616352201257, 0, 0., 0, 0., 0, 0., 1, 0.6289308176100629, 0, 0., 0, 0., 5, 3.1446540880503147, 0, 0., 0, 0., 0, 0., 0, 0., 0, 0., 0, 0., 0, 0., 0, 0., 0, 0., 0, 0., 0, 0., 0, 0., 0, 0., 5, 3.1446540880503147, 0, 0., 0, 0., 282, 269, 551, 159, 0.2885662431941924
, generated\gt\sample_000453.krn, generated\xml_trimmed_2\sample_000453.xml, 0, 0., 187, 78.90295358649789, 0, 0., 20, 8.438818565400844, 0, 0., 0, 0., 1, 0.4219409282700422, 0, 0., 0, 0., 6, 2.5316455696202533, 5, 2.109704641350211, 0, 0., 0, 0., 0, 0., 4, 1.6877637130801688, 2, 0.8438818565400844, 0, 0., 2, 0.8438818565400844, 0, 0., 3, 1.2658227848101267, 1, 0.4219409282700422, 0, 0., 1, 0.4219409282700422, 0, 0., 0, 0., 0, 0., 0, 0., 0, 0., 0, 0., 0, 0., 0, 0., 0, 0., 0, 0., 0, 0., 0, 0., 0, 0., 5, 2.109704641350211, 0, 0., 0, 0., 421, 399, 820, 237, 0.2890243902439024
, generated\gt\sample_000259.krn, generated\xml_trimmed_2\sample_000259.xml, 0, 0., 61, 59.80392156862745, 0, 0., 1, 0.9803921568627451, 0, 0., 0, 0., 0, 0., 0, 0., 0, 0., 1, 0.9803921568627451, 3, 2.9411764705882355, 0, 0., 0, 0., 0, 0., 0, 0., 0, 0., 0, 0., 0, 0., 0, 0., 0, 0., 0, 0., 0, 0., 13, 12.745098039215685, 0, 0., 0, 0., 0, 0., 0, 0., 0, 0., 0, 0., 0, 0., 0, 0., 0, 0., 23, 22.54901960784314, 0, 0., 0, 0., 0, 0., 0, 0., 0, 0., 0, 0., 183, 162, 345, 102, 0.2956521739130435
, generated\gt\sample_000308.krn, generated\xml_trimmed_2\sample_000308.xml, 0, 0., 30, 51.724137931034484, 0, 0., 1, 1.7241379310344827, 2, 3.4482758620689653, 0, 0., 0, 0., 0, 0., 0, 0., 1, 1.7241379310344827, 6, 10.344827586206897, 0, 0., 0, 0., 0, 0., 0, 0., 0, 0., 0, 0., 0, 0., 0, 0., 0, 0., 0, 0., 0, 0., 9, 15.517241379310345, 0, 0., 0, 0., 0, 0., 0, 0., 0, 0., 0, 0., 0, 0., 0, 0., 0, 0., 9, 15.517241379310345, 0, 0., 0, 0., 0, 0., 0, 0., 0, 0., 0, 0., 96, 96, 192, 58, 0.3020833333333333
, generated\gt\sample_000216.krn, generated\xml_trimmed_2\sample_000216.xml, 0, 0., 62, 65.95744680851064, 0, 0., 3, 3.1914893617021276, 6, 6.382978723404255, 0, 0., 0, 0., 0, 0., 0, 0., 0, 0., 9, 9.574468085106384, 0, 0., 0, 0., 0, 0., 4, 4.25531914893617, 0, 0., 0, 0., 0, 0., 0, 0., 1, 1.0638297872340425, 0, 0., 0, 0., 4, 4.25531914893617, 0, 0., 0, 0., 0, 0., 0, 0., 0, 0., 0, 0., 0, 0., 0, 0., 0, 0., 0, 0., 0, 0., 0, 0., 0, 0., 5, 5.319148936170213, 0, 0., 0, 0., 146, 156, 302, 94, 0.31125827814569534
, generated\gt\sample_000270.krn, generated\xml_trimmed_2\sample_000270.xml, 0, 0., 108, 75.52447552447552, 0, 0., 16, 11.188811188811188, 1, 0.6993006993006993, 0, 0., 0, 0., 0, 0., 0, 0., 3, 2.097902097902098, 0, 0., 0, 0., 0, 0., 0, 0., 4, 2.797202797202797, 0, 0., 0, 0., 0, 0., 0, 0., 1, 0.6993006993006993, 0, 0., 0, 0., 5, 3.4965034965034967, 0, 0., 0, 0., 0, 0., 0, 0., 0, 0., 0, 0., 0, 0., 0, 0., 0, 0., 0, 0., 0, 0., 0, 0., 0, 0., 5, 3.4965034965034967, 0, 0., 0, 0., 246, 213, 459, 143, 0.3115468409586057
, generated\gt\sample_000267.krn, generated\xml_trimmed_2\sample_000267.xml, 0, 0., 92, 81.41592920353982, 0, 0., 3, 2.6548672566371683, 0, 0., 0, 0., 1, 0.8849557522123894, 0, 0., 0, 0., 0, 0., 2, 1.7699115044247788, 0, 0., 0, 0., 0, 0., 0, 0., 0, 0., 0, 0., 0, 0., 0, 0., 2, 1.7699115044247788, 0, 0., 0, 0., 8, 7.079646017699115, 0, 0., 0, 0., 0, 0., 0, 0., 0, 0., 0, 0., 0, 0., 0, 0., 0, 0., 0, 0., 0, 0., 0, 0., 0, 0., 5, 4.424778761061947, 0, 0., 0, 0., 178, 183, 361, 113, 0.31301939058171746
, generated\gt\sample_000629.krn, generated\xml_trimmed_2\sample_000629.xml, 0, 0., 83, 74.10714285714286, 0, 0., 8, 7.142857142857143, 0, 0., 0, 0., 0, 0., 0, 0., 0, 0., 2, 1.7857142857142858, 4, 3.5714285714285716, 1, 0.8928571428571429, 0, 0., 0, 0., 0, 0., 0, 0., 0, 0., 0, 0., 0, 0., 0, 0., 0, 0., 0, 0., 14, 12.5, 0, 0., 0, 0., 0, 0., 0, 0., 0, 0., 0, 0., 0, 0., 0, 0., 0, 0., 0, 0., 0, 0., 0, 0., 0, 0., 0, 0., 0, 0., 0, 0., 180, 176, 356, 112, 0.3146067415730337
, generated\gt\sample_000256.krn, generated\xml_trimmed_2\sample_000256.xml, 0, 0., 93, 79.48717948717949, 0, 0., 4, 3.4188034188034186, 0, 0., 0, 0., 1, 0.8547008547008547, 0, 0., 0, 0., 0, 0., 0, 0., 0, 0., 0, 0., 2, 1.7094017094017093, 0, 0., 0, 0., 0, 0., 0, 0., 0, 0., 0, 0., 0, 0., 0, 0., 17, 14.52991452991453, 0, 0., 0, 0., 0, 0., 0, 0., 0, 0., 0, 0., 0, 0., 0, 0., 0, 0., 0, 0., 0, 0., 0, 0., 0, 0., 0, 0., 0, 0., 0, 0., 182, 187, 369, 117, 0.3170731707317073
, generated\gt\sample_000309.krn, generated\xml_trimmed_2\sample_000309.xml, 0, 0., 81, 71.05263157894737, 4, 3.508771929824561, 5, 4.385964912280702, 0, 0., 0, 0., 0, 0., 0, 0., 0, 0., 0, 0., 1, 0.8771929824561403, 1, 0.8771929824561403, 0, 0., 0, 0., 0, 0., 3, 2.6315789473684212, 0, 0., 0, 0., 0, 0., 4, 3.508771929824561, 0, 0., 0, 0., 2, 1.7543859649122806, 0, 0., 0, 0., 0, 0., 0, 0., 0, 0., 0, 0., 0, 0., 0, 0., 0, 0., 0, 0., 0, 0., 0, 0., 13, 11.403508771929825, 0, 0., 0, 0., 0, 0., 186, 170, 356, 114, 0.3202247191011236
, generated\gt\sample_000442.krn, generated\xml_trimmed_2\sample_000442.xml, 0, 0., 53, 54.63917525773196, 4, 4.123711340206185, 0, 0., 3, 3.0927835051546393, 0, 0., 0, 0., 0, 0., 0, 0., 0, 0., 3, 3.0927835051546393, 2, 2.0618556701030926, 0, 0., 1, 1.0309278350515463, 4, 4.123711340206185, 2, 2.0618556701030926, 0, 0., 0, 0., 0, 0., 3, 3.0927835051546393, 1, 1.0309278350515463, 0, 0., 6, 6.185567010309279, 0, 0., 0, 0., 0, 0., 0, 0., 0, 0., 0, 0., 0, 0., 0, 0., 0, 0., 10, 10.309278350515465, 0, 0., 0, 0., 0, 0., 5, 5.154639175257732, 0, 0., 0, 0., 154, 145, 299, 97, 0.32441471571906355
, generated\gt\sample_000288.krn, generated\xml_trimmed_2\sample_000288.xml, 0, 0., 0, 0., 0, 0., 1, 1.5151515151515151, 0, 0., 0, 0., 0, 0., 0, 0., 0, 0., 3, 4.545454545454546, 1, 1.5151515151515151, 0, 0., 0, 0., 0, 0., 0, 0., 0, 0., 0, 0., 0, 0., 0, 0., 0, 0., 0, 0., 0, 0., 9, 13.636363636363637, 0, 0., 0, 0., 0, 0., 0, 0., 0, 0., 0, 0., 0, 0., 0, 0., 0, 0., 52, 78.78787878787878, 0, 0., 0, 0., 0, 0., 0, 0., 0, 0., 0, 0., 80, 123, 203, 66, 0.3251231527093596
, generated\gt\sample_000285.krn, generated\xml_trimmed_2\sample_000285.xml, 0, 0., 38, 73.07692307692308, 0, 0., 0, 0., 0, 0., 0, 0., 0, 0., 0, 0., 0, 0., 0, 0., 0, 0., 0, 0., 0, 0., 4, 7.6923076923076925, 0, 0., 0, 0., 0, 0., 0, 0., 0, 0., 0, 0., 0, 0., 0, 0., 10, 19.23076923076923, 0, 0., 0, 0., 0, 0., 0, 0., 0, 0., 0, 0., 0, 0., 0, 0., 0, 0., 0, 0., 0, 0., 0, 0., 0, 0., 0, 0., 0, 0., 0, 0., 79, 74, 153, 52, 0.33986928104575165
, generated\gt\sample_000214.krn, generated\xml_trimmed_2\sample_000214.xml, 0, 0., 49, 71.01449275362319, 0, 0., 0, 0., 2, 2.898550724637681, 0, 0., 0, 0., 0, 0., 0, 0., 0, 0., 2, 2.898550724637681, 0, 0., 0, 0., 0, 0., 4, 5.797101449275362, 0, 0., 0, 0., 0, 0., 0, 0., 1, 1.4492753623188406, 0, 0., 0, 0., 6, 8.695652173913043, 0, 0., 0, 0., 0, 0., 0, 0., 0, 0., 0, 0., 0, 0., 0, 0., 0, 0., 0, 0., 0, 0., 0, 0., 0, 0., 5, 7.246376811594203, 0, 0., 0, 0., 98, 103, 201, 69, 0.34328358208955223
, generated\gt\sample_000189.krn, generated\xml_trimmed_2\sample_000189.xml, 0, 0., 56, 77.77777777777777, 0, 0., 4, 5.555555555555555, 2, 2.7777777777777777, 0, 0., 0, 0., 0, 0., 0, 0., 0, 0., 2, 2.7777777777777777, 0, 0., 0, 0., 0, 0., 0, 0., 0, 0., 0, 0., 0, 0., 0, 0., 0, 0., 0, 0., 0, 0., 8, 11.11111111111111, 0, 0., 0, 0., 0, 0., 0, 0., 0, 0., 0, 0., 0, 0., 0, 0., 0, 0., 0, 0., 0, 0., 0, 0., 0, 0., 0, 0., 0, 0., 0, 0., 101, 106, 207, 72, 0.34782608695652173
, generated\gt\sample_000174.krn, generated\xml_trimmed_2\sample_000174.xml, 0, 0., 117, 67.6300578034682, 0, 0., 14, 8.092485549132949, 1, 0.5780346820809249, 0, 0., 7, 4.046242774566474, 0, 0., 0, 0., 0, 0., 6, 3.468208092485549, 0, 0., 0, 0., 0, 0., 4, 2.3121387283236996, 6, 3.468208092485549, 0, 0., 0, 0., 0, 0., 2, 1.1560693641618498, 0, 0., 0, 0., 11, 6.358381502890174, 0, 0., 0, 0., 0, 0., 0, 0., 0, 0., 0, 0., 0, 0., 0, 0., 0, 0., 0, 0., 0, 0., 0, 0., 0, 0., 5, 2.8901734104046244, 0, 0., 0, 0., 254, 229, 483, 173, 0.3581780538302277
, generated\gt\sample_000130.krn, generated\xml_trimmed_2\sample_000130.xml, 0, 0., 67, 58.771929824561404, 0, 0., 12, 10.526315789473685, 0, 0., 0, 0., 0, 0., 0, 0., 0, 0., 3, 2.6315789473684212, 3, 2.6315789473684212, 0, 0., 0, 0., 1, 0.8771929824561403, 0, 0., 0, 0., 0, 0., 0, 0., 0, 0., 0, 0., 0, 0., 0, 0., 5, 4.385964912280702, 0, 0., 0, 0., 0, 0., 0, 0., 0, 0., 0, 0., 0, 0., 0, 0., 0, 0., 23, 20.17543859649123, 0, 0., 0, 0., 0, 0., 0, 0., 0, 0., 0, 0., 161, 147, 308, 114, 0.37012987012987014
, generated\gt\sample_000575.krn, generated\xml_trimmed_2\sample_000575.xml, 0, 0., 83, 77.57009345794393, 0, 0., 2, 1.8691588785046729, 0, 0., 0, 0., 3, 2.803738317757009, 0, 0., 0, 0., 0, 0., 1, 0.9345794392523364, 0, 0., 0, 0., 0, 0., 0, 0., 0, 0., 0, 0., 0, 0., 0, 0., 0, 0., 0, 0., 0, 0., 18, 16.822429906542055, 0, 0., 0, 0., 0, 0., 0, 0., 0, 0., 0, 0., 0, 0., 0, 0., 0, 0., 0, 0., 0, 0., 0, 0., 0, 0., 0, 0., 0, 0., 0, 0., 158, 125, 283, 107, 0.37809187279151946
, generated\gt\sample_000471.krn, generated\xml_trimmed_2\sample_000471.xml, 0, 0., 139, 73.54497354497354, 0, 0., 2, 1.0582010582010581, 0, 0., 0, 0., 0, 0., 0, 0., 0, 0., 0, 0., 0, 0., 0, 0., 0, 0., 0, 0., 0, 0., 0, 0., 0, 0., 2, 1.0582010582010581, 0, 0., 3, 1.5873015873015872, 0, 0., 0, 0., 3, 1.5873015873015872, 0, 0., 0, 0., 0, 0., 0, 0., 0, 0., 0, 0., 0, 0., 0, 0., 0, 0., 35, 18.51851851851852, 0, 0., 0, 0., 0, 0., 5, 2.6455026455026456, 0, 0., 0, 0., 245, 246, 491, 189, 0.384928716904277
, generated\gt\sample_000564.krn, generated\xml_trimmed_2\sample_000564.xml, 0, 0., 167, 76.60550458715596, 0, 0., 28, 12.844036697247706, 0, 0., 0, 0., 0, 0., 0, 0., 0, 0., 0, 0., 10, 4.587155963302752, 0, 0., 0, 0., 0, 0., 4, 1.834862385321101, 0, 0., 0, 0., 0, 0., 0, 0., 0, 0., 0, 0., 0, 0., 4, 1.834862385321101, 0, 0., 0, 0., 0, 0., 0, 0., 0, 0., 0, 0., 0, 0., 0, 0., 0, 0., 0, 0., 0, 0., 0, 0., 0, 0., 5, 2.293577981651376, 0, 0., 0, 0., 292, 270, 562, 218, 0.3879003558718861
, generated\gt\sample_000660.krn, generated\xml_trimmed_2\sample_000660.xml, 0, 0., 38, 71.69811320754717, 0, 0., 3, 5.660377358490566, 0, 0., 0, 0., 0, 0., 0, 0., 0, 0., 0, 0., 3, 5.660377358490566, 0, 0., 0, 0., 0, 0., 0, 0., 0, 0., 0, 0., 0, 0., 0, 0., 2, 3.7735849056603774, 0, 0., 0, 0., 2, 3.7735849056603774, 0, 0., 0, 0., 0, 0., 0, 0., 0, 0., 0, 0., 0, 0., 0, 0., 0, 0., 0, 0., 0, 0., 0, 0., 0, 0., 5, 9.433962264150944, 0, 0., 0, 0., 72, 62, 134, 53, 0.39552238805970147
, generated\gt\sample_000144.krn, generated\xml_trimmed_2\sample_000144.xml, 0, 0., 22, 52.38095238095238, 2, 4.761904761904762, 1, 2.380952380952381, 0, 0., 0, 0., 0, 0., 0, 0., 0, 0., 2, 4.761904761904762, 0, 0., 0, 0., 0, 0., 0, 0., 0, 0., 1, 2.380952380952381, 0, 0., 0, 0., 0, 0., 0, 0., 0, 0., 0, 0., 2, 4.761904761904762, 0, 0., 0, 0., 0, 0., 0, 0., 0, 0., 0, 0., 0, 0., 0, 0., 0, 0., 12, 28.571428571428573, 0, 0., 0, 0., 0, 0., 0, 0., 0, 0., 0, 0., 57, 49, 106, 42, 0.39622641509433965
, generated\gt\sample_000503.krn, generated\xml_trimmed_2\sample_000503.xml, 0, 0., 62, 45.25547445255474, 0, 0., 0, 0., 0, 0., 2, 1.4598540145985401, 1, 0.7299270072992701, 0, 0., 0, 0., 0, 0., 2, 1.4598540145985401, 1, 0.7299270072992701, 0, 0., 0, 0., 4, 2.9197080291970803, 0, 0., 0, 0., 0, 0., 0, 0., 5, 3.6496350364963503, 0, 0., 0, 0., 2, 1.4598540145985401, 0, 0., 0, 0., 0, 0., 0, 0., 0, 0., 0, 0., 0, 0., 0, 0., 0, 0., 53, 38.68613138686131, 0, 0., 0, 0., 0, 0., 5, 3.6496350364963503, 0, 0., 0, 0., 184, 161, 345, 137, 0.39710144927536234
, generated\gt\sample_000168.krn, generated\xml_trimmed_2\sample_000168.xml, 0, 0., 21, 37.5, 2, 3.5714285714285716, 1, 1.7857142857142858, 0, 0., 0, 0., 0, 0., 0, 0., 0, 0., 1, 1.7857142857142858, 0, 0., 0, 0., 0, 0., 0, 0., 0, 0., 1, 1.7857142857142858, 0, 0., 0, 0., 0, 0., 0, 0., 0, 0., 0, 0., 2, 3.5714285714285716, 0, 0., 0, 0., 0, 0., 0, 0., 0, 0., 0, 0., 0, 0., 0, 0., 0, 0., 28, 50.0, 0, 0., 0, 0., 0, 0., 0, 0., 0, 0., 0, 0., 80, 60, 140, 56, 0.4
, generated\gt\sample_000055.krn, generated\xml_trimmed_2\sample_000055.xml, 0, 0., 38, 27.142857142857142, 0, 0., 6, 4.285714285714286, 0, 0., 2, 1.4285714285714286, 1, 0.7142857142857143, 0, 0., 0, 0., 1, 0.7142857142857143, 2, 1.4285714285714286, 0, 0., 0, 0., 0, 0., 4, 2.857142857142857, 0, 0., 0, 0., 0, 0., 3, 2.142857142857143, 2, 1.4285714285714286, 0, 0., 0, 0., 4, 2.857142857142857, 0, 0., 0, 0., 0, 0., 0, 0., 0, 0., 0, 0., 0, 0., 0, 0., 0, 0., 72, 51.42857142857143, 0, 0., 0, 0., 0, 0., 5, 3.5714285714285716, 0, 0., 0, 0., 174, 175, 349, 140, 0.40114613180515757
, generated\gt\sample_000664.krn, generated\xml_trimmed_2\sample_000664.xml, 0, 0., 47, 44.76190476190476, 0, 0., 2, 1.9047619047619047, 0, 0., 0, 0., 0, 0., 0, 0., 0, 0., 2, 1.9047619047619047, 7, 6.666666666666667, 0, 0., 0, 0., 2, 1.9047619047619047, 2, 1.9047619047619047, 1, 0.9523809523809523, 0, 0., 0, 0., 0, 0., 1, 0.9523809523809523, 0, 0., 1, 0.9523809523809523, 2, 1.9047619047619047, 0, 0., 0, 0., 0, 0., 0, 0., 0, 0., 0, 0., 0, 0., 0, 0., 0, 0., 33, 31.428571428571427, 0, 0., 0, 0., 0, 0., 5, 4.761904761904762, 0, 0., 0, 0., 130, 130, 260, 105, 0.40384615384615385
, generated\gt\sample_000445.krn, generated\xml_trimmed_2\sample_000445.xml, 0, 0., 159, 74.29906542056075, 0, 0., 20, 9.345794392523365, 0, 0., 0, 0., 0, 0., 0, 0., 0, 0., 0, 0., 7, 3.2710280373831777, 1, 0.4672897196261682, 0, 0., 0, 0., 4, 1.8691588785046729, 0, 0., 0, 0., 0, 0., 11, 5.140186915887851, 2, 0.9345794392523364, 0, 0., 0, 0., 5, 2.336448598130841, 0, 0., 0, 0., 0, 0., 0, 0., 0, 0., 0, 0., 0, 0., 0, 0., 0, 0., 0, 0., 0, 0., 0, 0., 0, 0., 5, 2.336448598130841, 0, 0., 0, 0., 274, 250, 524, 214, 0.4083969465648855
, generated\gt\sample_000165.krn, generated\xml_trimmed_2\sample_000165.xml, 0, 0., 50, 19.68503937007874, 0, 0., 0, 0., 0, 0., 0, 0., 0, 0., 0, 0., 0, 0., 0, 0., 0, 0., 0, 0., 0, 0., 1, 0.3937007874015748, 4, 1.5748031496062993, 2, 0.7874015748031497, 0, 0., 0, 0., 0, 0., 1, 0.3937007874015748, 0, 0., 0, 0., 0, 0., 0, 0., 0, 0., 0, 0., 0, 0., 0, 0., 0, 0., 0, 0., 0, 0., 0, 0., 191, 75.19685039370079, 0, 0., 0, 0., 0, 0., 5, 1.968503937007874, 0, 0., 0, 0., 310, 302, 612, 254, 0.4150326797385621
, generated\gt\sample_000096.krn, generated\xml_trimmed_2\sample_000096.xml, 0, 0., 158, 74.88151658767772, 2, 0.9478672985781991, 21, 9.95260663507109, 0, 0., 0, 0., 2, 0.9478672985781991, 0, 0., 0, 0., 1, 0.47393364928909953, 12, 5.687203791469194, 0, 0., 0, 0., 0, 0., 2, 0.9478672985781991, 0, 0., 0, 0., 0, 0., 0, 0., 2, 0.9478672985781991, 0, 0., 0, 0., 6, 2.843601895734597, 0, 0., 0, 0., 0, 0., 0, 0., 0, 0., 0, 0., 0, 0., 0, 0., 0, 0., 0, 0., 0, 0., 0, 0., 0, 0., 5, 2.3696682464454977, 0, 0., 0, 0., 253, 251, 504, 211, 0.41865079365079366
, generated\gt\sample_000310.krn, generated\xml_trimmed_2\sample_000310.xml, 0, 0., 73, 76.04166666666667, 0, 0., 3, 3.125, 0, 0., 0, 0., 0, 0., 0, 0., 0, 0., 4, 4.166666666666667, 0, 0., 0, 0., 0, 0., 0, 0., 0, 0., 1, 1.0416666666666667, 0, 0., 0, 0., 0, 0., 0, 0., 0, 0., 0, 0., 15, 15.625, 0, 0., 0, 0., 0, 0., 0, 0., 0, 0., 0, 0., 0, 0., 0, 0., 0, 0., 0, 0., 0, 0., 0, 0., 0, 0., 0, 0., 0, 0., 0, 0., 103, 122, 225, 96, 0.4266666666666667
, generated\gt\sample_000287.krn, generated\xml_trimmed_2\sample_000287.xml, 0, 0., 83, 84.6938775510204, 0, 0., 0, 0., 0, 0., 0, 0., 0, 0., 0, 0., 0, 0., 0, 0., 1, 1.0204081632653061, 0, 0., 0, 0., 3, 3.061224489795918, 0, 0., 0, 0., 0, 0., 0, 0., 0, 0., 0, 0., 0, 0., 0, 0., 11, 11.224489795918368, 0, 0., 0, 0., 0, 0., 0, 0., 0, 0., 0, 0., 0, 0., 0, 0., 0, 0., 0, 0., 0, 0., 0, 0., 0, 0., 0, 0., 0, 0., 0, 0., 113, 114, 227, 98, 0.43171806167400884
, generated\gt\sample_000281.krn, generated\xml_trimmed_2\sample_000281.xml, 0, 0., 89, 60.95890410958904, 0, 0., 0, 0., 0, 0., 0, 0., 0, 0., 0, 0., 0, 0., 0, 0., 8, 5.47945205479452, 0, 0., 0, 0., 3, 2.0547945205479454, 0, 0., 0, 0., 0, 0., 0, 0., 0, 0., 4, 2.73972602739726, 0, 0., 0, 0., 5, 3.4246575342465753, 0, 0., 0, 0., 0, 0., 0, 0., 0, 0., 0, 0., 0, 0., 0, 0., 0, 0., 32, 21.91780821917808, 0, 0., 0, 0., 0, 0., 5, 3.4246575342465753, 0, 0., 0, 0., 163, 175, 338, 146, 0.4319526627218935
, generated\gt\sample_000420.krn, generated\xml_trimmed_2\sample_000420.xml, 0, 0., 66, 52.8, 0, 0., 0, 0., 0, 0., 0, 0., 0, 0., 0, 0., 0, 0., 0, 0., 0, 0., 0, 0., 0, 0., 1, 0.8, 0, 0., 1, 0.8, 0, 0., 0, 0., 0, 0., 0, 0., 0, 0., 0, 0., 5, 4.0, 0, 0., 0, 0., 0, 0., 0, 0., 0, 0., 0, 0., 0, 0., 0, 0., 0, 0., 52, 41.6, 0, 0., 0, 0., 0, 0., 0, 0., 0, 0., 0, 0., 141, 144, 285, 125, 0.43859649122807015
, generated\gt\sample_000166.krn, generated\xml_trimmed_2\sample_000166.xml, 0, 0., 176, 41.02564102564103, 2, 0.4662004662004662, 1, 0.2331002331002331, 0, 0., 0, 0., 9, 2.097902097902098, 0, 0., 0, 0., 0, 0., 1, 0.2331002331002331, 0, 0., 0, 0., 0, 0., 4, 0.9324009324009324, 4, 0.9324009324009324, 0, 0., 0, 0., 0, 0., 0, 0., 0, 0., 0, 0., 0, 0., 0, 0., 0, 0., 0, 0., 0, 0., 0, 0., 0, 0., 0, 0., 0, 0., 0, 0., 227, 52.913752913752916, 0, 0., 0, 0., 0, 0., 5, 1.1655011655011656, 0, 0., 0, 0., 429, 542, 971, 429, 0.44181256436663235
, generated\gt\sample_000504.krn, generated\xml_trimmed_2\sample_000504.xml, 0, 0., 48, 34.53237410071942, 0, 0., 0, 0., 8, 5.755395683453237, 0, 0., 0, 0., 0, 0., 0, 0., 0, 0., 3, 2.158273381294964, 0, 0., 0, 0., 1, 0.7194244604316546, 4, 2.8776978417266186, 0, 0., 0, 0., 0, 0., 0, 0., 1, 0.7194244604316546, 1, 0.7194244604316546, 0, 0., 4, 2.8776978417266186, 0, 0., 0, 0., 0, 0., 0, 0., 0, 0., 0, 0., 0, 0., 0, 0., 0, 0., 64, 46.0431654676259, 0, 0., 0, 0., 0, 0., 5, 3.597122302158273, 0, 0., 0, 0., 161, 152, 313, 139, 0.4440894568690096
, generated\gt\sample_000535.krn, generated\xml_trimmed_2\sample_000535.xml, 0, 0., 155, 87.07865168539325, 0, 0., 0, 0., 7, 3.932584269662921, 0, 0., 0, 0., 0, 0., 0, 0., 2, 1.1235955056179776, 3, 1.6853932584269662, 0, 0., 0, 0., 0, 0., 0, 0., 0, 0., 0, 0., 0, 0., 0, 0., 1, 0.5617977528089888, 0, 0., 0, 0., 10, 5.617977528089888, 0, 0., 0, 0., 0, 0., 0, 0., 0, 0., 0, 0., 0, 0., 0, 0., 0, 0., 0, 0., 0, 0., 0, 0., 0, 0., 0, 0., 0, 0., 0, 0., 192, 194, 386, 178, 0.46113989637305697
, generated\gt\sample_000056.krn, generated\xml_trimmed_2\sample_000056.xml, 0, 0., 131, 74.01129943502825, 0, 0., 13, 7.344632768361582, 2, 1.1299435028248588, 0, 0., 1, 0.5649717514124294, 0, 0., 0, 0., 1, 0.5649717514124294, 8, 4.519774011299435, 0, 0., 0, 0., 0, 0., 4, 2.2598870056497176, 0, 0., 0, 0., 0, 0., 0, 0., 3, 1.694915254237288, 0, 0., 0, 0., 9, 5.084745762711864, 0, 0., 0, 0., 0, 0., 0, 0., 0, 0., 0, 0., 0, 0., 0, 0., 0, 0., 0, 0., 0, 0., 0, 0., 0, 0., 5, 2.824858757062147, 0, 0., 0, 0., 191, 191, 382, 177, 0.46335078534031415
, generated\gt\sample_000498.krn, generated\xml_trimmed_2\sample_000498.xml, 0, 0., 86, 85.14851485148515, 0, 0., 1, 0.9900990099009901, 0, 0., 2, 1.9801980198019802, 0, 0., 0, 0., 0, 0., 0, 0., 1, 0.9900990099009901, 0, 0., 0, 0., 0, 0., 0, 0., 0, 0., 0, 0., 0, 0., 0, 0., 0, 0., 0, 0., 0, 0., 11, 10.891089108910892, 0, 0., 0, 0., 0, 0., 0, 0., 0, 0., 0, 0., 0, 0., 0, 0., 0, 0., 0, 0., 0, 0., 0, 0., 0, 0., 0, 0., 0, 0., 0, 0., 104, 112, 216, 101, 0.4675925925925926
, generated\gt\sample_000523.krn, generated\xml_trimmed_2\sample_000523.xml, 0, 0., 109, 80.74074074074075, 0, 0., 2, 1.4814814814814814, 2, 1.4814814814814814, 0, 0., 0, 0., 0, 0., 0, 0., 2, 1.4814814814814814, 0, 0., 0, 0., 0, 0., 0, 0., 0, 0., 0, 0., 0, 0., 0, 0., 0, 0., 0, 0., 0, 0., 0, 0., 20, 14.814814814814815, 0, 0., 0, 0., 0, 0., 0, 0., 0, 0., 0, 0., 0, 0., 0, 0., 0, 0., 0, 0., 0, 0., 0, 0., 0, 0., 0, 0., 0, 0., 0, 0., 146, 138, 284, 135, 0.4753521126760563
, generated\gt\sample_000576.krn, generated\xml_trimmed_2\sample_000576.xml, 0, 0., 59, 57.28155339805825, 0, 0., 0, 0., 0, 0., 0, 0., 0, 0., 0, 0., 0, 0., 0, 0., 0, 0., 0, 0., 0, 0., 2, 1.941747572815534, 0, 0., 0, 0., 0, 0., 0, 0., 0, 0., 0, 0., 0, 0., 0, 0., 1, 0.970873786407767, 0, 0., 0, 0., 0, 0., 0, 0., 0, 0., 0, 0., 0, 0., 0, 0., 0, 0., 41, 39.80582524271845, 0, 0., 0, 0., 0, 0., 0, 0., 0, 0., 0, 0., 108, 103, 211, 103, 0.4881516587677725
, generated\gt\sample_000234.krn, generated\xml_trimmed_2\sample_000234.xml, 0, 0., 109, 66.06060606060606, 0, 0., 10, 6.0606060606060606, 2, 1.2121212121212122, 0, 0., 0, 0., 0, 0., 0, 0., 2, 1.2121212121212122, 3, 1.8181818181818181, 0, 0., 0, 0., 0, 0., 4, 2.4242424242424243, 0, 0., 0, 0., 0, 0., 0, 0., 5, 3.0303030303030303, 0, 0., 1, 0.6060606060606061, 12, 7.2727272727272725, 0, 0., 0, 0., 0, 0., 0, 0., 0, 0., 0, 0., 0, 0., 0, 0., 0, 0., 12, 7.2727272727272725, 0, 0., 0, 0., 0, 0., 5, 3.0303030303030303, 0, 0., 0, 0., 177, 159, 336, 165, 0.49107142857142855
, generated\gt\sample_000444.krn, generated\xml_trimmed_2\sample_000444.xml, 0, 0., 207, 80.54474708171206, 0, 0., 18, 7.003891050583658, 0, 0., 0, 0., 0, 0., 0, 0., 0, 0., 0, 0., 7, 2.7237354085603114, 0, 0., 0, 0., 0, 0., 4, 1.556420233463035, 0, 0., 0, 0., 0, 0., 9, 3.501945525291829, 2, 0.7782101167315175, 0, 0., 0, 0., 5, 1.9455252918287937, 0, 0., 0, 0., 0, 0., 0, 0., 0, 0., 0, 0., 0, 0., 0, 0., 0, 0., 0, 0., 0, 0., 0, 0., 0, 0., 5, 1.9455252918287937, 0, 0., 0, 0., 252, 260, 512, 257, 0.501953125
, generated\gt\sample_000164.krn, generated\xml_trimmed_2\sample_000164.xml, 0, 0., 127, 44.56140350877193, 0, 0., 6, 2.1052631578947367, 0, 0., 4, 1.4035087719298245, 0, 0., 0, 0., 0, 0., 2, 0.7017543859649122, 4, 1.4035087719298245, 0, 0., 0, 0., 1, 0.3508771929824561, 0, 0., 2, 0.7017543859649122, 0, 0., 0, 0., 0, 0., 0, 0., 0, 0., 0, 0., 2, 0.7017543859649122, 0, 0., 0, 0., 0, 0., 0, 0., 0, 0., 0, 0., 0, 0., 0, 0., 0, 0., 132, 46.31578947368421, 0, 0., 0, 0., 0, 0., 5, 1.7543859649122806, 0, 0., 0, 0., 279, 271, 550, 285, 0.5181818181818182
, generated\gt\sample_000257.krn, generated\xml_trimmed_2\sample_000257.xml, 0, 0., 65, 83.33333333333333, 0, 0., 4, 5.128205128205129, 1, 1.2820512820512822, 0, 0., 0, 0., 0, 0., 0, 0., 0, 0., 0, 0., 0, 0., 0, 0., 0, 0., 0, 0., 1, 1.2820512820512822, 0, 0., 0, 0., 0, 0., 0, 0., 0, 0., 0, 0., 7, 8.974358974358974, 0, 0., 0, 0., 0, 0., 0, 0., 0, 0., 0, 0., 0, 0., 0, 0., 0, 0., 0, 0., 0, 0., 0, 0., 0, 0., 0, 0., 0, 0., 0, 0., 88, 61, 149, 78, 0.5234899328859061
, generated\gt\sample_000487.krn, generated\xml_trimmed_2\sample_000487.xml, 0, 0., 72, 54.13533834586466, 0, 0., 1, 0.7518796992481203, 0, 0., 0, 0., 0, 0., 0, 0., 0, 0., 0, 0., 2, 1.5037593984962405, 0, 0., 0, 0., 2, 1.5037593984962405, 4, 3.007518796992481, 0, 0., 0, 0., 0, 0., 0, 0., 2, 1.5037593984962405, 0, 0., 0, 0., 2, 1.5037593984962405, 0, 0., 0, 0., 0, 0., 0, 0., 0, 0., 0, 0., 0, 0., 0, 0., 0, 0., 43, 32.330827067669176, 0, 0., 0, 0., 0, 0., 5, 3.7593984962406015, 0, 0., 0, 0., 128, 122, 250, 133, 0.532
, generated\gt\sample_000662.krn, generated\xml_trimmed_2\sample_000662.xml, 0, 0., 110, 82.08955223880596, 2, 1.492537313432836, 6, 4.477611940298507, 0, 0., 0, 0., 0, 0., 0, 0., 0, 0., 0, 0., 3, 2.2388059701492535, 0, 0., 0, 0., 0, 0., 2, 1.492537313432836, 0, 0., 0, 0., 0, 0., 0, 0., 0, 0., 0, 0., 0, 0., 6, 4.477611940298507, 0, 0., 0, 0., 0, 0., 0, 0., 0, 0., 0, 0., 0, 0., 0, 0., 0, 0., 0, 0., 0, 0., 0, 0., 0, 0., 5, 3.7313432835820897, 0, 0., 0, 0., 125, 121, 246, 134, 0.5447154471544715
, generated\gt\sample_000236.krn, generated\xml_trimmed_2\sample_000236.xml, 0, 0., 237, 78.21782178217822, 4, 1.3201320132013201, 12, 3.9603960396039604, 3, 0.9900990099009901, 0, 0., 1, 0.33003300330033003, 0, 0., 0, 0., 0, 0., 0, 0., 0, 0., 0, 0., 0, 0., 4, 1.3201320132013201, 0, 0., 0, 0., 0, 0., 0, 0., 5, 1.6501650165016502, 0, 0., 0, 0., 32, 10.561056105610561, 0, 0., 0, 0., 0, 0., 0, 0., 0, 0., 0, 0., 0, 0., 0, 0., 0, 0., 0, 0., 0, 0., 0, 0., 0, 0., 5, 1.6501650165016502, 0, 0., 0, 0., 287, 261, 548, 303, 0.5529197080291971
, generated\gt\sample_000502.krn, generated\xml_trimmed_2\sample_000502.xml, 0, 0., 166, 80.19323671497584, 8, 3.864734299516908, 5, 2.4154589371980677, 8, 3.864734299516908, 0, 0., 4, 1.932367149758454, 0, 0., 0, 0., 0, 0., 0, 0., 0, 0., 0, 0., 1, 0.4830917874396135, 4, 1.932367149758454, 0, 0., 0, 0., 0, 0., 0, 0., 4, 1.932367149758454, 0, 0., 0, 0., 2, 0.966183574879227, 0, 0., 0, 0., 0, 0., 0, 0., 0, 0., 0, 0., 0, 0., 0, 0., 0, 0., 0, 0., 0, 0., 0, 0., 0, 0., 5, 2.4154589371980677, 0, 0., 0, 0., 207, 166, 373, 207, 0.5549597855227882
, generated\gt\sample_000561.krn, generated\xml_trimmed_2\sample_000561.xml, 0, 0., 51, 34.93150684931507, 0, 0., 2, 1.36986301369863, 0, 0., 0, 0., 1, 0.684931506849315, 0, 0., 0, 0., 0, 0., 3, 2.0547945205479454, 0, 0., 0, 0., 2, 1.36986301369863, 0, 0., 0, 0., 0, 0., 0, 0., 0, 0., 1, 0.684931506849315, 0, 0., 0, 0., 0, 0., 0, 0., 0, 0., 0, 0., 0, 0., 0, 0., 0, 0., 0, 0., 0, 0., 0, 0., 81, 55.47945205479452, 0, 0., 0, 0., 0, 0., 5, 3.4246575342465753, 0, 0., 0, 0., 164, 94, 258, 146, 0.5658914728682171
, generated\gt\sample_000317.krn, generated\xml_trimmed_2\sample_000317.xml, 0, 0., 82, 43.1578947368421, 0, 0., 6, 3.1578947368421053, 0, 0., 2, 1.0526315789473684, 0, 0., 0, 0., 0, 0., 0, 0., 2, 1.0526315789473684, 1, 0.5263157894736842, 0, 0., 2, 1.0526315789473684, 6, 3.1578947368421053, 2, 1.0526315789473684, 0, 0., 0, 0., 0, 0., 2, 1.0526315789473684, 0, 0., 0, 0., 11, 5.7894736842105265, 0, 0., 0, 0., 0, 0., 0, 0., 0, 0., 0, 0., 0, 0., 0, 0., 0, 0., 49, 25.789473684210527, 12, 6.315789473684211, 0, 0., 13, 6.842105263157895, 0, 0., 0, 0., 0, 0., 149, 184, 333, 190, 0.5705705705705706
, generated\gt\sample_000238.krn, generated\xml_trimmed_2\sample_000238.xml, 0, 0., 198, 86.84210526315789, 0, 0., 11, 4.824561403508772, 0, 0., 4, 1.7543859649122806, 0, 0., 0, 0., 0, 0., 0, 0., 2, 0.8771929824561403, 0, 0., 0, 0., 0, 0., 4, 1.7543859649122806, 0, 0., 0, 0., 0, 0., 0, 0., 3, 1.3157894736842106, 0, 0., 0, 0., 1, 0.43859649122807015, 0, 0., 0, 0., 0, 0., 0, 0., 0, 0., 0, 0., 0, 0., 0, 0., 0, 0., 0, 0., 0, 0., 0, 0., 0, 0., 5, 2.192982456140351, 0, 0., 0, 0., 213, 180, 393, 228, 0.5801526717557252
, generated\gt\sample_000312.krn, generated\xml_trimmed_2\sample_000312.xml, 0, 0., 149, 71.63461538461539, 0, 0., 2, 0.9615384615384616, 2, 0.9615384615384616, 0, 0., 1, 0.4807692307692308, 0, 0., 0, 0., 0, 0., 0, 0., 0, 0., 0, 0., 0, 0., 0, 0., 0, 0., 0, 0., 0, 0., 0, 0., 0, 0., 0, 0., 0, 0., 9, 4.326923076923077, 0, 0., 0, 0., 0, 0., 0, 0., 0, 0., 0, 0., 0, 0., 0, 0., 0, 0., 45, 21.634615384615383, 0, 0., 0, 0., 0, 0., 0, 0., 0, 0., 0, 0., 214, 143, 357, 208, 0.5826330532212886
, generated\gt\sample_000485.krn, generated\xml_trimmed_2\sample_000485.xml, 0, 0., 144, 88.88888888888889, 0, 0., 0, 0., 0, 0., 0, 0., 0, 0., 0, 0., 0, 0., 0, 0., 2, 1.2345679012345678, 1, 0.6172839506172839, 0, 0., 4, 2.4691358024691357, 4, 2.4691358024691357, 0, 0., 0, 0., 0, 0., 0, 0., 1, 0.6172839506172839, 0, 0., 0, 0., 1, 0.6172839506172839, 0, 0., 0, 0., 0, 0., 0, 0., 0, 0., 0, 0., 0, 0., 0, 0., 0, 0., 0, 0., 0, 0., 0, 0., 0, 0., 5, 3.0864197530864197, 0, 0., 0, 0., 134, 143, 277, 162, 0.5848375451263538
, generated\gt\sample_000207.krn, generated\xml_trimmed_2\sample_000207.xml, 0, 0., 44, 86.27450980392157, 4, 7.8431372549019605, 0, 0., 0, 0., 0, 0., 0, 0., 0, 0., 0, 0., 0, 0., 0, 0., 0, 0., 0, 0., 2, 3.9215686274509802, 0, 0., 1, 1.9607843137254901, 0, 0., 0, 0., 0, 0., 0, 0., 0, 0., 0, 0., 0, 0., 0, 0., 0, 0., 0, 0., 0, 0., 0, 0., 0, 0., 0, 0., 0, 0., 0, 0., 0, 0., 0, 0., 0, 0., 0, 0., 0, 0., 0, 0., 0, 0., 48, 39, 87, 51, 0.5862068965517241
, generated\gt\sample_000404.krn, generated\xml_trimmed_2\sample_000404.xml, 0, 0., 69, 28.278688524590162, 4, 1.639344262295082, 2, 0.819672131147541, 2, 0.819672131147541, 0, 0., 2, 0.819672131147541, 0, 0., 0, 0., 0, 0., 0, 0., 0, 0., 0, 0., 0, 0., 0, 0., 1, 0.4098360655737705, 0, 0., 0, 0., 0, 0., 0, 0., 0, 0., 0, 0., 4, 1.639344262295082, 0, 0., 0, 0., 0, 0., 0, 0., 0, 0., 0, 0., 0, 0., 0, 0., 0, 0., 160, 65.57377049180327, 0, 0., 0, 0., 0, 0., 0, 0., 0, 0., 0, 0., 230, 186, 416, 244, 0.5865384615384616
, generated\gt\sample_000568.krn, generated\xml_trimmed_2\sample_000568.xml, 0, 0., 136, 71.57894736842105, 0, 0., 15, 7.894736842105263, 0, 0., 0, 0., 1, 0.5263157894736842, 0, 0., 0, 0., 0, 0., 0, 0., 0, 0., 0, 0., 0, 0., 0, 0., 0, 0., 0, 0., 2, 1.0526315789473684, 0, 0., 1, 0.5263157894736842, 0, 0., 0, 0., 0, 0., 0, 0., 0, 0., 0, 0., 0, 0., 0, 0., 0, 0., 0, 0., 0, 0., 0, 0., 30, 15.789473684210526, 0, 0., 0, 0., 0, 0., 5, 2.6315789473684212, 0, 0., 0, 0., 205, 107, 312, 190, 0.6089743589743589
, generated\gt\sample_000661.krn, generated\xml_trimmed_2\sample_000661.xml, 0, 0., 150, 85.71428571428571, 0, 0., 6, 3.4285714285714284, 0, 0., 0, 0., 0, 0., 0, 0., 0, 0., 0, 0., 2, 1.1428571428571428, 0, 0., 0, 0., 2, 1.1428571428571428, 2, 1.1428571428571428, 0, 0., 0, 0., 0, 0., 0, 0., 1, 0.5714285714285714, 0, 0., 0, 0., 7, 4.0, 0, 0., 0, 0., 0, 0., 0, 0., 0, 0., 0, 0., 0, 0., 0, 0., 0, 0., 0, 0., 0, 0., 0, 0., 0, 0., 5, 2.857142857142857, 0, 0., 0, 0., 147, 140, 287, 175, 0.6097560975609756
, generated\gt\sample_000550.krn, generated\xml_trimmed_2\sample_000550.xml, 0, 0., 128, 94.11764705882354, 0, 0., 0, 0., 0, 0., 0, 0., 0, 0., 0, 0., 0, 0., 0, 0., 0, 0., 0, 0., 0, 0., 4, 2.9411764705882355, 0, 0., 0, 0., 0, 0., 0, 0., 0, 0., 0, 0., 0, 0., 0, 0., 4, 2.9411764705882355, 0, 0., 0, 0., 0, 0., 0, 0., 0, 0., 0, 0., 0, 0., 0, 0., 0, 0., 0, 0., 0, 0., 0, 0., 0, 0., 0, 0., 0, 0., 0, 0., 108, 114, 222, 136, 0.6126126126126126
, generated\gt\sample_000095.krn, generated\xml_trimmed_2\sample_000095.xml, 0, 0., 267, 85.85209003215434, 0, 0., 15, 4.823151125401929, 1, 0.3215434083601286, 0, 0., 1, 0.3215434083601286, 0, 0., 0, 0., 0, 0., 6, 1.9292604501607717, 0, 0., 0, 0., 0, 0., 2, 0.6430868167202572, 0, 0., 0, 0., 0, 0., 0, 0., 0, 0., 0, 0., 0, 0., 14, 4.501607717041801, 0, 0., 0, 0., 0, 0., 0, 0., 0, 0., 0, 0., 0, 0., 0, 0., 0, 0., 0, 0., 0, 0., 0, 0., 0, 0., 5, 1.607717041800643, 0, 0., 0, 0., 263, 244, 507, 311, 0.6134122287968442
, generated\gt\sample_000022.krn, generated\xml_trimmed_2\sample_000022.xml, 0, 0., 171, 69.51219512195122, 0, 0., 29, 11.788617886178862, 0, 0., 0, 0., 1, 0.4065040650406504, 0, 0., 0, 0., 0, 0., 0, 0., 0, 0., 0, 0., 0, 0., 0, 0., 0, 0., 0, 0., 2, 0.8130081300813008, 0, 0., 2, 0.8130081300813008, 0, 0., 0, 0., 0, 0., 0, 0., 0, 0., 0, 0., 0, 0., 0, 0., 0, 0., 0, 0., 0, 0., 0, 0., 36, 14.634146341463415, 0, 0., 0, 0., 0, 0., 5, 2.032520325203252, 0, 0., 0, 0., 297, 103, 400, 246, 0.615
, generated\gt\sample_000488.krn, generated\xml_trimmed_2\sample_000488.xml, 0, 0., 129, 72.47191011235955, 0, 0., 12, 6.741573033707865, 1, 0.5617977528089888, 0, 0., 0, 0., 0, 0., 0, 0., 0, 0., 3, 1.6853932584269662, 0, 0., 0, 0., 0, 0., 4, 2.247191011235955, 0, 0., 0, 0., 0, 0., 6, 3.3707865168539324, 0, 0., 0, 0., 0, 0., 3, 1.6853932584269662, 0, 0., 0, 0., 0, 0., 0, 0., 0, 0., 0, 0., 0, 0., 0, 0., 0, 0., 15, 8.426966292134832, 0, 0., 0, 0., 0, 0., 5, 2.808988764044944, 0, 0., 0, 0., 166, 122, 288, 178, 0.6180555555555556
, generated\gt\sample_000054.krn, generated\xml_trimmed_2\sample_000054.xml, 0, 0., 116, 78.91156462585035, 0, 0., 4, 2.7210884353741496, 8, 5.442176870748299, 0, 0., 0, 0., 0, 0., 0, 0., 2, 1.3605442176870748, 0, 0., 0, 0., 0, 0., 0, 0., 4, 2.7210884353741496, 0, 0., 0, 0., 0, 0., 5, 3.401360544217687, 1, 0.6802721088435374, 0, 0., 0, 0., 2, 1.3605442176870748, 0, 0., 0, 0., 0, 0., 0, 0., 0, 0., 0, 0., 0, 0., 0, 0., 0, 0., 0, 0., 0, 0., 0, 0., 0, 0., 5, 3.401360544217687, 0, 0., 0, 0., 121, 116, 237, 147, 0.620253164556962
, generated\gt\sample_000438.krn, generated\xml_trimmed_2\sample_000438.xml, 0, 0., 85, 41.06280193236715, 0, 0., 1, 0.4830917874396135, 1, 0.4830917874396135, 2, 0.966183574879227, 0, 0., 0, 0., 0, 0., 0, 0., 3, 1.4492753623188406, 0, 0., 0, 0., 0, 0., 0, 0., 0, 0., 0, 0., 0, 0., 0, 0., 0, 0., 1, 0.4830917874396135, 0, 0., 14, 6.763285024154589, 0, 0., 0, 0., 0, 0., 0, 0., 0, 0., 0, 0., 0, 0., 0, 0., 0, 0., 100, 48.309178743961354, 0, 0., 0, 0., 0, 0., 0, 0., 0, 0., 0, 0., 147, 185, 332, 207, 0.6234939759036144
, generated\gt\sample_000024.krn, generated\xml_trimmed_2\sample_000024.xml, 0, 0., 188, 38.36734693877551, 0, 0., 37, 7.551020408163265, 12, 2.4489795918367347, 0, 0., 1, 0.20408163265306123, 0, 0., 0, 0., 6, 1.2244897959183674, 1, 0.20408163265306123, 0, 0., 0, 0., 1, 0.20408163265306123, 0, 0., 5, 1.0204081632653061, 0, 0., 0, 0., 0, 0., 0, 0., 0, 0., 0, 0., 2, 0.40816326530612246, 0, 0., 0, 0., 0, 0., 0, 0., 0, 0., 0, 0., 0, 0., 0, 0., 0, 0., 232, 47.3469387755102, 0, 0., 0, 0., 0, 0., 5, 1.0204081632653061, 0, 0., 0, 0., 433, 349, 782, 490, 0.6265984654731458
, generated\gt\sample_000486.krn, generated\xml_trimmed_2\sample_000486.xml, 0, 0., 89, 51.14942528735632, 0, 0., 4, 2.2988505747126435, 0, 0., 2, 1.1494252873563218, 1, 0.5747126436781609, 0, 0., 0, 0., 0, 0., 5, 2.8735632183908044, 1, 0.5747126436781609, 0, 0., 0, 0., 2, 1.1494252873563218, 0, 0., 0, 0., 0, 0., 0, 0., 1, 0.5747126436781609, 0, 0., 0, 0., 3, 1.7241379310344827, 0, 0., 0, 0., 0, 0., 0, 0., 0, 0., 0, 0., 0, 0., 0, 0., 0, 0., 61, 35.05747126436781, 0, 0., 0, 0., 0, 0., 5, 2.8735632183908044, 0, 0., 0, 0., 154, 118, 272, 174, 0.6397058823529411
, generated\gt\sample_000562.krn, generated\xml_trimmed_2\sample_000562.xml, 0, 0., 189, 67.74193548387096, 0, 0., 7, 2.5089605734767026, 0, 0., 0, 0., 0, 0., 0, 0., 0, 0., 0, 0., 1, 0.35842293906810035, 0, 0., 0, 0., 0, 0., 2, 0.7168458781362007, 0, 0., 0, 0., 0, 0., 0, 0., 4, 1.4336917562724014, 0, 0., 0, 0., 6, 2.150537634408602, 0, 0., 0, 0., 0, 0., 0, 0., 0, 0., 0, 0., 0, 0., 0, 0., 0, 0., 65, 23.29749103942652, 0, 0., 0, 0., 0, 0., 5, 1.7921146953405018, 0, 0., 0, 0., 221, 208, 429, 279, 0.6503496503496503
, generated\gt\sample_000107.krn, generated\xml_trimmed_2\sample_000107.xml, 0, 0., 173, 72.38493723849372, 0, 0., 12, 5.02092050209205, 1, 0.41841004184100417, 0, 0., 1, 0.41841004184100417, 0, 0., 0, 0., 0, 0., 4, 1.6736401673640167, 0, 0., 0, 0., 1, 0.41841004184100417, 4, 1.6736401673640167, 0, 0., 0, 0., 0, 0., 0, 0., 0, 0., 0, 0., 0, 0., 6, 2.510460251046025, 0, 0., 0, 0., 0, 0., 0, 0., 0, 0., 0, 0., 0, 0., 0, 0., 0, 0., 32, 13.389121338912133, 0, 0., 0, 0., 0, 0., 5, 2.092050209205021, 0, 0., 0, 0., 197, 164, 361, 239, 0.6620498614958449
, generated\gt\sample_000678.krn, generated\xml_trimmed_2\sample_000678.xml, 0, 0., 91, 51.70454545454545, 0, 0., 3, 1.7045454545454546, 0, 0., 0, 0., 0, 0., 0, 0., 0, 0., 1, 0.5681818181818182, 2, 1.1363636363636365, 0, 0., 0, 0., 0, 0., 0, 0., 0, 0., 0, 0., 0, 0., 0, 0., 0, 0., 0, 0., 0, 0., 8, 4.545454545454546, 0, 0., 0, 0., 0, 0., 0, 0., 0, 0., 0, 0., 0, 0., 0, 0., 0, 0., 71, 40.34090909090909, 0, 0., 0, 0., 0, 0., 0, 0., 0, 0., 0, 0., 147, 118, 265, 176, 0.6641509433962264
, generated\gt\sample_000199.krn, generated\xml_trimmed_2\sample_000199.xml, 0, 0., 322, 85.41114058355437, 0, 0., 17, 4.5092838196286475, 6, 1.5915119363395225, 0, 0., 3, 0.7957559681697612, 0, 0., 0, 0., 3, 0.7957559681697612, 4, 1.0610079575596818, 0, 0., 0, 0., 2, 0.5305039787798409, 4, 1.0610079575596818, 0, 0., 0, 0., 0, 0., 0, 0., 2, 0.5305039787798409, 0, 0., 1, 0.26525198938992045, 8, 2.1220159151193636, 0, 0., 0, 0., 0, 0., 0, 0., 0, 0., 0, 0., 0, 0., 0, 0., 0, 0., 0, 0., 0, 0., 0, 0., 0, 0., 5, 1.3262599469496021, 0, 0., 0, 0., 315, 240, 555, 377, 0.6792792792792792
, generated\gt\sample_000505.krn, generated\xml_trimmed_2\sample_000505.xml, 0, 0., 264, 86.55737704918033, 0, 0., 21, 6.885245901639344, 0, 0., 0, 0., 2, 0.6557377049180327, 0, 0., 0, 0., 0, 0., 2, 0.6557377049180327, 0, 0., 0, 0., 0, 0., 4, 1.3114754098360655, 0, 0., 0, 0., 0, 0., 0, 0., 1, 0.32786885245901637, 0, 0., 0, 0., 2, 0.6557377049180327, 0, 0., 0, 0., 0, 0., 0, 0., 0, 0., 0, 0., 0, 0., 0, 0., 0, 0., 4, 1.3114754098360655, 0, 0., 0, 0., 0, 0., 5, 1.639344262295082, 0, 0., 0, 0., 240, 209, 449, 305, 0.6792873051224945
, generated\gt\sample_000108.krn, generated\xml_trimmed_2\sample_000108.xml, 0, 0., 205, 65.91639871382637, 0, 0., 8, 2.572347266881029, 0, 0., 2, 0.6430868167202572, 0, 0., 0, 0., 0, 0., 0, 0., 5, 1.607717041800643, 1, 0.3215434083601286, 0, 0., 1, 0.3215434083601286, 4, 1.2861736334405145, 0, 0., 0, 0., 0, 0., 0, 0., 1, 0.3215434083601286, 0, 0., 0, 0., 6, 1.9292604501607717, 0, 0., 0, 0., 0, 0., 0, 0., 0, 0., 0, 0., 0, 0., 0, 0., 0, 0., 73, 23.472668810289388, 0, 0., 0, 0., 0, 0., 5, 1.607717041800643, 0, 0., 0, 0., 236, 221, 457, 311, 0.6805251641137856
, generated\gt\sample_000286.krn, generated\xml_trimmed_2\sample_000286.xml, 0, 0., 138, 71.50259067357513, 0, 0., 2, 1.0362694300518134, 0, 0., 0, 0., 0, 0., 0, 0., 0, 0., 1, 0.5181347150259067, 2, 1.0362694300518134, 0, 0., 0, 0., 0, 0., 0, 0., 0, 0., 0, 0., 0, 0., 0, 0., 0, 0., 0, 0., 0, 0., 4, 2.0725388601036268, 0, 0., 0, 0., 0, 0., 0, 0., 0, 0., 0, 0., 0, 0., 0, 0., 0, 0., 46, 23.83419689119171, 0, 0., 0, 0., 0, 0., 0, 0., 0, 0., 0, 0., 151, 130, 281, 193, 0.6868327402135231
, generated\gt\sample_000645.krn, generated\xml_trimmed_2\sample_000645.xml, 0, 0., 71, 31.004366812227076, 2, 0.8733624454148472, 0, 0., 0, 0., 0, 0., 0, 0., 0, 0., 0, 0., 0, 0., 0, 0., 0, 0., 0, 0., 2, 0.8733624454148472, 0, 0., 0, 0., 0, 0., 0, 0., 0, 0., 0, 0., 0, 0., 0, 0., 9, 3.930131004366812, 0, 0., 0, 0., 0, 0., 0, 0., 0, 0., 0, 0., 0, 0., 0, 0., 0, 0., 145, 63.31877729257642, 0, 0., 0, 0., 0, 0., 0, 0., 0, 0., 0, 0., 129, 203, 332, 229, 0.6897590361445783
, generated\gt\sample_000356.krn, generated\xml_trimmed_2\sample_000356.xml, 0, 0., 173, 74.89177489177489, 0, 0., 14, 6.0606060606060606, 6, 2.5974025974025974, 0, 0., 0, 0., 0, 0., 0, 0., 0, 0., 1, 0.4329004329004329, 1, 0.4329004329004329, 0, 0., 0, 0., 4, 1.7316017316017316, 2, 0.8658008658008658, 0, 0., 0, 0., 0, 0., 4, 1.7316017316017316, 0, 0., 0, 0., 12, 5.194805194805195, 0, 0., 0, 0., 0, 0., 0, 0., 0, 0., 0, 0., 0, 0., 0, 0., 0, 0., 9, 3.896103896103896, 0, 0., 0, 0., 0, 0., 5, 2.1645021645021645, 0, 0., 0, 0., 172, 162, 334, 231, 0.6916167664670658
, generated\gt\sample_000569.krn, generated\xml_trimmed_2\sample_000569.xml, 0, 0., 308, 82.57372654155496, 0, 0., 27, 7.238605898123325, 0, 0., 0, 0., 0, 0., 0, 0., 0, 0., 0, 0., 0, 0., 0, 0., 0, 0., 0, 0., 4, 1.0723860589812333, 0, 0., 0, 0., 4, 1.0723860589812333, 18, 4.825737265415549, 1, 0.2680965147453083, 0, 0., 0, 0., 0, 0., 0, 0., 0, 0., 0, 0., 0, 0., 6, 1.6085790884718498, 0, 0., 0, 0., 0, 0., 0, 0., 0, 0., 0, 0., 0, 0., 0, 0., 5, 1.3404825737265416, 0, 0., 0, 0., 297, 240, 537, 373, 0.6945996275605214
, generated\gt\sample_000105.krn, generated\xml_trimmed_2\sample_000105.xml, 0, 0., 180, 81.44796380090497, 0, 0., 6, 2.7149321266968327, 1, 0.45248868778280543, 0, 0., 0, 0., 0, 0., 0, 0., 0, 0., 1, 0.45248868778280543, 2, 0.9049773755656109, 0, 0., 0, 0., 2, 0.9049773755656109, 0, 0., 0, 0., 0, 0., 0, 0., 1, 0.45248868778280543, 0, 0., 0, 0., 2, 0.9049773755656109, 0, 0., 0, 0., 0, 0., 0, 0., 0, 0., 0, 0., 0, 0., 0, 0., 0, 0., 21, 9.502262443438914, 0, 0., 0, 0., 0, 0., 5, 2.262443438914027, 0, 0., 0, 0., 158, 157, 315, 221, 0.7015873015873015
, generated\gt\sample_000191.krn, generated\xml_trimmed_2\sample_000191.xml, 0, 0., 126, 45.98540145985402, 0, 0., 0, 0., 0, 0., 0, 0., 0, 0., 0, 0., 0, 0., 0, 0., 0, 0., 0, 0., 0, 0., 1, 0.36496350364963503, 0, 0., 0, 0., 0, 0., 0, 0., 0, 0., 0, 0., 0, 0., 0, 0., 4, 1.4598540145985401, 0, 0., 0, 0., 0, 0., 0, 0., 0, 0., 0, 0., 0, 0., 0, 0., 0, 0., 143, 52.18978102189781, 0, 0., 0, 0., 0, 0., 0, 0., 0, 0., 0, 0., 191, 183, 374, 274, 0.732620320855615
, generated\gt\sample_000190.krn, generated\xml_trimmed_2\sample_000190.xml, 0, 0., 83, 46.89265536723164, 0, 0., 2, 1.1299435028248588, 1, 0.5649717514124294, 0, 0., 0, 0., 0, 0., 0, 0., 0, 0., 0, 0., 0, 0., 0, 0., 1, 0.5649717514124294, 0, 0., 1, 0.5649717514124294, 0, 0., 0, 0., 0, 0., 0, 0., 0, 0., 0, 0., 6, 3.389830508474576, 0, 0., 0, 0., 0, 0., 0, 0., 0, 0., 0, 0., 0, 0., 0, 0., 0, 0., 83, 46.89265536723164, 0, 0., 0, 0., 0, 0., 0, 0., 0, 0., 0, 0., 108, 130, 238, 177, 0.7436974789915967
, generated\gt\sample_000570.krn, generated\xml_trimmed_2\sample_000570.xml, 0, 0., 287, 89.96865203761756, 0, 0., 17, 5.329153605015674, 0, 0., 0, 0., 0, 0., 0, 0., 0, 0., 0, 0., 0, 0., 0, 0., 0, 0., 0, 0., 4, 1.2539184952978057, 4, 1.2539184952978057, 0, 0., 0, 0., 0, 0., 1, 0.31347962382445144, 0, 0., 0, 0., 1, 0.31347962382445144, 0, 0., 0, 0., 0, 0., 0, 0., 0, 0., 0, 0., 0, 0., 0, 0., 0, 0., 0, 0., 0, 0., 0, 0., 0, 0., 5, 1.567398119122257, 0, 0., 0, 0., 245, 182, 427, 319, 0.747072599531616
, generated\gt\sample_000663.krn, generated\xml_trimmed_2\sample_000663.xml, 0, 0., 40, 24.84472049689441, 0, 0., 1, 0.6211180124223602, 0, 0., 0, 0., 1, 0.6211180124223602, 0, 0., 0, 0., 0, 0., 2, 1.2422360248447204, 0, 0., 0, 0., 0, 0., 1, 0.6211180124223602, 0, 0., 0, 0., 0, 0., 0, 0., 0, 0., 0, 0., 0, 0., 3, 1.8633540372670807, 0, 0., 0, 0., 0, 0., 0, 0., 0, 0., 0, 0., 0, 0., 0, 0., 0, 0., 108, 67.0807453416149, 0, 0., 0, 0., 0, 0., 5, 3.1055900621118013, 0, 0., 0, 0., 121, 93, 214, 161, 0.7523364485981309
, generated\gt\sample_000119.krn, generated\xml_trimmed_2\sample_000119.xml, 0, 0., 215, 67.82334384858044, 0, 0., 0, 0., 0, 0., 6, 1.8927444794952681, 2, 0.6309148264984227, 0, 0., 0, 0., 0, 0., 0, 0., 0, 0., 0, 0., 1, 0.31545741324921134, 0, 0., 1, 0.31545741324921134, 0, 0., 0, 0., 0, 0., 0, 0., 0, 0., 0, 0., 5, 1.5772870662460567, 0, 0., 0, 0., 0, 0., 0, 0., 0, 0., 0, 0., 0, 0., 0, 0., 0, 0., 87, 27.444794952681388, 0, 0., 0, 0., 0, 0., 0, 0., 0, 0., 0, 0., 263, 158, 421, 317, 0.7529691211401425
, generated\gt\sample_000472.krn, generated\xml_trimmed_2\sample_000472.xml, 0, 0., 384, 85.52338530066815, 0, 0., 26, 5.79064587973274, 0, 0., 0, 0., 0, 0., 0, 0., 0, 0., 1, 0.22271714922049, 0, 0., 0, 0., 0, 0., 0, 0., 4, 0.89086859688196, 0, 0., 0, 0., 4, 0.89086859688196, 0, 0., 1, 0.22271714922049, 2, 0.44543429844098, 1, 0.22271714922049, 9, 2.0044543429844097, 0, 0., 0, 0., 0, 0., 0, 0., 12, 2.6726057906458798, 0, 0., 0, 0., 0, 0., 0, 0., 0, 0., 0, 0., 0, 0., 0, 0., 5, 1.1135857461024499, 0, 0., 0, 0., 303, 277, 580, 449, 0.7741379310344828
, generated\gt\sample_000362.krn, generated\xml_trimmed_2\sample_000362.xml, 0, 0., 61, 9.682539682539682, 0, 0., 0, 0., 0, 0., 0, 0., 0, 0., 0, 0., 0, 0., 0, 0., 0, 0., 0, 0., 0, 0., 0, 0., 0, 0., 0, 0., 0, 0., 0, 0., 0, 0., 0, 0., 0, 0., 0, 0., 0, 0., 0, 0., 0, 0., 0, 0., 0, 0., 0, 0., 0, 0., 0, 0., 0, 0., 0, 0., 227, 36.03174603174603, 329, 52.22222222222222, 0, 0., 13, 2.0634920634920637, 0, 0., 0, 0., 0, 0., 344, 460, 804, 630, 0.7835820895522388
, generated\gt\sample_000450.krn, generated\xml_trimmed_2\sample_000450.xml, 0, 0., 226, 68.07228915662651, 0, 0., 2, 0.6024096385542169, 0, 0., 8, 2.4096385542168677, 1, 0.30120481927710846, 0, 0., 0, 0., 0, 0., 0, 0., 0, 0., 0, 0., 0, 0., 0, 0., 0, 0., 0, 0., 0, 0., 0, 0., 0, 0., 0, 0., 0, 0., 21, 6.325301204819277, 0, 0., 0, 0., 0, 0., 0, 0., 0, 0., 0, 0., 0, 0., 0, 0., 0, 0., 74, 22.289156626506024, 0, 0., 0, 0., 0, 0., 0, 0., 0, 0., 0, 0., 277, 141, 418, 332, 0.7942583732057417
, generated\gt\sample_000410.krn, generated\xml_trimmed_2\sample_000410.xml, 0, 0., 317, 79.84886649874055, 0, 0., 26, 6.54911838790932, 0, 0., 0, 0., 1, 0.2518891687657431, 0, 0., 0, 0., 0, 0., 1, 0.2518891687657431, 0, 0., 0, 0., 0, 0., 4, 1.0075566750629723, 2, 0.5037783375314862, 0, 0., 0, 0., 0, 0., 1, 0.2518891687657431, 0, 0., 0, 0., 2, 0.5037783375314862, 0, 0., 0, 0., 0, 0., 0, 0., 0, 0., 0, 0., 0, 0., 0, 0., 0, 0., 38, 9.571788413098236, 0, 0., 0, 0., 0, 0., 5, 1.2594458438287153, 0, 0., 0, 0., 330, 167, 497, 397, 0.7987927565392354
, generated\gt\sample_000413.krn, generated\xml_trimmed_2\sample_000413.xml, 0, 0., 282, 76.83923705722071, 0, 0., 8, 2.1798365122615806, 0, 0., 0, 0., 0, 0., 0, 0., 0, 0., 0, 0., 1, 0.2724795640326976, 0, 0., 0, 0., 0, 0., 4, 1.0899182561307903, 0, 0., 0, 0., 0, 0., 0, 0., 1, 0.2724795640326976, 0, 0., 0, 0., 2, 0.5449591280653951, 0, 0., 0, 0., 0, 0., 0, 0., 0, 0., 0, 0., 0, 0., 0, 0., 0, 0., 64, 17.438692098092645, 0, 0., 0, 0., 0, 0., 5, 1.3623978201634876, 0, 0., 0, 0., 243, 214, 457, 367, 0.8030634573304157
, generated\gt\sample_000473.krn, generated\xml_trimmed_2\sample_000473.xml, 0, 0., 296, 89.96960486322189, 0, 0., 14, 4.25531914893617, 0, 0., 2, 0.60790273556231, 0, 0., 0, 0., 0, 0., 0, 0., 0, 0., 0, 0., 0, 0., 0, 0., 4, 1.21580547112462, 0, 0., 0, 0., 6, 1.8237082066869301, 0, 0., 1, 0.303951367781155, 0, 0., 0, 0., 1, 0.303951367781155, 0, 0., 0, 0., 0, 0., 0, 0., 0, 0., 0, 0., 0, 0., 0, 0., 0, 0., 0, 0., 0, 0., 0, 0., 0, 0., 5, 1.5197568389057752, 0, 0., 0, 0., 256, 153, 409, 329, 0.80440097799511
, generated\gt\sample_000646.krn, generated\xml_trimmed_2\sample_000646.xml, 0, 0., 215, 65.34954407294833, 2, 0.60790273556231, 13, 3.951367781155015, 1, 0.303951367781155, 2, 0.60790273556231, 0, 0., 0, 0., 0, 0., 0, 0., 2, 0.60790273556231, 0, 0., 0, 0., 2, 0.60790273556231, 0, 0., 0, 0., 0, 0., 0, 0., 0, 0., 2, 0.60790273556231, 0, 0., 0, 0., 6, 1.8237082066869301, 0, 0., 0, 0., 0, 0., 0, 0., 0, 0., 0, 0., 0, 0., 0, 0., 0, 0., 79, 24.012158054711247, 0, 0., 0, 0., 0, 0., 5, 1.5197568389057752, 0, 0., 0, 0., 246, 160, 406, 329, 0.8103448275862069
, generated\gt\sample_000571.krn, generated\xml_trimmed_2\sample_000571.xml, 0, 0., 397, 91.68591224018476, 2, 0.4618937644341801, 18, 4.157043879907621, 0, 0., 0, 0., 5, 1.1547344110854503, 0, 0., 0, 0., 0, 0., 0, 0., 0, 0., 0, 0., 0, 0., 4, 0.9237875288683602, 0, 0., 0, 0., 0, 0., 0, 0., 0, 0., 0, 0., 0, 0., 2, 0.4618937644341801, 0, 0., 0, 0., 0, 0., 0, 0., 0, 0., 0, 0., 0, 0., 0, 0., 0, 0., 0, 0., 0, 0., 0, 0., 0, 0., 5, 1.1547344110854503, 0, 0., 0, 0., 294, 240, 534, 433, 0.8108614232209738
, generated\gt\sample_000212.krn, generated\xml_trimmed_2\sample_000212.xml, 0, 0., 21, 16.03053435114504, 0, 0., 0, 0., 2, 1.5267175572519085, 0, 0., 0, 0., 0, 0., 0, 0., 0, 0., 0, 0., 0, 0., 0, 0., 2, 1.5267175572519085, 0, 0., 0, 0., 0, 0., 0, 0., 0, 0., 0, 0., 0, 0., 0, 0., 1, 0.7633587786259542, 0, 0., 0, 0., 0, 0., 0, 0., 0, 0., 0, 0., 0, 0., 0, 0., 0, 0., 105, 80.1526717557252, 0, 0., 0, 0., 0, 0., 0, 0., 0, 0., 0, 0., 79, 82, 161, 131, 0.8136645962732919
, generated\gt\sample_000200.krn, generated\xml_trimmed_2\sample_000200.xml, 0, 0., 425, 90.04237288135593, 4, 0.847457627118644, 6, 1.271186440677966, 0, 0., 0, 0., 0, 0., 0, 0., 0, 0., 1, 0.211864406779661, 0, 0., 0, 0., 0, 0., 6, 1.271186440677966, 4, 0.847457627118644, 0, 0., 0, 0., 0, 0., 0, 0., 1, 0.211864406779661, 0, 0., 0, 0., 20, 4.237288135593221, 0, 0., 0, 0., 0, 0., 0, 0., 0, 0., 0, 0., 0, 0., 0, 0., 0, 0., 0, 0., 0, 0., 0, 0., 0, 0., 5, 1.0593220338983051, 0, 0., 0, 0., 325, 247, 572, 472, 0.8251748251748252
, generated\gt\sample_000094.krn, generated\xml_trimmed_2\sample_000094.xml, 0, 0., 283, 76.0752688172043, 0, 0., 7, 1.881720430107527, 1, 0.26881720430107525, 0, 0., 2, 0.5376344086021505, 0, 0., 0, 0., 0, 0., 1, 0.26881720430107525, 0, 0., 0, 0., 0, 0., 2, 0.5376344086021505, 1, 0.26881720430107525, 0, 0., 0, 0., 0, 0., 2, 0.5376344086021505, 0, 0., 0, 0., 13, 3.4946236559139785, 0, 0., 0, 0., 0, 0., 0, 0., 0, 0., 0, 0., 0, 0., 0, 0., 0, 0., 55, 14.78494623655914, 0, 0., 0, 0., 0, 0., 5, 1.3440860215053763, 0, 0., 0, 0., 250, 196, 446, 372, 0.8340807174887892
, generated\gt\sample_000606.krn, generated\xml_trimmed_2\sample_000606.xml, 0, 0., 426, 72.6962457337884, 0, 0., 31, 5.290102389078498, 2, 0.3412969283276451, 0, 0., 0, 0., 0, 0., 0, 0., 1, 0.17064846416382254, 0, 0., 0, 0., 0, 0., 0, 0., 4, 0.6825938566552902, 2, 0.3412969283276451, 0, 0., 6, 1.023890784982935, 0, 0., 1, 0.17064846416382254, 0, 0., 0, 0., 6, 1.023890784982935, 0, 0., 0, 0., 0, 0., 0, 0., 0, 0., 0, 0., 0, 0., 0, 0., 0, 0., 102, 17.406143344709896, 0, 0., 0, 0., 0, 0., 5, 0.8532423208191127, 0, 0., 0, 0., 416, 282, 698, 586, 0.839541547277937
, generated\gt\sample_000409.krn, generated\xml_trimmed_2\sample_000409.xml, 0, 0., 296, 70.8133971291866, 4, 0.9569377990430622, 6, 1.4354066985645932, 0, 0., 6, 1.4354066985645932, 1, 0.23923444976076555, 0, 0., 0, 0., 0, 0., 3, 0.7177033492822966, 0, 0., 0, 0., 5, 1.1961722488038278, 4, 0.9569377990430622, 0, 0., 0, 0., 0, 0., 0, 0., 2, 0.4784688995215311, 0, 0., 0, 0., 2, 0.4784688995215311, 0, 0., 0, 0., 0, 0., 0, 0., 0, 0., 0, 0., 0, 0., 0, 0., 0, 0., 84, 20.095693779904305, 0, 0., 0, 0., 0, 0., 5, 1.1961722488038278, 0, 0., 0, 0., 312, 182, 494, 418, 0.8461538461538461
, generated\gt\sample_000237.krn, generated\xml_trimmed_2\sample_000237.xml, 0, 0., 273, 72.8, 2, 0.5333333333333333, 3, 0.8, 1, 0.26666666666666666, 0, 0., 0, 0., 0, 0., 0, 0., 0, 0., 0, 0., 0, 0., 0, 0., 1, 0.26666666666666666, 4, 1.0666666666666667, 0, 0., 0, 0., 0, 0., 0, 0., 2, 0.5333333333333333, 0, 0., 0, 0., 8, 2.1333333333333333, 0, 0., 0, 0., 0, 0., 0, 0., 0, 0., 0, 0., 0, 0., 0, 0., 0, 0., 76, 20.266666666666666, 0, 0., 0, 0., 0, 0., 5, 1.3333333333333333, 0, 0., 0, 0., 242, 200, 442, 375, 0.8484162895927602
, generated\gt\sample_000260.krn, generated\xml_trimmed_2\sample_000260.xml, 0, 0., 300, 94.6372239747634, 0, 0., 0, 0., 0, 0., 12, 3.7854889589905363, 0, 0., 0, 0., 0, 0., 0, 0., 0, 0., 0, 0., 0, 0., 0, 0., 0, 0., 0, 0., 0, 0., 0, 0., 0, 0., 0, 0., 0, 0., 0, 0., 5, 1.5772870662460567, 0, 0., 0, 0., 0, 0., 0, 0., 0, 0., 0, 0., 0, 0., 0, 0., 0, 0., 0, 0., 0, 0., 0, 0., 0, 0., 0, 0., 0, 0., 0, 0., 252, 117, 369, 317, 0.8590785907859079
, generated\gt\sample_000607.krn, generated\xml_trimmed_2\sample_000607.xml, 0, 0., 438, 70.75928917609046, 0, 0., 17, 2.7463651050080777, 0, 0., 0, 0., 0, 0., 0, 0., 0, 0., 0, 0., 1, 0.16155088852988692, 1, 0.16155088852988692, 0, 0., 1, 0.16155088852988692, 4, 0.6462035541195477, 2, 0.32310177705977383, 0, 0., 0, 0., 0, 0., 1, 0.16155088852988692, 0, 0., 0, 0., 13, 2.10016155088853, 0, 0., 0, 0., 0, 0., 0, 0., 0, 0., 0, 0., 0, 0., 0, 0., 0, 0., 136, 21.970920840064622, 0, 0., 0, 0., 0, 0., 5, 0.8077544426494345, 0, 0., 0, 0., 396, 321, 717, 619, 0.8633193863319386
, generated\gt\sample_000651.krn, generated\xml_trimmed_2\sample_000651.xml, 0, 0., 227, 49.240780911062906, 2, 0.43383947939262474, 6, 1.3015184381778742, 0, 0., 0, 0., 0, 0., 0, 0., 0, 0., 1, 0.21691973969631237, 2, 0.43383947939262474, 1, 0.21691973969631237, 0, 0., 0, 0., 4, 0.8676789587852495, 0, 0., 0, 0., 0, 0., 0, 0., 1, 0.21691973969631237, 0, 0., 0, 0., 4, 0.8676789587852495, 0, 0., 0, 0., 0, 0., 0, 0., 6, 1.3015184381778742, 0, 0., 0, 0., 0, 0., 0, 0., 202, 43.8177874186551, 0, 0., 0, 0., 0, 0., 5, 1.0845986984815619, 0, 0., 0, 0., 313, 220, 533, 461, 0.8649155722326454
, generated\gt\sample_000563.krn, generated\xml_trimmed_2\sample_000563.xml, 0, 0., 140, 30.56768558951965, 0, 0., 11, 2.4017467248908297, 0, 0., 0, 0., 0, 0., 0, 0., 0, 0., 0, 0., 0, 0., 0, 0., 0, 0., 1, 0.2183406113537118, 4, 0.8733624454148472, 0, 0., 0, 0., 4, 0.8733624454148472, 0, 0., 2, 0.4366812227074236, 0, 0., 0, 0., 5, 1.091703056768559, 0, 0., 0, 0., 0, 0., 0, 0., 0, 0., 0, 0., 0, 0., 0, 0., 0, 0., 174, 37.99126637554585, 112, 24.45414847161572, 0, 0., 0, 0., 5, 1.091703056768559, 0, 0., 0, 0., 182, 339, 521, 458, 0.8790786948176583
, generated\gt\sample_000650.krn, generated\xml_trimmed_2\sample_000650.xml, 0, 0., 438, 80.96118299445472, 0, 0., 8, 1.478743068391867, 0, 0., 0, 0., 0, 0., 0, 0., 0, 0., 0, 0., 0, 0., 0, 0., 0, 0., 1, 0.18484288354898337, 4, 0.7393715341959335, 0, 0., 0, 0., 0, 0., 0, 0., 2, 0.36968576709796674, 0, 0., 0, 0., 5, 0.9242144177449169, 0, 0., 0, 0., 0, 0., 0, 0., 0, 0., 0, 0., 0, 0., 0, 0., 0, 0., 78, 14.417744916820702, 0, 0., 0, 0., 0, 0., 5, 0.9242144177449169, 0, 0., 0, 0., 316, 299, 615, 541, 0.8796747967479674
, generated\gt\sample_000198.krn, generated\xml_trimmed_2\sample_000198.xml, 0, 0., 347, 66.0952380952381, 0, 0., 6, 1.1428571428571428, 0, 0., 10, 1.9047619047619047, 0, 0., 0, 0., 0, 0., 0, 0., 1, 0.19047619047619047, 0, 0., 0, 0., 0, 0., 4, 0.7619047619047619, 0, 0., 0, 0., 0, 0., 0, 0., 0, 0., 0, 0., 0, 0., 8, 1.5238095238095237, 0, 0., 0, 0., 0, 0., 0, 0., 0, 0., 0, 0., 0, 0., 0, 0., 0, 0., 144, 27.428571428571427, 0, 0., 0, 0., 0, 0., 5, 0.9523809523809523, 0, 0., 0, 0., 414, 177, 591, 525, 0.8883248730964467
, generated\gt\sample_000648.krn, generated\xml_trimmed_2\sample_000648.xml, 0, 0., 538, 93.40277777777777, 0, 0., 22, 3.8194444444444446, 0, 0., 0, 0., 1, 0.1736111111111111, 0, 0., 0, 0., 0, 0., 0, 0., 0, 0., 0, 0., 0, 0., 4, 0.6944444444444444, 0, 0., 0, 0., 0, 0., 0, 0., 4, 0.6944444444444444, 0, 0., 0, 0., 2, 0.3472222222222222, 0, 0., 0, 0., 0, 0., 0, 0., 0, 0., 0, 0., 0, 0., 0, 0., 0, 0., 0, 0., 0, 0., 0, 0., 0, 0., 5, 0.8680555555555556, 0, 0., 0, 0., 349, 299, 648, 576, 0.8888888888888888
, generated\gt\sample_000187.krn, generated\xml_trimmed_2\sample_000187.xml, 0, 0., 201, 71.27659574468085, 0, 0., 0, 0., 0, 0., 0, 0., 0, 0., 0, 0., 0, 0., 0, 0., 0, 0., 0, 0., 0, 0., 1, 0.3546099290780142, 0, 0., 0, 0., 0, 0., 0, 0., 0, 0., 0, 0., 0, 0., 0, 0., 13, 4.609929078014185, 0, 0., 0, 0., 0, 0., 0, 0., 0, 0., 0, 0., 0, 0., 0, 0., 0, 0., 67, 23.75886524822695, 0, 0., 0, 0., 0, 0., 0, 0., 0, 0., 0, 0., 153, 164, 317, 282, 0.889589905362776
, generated\gt\sample_000665.krn, generated\xml_trimmed_2\sample_000665.xml, 0, 0., 113, 55.1219512195122, 0, 0., 2, 0.975609756097561, 0, 0., 0, 0., 0, 0., 0, 0., 0, 0., 0, 0., 1, 0.4878048780487805, 0, 0., 0, 0., 0, 0., 0, 0., 0, 0., 0, 0., 0, 0., 0, 0., 0, 0., 0, 0., 0, 0., 12, 5.853658536585366, 0, 0., 0, 0., 0, 0., 0, 0., 0, 0., 0, 0., 0, 0., 0, 0., 0, 0., 77, 37.5609756097561, 0, 0., 0, 0., 0, 0., 0, 0., 0, 0., 0, 0., 113, 117, 230, 205, 0.8913043478260869
, generated\gt\sample_000443.krn, generated\xml_trimmed_2\sample_000443.xml, 0, 0., 466, 92.27722772277228, 0, 0., 20, 3.9603960396039604, 0, 0., 0, 0., 0, 0., 0, 0., 0, 0., 0, 0., 2, 0.39603960396039606, 0, 0., 0, 0., 0, 0., 4, 0.7920792079207921, 2, 0.39603960396039606, 0, 0., 0, 0., 0, 0., 2, 0.39603960396039606, 0, 0., 0, 0., 4, 0.7920792079207921, 0, 0., 0, 0., 0, 0., 0, 0., 0, 0., 0, 0., 0, 0., 0, 0., 0, 0., 0, 0., 0, 0., 0, 0., 0, 0., 5, 0.9900990099009901, 0, 0., 0, 0., 266, 299, 565, 505, 0.8938053097345132
, generated\gt\sample_000201.krn, generated\xml_trimmed_2\sample_000201.xml, 0, 0., 601, 92.46153846153847, 0, 0., 11, 1.6923076923076923, 2, 0.3076923076923077, 6, 0.9230769230769231, 0, 0., 0, 0., 0, 0., 0, 0., 0, 0., 1, 0.15384615384615385, 0, 0., 0, 0., 4, 0.6153846153846154, 0, 0., 0, 0., 0, 0., 0, 0., 1, 0.15384615384615385, 0, 0., 0, 0., 19, 2.923076923076923, 0, 0., 0, 0., 0, 0., 0, 0., 0, 0., 0, 0., 0, 0., 0, 0., 0, 0., 0, 0., 0, 0., 0, 0., 0, 0., 5, 0.7692307692307693, 0, 0., 0, 0., 448, 275, 723, 650, 0.8990318118948825
, generated\gt\sample_000647.krn, generated\xml_trimmed_2\sample_000647.xml, 0, 0., 397, 77.99607072691552, 2, 0.3929273084479371, 20, 3.9292730844793713, 0, 0., 0, 0., 0, 0., 0, 0., 0, 0., 0, 0., 0, 0., 0, 0., 0, 0., 1, 0.19646365422396855, 4, 0.7858546168958742, 0, 0., 0, 0., 0, 0., 0, 0., 4, 0.7858546168958742, 0, 0., 0, 0., 8, 1.5717092337917484, 0, 0., 0, 0., 0, 0., 0, 0., 0, 0., 0, 0., 0, 0., 0, 0., 0, 0., 68, 13.359528487229863, 0, 0., 0, 0., 0, 0., 5, 0.9823182711198428, 0, 0., 0, 0., 318, 247, 565, 509, 0.9008849557522124
, generated\gt\sample_000408.krn, generated\xml_trimmed_2\sample_000408.xml, 0, 0., 40, 9.523809523809524, 10, 2.380952380952381, 0, 0., 6, 1.4285714285714286, 0, 0., 0, 0., 0, 0., 0, 0., 0, 0., 0, 0., 0, 0., 0, 0., 1, 0.23809523809523808, 2, 0.47619047619047616, 0, 0., 0, 0., 0, 0., 0, 0., 0, 0., 0, 0., 0, 0., 3, 0.7142857142857143, 0, 0., 0, 0., 0, 0., 0, 0., 0, 0., 0, 0., 0, 0., 0, 0., 0, 0., 159, 37.857142857142854, 194, 46.19047619047619, 0, 0., 0, 0., 5, 1.1904761904761905, 0, 0., 0, 0., 208, 250, 458, 420, 0.9170305676855895
, generated\gt\sample_000649.krn, generated\xml_trimmed_2\sample_000649.xml, 0, 0., 265, 51.96078431372549, 0, 0., 8, 1.5686274509803921, 0, 0., 0, 0., 0, 0., 0, 0., 0, 0., 0, 0., 0, 0., 0, 0., 0, 0., 1, 0.19607843137254902, 4, 0.7843137254901961, 0, 0., 0, 0., 0, 0., 0, 0., 1, 0.19607843137254902, 0, 0., 0, 0., 1, 0.19607843137254902, 0, 0., 0, 0., 0, 0., 0, 0., 0, 0., 0, 0., 0, 0., 0, 0., 0, 0., 225, 44.11764705882353, 0, 0., 0, 0., 0, 0., 5, 0.9803921568627451, 0, 0., 0, 0., 291, 262, 553, 510, 0.9222423146473779
, generated\gt\sample_000197.krn, generated\xml_trimmed_2\sample_000197.xml, 0, 0., 651, 65.95744680851064, 0, 0., 17, 1.7223910840932117, 0, 0., 34, 3.4447821681864235, 1, 0.10131712259371833, 0, 0., 0, 0., 0, 0., 2, 0.20263424518743667, 0, 0., 0, 0., 2, 0.20263424518743667, 4, 0.40526849037487334, 1, 0.10131712259371833, 0, 0., 0, 0., 0, 0., 4, 0.40526849037487334, 0, 0., 0, 0., 1, 0.10131712259371833, 0, 0., 0, 0., 0, 0., 0, 0., 0, 0., 0, 0., 0, 0., 0, 0., 0, 0., 265, 26.84903748733536, 0, 0., 0, 0., 0, 0., 5, 0.5065856129685917, 0, 0., 0, 0., 721, 346, 1067, 987, 0.9250234301780693
, generated\gt\sample_000235.krn, generated\xml_trimmed_2\sample_000235.xml, 0, 0., 31, 7.469879518072289, 2, 0.4819277108433735, 0, 0., 1, 0.24096385542168675, 0, 0., 0, 0., 0, 0., 0, 0., 0, 0., 0, 0., 0, 0., 0, 0., 0, 0., 2, 0.4819277108433735, 0, 0., 0, 0., 0, 0., 0, 0., 0, 0., 0, 0., 0, 0., 3, 0.7228915662650602, 0, 0., 0, 0., 0, 0., 0, 0., 0, 0., 0, 0., 0, 0., 0, 0., 0, 0., 181, 43.6144578313253, 190, 45.78313253012048, 0, 0., 0, 0., 5, 1.2048192771084338, 0, 0., 0, 0., 206, 235, 441, 415, 0.9410430839002267
, generated\gt\sample_000500.krn, generated\xml_trimmed_2\sample_000500.xml, 0, 0., 57, 9.895833333333334, 2, 0.3472222222222222, 0, 0., 1, 0.1736111111111111, 0, 0., 0, 0., 0, 0., 0, 0., 0, 0., 0, 0., 0, 0., 0, 0., 3, 0.5208333333333334, 0, 0., 0, 0., 0, 0., 0, 0., 0, 0., 0, 0., 0, 0., 0, 0., 1, 0.1736111111111111, 0, 0., 0, 0., 0, 0., 0, 0., 0, 0., 0, 0., 0, 0., 0, 0., 0, 0., 166, 28.819444444444443, 333, 57.8125, 0, 0., 13, 2.2569444444444446, 0, 0., 0, 0., 0, 0., 216, 396, 612, 576, 0.9411764705882353
, generated\gt\sample_000446.krn, generated\xml_trimmed_2\sample_000446.xml, 0, 0., 222, 45.77319587628866, 0, 0., 8, 1.6494845360824741, 0, 0., 0, 0., 0, 0., 0, 0., 0, 0., 0, 0., 0, 0., 0, 0., 0, 0., 0, 0., 2, 0.41237113402061853, 1, 0.20618556701030927, 0, 0., 0, 0., 0, 0., 1, 0.20618556701030927, 0, 0., 0, 0., 3, 0.6185567010309279, 0, 0., 0, 0., 0, 0., 0, 0., 0, 0., 0, 0., 0, 0., 0, 0., 0, 0., 243, 50.103092783505154, 0, 0., 0, 0., 0, 0., 5, 1.0309278350515463, 0, 0., 0, 0., 256, 258, 514, 485, 0.943579766536965
, generated\gt\sample_000196.krn, generated\xml_trimmed_2\sample_000196.xml, 0, 0., 11, 2.972972972972973, 2, 0.5405405405405406, 0, 0., 1, 0.2702702702702703, 0, 0., 0, 0., 0, 0., 0, 0., 0, 0., 0, 0., 0, 0., 0, 0., 0, 0., 0, 0., 0, 0., 0, 0., 0, 0., 0, 0., 0, 0., 0, 0., 0, 0., 1, 0.2702702702702703, 0, 0., 0, 0., 0, 0., 0, 0., 0, 0., 0, 0., 0, 0., 0, 0., 0, 0., 178, 48.108108108108105, 164, 44.32432432432432, 0, 0., 13, 3.5135135135135136, 0, 0., 0, 0., 0, 0., 177, 211, 388, 370, 0.9536082474226805
, generated\gt\sample_000233.krn, generated\xml_trimmed_2\sample_000233.xml, 0, 0., 10, 1.6474464579901154, 0, 0., 0, 0., 0, 0., 0, 0., 0, 0., 0, 0., 0, 0., 0, 0., 0, 0., 0, 0., 0, 0., 2, 0.32948929159802304, 0, 0., 0, 0., 0, 0., 0, 0., 0, 0., 0, 0., 0, 0., 0, 0., 1, 0.16474464579901152, 0, 0., 0, 0., 0, 0., 0, 0., 0, 0., 0, 0., 0, 0., 0, 0., 0, 0., 227, 37.39703459637562, 354, 58.319604612850085, 0, 0., 13, 2.1416803953871497, 0, 0., 0, 0., 0, 0., 238, 395, 633, 607, 0.9589257503949447
, generated\gt\sample_000534.krn, generated\xml_trimmed_2\sample_000534.xml, 0, 0., 23, 3.3625730994152048, 0, 0., 0, 0., 0, 0., 0, 0., 0, 0., 0, 0., 0, 0., 0, 0., 0, 0., 0, 0., 0, 0., 0, 0., 0, 0., 2, 0.29239766081871343, 0, 0., 0, 0., 0, 0., 0, 0., 0, 0., 0, 0., 0, 0., 0, 0., 0, 0., 0, 0., 0, 0., 0, 0., 0, 0., 0, 0., 0, 0., 0, 0., 290, 42.39766081871345, 356, 52.046783625730995, 0, 0., 13, 1.9005847953216375, 0, 0., 0, 0., 0, 0., 289, 421, 710, 684, 0.9633802816901409
, generated\gt\sample_000084.krn, generated\xml_trimmed_2\sample_000084.xml, 0, 0., 63, 8.502024291497976, 2, 0.2699055330634278, 2, 0.2699055330634278, 0, 0., 0, 0., 0, 0., 0, 0., 0, 0., 0, 0., 0, 0., 0, 0., 0, 0., 0, 0., 0, 0., 0, 0., 0, 0., 2, 0.2699055330634278, 0, 0., 0, 0., 0, 0., 0, 0., 2, 0.2699055330634278, 0, 0., 0, 0., 0, 0., 0, 0., 0, 0., 0, 0., 0, 0., 0, 0., 0, 0., 258, 34.81781376518219, 399, 53.84615384615385, 0, 0., 13, 1.7543859649122806, 0, 0., 0, 0., 0, 0., 321, 442, 763, 741, 0.9711664482306684
, generated\gt\sample_000215.krn, generated\xml_trimmed_2\sample_000215.xml, 0, 0., 39, 10.714285714285714, 2, 0.5494505494505495, 1, 0.27472527472527475, 0, 0., 0, 0., 0, 0., 0, 0., 0, 0., 0, 0., 0, 0., 0, 0., 0, 0., 0, 0., 4, 1.098901098901099, 0, 0., 0, 0., 0, 0., 0, 0., 0, 0., 0, 0., 0, 0., 3, 0.8241758241758241, 0, 0., 0, 0., 0, 0., 0, 0., 0, 0., 0, 0., 0, 0., 0, 0., 0, 0., 126, 34.61538461538461, 176, 48.35164835164835, 0, 0., 13, 3.5714285714285716, 0, 0., 0, 0., 0, 0., 161, 213, 374, 364, 0.9732620320855615
, generated\gt\sample_000451.krn, generated\xml_trimmed_2\sample_000451.xml, 0, 0., 70, 12.820512820512821, 0, 0., 0, 0., 0, 0., 0, 0., 0, 0., 0, 0., 0, 0., 0, 0., 0, 0., 0, 0., 0, 0., 0, 0., 0, 0., 2, 0.3663003663003663, 0, 0., 0, 0., 0, 0., 0, 0., 0, 0., 0, 0., 0, 0., 0, 0., 0, 0., 0, 0., 0, 0., 0, 0., 0, 0., 0, 0., 0, 0., 0, 0., 182, 33.333333333333336, 279, 51.0989010989011, 0, 0., 13, 2.380952380952381, 0, 0., 0, 0., 0, 0., 248, 310, 558, 546, 0.978494623655914
, generated\gt\sample_000355.krn, generated\xml_trimmed_2\sample_000355.xml, 0, 0., 92, 15.972222222222221, 0, 0., 0, 0., 0, 0., 0, 0., 0, 0., 0, 0., 0, 0., 0, 0., 0, 0., 0, 0., 0, 0., 1, 0.1736111111111111, 0, 0., 1, 0.1736111111111111, 0, 0., 0, 0., 0, 0., 0, 0., 0, 0., 0, 0., 1, 0.1736111111111111, 0, 0., 0, 0., 0, 0., 0, 0., 0, 0., 0, 0., 0, 0., 0, 0., 0, 0., 481, 83.50694444444444, 0, 0., 0, 0., 0, 0., 0, 0., 0, 0., 0, 0., 320, 266, 586, 576, 0.9829351535836177
Total:, , , 0, 0., 21537, 57.48872220590983, 92, 0.24557563462616447, 1046, 2.7920881936844353, 150, 0.40039505645570295, 122, 0.3256546459173051, 118, 0.3149774444118197, 0, 0., 0, 0., 114, 0.30430024290633423, 380, 1.0143341430211141, 31, 0.08274831166751194, 0, 0., 88, 0.23489843312067907, 345, 0.9209086298481168, 94, 0.25091423537890717, 0, 0., 56, 0.14948082107679578, 57, 0.15215012145316711, 226, 0.6032618850599258, 11, 0.029362304140084883, 6, 0.01601580225822812, 1141, 3.045671729439714, 0, 0., 0, 0., 0, 0., 0, 0., 27, 0.07207111016202654, 0, 0., 0, 0., 0, 0., 0, 0., 8185, 21.848223580599527, 2898, 7.735632490724181, 0, 0., 234, 0.6246162880708966, 505, 1.3479966900675333, 0, 0., 0, 0., 42356, 39882, 82238, 37463, 0.4555436659451835
, gtpath, predpath, bad kern syntax OMR-ED, bad kern syntax % contribution to OMR-NED, wrong note OMR-ED, wrong note % contribution to OMR-NED, wrong note head OMR-ED, wrong note head % contribution to OMR-NED, wrong flag/beam OMR-ED, wrong flag/beam % contribution to OMR-NED, wrong dot OMR-ED, wrong dot % contribution to OMR-NED, wrong tuplet OMR-ED, wrong tuplet % contribution to OMR-NED, wrong accidental OMR-ED, wrong accidental % contribution to OMR-NED, wrong note stem OMR-ED, wrong note stem % contribution to OMR-NED, wrong graceness OMR-ED, wrong graceness % contribution to OMR-NED, wrong tie OMR-ED, wrong tie % contribution to OMR-NED, wrong articulation OMR-ED, wrong articulation % contribution to OMR-NED, wrong ornament OMR-ED, wrong ornament % contribution to OMR-NED, wrong lyric OMR-ED, wrong lyric % contribution to OMR-NED, wrong clef OMR-ED, wrong clef % contribution to OMR-NED, wrong timesig OMR-ED, wrong timesig % contribution to OMR-NED, wrong keysig OMR-ED, wrong keysig % contribution to OMR-NED, wrong tempo OMR-ED, wrong tempo % contribution to OMR-NED, wrong barline OMR-ED, wrong barline % contribution to OMR-NED, wrong direction OMR-ED, wrong direction % contribution to OMR-NED, wrong dynamic OMR-ED, wrong dynamic % contribution to OMR-NED, wrong crescendo OMR-ED, wrong crescendo % contribution to OMR-NED, wrong diminuendo OMR-ED, wrong diminuendo % contribution to OMR-NED, wrong slur OMR-ED, wrong slur % contribution to OMR-NED, wrong ottava OMR-ED, wrong ottava % contribution to OMR-NED, wrong multi-staff arpeggio OMR-ED, wrong multi-staff arpeggio % contribution to OMR-NED, wrong fingered tremolo OMR-ED, wrong fingered tremolo % contribution to OMR-NED, wrong chord symbol OMR-ED, wrong chord symbol % contribution to OMR-NED, wrong ending OMR-ED, wrong ending % contribution to OMR-NED, wrong staff info OMR-ED, wrong staff info % contribution to OMR-NED, wrong system break OMR-ED, wrong system break % contribution to OMR-NED, wrong page break OMR-ED, wrong page break % contribution to OMR-NED, wrong other object OMR-ED, wrong other object % contribution to OMR-NED, entire measure insert/delete OMR-ED, entire measure insert/delete % contribution to OMR-NED, entire staff insert/delete OMR-ED, entire staff insert/delete % contribution to OMR-NED, wrong metadata OMR-ED, wrong metadata % contribution to OMR-NED, wrong staff group OMR-ED, wrong staff group % contribution to OMR-NED, wrong staff group name/abbrev OMR-ED, wrong staff group name/abbrev % contribution to OMR-NED, wrong staff group brace OMR-ED, wrong staff group brace % contribution to OMR-NED, wrong staff group barline OMR-ED, wrong staff group barline % contribution to OMR-NED, gt numsyms, pred numsyms, total numsyms (in both scores), OMR-ED (OMR Edit Distance), OMR-NED (OMR-ED / total numsyms)
