, gtpath, predpath, bad kern syntax OMR-ED, bad kern syntax % contribution to OMR-NED, wrong note OMR-ED, wrong note % contribution to OMR-NED, wrong note head OMR-ED, wrong note head % contribution to OMR-NED, wrong flag/beam OMR-ED, wrong flag/beam % contribution to OMR-NED, wrong dot OMR-ED, wrong dot % contribution to OMR-NED, wrong tuplet OMR-ED, wrong tuplet % contribution to OMR-NED, wrong accidental OMR-ED, wrong accidental % contribution to OMR-NED, wrong note stem OMR-ED, wrong note stem % contribution to OMR-NED, wrong graceness OMR-ED, wrong graceness % contribution to OMR-NED, wrong tie OMR-ED, wrong tie % contribution to OMR-NED, wrong articulation OMR-ED, wrong articulation % contribution to OMR-NED, wrong ornament OMR-ED, wrong ornament % contribution to OMR-NED, wrong lyric OMR-ED, wrong lyric % contribution to OMR-NED, wrong clef OMR-ED, wrong clef % contribution to OMR-NED, wrong timesig OMR-ED, wrong timesig % contribution to OMR-NED, wrong keysig OMR-ED, wrong keysig % contribution to OMR-NED, wrong tempo OMR-ED, wrong tempo % contribution to OMR-NED, wrong barline OMR-ED, wrong barline % contribution to OMR-NED, wrong direction OMR-ED, wrong direction % contribution to OMR-NED, wrong dynamic OMR-ED, wrong dynamic % contribution to OMR-NED, wrong crescendo OMR-ED, wrong crescendo % contribution to OMR-NED, wrong diminuendo OMR-ED, wrong diminuendo % contribution to OMR-NED, wrong slur OMR-ED, wrong slur % contribution to OMR-NED, wrong ottava OMR-ED, wrong ottava % contribution to OMR-NED, wrong multi-staff arpeggio OMR-ED, wrong multi-staff arpeggio % contribution to OMR-NED, wrong fingered tremolo OMR-ED, wrong fingered tremolo % contribution to OMR-NED, wrong chord symbol OMR-ED, wrong chord symbol % contribution to OMR-NED, wrong ending OMR-ED, wrong ending % contribution to OMR-NED, wrong staff info OMR-ED, wrong staff info % contribution to OMR-NED, wrong system break OMR-ED, wrong system break % contribution to OMR-NED, wrong page break OMR-ED, wrong page break % contribution to OMR-NED, wrong other object OMR-ED, wrong other object % contribution to OMR-NED, entire measure insert/delete OMR-ED, entire measure insert/delete % contribution to OMR-NED, entire staff insert/delete OMR-ED, entire staff insert/delete % contribution to OMR-NED, wrong metadata OMR-ED, wrong metadata % contribution to OMR-NED, wrong staff group OMR-ED, wrong staff group % contribution to OMR-NED, wrong staff group name/abbrev OMR-ED, wrong staff group name/abbrev % contribution to OMR-NED, wrong staff group brace OMR-ED, wrong staff group brace % contribution to OMR-NED, wrong staff group barline OMR-ED, wrong staff group barline % contribution to OMR-NED, gt numsyms, pred numsyms, total numsyms (in both scores), OMR-ED (OMR Edit Distance), OMR-NED (OMR-ED / total numsyms)
, generated\gt\sample_000133.krn, generated\xml_trimmed_homr\sample_000133.xml, 0, 0., 0, 0., 0, 0., 0, 0., 0, 0., 0, 0., 1, 16.666666666666668, 0, 0., 0, 0., 0, 0., 0, 0., 0, 0., 0, 0., 1, 16.666666666666668, 0, 0., 0, 0., 0, 0., 4, 66.66666666666667, 0, 0., 0, 0., 0, 0., 0, 0., 0, 0., 0, 0., 0, 0., 0, 0., 0, 0., 0, 0., 0, 0., 0, 0., 0, 0., 0, 0., 0, 0., 0, 0., 0, 0., 0, 0., 0, 0., 0, 0., 0, 0., 156, 156, 312, 6, 0.019230769230769232
, generated\gt\sample_000344.krn, generated\xml_trimmed_homr\sample_000344.xml, 0, 0., 0, 0., 0, 0., 0, 0., 0, 0., 0, 0., 0, 0., 0, 0., 0, 0., 0, 0., 0, 0., 0, 0., 0, 0., 0, 0., 0, 0., 1, 20.0, 0, 0., 4, 80.0, 0, 0., 0, 0., 0, 0., 0, 0., 0, 0., 0, 0., 0, 0., 0, 0., 0, 0., 0, 0., 0, 0., 0, 0., 0, 0., 0, 0., 0, 0., 0, 0., 0, 0., 0, 0., 0, 0., 0, 0., 0, 0., 101, 100, 201, 5, 0.024875621890547265
, generated\gt\sample_000449.krn, generated\xml_trimmed_homr\sample_000449.xml, 0, 0., 0, 0., 0, 0., 0, 0., 0, 0., 0, 0., 0, 0., 0, 0., 0, 0., 1, 33.333333333333336, 0, 0., 0, 0., 0, 0., 0, 0., 0, 0., 0, 0., 0, 0., 0, 0., 0, 0., 0, 0., 0, 0., 0, 0., 2, 66.66666666666667, 0, 0., 0, 0., 0, 0., 0, 0., 0, 0., 0, 0., 0, 0., 0, 0., 0, 0., 0, 0., 0, 0., 0, 0., 0, 0., 0, 0., 0, 0., 0, 0., 51, 48, 99, 3, 0.030303030303030304
, generated\gt\sample_000207.krn, generated\xml_trimmed_homr\sample_000207.xml, 0, 0., 0, 0., 0, 0., 0, 0., 0, 0., 0, 0., 0, 0., 0, 0., 0, 0., 0, 0., 0, 0., 0, 0., 0, 0., 0, 0., 0, 0., 1, 33.333333333333336, 0, 0., 2, 66.66666666666667, 0, 0., 0, 0., 0, 0., 0, 0., 0, 0., 0, 0., 0, 0., 0, 0., 0, 0., 0, 0., 0, 0., 0, 0., 0, 0., 0, 0., 0, 0., 0, 0., 0, 0., 0, 0., 0, 0., 0, 0., 0, 0., 48, 45, 93, 3, 0.03225806451612903
, generated\gt\sample_000576.krn, generated\xml_trimmed_homr\sample_000576.xml, 0, 0., 0, 0., 0, 0., 3, 30.0, 0, 0., 0, 0., 1, 10.0, 0, 0., 0, 0., 0, 0., 0, 0., 0, 0., 0, 0., 4, 40.0, 0, 0., 0, 0., 0, 0., 0, 0., 0, 0., 0, 0., 0, 0., 0, 0., 2, 20.0, 0, 0., 0, 0., 0, 0., 0, 0., 0, 0., 0, 0., 0, 0., 0, 0., 0, 0., 0, 0., 0, 0., 0, 0., 0, 0., 0, 0., 0, 0., 0, 0., 108, 105, 213, 10, 0.046948356807511735
, generated\gt\sample_000351.krn, generated\xml_trimmed_homr\sample_000351.xml, 0, 0., 0, 0., 0, 0., 0, 0., 0, 0., 0, 0., 0, 0., 0, 0., 0, 0., 1, 16.666666666666668, 0, 0., 0, 0., 0, 0., 0, 0., 3, 50.0, 0, 0., 0, 0., 0, 0., 0, 0., 0, 0., 0, 0., 0, 0., 2, 33.333333333333336, 0, 0., 0, 0., 0, 0., 0, 0., 0, 0., 0, 0., 0, 0., 0, 0., 0, 0., 0, 0., 0, 0., 0, 0., 0, 0., 0, 0., 0, 0., 0, 0., 59, 57, 116, 6, 0.05172413793103448
, generated\gt\sample_000191.krn, generated\xml_trimmed_homr\sample_000191.xml, 0, 0., 0, 0., 0, 0., 16, 72.72727272727273, 0, 0., 0, 0., 0, 0., 0, 0., 0, 0., 0, 0., 0, 0., 0, 0., 0, 0., 0, 0., 0, 0., 0, 0., 0, 0., 0, 0., 0, 0., 0, 0., 0, 0., 0, 0., 6, 27.272727272727273, 0, 0., 0, 0., 0, 0., 0, 0., 0, 0., 0, 0., 0, 0., 0, 0., 0, 0., 0, 0., 0, 0., 0, 0., 0, 0., 0, 0., 0, 0., 0, 0., 191, 185, 376, 22, 0.05851063829787234
, generated\gt\sample_000212.krn, generated\xml_trimmed_homr\sample_000212.xml, 0, 0., 2, 22.22222222222222, 0, 0., 0, 0., 0, 0., 0, 0., 5, 55.55555555555556, 0, 0., 0, 0., 1, 11.11111111111111, 0, 0., 0, 0., 0, 0., 0, 0., 0, 0., 0, 0., 0, 0., 0, 0., 0, 0., 0, 0., 0, 0., 0, 0., 1, 11.11111111111111, 0, 0., 0, 0., 0, 0., 0, 0., 0, 0., 0, 0., 0, 0., 0, 0., 0, 0., 0, 0., 0, 0., 0, 0., 0, 0., 0, 0., 0, 0., 0, 0., 79, 70, 149, 9, 0.06040268456375839
, generated\gt\sample_000630.krn, generated\xml_trimmed_homr\sample_000630.xml, 0, 0., 0, 0., 0, 0., 0, 0., 0, 0., 0, 0., 0, 0., 0, 0., 0, 0., 0, 0., 7, 87.5, 0, 0., 0, 0., 1, 12.5, 0, 0., 0, 0., 0, 0., 0, 0., 0, 0., 0, 0., 0, 0., 0, 0., 0, 0., 0, 0., 0, 0., 0, 0., 0, 0., 0, 0., 0, 0., 0, 0., 0, 0., 0, 0., 0, 0., 0, 0., 0, 0., 0, 0., 0, 0., 0, 0., 0, 0., 65, 59, 124, 8, 0.06451612903225806
, generated\gt\sample_000551.krn, generated\xml_trimmed_homr\sample_000551.xml, 0, 0., 0, 0., 0, 0., 8, 100.0, 0, 0., 0, 0., 0, 0., 0, 0., 0, 0., 0, 0., 0, 0., 0, 0., 0, 0., 0, 0., 0, 0., 0, 0., 0, 0., 0, 0., 0, 0., 0, 0., 0, 0., 0, 0., 0, 0., 0, 0., 0, 0., 0, 0., 0, 0., 0, 0., 0, 0., 0, 0., 0, 0., 0, 0., 0, 0., 0, 0., 0, 0., 0, 0., 0, 0., 0, 0., 0, 0., 60, 60, 120, 8, 0.06666666666666667
, generated\gt\sample_000287.krn, generated\xml_trimmed_homr\sample_000287.xml, 0, 0., 0, 0., 0, 0., 12, 75.0, 0, 0., 0, 0., 0, 0., 0, 0., 0, 0., 1, 6.25, 0, 0., 0, 0., 0, 0., 0, 0., 0, 0., 0, 0., 0, 0., 0, 0., 0, 0., 0, 0., 0, 0., 0, 0., 3, 18.75, 0, 0., 0, 0., 0, 0., 0, 0., 0, 0., 0, 0., 0, 0., 0, 0., 0, 0., 0, 0., 0, 0., 0, 0., 0, 0., 0, 0., 0, 0., 0, 0., 113, 109, 222, 16, 0.07207207207207207
, generated\gt\sample_000418.krn, generated\xml_trimmed_homr\sample_000418.xml, 0, 0., 7, 16.666666666666668, 0, 0., 0, 0., 0, 0., 0, 0., 0, 0., 0, 0., 0, 0., 0, 0., 1, 2.380952380952381, 0, 0., 0, 0., 0, 0., 0, 0., 2, 4.761904761904762, 0, 0., 2, 4.761904761904762, 0, 0., 0, 0., 0, 0., 0, 0., 0, 0., 0, 0., 0, 0., 0, 0., 0, 0., 0, 0., 0, 0., 0, 0., 0, 0., 0, 0., 30, 71.42857142857143, 0, 0., 0, 0., 0, 0., 0, 0., 0, 0., 0, 0., 273, 295, 568, 42, 0.07394366197183098
, generated\gt\sample_000365.krn, generated\xml_trimmed_homr\sample_000365.xml, 0, 0., 0, 0., 0, 0., 28, 84.84848484848484, 0, 0., 0, 0., 4, 12.121212121212121, 0, 0., 0, 0., 0, 0., 0, 0., 0, 0., 0, 0., 0, 0., 0, 0., 0, 0., 0, 0., 0, 0., 0, 0., 0, 0., 0, 0., 0, 0., 1, 3.0303030303030303, 0, 0., 0, 0., 0, 0., 0, 0., 0, 0., 0, 0., 0, 0., 0, 0., 0, 0., 0, 0., 0, 0., 0, 0., 0, 0., 0, 0., 0, 0., 0, 0., 219, 214, 433, 33, 0.07621247113163972
, generated\gt\sample_000313.krn, generated\xml_trimmed_homr\sample_000313.xml, 0, 0., 0, 0., 0, 0., 21, 75.0, 0, 0., 0, 0., 3, 10.714285714285714, 0, 0., 0, 0., 0, 0., 0, 0., 0, 0., 0, 0., 0, 0., 0, 0., 0, 0., 0, 0., 0, 0., 0, 0., 0, 0., 0, 0., 0, 0., 4, 14.285714285714286, 0, 0., 0, 0., 0, 0., 0, 0., 0, 0., 0, 0., 0, 0., 0, 0., 0, 0., 0, 0., 0, 0., 0, 0., 0, 0., 0, 0., 0, 0., 0, 0., 169, 162, 331, 28, 0.08459214501510574
, generated\gt\sample_000572.krn, generated\xml_trimmed_homr\sample_000572.xml, 0, 0., 0, 0., 0, 0., 14, 58.333333333333336, 0, 0., 0, 0., 0, 0., 0, 0., 0, 0., 1, 4.166666666666667, 0, 0., 1, 4.166666666666667, 0, 0., 0, 0., 0, 0., 0, 0., 0, 0., 0, 0., 0, 0., 0, 0., 0, 0., 0, 0., 8, 33.333333333333336, 0, 0., 0, 0., 0, 0., 0, 0., 0, 0., 0, 0., 0, 0., 0, 0., 0, 0., 0, 0., 0, 0., 0, 0., 0, 0., 0, 0., 0, 0., 0, 0., 139, 129, 268, 24, 0.08955223880597014
, generated\gt\sample_000188.krn, generated\xml_trimmed_homr\sample_000188.xml, 0, 0., 0, 0., 0, 0., 22, 88.0, 0, 0., 0, 0., 0, 0., 0, 0., 0, 0., 0, 0., 0, 0., 0, 0., 0, 0., 0, 0., 0, 0., 0, 0., 0, 0., 0, 0., 0, 0., 0, 0., 0, 0., 0, 0., 3, 12.0, 0, 0., 0, 0., 0, 0., 0, 0., 0, 0., 0, 0., 0, 0., 0, 0., 0, 0., 0, 0., 0, 0., 0, 0., 0, 0., 0, 0., 0, 0., 0, 0., 141, 138, 279, 25, 0.08960573476702509
, generated\gt\sample_000285.krn, generated\xml_trimmed_homr\sample_000285.xml, 0, 0., 0, 0., 0, 0., 8, 53.333333333333336, 0, 0., 0, 0., 0, 0., 0, 0., 0, 0., 0, 0., 0, 0., 0, 0., 0, 0., 3, 20.0, 3, 20.0, 0, 0., 0, 0., 0, 0., 0, 0., 0, 0., 0, 0., 0, 0., 1, 6.666666666666667, 0, 0., 0, 0., 0, 0., 0, 0., 0, 0., 0, 0., 0, 0., 0, 0., 0, 0., 0, 0., 0, 0., 0, 0., 0, 0., 0, 0., 0, 0., 0, 0., 79, 78, 157, 15, 0.09554140127388536
, generated\gt\sample_000475.krn, generated\xml_trimmed_homr\sample_000475.xml, 0, 0., 0, 0., 0, 0., 21, 51.21951219512195, 0, 0., 0, 0., 8, 19.51219512195122, 0, 0., 0, 0., 0, 0., 0, 0., 0, 0., 0, 0., 0, 0., 0, 0., 0, 0., 0, 0., 0, 0., 0, 0., 0, 0., 0, 0., 0, 0., 12, 29.26829268292683, 0, 0., 0, 0., 0, 0., 0, 0., 0, 0., 0, 0., 0, 0., 0, 0., 0, 0., 0, 0., 0, 0., 0, 0., 0, 0., 0, 0., 0, 0., 0, 0., 223, 203, 426, 41, 0.09624413145539906
, generated\gt\sample_000240.krn, generated\xml_trimmed_homr\sample_000240.xml, 0, 0., 0, 0., 0, 0., 14, 50.0, 0, 0., 0, 0., 0, 0., 0, 0., 0, 0., 2, 7.142857142857143, 0, 0., 1, 3.5714285714285716, 0, 0., 0, 0., 0, 0., 0, 0., 0, 0., 0, 0., 0, 0., 0, 0., 0, 0., 0, 0., 11, 39.285714285714285, 0, 0., 0, 0., 0, 0., 0, 0., 0, 0., 0, 0., 0, 0., 0, 0., 0, 0., 0, 0., 0, 0., 0, 0., 0, 0., 0, 0., 0, 0., 0, 0., 151, 137, 288, 28, 0.09722222222222222
, generated\gt\sample_000308.krn, generated\xml_trimmed_homr\sample_000308.xml, 0, 0., 0, 0., 0, 0., 12, 63.1578947368421, 0, 0., 0, 0., 0, 0., 0, 0., 0, 0., 2, 10.526315789473685, 0, 0., 1, 5.2631578947368425, 0, 0., 0, 0., 0, 0., 0, 0., 0, 0., 0, 0., 0, 0., 0, 0., 0, 0., 0, 0., 4, 21.05263157894737, 0, 0., 0, 0., 0, 0., 0, 0., 0, 0., 0, 0., 0, 0., 0, 0., 0, 0., 0, 0., 0, 0., 0, 0., 0, 0., 0, 0., 0, 0., 0, 0., 96, 89, 185, 19, 0.10270270270270271
, generated\gt\sample_000130.krn, generated\xml_trimmed_homr\sample_000130.xml, 0, 0., 0, 0., 0, 0., 28, 82.3529411764706, 0, 0., 0, 0., 0, 0., 0, 0., 0, 0., 2, 5.882352941176471, 0, 0., 0, 0., 0, 0., 1, 2.9411764705882355, 0, 0., 0, 0., 0, 0., 0, 0., 0, 0., 0, 0., 0, 0., 0, 0., 3, 8.823529411764707, 0, 0., 0, 0., 0, 0., 0, 0., 0, 0., 0, 0., 0, 0., 0, 0., 0, 0., 0, 0., 0, 0., 0, 0., 0, 0., 0, 0., 0, 0., 0, 0., 161, 155, 316, 34, 0.10759493670886076
, generated\gt\sample_000194.krn, generated\xml_trimmed_homr\sample_000194.xml, 0, 0., 0, 0., 0, 0., 16, 88.88888888888889, 0, 0., 0, 0., 0, 0., 0, 0., 0, 0., 0, 0., 0, 0., 0, 0., 0, 0., 0, 0., 0, 0., 0, 0., 0, 0., 0, 0., 0, 0., 0, 0., 0, 0., 0, 0., 2, 11.11111111111111, 0, 0., 0, 0., 0, 0., 0, 0., 0, 0., 0, 0., 0, 0., 0, 0., 0, 0., 0, 0., 0, 0., 0, 0., 0, 0., 0, 0., 0, 0., 0, 0., 84, 82, 166, 18, 0.10843373493975904
, generated\gt\sample_000635.krn, generated\xml_trimmed_homr\sample_000635.xml, 0, 0., 0, 0., 0, 0., 6, 46.15384615384615, 0, 0., 0, 0., 2, 15.384615384615385, 0, 0., 0, 0., 1, 7.6923076923076925, 0, 0., 0, 0., 0, 0., 0, 0., 0, 0., 0, 0., 0, 0., 0, 0., 0, 0., 0, 0., 0, 0., 0, 0., 4, 30.76923076923077, 0, 0., 0, 0., 0, 0., 0, 0., 0, 0., 0, 0., 0, 0., 0, 0., 0, 0., 0, 0., 0, 0., 0, 0., 0, 0., 0, 0., 0, 0., 0, 0., 63, 56, 119, 13, 0.1092436974789916
, generated\gt\sample_000168.krn, generated\xml_trimmed_homr\sample_000168.xml, 0, 0., 0, 0., 0, 0., 8, 47.05882352941177, 0, 0., 0, 0., 0, 0., 0, 0., 0, 0., 4, 23.529411764705884, 0, 0., 0, 0., 0, 0., 0, 0., 0, 0., 1, 5.882352941176471, 0, 0., 0, 0., 0, 0., 0, 0., 0, 0., 0, 0., 4, 23.529411764705884, 0, 0., 0, 0., 0, 0., 0, 0., 0, 0., 0, 0., 0, 0., 0, 0., 0, 0., 0, 0., 0, 0., 0, 0., 0, 0., 0, 0., 0, 0., 0, 0., 80, 71, 151, 17, 0.11258278145695365
, generated\gt\sample_000256.krn, generated\xml_trimmed_homr\sample_000256.xml, 0, 0., 0, 0., 0, 0., 28, 68.29268292682927, 0, 0., 0, 0., 6, 14.634146341463415, 0, 0., 0, 0., 0, 0., 0, 0., 0, 0., 0, 0., 0, 0., 0, 0., 0, 0., 0, 0., 0, 0., 0, 0., 0, 0., 0, 0., 0, 0., 7, 17.073170731707318, 0, 0., 0, 0., 0, 0., 0, 0., 0, 0., 0, 0., 0, 0., 0, 0., 0, 0., 0, 0., 0, 0., 0, 0., 0, 0., 0, 0., 0, 0., 0, 0., 182, 169, 351, 41, 0.1168091168091168
, generated\gt\sample_000437.krn, generated\xml_trimmed_homr\sample_000437.xml, 0, 0., 0, 0., 0, 0., 24, 82.75862068965517, 0, 0., 0, 0., 1, 3.4482758620689653, 0, 0., 0, 0., 0, 0., 0, 0., 0, 0., 0, 0., 0, 0., 0, 0., 0, 0., 0, 0., 0, 0., 0, 0., 0, 0., 0, 0., 0, 0., 4, 13.793103448275861, 0, 0., 0, 0., 0, 0., 0, 0., 0, 0., 0, 0., 0, 0., 0, 0., 0, 0., 0, 0., 0, 0., 0, 0., 0, 0., 0, 0., 0, 0., 0, 0., 124, 119, 243, 29, 0.11934156378600823
, generated\gt\sample_000678.krn, generated\xml_trimmed_homr\sample_000678.xml, 0, 0., 10, 29.41176470588235, 0, 0., 14, 41.1764705882353, 0, 0., 0, 0., 1, 2.9411764705882355, 0, 0., 0, 0., 2, 5.882352941176471, 0, 0., 0, 0., 0, 0., 0, 0., 0, 0., 0, 0., 0, 0., 0, 0., 0, 0., 0, 0., 0, 0., 0, 0., 7, 20.58823529411765, 0, 0., 0, 0., 0, 0., 0, 0., 0, 0., 0, 0., 0, 0., 0, 0., 0, 0., 0, 0., 0, 0., 0, 0., 0, 0., 0, 0., 0, 0., 0, 0., 147, 127, 274, 34, 0.12408759124087591
, generated\gt\sample_000629.krn, generated\xml_trimmed_homr\sample_000629.xml, 0, 0., 0, 0., 0, 0., 33, 75.0, 0, 0., 0, 0., 4, 9.090909090909092, 0, 0., 0, 0., 6, 13.636363636363637, 0, 0., 0, 0., 0, 0., 0, 0., 0, 0., 0, 0., 0, 0., 0, 0., 0, 0., 0, 0., 0, 0., 0, 0., 1, 2.272727272727273, 0, 0., 0, 0., 0, 0., 0, 0., 0, 0., 0, 0., 0, 0., 0, 0., 0, 0., 0, 0., 0, 0., 0, 0., 0, 0., 0, 0., 0, 0., 0, 0., 180, 169, 349, 44, 0.12607449856733524
, generated\gt\sample_000645.krn, generated\xml_trimmed_homr\sample_000645.xml, 0, 0., 0, 0., 0, 0., 25, 78.125, 0, 0., 0, 0., 3, 9.375, 0, 0., 0, 0., 0, 0., 0, 0., 0, 0., 0, 0., 0, 0., 0, 0., 0, 0., 0, 0., 0, 0., 0, 0., 0, 0., 0, 0., 0, 0., 4, 12.5, 0, 0., 0, 0., 0, 0., 0, 0., 0, 0., 0, 0., 0, 0., 0, 0., 0, 0., 0, 0., 0, 0., 0, 0., 0, 0., 0, 0., 0, 0., 0, 0., 129, 122, 251, 32, 0.12749003984063745
, generated\gt\sample_000143.krn, generated\xml_trimmed_homr\sample_000143.xml, 0, 0., 0, 0., 0, 0., 16, 72.72727272727273, 0, 0., 0, 0., 0, 0., 0, 0., 0, 0., 0, 0., 0, 0., 0, 0., 0, 0., 0, 0., 3, 13.636363636363637, 0, 0., 0, 0., 2, 9.090909090909092, 0, 0., 0, 0., 0, 0., 0, 0., 1, 4.545454545454546, 0, 0., 0, 0., 0, 0., 0, 0., 0, 0., 0, 0., 0, 0., 0, 0., 0, 0., 0, 0., 0, 0., 0, 0., 0, 0., 0, 0., 0, 0., 0, 0., 87, 85, 172, 22, 0.12790697674418605
, generated\gt\sample_000189.krn, generated\xml_trimmed_homr\sample_000189.xml, 0, 0., 0, 0., 0, 0., 15, 60.0, 0, 0., 0, 0., 1, 4.0, 0, 0., 0, 0., 0, 0., 0, 0., 0, 0., 0, 0., 0, 0., 0, 0., 0, 0., 0, 0., 0, 0., 0, 0., 0, 0., 0, 0., 0, 0., 9, 36.0, 0, 0., 0, 0., 0, 0., 0, 0., 0, 0., 0, 0., 0, 0., 0, 0., 0, 0., 0, 0., 0, 0., 0, 0., 0, 0., 0, 0., 0, 0., 0, 0., 101, 91, 192, 25, 0.13020833333333334
, generated\gt\sample_000556.krn, generated\xml_trimmed_homr\sample_000556.xml, 0, 0., 0, 0., 0, 0., 40, 86.95652173913044, 0, 0., 0, 0., 1, 2.1739130434782608, 0, 0., 0, 0., 0, 0., 0, 0., 0, 0., 0, 0., 0, 0., 0, 0., 0, 0., 0, 0., 0, 0., 0, 0., 0, 0., 0, 0., 0, 0., 5, 10.869565217391305, 0, 0., 0, 0., 0, 0., 0, 0., 0, 0., 0, 0., 0, 0., 0, 0., 0, 0., 0, 0., 0, 0., 0, 0., 0, 0., 0, 0., 0, 0., 0, 0., 176, 170, 346, 46, 0.1329479768786127
, generated\gt\sample_000560.krn, generated\xml_trimmed_homr\sample_000560.xml, 0, 0., 0, 0., 0, 0., 19, 57.57575757575758, 0, 0., 0, 0., 0, 0., 0, 0., 0, 0., 1, 3.0303030303030303, 0, 0., 0, 0., 0, 0., 0, 0., 3, 9.090909090909092, 0, 0., 0, 0., 4, 12.121212121212121, 0, 0., 0, 0., 0, 0., 0, 0., 6, 18.181818181818183, 0, 0., 0, 0., 0, 0., 0, 0., 0, 0., 0, 0., 0, 0., 0, 0., 0, 0., 0, 0., 0, 0., 0, 0., 0, 0., 0, 0., 0, 0., 0, 0., 124, 118, 242, 33, 0.13636363636363635
, generated\gt\sample_000288.krn, generated\xml_trimmed_homr\sample_000288.xml, 0, 0., 0, 0., 0, 0., 8, 36.36363636363637, 0, 0., 0, 0., 1, 4.545454545454546, 0, 0., 0, 0., 0, 0., 0, 0., 0, 0., 0, 0., 0, 0., 0, 0., 0, 0., 0, 0., 0, 0., 0, 0., 0, 0., 0, 0., 0, 0., 5, 22.727272727272727, 0, 0., 0, 0., 0, 0., 0, 0., 0, 0., 0, 0., 0, 0., 0, 0., 0, 0., 8, 36.36363636363637, 0, 0., 0, 0., 0, 0., 0, 0., 0, 0., 0, 0., 80, 78, 158, 22, 0.13924050632911392
, generated\gt\sample_000021.krn, generated\xml_trimmed_homr\sample_000021.xml, 0, 0., 3, 8.571428571428571, 0, 0., 28, 80.0, 0, 0., 0, 0., 0, 0., 0, 0., 0, 0., 0, 0., 0, 0., 0, 0., 0, 0., 0, 0., 3, 8.571428571428571, 0, 0., 0, 0., 0, 0., 0, 0., 0, 0., 0, 0., 0, 0., 1, 2.857142857142857, 0, 0., 0, 0., 0, 0., 0, 0., 0, 0., 0, 0., 0, 0., 0, 0., 0, 0., 0, 0., 0, 0., 0, 0., 0, 0., 0, 0., 0, 0., 0, 0., 126, 123, 249, 35, 0.14056224899598393
, generated\gt\sample_000142.krn, generated\xml_trimmed_homr\sample_000142.xml, 0, 0., 0, 0., 0, 0., 40, 88.88888888888889, 0, 0., 0, 0., 0, 0., 0, 0., 0, 0., 0, 0., 0, 0., 0, 0., 0, 0., 0, 0., 3, 6.666666666666667, 0, 0., 0, 0., 0, 0., 0, 0., 0, 0., 0, 0., 0, 0., 2, 4.444444444444445, 0, 0., 0, 0., 0, 0., 0, 0., 0, 0., 0, 0., 0, 0., 0, 0., 0, 0., 0, 0., 0, 0., 0, 0., 0, 0., 0, 0., 0, 0., 0, 0., 156, 155, 311, 45, 0.14469453376205788
, generated\gt\sample_000518.krn, generated\xml_trimmed_homr\sample_000518.xml, 0, 0., 0, 0., 0, 0., 36, 81.81818181818181, 0, 0., 0, 0., 3, 6.818181818181818, 0, 0., 0, 0., 1, 2.272727272727273, 0, 0., 0, 0., 0, 0., 0, 0., 3, 6.818181818181818, 0, 0., 0, 0., 0, 0., 0, 0., 0, 0., 0, 0., 0, 0., 1, 2.272727272727273, 0, 0., 0, 0., 0, 0., 0, 0., 0, 0., 0, 0., 0, 0., 0, 0., 0, 0., 0, 0., 0, 0., 0, 0., 0, 0., 0, 0., 0, 0., 0, 0., 153, 149, 302, 44, 0.1456953642384106
, generated\gt\sample_000374.krn, generated\xml_trimmed_homr\sample_000374.xml, 0, 0., 0, 0., 0, 0., 70, 100.0, 0, 0., 0, 0., 0, 0., 0, 0., 0, 0., 0, 0., 0, 0., 0, 0., 0, 0., 0, 0., 0, 0., 0, 0., 0, 0., 0, 0., 0, 0., 0, 0., 0, 0., 0, 0., 0, 0., 0, 0., 0, 0., 0, 0., 0, 0., 0, 0., 0, 0., 0, 0., 0, 0., 0, 0., 0, 0., 0, 0., 0, 0., 0, 0., 0, 0., 0, 0., 0, 0., 239, 239, 478, 70, 0.14644351464435146
, generated\gt\sample_000262.krn, generated\xml_trimmed_homr\sample_000262.xml, 0, 0., 15, 17.045454545454547, 0, 0., 66, 75.0, 0, 0., 0, 0., 3, 3.409090909090909, 0, 0., 0, 0., 0, 0., 0, 0., 0, 0., 0, 0., 0, 0., 0, 0., 0, 0., 0, 0., 0, 0., 0, 0., 0, 0., 0, 0., 0, 0., 4, 4.545454545454546, 0, 0., 0, 0., 0, 0., 0, 0., 0, 0., 0, 0., 0, 0., 0, 0., 0, 0., 0, 0., 0, 0., 0, 0., 0, 0., 0, 0., 0, 0., 0, 0., 303, 297, 600, 88, 0.14666666666666667
, generated\gt\sample_000266.krn, generated\xml_trimmed_homr\sample_000266.xml, 0, 0., 0, 0., 0, 0., 27, 100.0, 0, 0., 0, 0., 0, 0., 0, 0., 0, 0., 0, 0., 0, 0., 0, 0., 0, 0., 0, 0., 0, 0., 0, 0., 0, 0., 0, 0., 0, 0., 0, 0., 0, 0., 0, 0., 0, 0., 0, 0., 0, 0., 0, 0., 0, 0., 0, 0., 0, 0., 0, 0., 0, 0., 0, 0., 0, 0., 0, 0., 0, 0., 0, 0., 0, 0., 0, 0., 0, 0., 92, 92, 184, 27, 0.14673913043478262
, generated\gt\sample_000144.krn, generated\xml_trimmed_homr\sample_000144.xml, 0, 0., 0, 0., 0, 0., 8, 50.0, 0, 0., 0, 0., 0, 0., 0, 0., 0, 0., 4, 25.0, 0, 0., 0, 0., 0, 0., 0, 0., 0, 0., 1, 6.25, 0, 0., 0, 0., 0, 0., 0, 0., 0, 0., 0, 0., 3, 18.75, 0, 0., 0, 0., 0, 0., 0, 0., 0, 0., 0, 0., 0, 0., 0, 0., 0, 0., 0, 0., 0, 0., 0, 0., 0, 0., 0, 0., 0, 0., 0, 0., 57, 49, 106, 16, 0.1509433962264151
, generated\gt\sample_000621.krn, generated\xml_trimmed_homr\sample_000621.xml, 0, 0., 9, 16.666666666666668, 0, 0., 35, 64.81481481481481, 0, 0., 0, 0., 0, 0., 0, 0., 0, 0., 3, 5.555555555555555, 0, 0., 0, 0., 0, 0., 0, 0., 0, 0., 0, 0., 0, 0., 0, 0., 0, 0., 0, 0., 0, 0., 0, 0., 7, 12.962962962962964, 0, 0., 0, 0., 0, 0., 0, 0., 0, 0., 0, 0., 0, 0., 0, 0., 0, 0., 0, 0., 0, 0., 0, 0., 0, 0., 0, 0., 0, 0., 0, 0., 188, 169, 357, 54, 0.15126050420168066
, generated\gt\sample_000429.krn, generated\xml_trimmed_homr\sample_000429.xml, 0, 0., 0, 0., 0, 0., 0, 0., 0, 0., 0, 0., 3, 16.666666666666668, 0, 0., 0, 0., 8, 44.44444444444444, 0, 0., 0, 0., 0, 0., 0, 0., 0, 0., 0, 0., 0, 0., 0, 0., 0, 0., 0, 0., 0, 0., 0, 0., 7, 38.888888888888886, 0, 0., 0, 0., 0, 0., 0, 0., 0, 0., 0, 0., 0, 0., 0, 0., 0, 0., 0, 0., 0, 0., 0, 0., 0, 0., 0, 0., 0, 0., 0, 0., 68, 50, 118, 18, 0.15254237288135594
, generated\gt\sample_000020.krn, generated\xml_trimmed_homr\sample_000020.xml, 0, 0., 0, 0., 0, 0., 46, 83.63636363636364, 0, 0., 0, 0., 0, 0., 0, 0., 0, 0., 0, 0., 1, 1.8181818181818181, 0, 0., 0, 0., 0, 0., 0, 0., 1, 1.8181818181818181, 0, 0., 4, 7.2727272727272725, 0, 0., 0, 0., 0, 0., 0, 0., 3, 5.454545454545454, 0, 0., 0, 0., 0, 0., 0, 0., 0, 0., 0, 0., 0, 0., 0, 0., 0, 0., 0, 0., 0, 0., 0, 0., 0, 0., 0, 0., 0, 0., 0, 0., 178, 175, 353, 55, 0.1558073654390935
, generated\gt\sample_000497.krn, generated\xml_trimmed_homr\sample_000497.xml, 0, 0., 0, 0., 0, 0., 44, 88.0, 0, 0., 0, 0., 1, 2.0, 0, 0., 0, 0., 0, 0., 0, 0., 0, 0., 0, 0., 0, 0., 0, 0., 0, 0., 0, 0., 0, 0., 0, 0., 0, 0., 0, 0., 0, 0., 5, 10.0, 0, 0., 0, 0., 0, 0., 0, 0., 0, 0., 0, 0., 0, 0., 0, 0., 0, 0., 0, 0., 0, 0., 0, 0., 0, 0., 0, 0., 0, 0., 0, 0., 162, 156, 318, 50, 0.15723270440251572
, generated\gt\sample_000665.krn, generated\xml_trimmed_homr\sample_000665.xml, 0, 0., 0, 0., 0, 0., 20, 58.8235294117647, 0, 0., 0, 0., 5, 14.705882352941176, 0, 0., 0, 0., 0, 0., 0, 0., 1, 2.9411764705882355, 0, 0., 0, 0., 3, 8.823529411764707, 0, 0., 0, 0., 0, 0., 0, 0., 0, 0., 0, 0., 0, 0., 5, 14.705882352941176, 0, 0., 0, 0., 0, 0., 0, 0., 0, 0., 0, 0., 0, 0., 0, 0., 0, 0., 0, 0., 0, 0., 0, 0., 0, 0., 0, 0., 0, 0., 0, 0., 113, 103, 216, 34, 0.1574074074074074
, generated\gt\sample_000404.krn, generated\xml_trimmed_homr\sample_000404.xml, 0, 0., 0, 0., 0, 0., 45, 63.38028169014085, 0, 0., 0, 0., 7, 9.859154929577464, 0, 0., 9, 12.67605633802817, 0, 0., 0, 0., 0, 0., 0, 0., 0, 0., 3, 4.225352112676056, 1, 1.408450704225352, 0, 0., 0, 0., 0, 0., 0, 0., 0, 0., 0, 0., 6, 8.450704225352112, 0, 0., 0, 0., 0, 0., 0, 0., 0, 0., 0, 0., 0, 0., 0, 0., 0, 0., 0, 0., 0, 0., 0, 0., 0, 0., 0, 0., 0, 0., 0, 0., 230, 220, 450, 71, 0.15777777777777777
, generated\gt\sample_000311.krn, generated\xml_trimmed_homr\sample_000311.xml, 0, 0., 0, 0., 0, 0., 46, 90.19607843137256, 0, 0., 0, 0., 2, 3.9215686274509802, 0, 0., 0, 0., 0, 0., 0, 0., 0, 0., 0, 0., 0, 0., 0, 0., 0, 0., 0, 0., 0, 0., 0, 0., 0, 0., 0, 0., 0, 0., 3, 5.882352941176471, 0, 0., 0, 0., 0, 0., 0, 0., 0, 0., 0, 0., 0, 0., 0, 0., 0, 0., 0, 0., 0, 0., 0, 0., 0, 0., 0, 0., 0, 0., 0, 0., 163, 158, 321, 51, 0.1588785046728972
, generated\gt\sample_000523.krn, generated\xml_trimmed_homr\sample_000523.xml, 0, 0., 0, 0., 0, 0., 38, 80.85106382978724, 0, 0., 0, 0., 0, 0., 0, 0., 0, 0., 0, 0., 0, 0., 0, 0., 0, 0., 0, 0., 0, 0., 0, 0., 0, 0., 0, 0., 0, 0., 0, 0., 0, 0., 0, 0., 9, 19.148936170212767, 0, 0., 0, 0., 0, 0., 0, 0., 0, 0., 0, 0., 0, 0., 0, 0., 0, 0., 0, 0., 0, 0., 0, 0., 0, 0., 0, 0., 0, 0., 0, 0., 146, 137, 283, 47, 0.16607773851590105
, generated\gt\sample_000385.krn, generated\xml_trimmed_homr\sample_000385.xml, 0, 0., 0, 0., 0, 0., 48, 96.0, 0, 0., 0, 0., 2, 4.0, 0, 0., 0, 0., 0, 0., 0, 0., 0, 0., 0, 0., 0, 0., 0, 0., 0, 0., 0, 0., 0, 0., 0, 0., 0, 0., 0, 0., 0, 0., 0, 0., 0, 0., 0, 0., 0, 0., 0, 0., 0, 0., 0, 0., 0, 0., 0, 0., 0, 0., 0, 0., 0, 0., 0, 0., 0, 0., 0, 0., 0, 0., 0, 0., 150, 148, 298, 50, 0.16778523489932887
, generated\gt\sample_000567.krn, generated\xml_trimmed_homr\sample_000567.xml, 0, 0., 0, 0., 0, 0., 32, 88.88888888888889, 0, 0., 0, 0., 0, 0., 0, 0., 0, 0., 0, 0., 0, 0., 0, 0., 0, 0., 0, 0., 3, 8.333333333333334, 0, 0., 0, 0., 0, 0., 0, 0., 0, 0., 0, 0., 0, 0., 1, 2.7777777777777777, 0, 0., 0, 0., 0, 0., 0, 0., 0, 0., 0, 0., 0, 0., 0, 0., 0, 0., 0, 0., 0, 0., 0, 0., 0, 0., 0, 0., 0, 0., 0, 0., 106, 106, 212, 36, 0.16981132075471697
, generated\gt\sample_000345.krn, generated\xml_trimmed_homr\sample_000345.xml, 0, 0., 0, 0., 0, 0., 56, 90.3225806451613, 0, 0., 0, 0., 2, 3.225806451612903, 0, 0., 0, 0., 0, 0., 0, 0., 0, 0., 0, 0., 0, 0., 0, 0., 0, 0., 0, 0., 0, 0., 0, 0., 0, 0., 0, 0., 0, 0., 4, 6.451612903225806, 0, 0., 0, 0., 0, 0., 0, 0., 0, 0., 0, 0., 0, 0., 0, 0., 0, 0., 0, 0., 0, 0., 0, 0., 0, 0., 0, 0., 0, 0., 0, 0., 185, 179, 364, 62, 0.17032967032967034
, generated\gt\sample_000520.krn, generated\xml_trimmed_homr\sample_000520.xml, 0, 0., 0, 0., 0, 0., 112, 96.55172413793103, 0, 0., 0, 0., 0, 0., 0, 0., 0, 0., 0, 0., 0, 0., 0, 0., 0, 0., 0, 0., 3, 2.586206896551724, 1, 0.8620689655172413, 0, 0., 0, 0., 0, 0., 0, 0., 0, 0., 0, 0., 0, 0., 0, 0., 0, 0., 0, 0., 0, 0., 0, 0., 0, 0., 0, 0., 0, 0., 0, 0., 0, 0., 0, 0., 0, 0., 0, 0., 0, 0., 0, 0., 0, 0., 339, 339, 678, 116, 0.1710914454277286
, generated\gt\sample_000519.krn, generated\xml_trimmed_homr\sample_000519.xml, 0, 0., 0, 0., 0, 0., 54, 94.73684210526316, 0, 0., 0, 0., 0, 0., 0, 0., 0, 0., 0, 0., 0, 0., 0, 0., 0, 0., 0, 0., 0, 0., 1, 1.7543859649122806, 0, 0., 0, 0., 0, 0., 0, 0., 0, 0., 0, 0., 2, 3.508771929824561, 0, 0., 0, 0., 0, 0., 0, 0., 0, 0., 0, 0., 0, 0., 0, 0., 0, 0., 0, 0., 0, 0., 0, 0., 0, 0., 0, 0., 0, 0., 0, 0., 168, 165, 333, 57, 0.17117117117117117
, generated\gt\sample_000261.krn, generated\xml_trimmed_homr\sample_000261.xml, 0, 0., 0, 0., 0, 0., 43, 87.75510204081633, 0, 0., 0, 0., 1, 2.0408163265306123, 0, 0., 0, 0., 0, 0., 0, 0., 0, 0., 0, 0., 0, 0., 0, 0., 0, 0., 0, 0., 2, 4.081632653061225, 0, 0., 0, 0., 0, 0., 0, 0., 3, 6.122448979591836, 0, 0., 0, 0., 0, 0., 0, 0., 0, 0., 0, 0., 0, 0., 0, 0., 0, 0., 0, 0., 0, 0., 0, 0., 0, 0., 0, 0., 0, 0., 0, 0., 146, 140, 286, 49, 0.17132867132867133
, generated\gt\sample_000169.krn, generated\xml_trimmed_homr\sample_000169.xml, 0, 0., 0, 0., 0, 0., 41, 78.84615384615384, 0, 0., 0, 0., 4, 7.6923076923076925, 0, 0., 3, 5.769230769230769, 0, 0., 1, 1.9230769230769231, 0, 0., 0, 0., 0, 0., 0, 0., 0, 0., 0, 0., 0, 0., 0, 0., 0, 0., 0, 0., 0, 0., 3, 5.769230769230769, 0, 0., 0, 0., 0, 0., 0, 0., 0, 0., 0, 0., 0, 0., 0, 0., 0, 0., 0, 0., 0, 0., 0, 0., 0, 0., 0, 0., 0, 0., 0, 0., 155, 148, 303, 52, 0.1716171617161716
, generated\gt\sample_000535.krn, generated\xml_trimmed_homr\sample_000535.xml, 0, 0., 12, 18.75, 0, 0., 39, 60.9375, 0, 0., 0, 0., 5, 7.8125, 0, 0., 0, 0., 7, 10.9375, 0, 0., 0, 0., 0, 0., 0, 0., 0, 0., 0, 0., 0, 0., 0, 0., 0, 0., 0, 0., 0, 0., 0, 0., 1, 1.5625, 0, 0., 0, 0., 0, 0., 0, 0., 0, 0., 0, 0., 0, 0., 0, 0., 0, 0., 0, 0., 0, 0., 0, 0., 0, 0., 0, 0., 0, 0., 0, 0., 192, 179, 371, 64, 0.1725067385444744
, generated\gt\sample_000420.krn, generated\xml_trimmed_homr\sample_000420.xml, 0, 0., 0, 0., 0, 0., 36, 75.0, 0, 0., 0, 0., 2, 4.166666666666667, 0, 0., 0, 0., 0, 0., 0, 0., 0, 0., 0, 0., 4, 8.333333333333334, 0, 0., 1, 2.0833333333333335, 0, 0., 0, 0., 0, 0., 0, 0., 0, 0., 0, 0., 5, 10.416666666666666, 0, 0., 0, 0., 0, 0., 0, 0., 0, 0., 0, 0., 0, 0., 0, 0., 0, 0., 0, 0., 0, 0., 0, 0., 0, 0., 0, 0., 0, 0., 0, 0., 141, 133, 274, 48, 0.17518248175182483
, generated\gt\sample_000479.krn, generated\xml_trimmed_homr\sample_000479.xml, 0, 0., 0, 0., 0, 0., 40, 72.72727272727273, 0, 0., 0, 0., 6, 10.909090909090908, 0, 0., 0, 0., 0, 0., 0, 0., 0, 0., 0, 0., 0, 0., 0, 0., 0, 0., 0, 0., 0, 0., 0, 0., 0, 0., 0, 0., 0, 0., 9, 16.363636363636363, 0, 0., 0, 0., 0, 0., 0, 0., 0, 0., 0, 0., 0, 0., 0, 0., 0, 0., 0, 0., 0, 0., 0, 0., 0, 0., 0, 0., 0, 0., 0, 0., 163, 148, 311, 55, 0.17684887459807075
, generated\gt\sample_000310.krn, generated\xml_trimmed_homr\sample_000310.xml, 0, 0., 0, 0., 0, 0., 26, 74.28571428571429, 0, 0., 0, 0., 3, 8.571428571428571, 0, 0., 0, 0., 0, 0., 0, 0., 0, 0., 0, 0., 0, 0., 0, 0., 1, 2.857142857142857, 0, 0., 0, 0., 0, 0., 0, 0., 0, 0., 0, 0., 5, 14.285714285714286, 0, 0., 0, 0., 0, 0., 0, 0., 0, 0., 0, 0., 0, 0., 0, 0., 0, 0., 0, 0., 0, 0., 0, 0., 0, 0., 0, 0., 0, 0., 0, 0., 103, 94, 197, 35, 0.17766497461928935
, generated\gt\sample_000354.krn, generated\xml_trimmed_homr\sample_000354.xml, 0, 0., 5, 8.620689655172415, 0, 0., 35, 60.3448275862069, 0, 0., 1, 1.7241379310344827, 2, 3.4482758620689653, 0, 0., 0, 0., 0, 0., 0, 0., 0, 0., 0, 0., 0, 0., 3, 5.172413793103448, 0, 0., 0, 0., 0, 0., 0, 0., 0, 0., 0, 0., 0, 0., 12, 20.689655172413794, 0, 0., 0, 0., 0, 0., 0, 0., 0, 0., 0, 0., 0, 0., 0, 0., 0, 0., 0, 0., 0, 0., 0, 0., 0, 0., 0, 0., 0, 0., 0, 0., 164, 153, 317, 58, 0.1829652996845426
, generated\gt\sample_000602.krn, generated\xml_trimmed_homr\sample_000602.xml, 0, 0., 28, 51.851851851851855, 0, 0., 21, 38.888888888888886, 0, 0., 0, 0., 0, 0., 0, 0., 0, 0., 0, 0., 0, 0., 0, 0., 0, 0., 0, 0., 0, 0., 0, 0., 0, 0., 0, 0., 0, 0., 0, 0., 0, 0., 0, 0., 5, 9.25925925925926, 0, 0., 0, 0., 0, 0., 0, 0., 0, 0., 0, 0., 0, 0., 0, 0., 0, 0., 0, 0., 0, 0., 0, 0., 0, 0., 0, 0., 0, 0., 0, 0., 151, 143, 294, 54, 0.1836734693877551
, generated\gt\sample_000190.krn, generated\xml_trimmed_homr\sample_000190.xml, 0, 0., 0, 0., 0, 0., 28, 71.7948717948718, 0, 0., 0, 0., 2, 5.128205128205129, 0, 0., 0, 0., 0, 0., 0, 0., 0, 0., 0, 0., 3, 7.6923076923076925, 3, 7.6923076923076925, 1, 2.5641025641025643, 0, 0., 0, 0., 0, 0., 0, 0., 0, 0., 0, 0., 2, 5.128205128205129, 0, 0., 0, 0., 0, 0., 0, 0., 0, 0., 0, 0., 0, 0., 0, 0., 0, 0., 0, 0., 0, 0., 0, 0., 0, 0., 0, 0., 0, 0., 0, 0., 108, 103, 211, 39, 0.1848341232227488
, generated\gt\sample_000573.krn, generated\xml_trimmed_homr\sample_000573.xml, 0, 0., 20, 23.25581395348837, 0, 0., 52, 60.46511627906977, 0, 0., 0, 0., 2, 2.3255813953488373, 0, 0., 6, 6.976744186046512, 0, 0., 0, 0., 0, 0., 0, 0., 0, 0., 0, 0., 0, 0., 0, 0., 0, 0., 0, 0., 0, 0., 0, 0., 0, 0., 6, 6.976744186046512, 0, 0., 0, 0., 0, 0., 0, 0., 0, 0., 0, 0., 0, 0., 0, 0., 0, 0., 0, 0., 0, 0., 0, 0., 0, 0., 0, 0., 0, 0., 0, 0., 236, 226, 462, 86, 0.18614718614718614
, generated\gt\sample_000062.krn, generated\xml_trimmed_homr\sample_000062.xml, 0, 0., 0, 0., 0, 0., 36, 80.0, 0, 0., 0, 0., 6, 13.333333333333334, 0, 0., 0, 0., 0, 0., 0, 0., 0, 0., 0, 0., 0, 0., 0, 0., 0, 0., 0, 0., 0, 0., 0, 0., 0, 0., 0, 0., 0, 0., 3, 6.666666666666667, 0, 0., 0, 0., 0, 0., 0, 0., 0, 0., 0, 0., 0, 0., 0, 0., 0, 0., 0, 0., 0, 0., 0, 0., 0, 0., 0, 0., 0, 0., 0, 0., 125, 116, 241, 45, 0.18672199170124482
, generated\gt\sample_000493.krn, generated\xml_trimmed_homr\sample_000493.xml, 0, 0., 0, 0., 0, 0., 38, 61.29032258064516, 0, 0., 4, 6.451612903225806, 7, 11.290322580645162, 0, 0., 0, 0., 0, 0., 0, 0., 0, 0., 0, 0., 0, 0., 3, 4.838709677419355, 0, 0., 0, 0., 0, 0., 0, 0., 0, 0., 0, 0., 0, 0., 10, 16.129032258064516, 0, 0., 0, 0., 0, 0., 0, 0., 0, 0., 0, 0., 0, 0., 0, 0., 0, 0., 0, 0., 0, 0., 0, 0., 0, 0., 0, 0., 0, 0., 0, 0., 174, 158, 332, 62, 0.18674698795180722
, generated\gt\sample_000187.krn, generated\xml_trimmed_homr\sample_000187.xml, 0, 0., 0, 0., 0, 0., 46, 82.14285714285714, 0, 0., 0, 0., 3, 5.357142857142857, 0, 0., 0, 0., 0, 0., 1, 1.7857142857142858, 0, 0., 0, 0., 0, 0., 0, 0., 0, 0., 0, 0., 0, 0., 0, 0., 0, 0., 0, 0., 0, 0., 6, 10.714285714285714, 0, 0., 0, 0., 0, 0., 0, 0., 0, 0., 0, 0., 0, 0., 0, 0., 0, 0., 0, 0., 0, 0., 0, 0., 0, 0., 0, 0., 0, 0., 0, 0., 153, 145, 298, 56, 0.18791946308724833
, generated\gt\sample_000258.krn, generated\xml_trimmed_homr\sample_000258.xml, 0, 0., 0, 0., 0, 0., 32, 84.21052631578948, 0, 0., 0, 0., 3, 7.894736842105263, 0, 0., 0, 0., 0, 0., 0, 0., 0, 0., 0, 0., 0, 0., 3, 7.894736842105263, 0, 0., 0, 0., 0, 0., 0, 0., 0, 0., 0, 0., 0, 0., 0, 0., 0, 0., 0, 0., 0, 0., 0, 0., 0, 0., 0, 0., 0, 0., 0, 0., 0, 0., 0, 0., 0, 0., 0, 0., 0, 0., 0, 0., 0, 0., 0, 0., 102, 100, 202, 38, 0.18811881188118812
, generated\gt\sample_000575.krn, generated\xml_trimmed_homr\sample_000575.xml, 0, 0., 0, 0., 0, 0., 28, 48.275862068965516, 0, 0., 0, 0., 5, 8.620689655172415, 0, 0., 12, 20.689655172413794, 0, 0., 0, 0., 0, 0., 0, 0., 0, 0., 3, 5.172413793103448, 0, 0., 0, 0., 0, 0., 0, 0., 0, 0., 0, 0., 0, 0., 10, 17.24137931034483, 0, 0., 0, 0., 0, 0., 0, 0., 0, 0., 0, 0., 0, 0., 0, 0., 0, 0., 0, 0., 0, 0., 0, 0., 0, 0., 0, 0., 0, 0., 0, 0., 158, 148, 306, 58, 0.1895424836601307
, generated\gt\sample_000428.krn, generated\xml_trimmed_homr\sample_000428.xml, 0, 0., 0, 0., 0, 0., 60, 80.0, 0, 0., 0, 0., 1, 1.3333333333333333, 0, 0., 0, 0., 0, 0., 0, 0., 0, 0., 0, 0., 0, 0., 0, 0., 0, 0., 0, 0., 0, 0., 0, 0., 0, 0., 0, 0., 0, 0., 14, 18.666666666666668, 0, 0., 0, 0., 0, 0., 0, 0., 0, 0., 0, 0., 0, 0., 0, 0., 0, 0., 0, 0., 0, 0., 0, 0., 0, 0., 0, 0., 0, 0., 0, 0., 201, 186, 387, 75, 0.1937984496124031
, generated\gt\sample_000003.krn, generated\xml_trimmed_homr\sample_000003.xml, 0, 0., 0, 0., 0, 0., 74, 83.14606741573034, 0, 0., 0, 0., 0, 0., 0, 0., 6, 6.741573033707865, 0, 0., 0, 0., 0, 0., 0, 0., 0, 0., 0, 0., 0, 0., 0, 0., 0, 0., 0, 0., 0, 0., 0, 0., 0, 0., 9, 10.112359550561798, 0, 0., 0, 0., 0, 0., 0, 0., 0, 0., 0, 0., 0, 0., 0, 0., 0, 0., 0, 0., 0, 0., 0, 0., 0, 0., 0, 0., 0, 0., 0, 0., 232, 224, 456, 89, 0.19517543859649122
, generated\gt\sample_000239.krn, generated\xml_trimmed_homr\sample_000239.xml, 0, 0., 0, 0., 0, 0., 42, 84.0, 0, 0., 0, 0., 2, 4.0, 0, 0., 0, 0., 0, 0., 0, 0., 0, 0., 0, 0., 0, 0., 0, 0., 0, 0., 0, 0., 0, 0., 0, 0., 0, 0., 0, 0., 0, 0., 6, 12.0, 0, 0., 0, 0., 0, 0., 0, 0., 0, 0., 0, 0., 0, 0., 0, 0., 0, 0., 0, 0., 0, 0., 0, 0., 0, 0., 0, 0., 0, 0., 0, 0., 132, 124, 256, 50, 0.1953125
, generated\gt\sample_000086.krn, generated\xml_trimmed_homr\sample_000086.xml, 0, 0., 0, 0., 0, 0., 0, 0., 0, 0., 1, 2.7777777777777777, 3, 8.333333333333334, 0, 0., 0, 0., 0, 0., 0, 0., 0, 0., 0, 0., 0, 0., 0, 0., 0, 0., 0, 0., 0, 0., 0, 0., 0, 0., 0, 0., 0, 0., 0, 0., 0, 0., 0, 0., 0, 0., 0, 0., 0, 0., 0, 0., 0, 0., 0, 0., 0, 0., 0, 0., 28, 77.77777777777777, 0, 0., 4, 11.11111111111111, 0, 0., 0, 0., 0, 0., 108, 73, 181, 36, 0.19889502762430938
, generated\gt\sample_000498.krn, generated\xml_trimmed_homr\sample_000498.xml, 0, 0., 2, 5.0, 0, 0., 24, 60.0, 0, 0., 0, 0., 6, 15.0, 0, 0., 0, 0., 0, 0., 1, 2.5, 0, 0., 0, 0., 0, 0., 3, 7.5, 0, 0., 0, 0., 0, 0., 0, 0., 0, 0., 0, 0., 0, 0., 4, 10.0, 0, 0., 0, 0., 0, 0., 0, 0., 0, 0., 0, 0., 0, 0., 0, 0., 0, 0., 0, 0., 0, 0., 0, 0., 0, 0., 0, 0., 0, 0., 0, 0., 104, 96, 200, 40, 0.2
, generated\gt\sample_000259.krn, generated\xml_trimmed_homr\sample_000259.xml, 0, 0., 0, 0., 0, 0., 58, 79.45205479452055, 0, 0., 0, 0., 1, 1.36986301369863, 0, 0., 9, 12.32876712328767, 0, 0., 0, 0., 0, 0., 0, 0., 0, 0., 0, 0., 0, 0., 0, 0., 0, 0., 0, 0., 0, 0., 0, 0., 0, 0., 5, 6.8493150684931505, 0, 0., 0, 0., 0, 0., 0, 0., 0, 0., 0, 0., 0, 0., 0, 0., 0, 0., 0, 0., 0, 0., 0, 0., 0, 0., 0, 0., 0, 0., 0, 0., 183, 180, 363, 73, 0.20110192837465565
, generated\gt\sample_000132.krn, generated\xml_trimmed_homr\sample_000132.xml, 0, 0., 0, 0., 0, 0., 54, 87.09677419354838, 0, 0., 0, 0., 0, 0., 0, 0., 0, 0., 0, 0., 0, 0., 0, 0., 0, 0., 0, 0., 3, 4.838709677419355, 1, 1.6129032258064515, 0, 0., 0, 0., 0, 0., 0, 0., 0, 0., 0, 0., 4, 6.451612903225806, 0, 0., 0, 0., 0, 0., 0, 0., 0, 0., 0, 0., 0, 0., 0, 0., 0, 0., 0, 0., 0, 0., 0, 0., 0, 0., 0, 0., 0, 0., 0, 0., 156, 152, 308, 62, 0.2012987012987013
, generated\gt\sample_000455.krn, generated\xml_trimmed_homr\sample_000455.xml, 0, 0., 48, 55.81395348837209, 0, 0., 16, 18.6046511627907, 0, 0., 0, 0., 3, 3.488372093023256, 0, 0., 0, 0., 1, 1.1627906976744187, 4, 4.651162790697675, 1, 1.1627906976744187, 0, 0., 0, 0., 0, 0., 1, 1.1627906976744187, 0, 0., 4, 4.651162790697675, 0, 0., 0, 0., 0, 0., 0, 0., 8, 9.30232558139535, 0, 0., 0, 0., 0, 0., 0, 0., 0, 0., 0, 0., 0, 0., 0, 0., 0, 0., 0, 0., 0, 0., 0, 0., 0, 0., 0, 0., 0, 0., 0, 0., 217, 203, 420, 86, 0.20476190476190476
, generated\gt\sample_000119.krn, generated\xml_trimmed_homr\sample_000119.xml, 0, 0., 0, 0., 0, 0., 72, 67.28971962616822, 0, 0., 30, 28.037383177570092, 2, 1.8691588785046729, 0, 0., 0, 0., 0, 0., 0, 0., 0, 0., 0, 0., 0, 0., 0, 0., 1, 0.9345794392523364, 0, 0., 0, 0., 0, 0., 0, 0., 0, 0., 0, 0., 2, 1.8691588785046729, 0, 0., 0, 0., 0, 0., 0, 0., 0, 0., 0, 0., 0, 0., 0, 0., 0, 0., 0, 0., 0, 0., 0, 0., 0, 0., 0, 0., 0, 0., 0, 0., 263, 258, 521, 107, 0.2053742802303263
, generated\gt\sample_000213.krn, generated\xml_trimmed_homr\sample_000213.xml, 0, 0., 0, 0., 0, 0., 32, 52.459016393442624, 0, 0., 0, 0., 1, 1.639344262295082, 0, 0., 0, 0., 0, 0., 0, 0., 0, 0., 0, 0., 0, 0., 0, 0., 0, 0., 0, 0., 0, 0., 0, 0., 0, 0., 0, 0., 0, 0., 2, 3.278688524590164, 0, 0., 0, 0., 0, 0., 0, 0., 0, 0., 0, 0., 0, 0., 0, 0., 0, 0., 26, 42.622950819672134, 0, 0., 0, 0., 0, 0., 0, 0., 0, 0., 0, 0., 139, 158, 297, 61, 0.2053872053872054
, generated\gt\sample_000318.krn, generated\xml_trimmed_homr\sample_000318.xml, 0, 0., 0, 0., 0, 0., 61, 79.22077922077922, 0, 0., 0, 0., 4, 5.194805194805195, 0, 0., 0, 0., 1, 1.2987012987012987, 0, 0., 0, 0., 0, 0., 0, 0., 3, 3.896103896103896, 0, 0., 0, 0., 0, 0., 0, 0., 0, 0., 0, 0., 0, 0., 8, 10.38961038961039, 0, 0., 0, 0., 0, 0., 0, 0., 0, 0., 0, 0., 0, 0., 0, 0., 0, 0., 0, 0., 0, 0., 0, 0., 0, 0., 0, 0., 0, 0., 0, 0., 192, 180, 372, 77, 0.20698924731182797
, generated\gt\sample_000517.krn, generated\xml_trimmed_homr\sample_000517.xml, 0, 0., 0, 0., 0, 0., 81, 84.375, 0, 0., 0, 0., 8, 8.333333333333334, 0, 0., 0, 0., 0, 0., 0, 0., 0, 0., 0, 0., 0, 0., 0, 0., 1, 1.0416666666666667, 0, 0., 0, 0., 0, 0., 0, 0., 0, 0., 0, 0., 6, 6.25, 0, 0., 0, 0., 0, 0., 0, 0., 0, 0., 0, 0., 0, 0., 0, 0., 0, 0., 0, 0., 0, 0., 0, 0., 0, 0., 0, 0., 0, 0., 0, 0., 237, 222, 459, 96, 0.20915032679738563
, generated\gt\sample_000524.krn, generated\xml_trimmed_homr\sample_000524.xml, 0, 0., 0, 0., 0, 0., 67, 83.75, 0, 0., 0, 0., 5, 6.25, 0, 0., 0, 0., 0, 0., 0, 0., 0, 0., 0, 0., 0, 0., 0, 0., 0, 0., 0, 0., 0, 0., 0, 0., 0, 0., 0, 0., 0, 0., 8, 10.0, 0, 0., 0, 0., 0, 0., 0, 0., 0, 0., 0, 0., 0, 0., 0, 0., 0, 0., 0, 0., 0, 0., 0, 0., 0, 0., 0, 0., 0, 0., 0, 0., 196, 183, 379, 80, 0.21108179419525067
, generated\gt\sample_000364.krn, generated\xml_trimmed_homr\sample_000364.xml, 0, 0., 0, 0., 0, 0., 48, 80.0, 0, 0., 0, 0., 3, 5.0, 0, 0., 0, 0., 0, 0., 0, 0., 0, 0., 0, 0., 0, 0., 3, 5.0, 0, 0., 0, 0., 2, 3.3333333333333335, 0, 0., 0, 0., 0, 0., 0, 0., 4, 6.666666666666667, 0, 0., 0, 0., 0, 0., 0, 0., 0, 0., 0, 0., 0, 0., 0, 0., 0, 0., 0, 0., 0, 0., 0, 0., 0, 0., 0, 0., 0, 0., 0, 0., 143, 135, 278, 60, 0.2158273381294964
, generated\gt\sample_000448.krn, generated\xml_trimmed_homr\sample_000448.xml, 0, 0., 2, 2.3529411764705883, 0, 0., 66, 77.6470588235294, 0, 0., 0, 0., 2, 2.3529411764705883, 0, 0., 3, 3.5294117647058822, 0, 0., 4, 4.705882352941177, 0, 0., 0, 0., 0, 0., 3, 3.5294117647058822, 0, 0., 0, 0., 0, 0., 0, 0., 0, 0., 0, 0., 0, 0., 5, 5.882352941176471, 0, 0., 0, 0., 0, 0., 0, 0., 0, 0., 0, 0., 0, 0., 0, 0., 0, 0., 0, 0., 0, 0., 0, 0., 0, 0., 0, 0., 0, 0., 0, 0., 196, 189, 385, 85, 0.22077922077922077
, generated\gt\sample_000352.krn, generated\xml_trimmed_homr\sample_000352.xml, 0, 0., 0, 0., 0, 0., 53, 85.48387096774194, 0, 0., 0, 0., 2, 3.225806451612903, 0, 0., 0, 0., 0, 0., 0, 0., 0, 0., 0, 0., 0, 0., 3, 4.838709677419355, 0, 0., 0, 0., 0, 0., 0, 0., 0, 0., 0, 0., 0, 0., 4, 6.451612903225806, 0, 0., 0, 0., 0, 0., 0, 0., 0, 0., 0, 0., 0, 0., 0, 0., 0, 0., 0, 0., 0, 0., 0, 0., 0, 0., 0, 0., 0, 0., 0, 0., 138, 133, 271, 62, 0.22878228782287824
, generated\gt\sample_000131.krn, generated\xml_trimmed_homr\sample_000131.xml, 0, 0., 0, 0., 0, 0., 88, 86.27450980392157, 0, 0., 0, 0., 0, 0., 0, 0., 0, 0., 0, 0., 0, 0., 2, 1.9607843137254901, 0, 0., 0, 0., 3, 2.9411764705882355, 1, 0.9803921568627451, 0, 0., 0, 0., 0, 0., 0, 0., 0, 0., 0, 0., 8, 7.8431372549019605, 0, 0., 0, 0., 0, 0., 0, 0., 0, 0., 0, 0., 0, 0., 0, 0., 0, 0., 0, 0., 0, 0., 0, 0., 0, 0., 0, 0., 0, 0., 0, 0., 227, 217, 444, 102, 0.22972972972972974
, generated\gt\sample_000355.krn, generated\xml_trimmed_homr\sample_000355.xml, 0, 0., 48, 30.573248407643312, 0, 0., 104, 66.24203821656052, 0, 0., 0, 0., 1, 0.6369426751592356, 0, 0., 0, 0., 0, 0., 0, 0., 0, 0., 0, 0., 2, 1.2738853503184713, 0, 0., 0, 0., 0, 0., 2, 1.2738853503184713, 0, 0., 0, 0., 0, 0., 0, 0., 0, 0., 0, 0., 0, 0., 0, 0., 0, 0., 0, 0., 0, 0., 0, 0., 0, 0., 0, 0., 0, 0., 0, 0., 0, 0., 0, 0., 0, 0., 0, 0., 0, 0., 320, 363, 683, 157, 0.22986822840409957
, generated\gt\sample_000346.krn, generated\xml_trimmed_homr\sample_000346.xml, 0, 0., 0, 0., 0, 0., 93, 86.11111111111111, 0, 0., 0, 0., 2, 1.8518518518518519, 0, 0., 0, 0., 0, 0., 0, 0., 1, 0.9259259259259259, 0, 0., 0, 0., 0, 0., 0, 0., 0, 0., 0, 0., 0, 0., 0, 0., 0, 0., 0, 0., 12, 11.11111111111111, 0, 0., 0, 0., 0, 0., 0, 0., 0, 0., 0, 0., 0, 0., 0, 0., 0, 0., 0, 0., 0, 0., 0, 0., 0, 0., 0, 0., 0, 0., 0, 0., 234, 221, 455, 108, 0.23736263736263735
, generated\gt\sample_000286.krn, generated\xml_trimmed_homr\sample_000286.xml, 0, 0., 0, 0., 0, 0., 50, 64.93506493506493, 0, 0., 0, 0., 1, 1.2987012987012987, 0, 0., 0, 0., 0, 0., 0, 0., 0, 0., 0, 0., 0, 0., 0, 0., 0, 0., 0, 0., 0, 0., 0, 0., 0, 0., 0, 0., 0, 0., 0, 0., 0, 0., 0, 0., 0, 0., 0, 0., 0, 0., 0, 0., 0, 0., 0, 0., 0, 0., 26, 33.76623376623377, 0, 0., 0, 0., 0, 0., 0, 0., 0, 0., 0, 0., 151, 172, 323, 77, 0.23839009287925697
, generated\gt\sample_000403.krn, generated\xml_trimmed_homr\sample_000403.xml, 0, 0., 0, 0., 0, 0., 80, 91.95402298850574, 0, 0., 0, 0., 5, 5.747126436781609, 0, 0., 0, 0., 0, 0., 0, 0., 0, 0., 0, 0., 0, 0., 0, 0., 1, 1.1494252873563218, 0, 0., 0, 0., 0, 0., 0, 0., 0, 0., 0, 0., 1, 1.1494252873563218, 0, 0., 0, 0., 0, 0., 0, 0., 0, 0., 0, 0., 0, 0., 0, 0., 0, 0., 0, 0., 0, 0., 0, 0., 0, 0., 0, 0., 0, 0., 0, 0., 181, 174, 355, 87, 0.24507042253521127
, generated\gt\sample_000350.krn, generated\xml_trimmed_homr\sample_000350.xml, 0, 0., 9, 9.782608695652174, 0, 0., 61, 66.30434782608695, 0, 0., 0, 0., 5, 5.434782608695652, 0, 0., 0, 0., 0, 0., 0, 0., 3, 3.260869565217391, 0, 0., 0, 0., 3, 3.260869565217391, 0, 0., 0, 0., 0, 0., 0, 0., 0, 0., 0, 0., 0, 0., 11, 11.956521739130435, 0, 0., 0, 0., 0, 0., 0, 0., 0, 0., 0, 0., 0, 0., 0, 0., 0, 0., 0, 0., 0, 0., 0, 0., 0, 0., 0, 0., 0, 0., 0, 0., 193, 180, 373, 92, 0.24664879356568364
, generated\gt\sample_000329.krn, generated\xml_trimmed_homr\sample_000329.xml, 0, 0., 0, 0., 0, 0., 140, 97.9020979020979, 0, 0., 0, 0., 1, 0.6993006993006993, 0, 0., 0, 0., 0, 0., 0, 0., 0, 0., 0, 0., 0, 0., 0, 0., 0, 0., 0, 0., 0, 0., 0, 0., 0, 0., 0, 0., 0, 0., 2, 1.3986013986013985, 0, 0., 0, 0., 0, 0., 0, 0., 0, 0., 0, 0., 0, 0., 0, 0., 0, 0., 0, 0., 0, 0., 0, 0., 0, 0., 0, 0., 0, 0., 0, 0., 289, 286, 575, 143, 0.24869565217391304
, generated\gt\sample_000053.krn, generated\xml_trimmed_homr\sample_000053.xml, 0, 0., 0, 0., 0, 0., 96, 97.95918367346938, 0, 0., 0, 0., 2, 2.0408163265306123, 0, 0., 0, 0., 0, 0., 0, 0., 0, 0., 0, 0., 0, 0., 0, 0., 0, 0., 0, 0., 0, 0., 0, 0., 0, 0., 0, 0., 0, 0., 0, 0., 0, 0., 0, 0., 0, 0., 0, 0., 0, 0., 0, 0., 0, 0., 0, 0., 0, 0., 0, 0., 0, 0., 0, 0., 0, 0., 0, 0., 0, 0., 0, 0., 198, 196, 394, 98, 0.24873096446700507
, generated\gt\sample_000057.krn, generated\xml_trimmed_homr\sample_000057.xml, 0, 0., 0, 0., 0, 0., 96, 97.95918367346938, 0, 0., 0, 0., 0, 0., 0, 0., 0, 0., 0, 0., 0, 0., 0, 0., 0, 0., 1, 1.0204081632653061, 0, 0., 1, 1.0204081632653061, 0, 0., 0, 0., 0, 0., 0, 0., 0, 0., 0, 0., 0, 0., 0, 0., 0, 0., 0, 0., 0, 0., 0, 0., 0, 0., 0, 0., 0, 0., 0, 0., 0, 0., 0, 0., 0, 0., 0, 0., 0, 0., 0, 0., 0, 0., 198, 196, 394, 98, 0.24873096446700507
, generated\gt\sample_000447.krn, generated\xml_trimmed_homr\sample_000447.xml, 0, 0., 0, 0., 0, 0., 94, 92.15686274509804, 0, 0., 0, 0., 8, 7.8431372549019605, 0, 0., 0, 0., 0, 0., 0, 0., 0, 0., 0, 0., 0, 0., 0, 0., 0, 0., 0, 0., 0, 0., 0, 0., 0, 0., 0, 0., 0, 0., 0, 0., 0, 0., 0, 0., 0, 0., 0, 0., 0, 0., 0, 0., 0, 0., 0, 0., 0, 0., 0, 0., 0, 0., 0, 0., 0, 0., 0, 0., 0, 0., 0, 0., 204, 196, 400, 102, 0.255
, generated\gt\sample_000353.krn, generated\xml_trimmed_homr\sample_000353.xml, 0, 0., 0, 0., 0, 0., 96, 95.04950495049505, 0, 0., 0, 0., 2, 1.9801980198019802, 0, 0., 0, 0., 0, 0., 0, 0., 0, 0., 0, 0., 0, 0., 3, 2.9702970297029703, 0, 0., 0, 0., 0, 0., 0, 0., 0, 0., 0, 0., 0, 0., 0, 0., 0, 0., 0, 0., 0, 0., 0, 0., 0, 0., 0, 0., 0, 0., 0, 0., 0, 0., 0, 0., 0, 0., 0, 0., 0, 0., 0, 0., 0, 0., 0, 0., 198, 197, 395, 101, 0.25569620253164554
, generated\gt\sample_000002.krn, generated\xml_trimmed_homr\sample_000002.xml, 0, 0., 0, 0., 0, 0., 80, 94.11764705882354, 0, 0., 0, 0., 0, 0., 0, 0., 0, 0., 0, 0., 0, 0., 0, 0., 0, 0., 0, 0., 3, 3.5294117647058822, 0, 0., 0, 0., 2, 2.3529411764705883, 0, 0., 0, 0., 0, 0., 0, 0., 0, 0., 0, 0., 0, 0., 0, 0., 0, 0., 0, 0., 0, 0., 0, 0., 0, 0., 0, 0., 0, 0., 0, 0., 0, 0., 0, 0., 0, 0., 0, 0., 0, 0., 166, 165, 331, 85, 0.256797583081571
, generated\gt\sample_000186.krn, generated\xml_trimmed_homr\sample_000186.xml, 0, 0., 0, 0., 0, 0., 84, 86.5979381443299, 0, 0., 0, 0., 9, 9.278350515463918, 0, 0., 0, 0., 0, 0., 0, 0., 0, 0., 0, 0., 0, 0., 0, 0., 0, 0., 0, 0., 0, 0., 0, 0., 0, 0., 0, 0., 0, 0., 4, 4.123711340206185, 0, 0., 0, 0., 0, 0., 0, 0., 0, 0., 0, 0., 0, 0., 0, 0., 0, 0., 0, 0., 0, 0., 0, 0., 0, 0., 0, 0., 0, 0., 0, 0., 195, 182, 377, 97, 0.2572944297082228
, generated\gt\sample_000206.krn, generated\xml_trimmed_homr\sample_000206.xml, 0, 0., 0, 0., 0, 0., 96, 91.42857142857143, 0, 0., 0, 0., 6, 5.714285714285714, 0, 0., 0, 0., 0, 0., 0, 0., 0, 0., 0, 0., 0, 0., 0, 0., 1, 0.9523809523809523, 0, 0., 0, 0., 0, 0., 0, 0., 0, 0., 0, 0., 2, 1.9047619047619047, 0, 0., 0, 0., 0, 0., 0, 0., 0, 0., 0, 0., 0, 0., 0, 0., 0, 0., 0, 0., 0, 0., 0, 0., 0, 0., 0, 0., 0, 0., 0, 0., 204, 195, 399, 105, 0.2631578947368421
, generated\gt\sample_000415.krn, generated\xml_trimmed_homr\sample_000415.xml, 0, 0., 41, 27.891156462585034, 0, 0., 60, 40.816326530612244, 0, 0., 0, 0., 0, 0., 0, 0., 0, 0., 0, 0., 0, 0., 0, 0., 0, 0., 1, 0.6802721088435374, 0, 0., 0, 0., 0, 0., 0, 0., 0, 0., 0, 0., 0, 0., 0, 0., 0, 0., 0, 0., 0, 0., 0, 0., 0, 0., 0, 0., 0, 0., 0, 0., 0, 0., 0, 0., 0, 0., 41, 27.891156462585034, 0, 0., 4, 2.7210884353741496, 0, 0., 0, 0., 0, 0., 272, 269, 541, 147, 0.27171903881700554
, generated\gt\sample_000088.krn, generated\xml_trimmed_homr\sample_000088.xml, 0, 0., 22, 37.28813559322034, 0, 0., 0, 0., 0, 0., 0, 0., 2, 3.389830508474576, 0, 0., 0, 0., 0, 0., 0, 0., 0, 0., 0, 0., 0, 0., 4, 6.779661016949152, 0, 0., 0, 0., 0, 0., 0, 0., 0, 0., 0, 0., 0, 0., 0, 0., 0, 0., 0, 0., 0, 0., 0, 0., 0, 0., 0, 0., 0, 0., 0, 0., 0, 0., 0, 0., 27, 45.76271186440678, 0, 0., 4, 6.779661016949152, 0, 0., 0, 0., 0, 0., 115, 100, 215, 59, 0.2744186046511628
, generated\gt\sample_000417.krn, generated\xml_trimmed_homr\sample_000417.xml, 0, 0., 42, 27.63157894736842, 0, 0., 60, 39.473684210526315, 0, 0., 0, 0., 0, 0., 0, 0., 0, 0., 0, 0., 0, 0., 0, 0., 0, 0., 1, 0.6578947368421053, 4, 2.6315789473684212, 0, 0., 0, 0., 0, 0., 0, 0., 0, 0., 0, 0., 0, 0., 0, 0., 0, 0., 0, 0., 0, 0., 0, 0., 0, 0., 0, 0., 0, 0., 0, 0., 0, 0., 0, 0., 41, 26.973684210526315, 0, 0., 4, 2.6315789473684212, 0, 0., 0, 0., 0, 0., 274, 268, 542, 152, 0.28044280442804426
, generated\gt\sample_000416.krn, generated\xml_trimmed_homr\sample_000416.xml, 0, 0., 41, 27.1523178807947, 0, 0., 60, 39.735099337748345, 0, 0., 0, 0., 0, 0., 0, 0., 0, 0., 0, 0., 0, 0., 0, 0., 0, 0., 1, 0.6622516556291391, 4, 2.6490066225165565, 0, 0., 0, 0., 0, 0., 0, 0., 0, 0., 0, 0., 0, 0., 0, 0., 0, 0., 0, 0., 0, 0., 0, 0., 0, 0., 0, 0., 0, 0., 0, 0., 0, 0., 0, 0., 41, 27.1523178807947, 0, 0., 4, 2.6490066225165565, 0, 0., 0, 0., 0, 0., 272, 265, 537, 151, 0.2811918063314711
, generated\gt\sample_000370.krn, generated\xml_trimmed_homr\sample_000370.xml, 0, 0., 26, 27.36842105263158, 0, 0., 34, 35.78947368421053, 0, 0., 0, 0., 0, 0., 0, 0., 0, 0., 0, 0., 0, 0., 0, 0., 0, 0., 1, 1.0526315789473684, 0, 0., 0, 0., 0, 0., 0, 0., 0, 0., 0, 0., 0, 0., 0, 0., 0, 0., 0, 0., 0, 0., 0, 0., 0, 0., 0, 0., 0, 0., 0, 0., 0, 0., 0, 0., 0, 0., 30, 31.57894736842105, 0, 0., 4, 4.2105263157894735, 0, 0., 0, 0., 0, 0., 165, 158, 323, 95, 0.29411764705882354
, generated\gt\sample_000184.krn, generated\xml_trimmed_homr\sample_000184.xml, 0, 0., 25, 28.089887640449437, 0, 0., 12, 13.48314606741573, 0, 0., 0, 0., 0, 0., 0, 0., 0, 0., 0, 0., 8, 8.98876404494382, 1, 1.1235955056179776, 0, 0., 1, 1.1235955056179776, 1, 1.1235955056179776, 0, 0., 0, 0., 0, 0., 0, 0., 0, 0., 0, 0., 0, 0., 4, 4.49438202247191, 0, 0., 0, 0., 0, 0., 0, 0., 0, 0., 0, 0., 0, 0., 0, 0., 0, 0., 0, 0., 33, 37.07865168539326, 0, 0., 4, 4.49438202247191, 0, 0., 0, 0., 0, 0., 154, 143, 297, 89, 0.2996632996632997
, generated\gt\sample_000170.krn, generated\xml_trimmed_homr\sample_000170.xml, 0, 0., 0, 0., 0, 0., 0, 0., 0, 0., 0, 0., 0, 0., 0, 0., 0, 0., 0, 0., 0, 0., 0, 0., 0, 0., 0, 0., 0, 0., 0, 0., 0, 0., 0, 0., 0, 0., 0, 0., 0, 0., 0, 0., 1, 2.3255813953488373, 0, 0., 0, 0., 0, 0., 0, 0., 0, 0., 0, 0., 0, 0., 0, 0., 0, 0., 42, 97.67441860465117, 0, 0., 0, 0., 0, 0., 0, 0., 0, 0., 0, 0., 75, 68, 143, 43, 0.3006993006993007
, generated\gt\sample_000087.krn, generated\xml_trimmed_homr\sample_000087.xml, 0, 0., 30, 40.54054054054054, 0, 0., 0, 0., 0, 0., 0, 0., 2, 2.7027027027027026, 0, 0., 0, 0., 0, 0., 0, 0., 0, 0., 0, 0., 0, 0., 4, 5.405405405405405, 0, 0., 0, 0., 0, 0., 0, 0., 0, 0., 0, 0., 0, 0., 0, 0., 0, 0., 0, 0., 0, 0., 0, 0., 0, 0., 0, 0., 0, 0., 0, 0., 0, 0., 0, 0., 34, 45.945945945945944, 0, 0., 4, 5.405405405405405, 0, 0., 0, 0., 0, 0., 128, 114, 242, 74, 0.30578512396694213
, generated\gt\sample_000247.krn, generated\xml_trimmed_homr\sample_000247.xml, 0, 0., 93, 73.22834645669292, 0, 0., 27, 21.25984251968504, 0, 0., 0, 0., 0, 0., 0, 0., 0, 0., 0, 0., 0, 0., 0, 0., 0, 0., 0, 0., 0, 0., 0, 0., 0, 0., 0, 0., 0, 0., 0, 0., 0, 0., 0, 0., 7, 5.511811023622047, 0, 0., 0, 0., 0, 0., 0, 0., 0, 0., 0, 0., 0, 0., 0, 0., 0, 0., 0, 0., 0, 0., 0, 0., 0, 0., 0, 0., 0, 0., 0, 0., 220, 188, 408, 127, 0.3112745098039216
, generated\gt\sample_000210.krn, generated\xml_trimmed_homr\sample_000210.xml, 0, 0., 13, 18.309859154929576, 0, 0., 27, 38.028169014084504, 0, 0., 0, 0., 0, 0., 0, 0., 0, 0., 0, 0., 3, 4.225352112676056, 0, 0., 0, 0., 1, 1.408450704225352, 0, 0., 0, 0., 0, 0., 0, 0., 0, 0., 0, 0., 0, 0., 0, 0., 1, 1.408450704225352, 0, 0., 0, 0., 0, 0., 0, 0., 0, 0., 0, 0., 0, 0., 0, 0., 0, 0., 0, 0., 22, 30.985915492957748, 0, 0., 4, 5.633802816901408, 0, 0., 0, 0., 0, 0., 119, 106, 225, 71, 0.31555555555555553
, generated\gt\sample_000312.krn, generated\xml_trimmed_homr\sample_000312.xml, 0, 0., 74, 58.267716535433074, 0, 0., 34, 26.771653543307085, 0, 0., 0, 0., 7, 5.511811023622047, 0, 0., 0, 0., 0, 0., 0, 0., 0, 0., 0, 0., 0, 0., 0, 0., 0, 0., 0, 0., 0, 0., 0, 0., 0, 0., 0, 0., 0, 0., 12, 9.448818897637794, 0, 0., 0, 0., 0, 0., 0, 0., 0, 0., 0, 0., 0, 0., 0, 0., 0, 0., 0, 0., 0, 0., 0, 0., 0, 0., 0, 0., 0, 0., 0, 0., 214, 187, 401, 127, 0.3167082294264339
, generated\gt\sample_000384.krn, generated\xml_trimmed_homr\sample_000384.xml, 0, 0., 54, 40.0, 0, 0., 73, 54.074074074074076, 0, 0., 0, 0., 0, 0., 0, 0., 0, 0., 0, 0., 1, 0.7407407407407407, 0, 0., 0, 0., 0, 0., 0, 0., 1, 0.7407407407407407, 0, 0., 0, 0., 0, 0., 0, 0., 0, 0., 0, 0., 6, 4.444444444444445, 0, 0., 0, 0., 0, 0., 0, 0., 0, 0., 0, 0., 0, 0., 0, 0., 0, 0., 0, 0., 0, 0., 0, 0., 0, 0., 0, 0., 0, 0., 0, 0., 211, 205, 416, 135, 0.3245192307692308
, generated\gt\sample_000117.krn, generated\xml_trimmed_homr\sample_000117.xml, 0, 0., 27, 18.243243243243242, 0, 0., 57, 38.513513513513516, 0, 0., 0, 0., 25, 16.89189189189189, 0, 0., 0, 0., 0, 0., 0, 0., 0, 0., 0, 0., 1, 0.6756756756756757, 2, 1.3513513513513513, 0, 0., 0, 0., 0, 0., 0, 0., 0, 0., 0, 0., 0, 0., 0, 0., 0, 0., 0, 0., 0, 0., 0, 0., 0, 0., 0, 0., 0, 0., 0, 0., 0, 0., 0, 0., 32, 21.62162162162162, 0, 0., 4, 2.7027027027027026, 0, 0., 0, 0., 0, 0., 245, 210, 455, 148, 0.3252747252747253
, generated\gt\sample_000319.krn, generated\xml_trimmed_homr\sample_000319.xml, 0, 0., 73, 66.97247706422019, 0, 0., 22, 20.18348623853211, 0, 0., 0, 0., 4, 3.669724770642202, 0, 0., 0, 0., 0, 0., 0, 0., 0, 0., 0, 0., 0, 0., 0, 0., 0, 0., 0, 0., 0, 0., 0, 0., 0, 0., 0, 0., 0, 0., 10, 9.174311926605505, 0, 0., 0, 0., 0, 0., 0, 0., 0, 0., 0, 0., 0, 0., 0, 0., 0, 0., 0, 0., 0, 0., 0, 0., 0, 0., 0, 0., 0, 0., 0, 0., 175, 154, 329, 109, 0.331306990881459
, generated\gt\sample_000328.krn, generated\xml_trimmed_homr\sample_000328.xml, 0, 0., 20, 13.157894736842104, 0, 0., 82, 53.94736842105263, 0, 0., 0, 0., 5, 3.289473684210526, 0, 0., 0, 0., 0, 0., 0, 0., 0, 0., 0, 0., 1, 0.6578947368421053, 2, 1.3157894736842106, 0, 0., 0, 0., 0, 0., 0, 0., 0, 0., 0, 0., 0, 0., 10, 6.578947368421052, 0, 0., 0, 0., 0, 0., 0, 0., 0, 0., 0, 0., 0, 0., 0, 0., 0, 0., 0, 0., 28, 18.42105263157895, 0, 0., 4, 2.6315789473684212, 0, 0., 0, 0., 0, 0., 243, 215, 458, 152, 0.3318777292576419
, generated\gt\sample_000109.krn, generated\xml_trimmed_homr\sample_000109.xml, 0, 0., 62, 31.632653061224488, 0, 0., 53, 27.040816326530614, 0, 0., 0, 0., 2, 1.0204081632653061, 0, 0., 0, 0., 0, 0., 1, 0.5102040816326531, 1, 0.5102040816326531, 0, 0., 3, 1.530612244897959, 0, 0., 0, 0., 0, 0., 0, 0., 0, 0., 0, 0., 0, 0., 0, 0., 0, 0., 0, 0., 0, 0., 0, 0., 0, 0., 0, 0., 0, 0., 0, 0., 0, 0., 0, 0., 0, 0., 70, 35.714285714285715, 0, 0., 4, 2.0408163265306123, 0, 0., 0, 0., 0, 0., 297, 286, 583, 196, 0.3361921097770154
, generated\gt\sample_000179.krn, generated\xml_trimmed_homr\sample_000179.xml, 0, 0., 51, 40.15748031496063, 0, 0., 8, 6.299212598425197, 0, 0., 0, 0., 0, 0., 0, 0., 0, 0., 0, 0., 0, 0., 0, 0., 0, 0., 1, 0.7874015748031497, 0, 0., 0, 0., 0, 0., 0, 0., 0, 0., 0, 0., 0, 0., 0, 0., 5, 3.937007874015748, 0, 0., 0, 0., 0, 0., 0, 0., 0, 0., 0, 0., 0, 0., 0, 0., 0, 0., 0, 0., 58, 45.669291338582674, 0, 0., 4, 3.1496062992125986, 0, 0., 0, 0., 0, 0., 196, 181, 377, 127, 0.33687002652519893
, generated\gt\sample_000025.krn, generated\xml_trimmed_homr\sample_000025.xml, 0, 0., 8, 12.903225806451612, 0, 0., 0, 0., 0, 0., 0, 0., 1, 1.6129032258064515, 0, 0., 0, 0., 1, 1.6129032258064515, 0, 0., 0, 0., 0, 0., 0, 0., 3, 4.838709677419355, 0, 0., 0, 0., 0, 0., 0, 0., 0, 0., 0, 0., 0, 0., 3, 4.838709677419355, 0, 0., 0, 0., 0, 0., 0, 0., 0, 0., 0, 0., 0, 0., 0, 0., 0, 0., 46, 74.19354838709677, 0, 0., 0, 0., 0, 0., 0, 0., 0, 0., 0, 0., 75, 107, 182, 62, 0.34065934065934067
, generated\gt\sample_000195.krn, generated\xml_trimmed_homr\sample_000195.xml, 0, 0., 52, 30.58823529411765, 0, 0., 54, 31.764705882352942, 0, 0., 0, 0., 1, 0.5882352941176471, 0, 0., 0, 0., 0, 0., 0, 0., 0, 0., 0, 0., 1, 0.5882352941176471, 0, 0., 0, 0., 0, 0., 0, 0., 0, 0., 0, 0., 0, 0., 0, 0., 1, 0.5882352941176471, 0, 0., 0, 0., 0, 0., 0, 0., 0, 0., 0, 0., 0, 0., 0, 0., 0, 0., 0, 0., 57, 33.529411764705884, 0, 0., 4, 2.3529411764705883, 0, 0., 0, 0., 0, 0., 254, 244, 498, 170, 0.3413654618473896
, generated\gt\sample_000230.krn, generated\xml_trimmed_homr\sample_000230.xml, 0, 0., 41, 16.141732283464567, 0, 0., 140, 55.118110236220474, 0, 0., 0, 0., 11, 4.330708661417323, 0, 0., 0, 0., 1, 0.3937007874015748, 0, 0., 0, 0., 0, 0., 2, 0.7874015748031497, 2, 0.7874015748031497, 0, 0., 0, 0., 0, 0., 0, 0., 0, 0., 0, 0., 0, 0., 9, 3.543307086614173, 0, 0., 0, 0., 0, 0., 0, 0., 0, 0., 0, 0., 0, 0., 0, 0., 0, 0., 0, 0., 44, 17.322834645669293, 0, 0., 4, 1.5748031496062993, 0, 0., 0, 0., 0, 0., 392, 350, 742, 254, 0.3423180592991914
, generated\gt\sample_000369.krn, generated\xml_trimmed_homr\sample_000369.xml, 0, 0., 40, 22.099447513812155, 0, 0., 76, 41.988950276243095, 0, 0., 0, 0., 0, 0., 0, 0., 0, 0., 0, 0., 0, 0., 1, 0.5524861878453039, 0, 0., 1, 0.5524861878453039, 2, 1.1049723756906078, 0, 0., 0, 0., 0, 0., 0, 0., 0, 0., 0, 0., 0, 0., 4, 2.2099447513812156, 0, 0., 0, 0., 0, 0., 0, 0., 0, 0., 0, 0., 0, 0., 0, 0., 0, 0., 0, 0., 53, 29.281767955801104, 0, 0., 4, 2.2099447513812156, 0, 0., 0, 0., 0, 0., 275, 252, 527, 181, 0.34345351043643263
, generated\gt\sample_000309.krn, generated\xml_trimmed_homr\sample_000309.xml, 0, 0., 60, 44.44444444444444, 0, 0., 4, 2.962962962962963, 0, 0., 0, 0., 0, 0., 0, 0., 0, 0., 0, 0., 0, 0., 0, 0., 0, 0., 1, 0.7407407407407407, 0, 0., 0, 0., 0, 0., 0, 0., 0, 0., 0, 0., 0, 0., 0, 0., 2, 1.4814814814814814, 0, 0., 0, 0., 0, 0., 0, 0., 0, 0., 0, 0., 0, 0., 0, 0., 0, 0., 0, 0., 64, 47.407407407407405, 0, 0., 4, 2.962962962962963, 0, 0., 0, 0., 0, 0., 186, 177, 363, 135, 0.371900826446281
, generated\gt\sample_000316.krn, generated\xml_trimmed_homr\sample_000316.xml, 0, 0., 55, 37.16216216216216, 0, 0., 8, 5.405405405405405, 0, 0., 0, 0., 0, 0., 0, 0., 0, 0., 0, 0., 0, 0., 0, 0., 0, 0., 1, 0.6756756756756757, 2, 1.3513513513513513, 0, 0., 0, 0., 0, 0., 0, 0., 0, 0., 0, 0., 0, 0., 5, 3.3783783783783785, 0, 0., 0, 0., 0, 0., 0, 0., 0, 0., 0, 0., 0, 0., 0, 0., 0, 0., 9, 6.081081081081081, 64, 43.24324324324324, 0, 0., 4, 2.7027027027027026, 0, 0., 0, 0., 0, 0., 211, 185, 396, 148, 0.37373737373737376
, generated\gt\sample_000265.krn, generated\xml_trimmed_homr\sample_000265.xml, 0, 0., 22, 17.322834645669293, 0, 0., 62, 48.818897637795274, 0, 0., 0, 0., 0, 0., 0, 0., 0, 0., 0, 0., 0, 0., 0, 0., 0, 0., 1, 0.7874015748031497, 3, 2.3622047244094486, 0, 0., 0, 0., 0, 0., 0, 0., 0, 0., 0, 0., 0, 0., 0, 0., 0, 0., 0, 0., 0, 0., 0, 0., 0, 0., 0, 0., 0, 0., 0, 0., 0, 0., 0, 0., 35, 27.559055118110237, 0, 0., 4, 3.1496062992125986, 0, 0., 0, 0., 0, 0., 175, 160, 335, 127, 0.37910447761194027
, generated\gt\sample_000552.krn, generated\xml_trimmed_homr\sample_000552.xml, 0, 0., 15, 23.80952380952381, 0, 0., 12, 19.047619047619047, 0, 0., 0, 0., 0, 0., 0, 0., 0, 0., 0, 0., 2, 3.1746031746031744, 4, 6.349206349206349, 0, 0., 1, 1.5873015873015872, 0, 0., 0, 0., 0, 0., 0, 0., 0, 0., 0, 0., 0, 0., 0, 0., 2, 3.1746031746031744, 0, 0., 0, 0., 0, 0., 0, 0., 0, 0., 0, 0., 0, 0., 0, 0., 0, 0., 0, 0., 23, 36.507936507936506, 0, 0., 4, 6.349206349206349, 0, 0., 0, 0., 0, 0., 89, 77, 166, 63, 0.3795180722891566
, generated\gt\sample_000257.krn, generated\xml_trimmed_homr\sample_000257.xml, 0, 0., 44, 69.84126984126983, 0, 0., 10, 15.873015873015873, 0, 0., 0, 0., 0, 0., 0, 0., 0, 0., 0, 0., 0, 0., 0, 0., 0, 0., 0, 0., 3, 4.761904761904762, 1, 1.5873015873015872, 0, 0., 0, 0., 0, 0., 0, 0., 0, 0., 0, 0., 5, 7.936507936507937, 0, 0., 0, 0., 0, 0., 0, 0., 0, 0., 0, 0., 0, 0., 0, 0., 0, 0., 0, 0., 0, 0., 0, 0., 0, 0., 0, 0., 0, 0., 0, 0., 88, 77, 165, 63, 0.38181818181818183
, generated\gt\sample_000112.krn, generated\xml_trimmed_homr\sample_000112.xml, 0, 0., 86, 36.90987124463519, 0, 0., 36, 15.450643776824034, 0, 0., 0, 0., 2, 0.8583690987124464, 0, 0., 0, 0., 0, 0., 6, 2.575107296137339, 0, 0., 0, 0., 3, 1.2875536480686696, 2, 0.8583690987124464, 0, 0., 0, 0., 0, 0., 0, 0., 0, 0., 0, 0., 0, 0., 0, 0., 0, 0., 0, 0., 0, 0., 0, 0., 0, 0., 0, 0., 0, 0., 0, 0., 0, 0., 0, 0., 94, 40.34334763948498, 0, 0., 4, 1.7167381974248928, 0, 0., 0, 0., 0, 0., 311, 298, 609, 233, 0.3825944170771757
, generated\gt\sample_000283.krn, generated\xml_trimmed_homr\sample_000283.xml, 0, 0., 30, 22.727272727272727, 0, 0., 40, 30.303030303030305, 0, 0., 0, 0., 3, 2.272727272727273, 0, 0., 0, 0., 0, 0., 1, 0.7575757575757576, 0, 0., 0, 0., 1, 0.7575757575757576, 1, 0.7575757575757576, 0, 0., 0, 0., 0, 0., 0, 0., 0, 0., 0, 0., 0, 0., 12, 9.090909090909092, 0, 0., 0, 0., 0, 0., 0, 0., 0, 0., 0, 0., 0, 0., 0, 0., 0, 0., 0, 0., 40, 30.303030303030305, 0, 0., 4, 3.0303030303030303, 0, 0., 0, 0., 0, 0., 186, 157, 343, 132, 0.3848396501457726
, generated\gt\sample_000129.krn, generated\xml_trimmed_homr\sample_000129.xml, 0, 0., 66, 61.111111111111114, 0, 0., 30, 27.77777777777778, 0, 0., 0, 0., 0, 0., 0, 0., 0, 0., 0, 0., 0, 0., 0, 0., 0, 0., 0, 0., 3, 2.7777777777777777, 0, 0., 0, 0., 0, 0., 0, 0., 0, 0., 0, 0., 0, 0., 9, 8.333333333333334, 0, 0., 0, 0., 0, 0., 0, 0., 0, 0., 0, 0., 0, 0., 0, 0., 0, 0., 0, 0., 0, 0., 0, 0., 0, 0., 0, 0., 0, 0., 0, 0., 143, 137, 280, 108, 0.38571428571428573
, generated\gt\sample_000579.krn, generated\xml_trimmed_homr\sample_000579.xml, 0, 0., 30, 24.390243902439025, 0, 0., 44, 35.77235772357724, 0, 0., 0, 0., 0, 0., 0, 0., 0, 0., 2, 1.6260162601626016, 1, 0.8130081300813008, 1, 0.8130081300813008, 0, 0., 1, 0.8130081300813008, 0, 0., 0, 0., 0, 0., 0, 0., 0, 0., 0, 0., 0, 0., 0, 0., 3, 2.4390243902439024, 0, 0., 0, 0., 0, 0., 0, 0., 0, 0., 0, 0., 0, 0., 0, 0., 0, 0., 0, 0., 37, 30.08130081300813, 0, 0., 4, 3.252032520325203, 0, 0., 0, 0., 0, 0., 167, 150, 317, 123, 0.38801261829652994
, generated\gt\sample_000668.krn, generated\xml_trimmed_homr\sample_000668.xml, 0, 0., 67, 33.16831683168317, 0, 0., 60, 29.702970297029704, 0, 0., 0, 0., 2, 0.9900990099009901, 0, 0., 0, 0., 0, 0., 1, 0.49504950495049505, 0, 0., 0, 0., 1, 0.49504950495049505, 0, 0., 0, 0., 0, 0., 0, 0., 0, 0., 0, 0., 0, 0., 0, 0., 4, 1.9801980198019802, 0, 0., 0, 0., 0, 0., 0, 0., 0, 0., 0, 0., 0, 0., 0, 0., 0, 0., 0, 0., 63, 31.18811881188119, 0, 0., 4, 1.9801980198019802, 0, 0., 0, 0., 0, 0., 265, 255, 520, 202, 0.38846153846153847
, generated\gt\sample_000072.krn, generated\xml_trimmed_homr\sample_000072.xml, 0, 0., 36, 19.047619047619047, 0, 0., 96, 50.79365079365079, 0, 0., 0, 0., 5, 2.6455026455026456, 0, 0., 0, 0., 0, 0., 0, 0., 0, 0., 0, 0., 1, 0.5291005291005291, 2, 1.0582010582010581, 0, 0., 0, 0., 0, 0., 0, 0., 0, 0., 0, 0., 0, 0., 0, 0., 0, 0., 0, 0., 0, 0., 0, 0., 0, 0., 0, 0., 0, 0., 0, 0., 0, 0., 0, 0., 45, 23.80952380952381, 0, 0., 4, 2.1164021164021163, 0, 0., 0, 0., 0, 0., 251, 232, 483, 189, 0.391304347826087
, generated\gt\sample_000419.krn, generated\xml_trimmed_homr\sample_000419.xml, 0, 0., 90, 54.8780487804878, 0, 0., 64, 39.02439024390244, 0, 0., 0, 0., 2, 1.2195121951219512, 0, 0., 0, 0., 0, 0., 0, 0., 0, 0., 0, 0., 0, 0., 0, 0., 0, 0., 0, 0., 0, 0., 0, 0., 0, 0., 0, 0., 0, 0., 8, 4.878048780487805, 0, 0., 0, 0., 0, 0., 0, 0., 0, 0., 0, 0., 0, 0., 0, 0., 0, 0., 0, 0., 0, 0., 0, 0., 0, 0., 0, 0., 0, 0., 0, 0., 213, 204, 417, 164, 0.3932853717026379
, generated\gt\sample_000181.krn, generated\xml_trimmed_homr\sample_000181.xml, 0, 0., 33, 31.132075471698112, 0, 0., 22, 20.754716981132077, 0, 0., 0, 0., 4, 3.7735849056603774, 0, 0., 0, 0., 0, 0., 2, 1.8867924528301887, 2, 1.8867924528301887, 0, 0., 2, 1.8867924528301887, 1, 0.9433962264150944, 0, 0., 0, 0., 0, 0., 0, 0., 0, 0., 0, 0., 0, 0., 6, 5.660377358490566, 0, 0., 0, 0., 0, 0., 0, 0., 0, 0., 0, 0., 0, 0., 0, 0., 0, 0., 0, 0., 30, 28.30188679245283, 0, 0., 4, 3.7735849056603774, 0, 0., 0, 0., 0, 0., 147, 122, 269, 106, 0.3940520446096654
, generated\gt\sample_000306.krn, generated\xml_trimmed_homr\sample_000306.xml, 0, 0., 8, 4.18848167539267, 0, 0., 94, 49.21465968586387, 0, 0., 0, 0., 6, 3.141361256544503, 0, 0., 0, 0., 0, 0., 0, 0., 0, 0., 0, 0., 0, 0., 2, 1.0471204188481675, 0, 0., 0, 0., 0, 0., 0, 0., 0, 0., 0, 0., 0, 0., 0, 0., 0, 0., 0, 0., 0, 0., 0, 0., 0, 0., 0, 0., 0, 0., 0, 0., 0, 0., 0, 0., 77, 40.31413612565445, 0, 0., 4, 2.094240837696335, 0, 0., 0, 0., 0, 0., 284, 195, 479, 191, 0.3987473903966597
, generated\gt\sample_000116.krn, generated\xml_trimmed_homr\sample_000116.xml, 0, 0., 94, 40.0, 0, 0., 35, 14.893617021276595, 0, 0., 0, 0., 4, 1.702127659574468, 0, 0., 0, 0., 0, 0., 0, 0., 1, 0.425531914893617, 0, 0., 2, 0.851063829787234, 2, 0.851063829787234, 0, 0., 0, 0., 0, 0., 0, 0., 0, 0., 0, 0., 0, 0., 0, 0., 0, 0., 0, 0., 0, 0., 0, 0., 0, 0., 0, 0., 0, 0., 0, 0., 0, 0., 0, 0., 93, 39.57446808510638, 0, 0., 4, 1.702127659574468, 0, 0., 0, 0., 0, 0., 297, 283, 580, 235, 0.4051724137931034
, generated\gt\sample_000543.krn, generated\xml_trimmed_homr\sample_000543.xml, 0, 0., 28, 24.137931034482758, 0, 0., 45, 38.793103448275865, 0, 0., 0, 0., 0, 0., 0, 0., 0, 0., 0, 0., 4, 3.4482758620689653, 0, 0., 0, 0., 1, 0.8620689655172413, 3, 2.586206896551724, 0, 0., 0, 0., 0, 0., 0, 0., 0, 0., 0, 0., 0, 0., 1, 0.8620689655172413, 0, 0., 0, 0., 0, 0., 0, 0., 0, 0., 0, 0., 0, 0., 0, 0., 0, 0., 0, 0., 30, 25.862068965517242, 0, 0., 4, 3.4482758620689653, 0, 0., 0, 0., 0, 0., 146, 140, 286, 116, 0.40559440559440557
, generated\gt\sample_000562.krn, generated\xml_trimmed_homr\sample_000562.xml, 0, 0., 35, 20.46783625730994, 0, 0., 78, 45.6140350877193, 0, 0., 0, 0., 6, 3.508771929824561, 0, 0., 0, 0., 0, 0., 0, 0., 0, 0., 0, 0., 1, 0.5847953216374269, 2, 1.1695906432748537, 0, 0., 0, 0., 0, 0., 0, 0., 0, 0., 0, 0., 0, 0., 6, 3.508771929824561, 0, 0., 0, 0., 0, 0., 0, 0., 0, 0., 0, 0., 0, 0., 0, 0., 0, 0., 0, 0., 39, 22.80701754385965, 0, 0., 4, 2.3391812865497075, 0, 0., 0, 0., 0, 0., 221, 200, 421, 171, 0.40617577197149646
, generated\gt\sample_000366.krn, generated\xml_trimmed_homr\sample_000366.xml, 0, 0., 49, 27.07182320441989, 0, 0., 50, 27.624309392265193, 0, 0., 0, 0., 4, 2.2099447513812156, 0, 0., 0, 0., 0, 0., 2, 1.1049723756906078, 0, 0., 0, 0., 3, 1.6574585635359116, 0, 0., 0, 0., 0, 0., 0, 0., 0, 0., 0, 0., 0, 0., 0, 0., 7, 3.867403314917127, 0, 0., 0, 0., 0, 0., 0, 0., 0, 0., 0, 0., 0, 0., 0, 0., 0, 0., 0, 0., 62, 34.25414364640884, 0, 0., 4, 2.2099447513812156, 0, 0., 0, 0., 0, 0., 235, 208, 443, 181, 0.40857787810383744
, generated\gt\sample_000106.krn, generated\xml_trimmed_homr\sample_000106.xml, 0, 0., 30, 27.77777777777778, 0, 0., 21, 19.444444444444443, 0, 0., 0, 0., 1, 0.9259259259259259, 0, 0., 0, 0., 0, 0., 0, 0., 0, 0., 0, 0., 1, 0.9259259259259259, 2, 1.8518518518518519, 0, 0., 0, 0., 0, 0., 0, 0., 0, 0., 0, 0., 0, 0., 0, 0., 0, 0., 0, 0., 0, 0., 0, 0., 0, 0., 0, 0., 0, 0., 0, 0., 0, 0., 0, 0., 49, 45.370370370370374, 0, 0., 4, 3.7037037037037037, 0, 0., 0, 0., 0, 0., 144, 119, 263, 108, 0.41064638783269963
, generated\gt\sample_000125.krn, generated\xml_trimmed_homr\sample_000125.xml, 0, 0., 72, 29.75206611570248, 0, 0., 44, 18.181818181818183, 0, 0., 0, 0., 15, 6.198347107438017, 0, 0., 0, 0., 3, 1.2396694214876034, 10, 4.132231404958677, 3, 1.2396694214876034, 0, 0., 1, 0.4132231404958678, 2, 0.8264462809917356, 0, 0., 0, 0., 0, 0., 0, 0., 0, 0., 0, 0., 0, 0., 3, 1.2396694214876034, 0, 0., 0, 0., 0, 0., 0, 0., 0, 0., 0, 0., 0, 0., 0, 0., 0, 0., 0, 0., 85, 35.12396694214876, 0, 0., 4, 1.6528925619834711, 0, 0., 0, 0., 0, 0., 313, 273, 586, 242, 0.4129692832764505
, generated\gt\sample_000054.krn, generated\xml_trimmed_homr\sample_000054.xml, 0, 0., 26, 27.956989247311828, 0, 0., 22, 23.655913978494624, 0, 0., 0, 0., 0, 0., 0, 0., 0, 0., 0, 0., 0, 0., 0, 0., 0, 0., 1, 1.075268817204301, 0, 0., 0, 0., 0, 0., 0, 0., 0, 0., 0, 0., 0, 0., 0, 0., 1, 1.075268817204301, 0, 0., 0, 0., 0, 0., 0, 0., 0, 0., 0, 0., 0, 0., 0, 0., 0, 0., 0, 0., 39, 41.935483870967744, 0, 0., 4, 4.301075268817204, 0, 0., 0, 0., 0, 0., 121, 104, 225, 93, 0.41333333333333333
, generated\gt\sample_000155.krn, generated\xml_trimmed_homr\sample_000155.xml, 0, 0., 60, 26.548672566371682, 0, 0., 76, 33.6283185840708, 0, 0., 0, 0., 3, 1.3274336283185841, 0, 0., 0, 0., 0, 0., 0, 0., 0, 0., 0, 0., 1, 0.4424778761061947, 2, 0.8849557522123894, 0, 0., 0, 0., 0, 0., 0, 0., 0, 0., 0, 0., 0, 0., 0, 0., 0, 0., 0, 0., 0, 0., 0, 0., 0, 0., 0, 0., 0, 0., 0, 0., 0, 0., 0, 0., 80, 35.39823008849557, 0, 0., 4, 1.7699115044247788, 0, 0., 0, 0., 0, 0., 286, 258, 544, 226, 0.41544117647058826
, generated\gt\sample_000566.krn, generated\xml_trimmed_homr\sample_000566.xml, 0, 0., 78, 58.208955223880594, 0, 0., 17, 12.686567164179104, 0, 0., 0, 0., 2, 1.492537313432836, 0, 0., 0, 0., 0, 0., 0, 0., 0, 0., 0, 0., 0, 0., 0, 0., 1, 0.746268656716418, 0, 0., 0, 0., 0, 0., 0, 0., 0, 0., 0, 0., 10, 7.462686567164179, 0, 0., 0, 0., 0, 0., 0, 0., 0, 0., 0, 0., 0, 0., 0, 0., 0, 0., 26, 19.402985074626866, 0, 0., 0, 0., 0, 0., 0, 0., 0, 0., 0, 0., 179, 142, 321, 134, 0.4174454828660436
, generated\gt\sample_000662.krn, generated\xml_trimmed_homr\sample_000662.xml, 0, 0., 28, 28.8659793814433, 0, 0., 16, 16.49484536082474, 0, 0., 0, 0., 3, 3.0927835051546393, 0, 0., 0, 0., 0, 0., 1, 1.0309278350515463, 2, 2.0618556701030926, 0, 0., 1, 1.0309278350515463, 1, 1.0309278350515463, 0, 0., 0, 0., 0, 0., 0, 0., 0, 0., 0, 0., 0, 0., 5, 5.154639175257732, 0, 0., 0, 0., 0, 0., 0, 0., 0, 0., 0, 0., 0, 0., 0, 0., 0, 0., 0, 0., 36, 37.11340206185567, 0, 0., 4, 4.123711340206185, 0, 0., 0, 0., 0, 0., 125, 107, 232, 97, 0.41810344827586204
, generated\gt\sample_000343.krn, generated\xml_trimmed_homr\sample_000343.xml, 0, 0., 53, 27.604166666666668, 0, 0., 50, 26.041666666666668, 0, 0., 8, 4.166666666666667, 5, 2.6041666666666665, 0, 0., 0, 0., 0, 0., 0, 0., 0, 0., 0, 0., 2, 1.0416666666666667, 2, 1.0416666666666667, 0, 0., 0, 0., 0, 0., 0, 0., 0, 0., 0, 0., 0, 0., 3, 1.5625, 0, 0., 0, 0., 0, 0., 0, 0., 0, 0., 0, 0., 0, 0., 0, 0., 0, 0., 0, 0., 65, 33.854166666666664, 0, 0., 4, 2.0833333333333335, 0, 0., 0, 0., 0, 0., 241, 217, 458, 192, 0.4192139737991266
, generated\gt\sample_000507.krn, generated\xml_trimmed_homr\sample_000507.xml, 0, 0., 60, 35.714285714285715, 0, 0., 16, 9.523809523809524, 0, 0., 0, 0., 5, 2.9761904761904763, 0, 0., 0, 0., 0, 0., 12, 7.142857142857143, 1, 0.5952380952380952, 0, 0., 1, 0.5952380952380952, 0, 0., 0, 0., 0, 0., 2, 1.1904761904761905, 0, 0., 0, 0., 0, 0., 0, 0., 4, 2.380952380952381, 0, 0., 0, 0., 0, 0., 0, 0., 0, 0., 0, 0., 0, 0., 0, 0., 0, 0., 0, 0., 63, 37.5, 0, 0., 4, 2.380952380952381, 0, 0., 0, 0., 0, 0., 202, 197, 399, 168, 0.42105263157894735
, generated\gt\sample_000484.krn, generated\xml_trimmed_homr\sample_000484.xml, 0, 0., 40, 24.242424242424242, 0, 0., 70, 42.42424242424242, 0, 0., 0, 0., 4, 2.4242424242424243, 0, 0., 0, 0., 0, 0., 0, 0., 0, 0., 0, 0., 0, 0., 2, 1.2121212121212122, 0, 0., 0, 0., 0, 0., 0, 0., 0, 0., 0, 0., 0, 0., 0, 0., 0, 0., 0, 0., 0, 0., 0, 0., 0, 0., 0, 0., 0, 0., 0, 0., 0, 0., 0, 0., 45, 27.272727272727273, 0, 0., 4, 2.4242424242424243, 0, 0., 0, 0., 0, 0., 202, 187, 389, 165, 0.4241645244215938
, generated\gt\sample_000317.krn, generated\xml_trimmed_homr\sample_000317.xml, 0, 0., 44, 33.84615384615385, 0, 0., 12, 9.23076923076923, 0, 0., 0, 0., 2, 1.5384615384615385, 0, 0., 0, 0., 0, 0., 0, 0., 0, 0., 0, 0., 2, 1.5384615384615385, 4, 3.076923076923077, 2, 1.5384615384615385, 0, 0., 0, 0., 0, 0., 0, 0., 0, 0., 0, 0., 7, 5.384615384615385, 0, 0., 0, 0., 0, 0., 0, 0., 0, 0., 0, 0., 0, 0., 0, 0., 0, 0., 27, 20.76923076923077, 26, 20.0, 0, 0., 4, 3.076923076923077, 0, 0., 0, 0., 0, 0., 149, 157, 306, 130, 0.42483660130718953
, generated\gt\sample_000511.krn, generated\xml_trimmed_homr\sample_000511.xml, 0, 0., 91, 58.70967741935484, 0, 0., 50, 32.25806451612903, 0, 0., 0, 0., 0, 0., 0, 0., 0, 0., 0, 0., 0, 0., 3, 1.935483870967742, 0, 0., 0, 0., 0, 0., 0, 0., 0, 0., 2, 1.2903225806451613, 0, 0., 0, 0., 0, 0., 0, 0., 9, 5.806451612903226, 0, 0., 0, 0., 0, 0., 0, 0., 0, 0., 0, 0., 0, 0., 0, 0., 0, 0., 0, 0., 0, 0., 0, 0., 0, 0., 0, 0., 0, 0., 0, 0., 188, 176, 364, 155, 0.4258241758241758
, generated\gt\sample_000067.krn, generated\xml_trimmed_homr\sample_000067.xml, 0, 0., 69, 39.884393063583815, 4, 2.3121387283236996, 48, 27.745664739884393, 0, 0., 0, 0., 3, 1.7341040462427746, 0, 0., 0, 0., 0, 0., 9, 5.202312138728324, 0, 0., 0, 0., 1, 0.5780346820809249, 0, 0., 0, 0., 0, 0., 0, 0., 0, 0., 0, 0., 0, 0., 0, 0., 2, 1.1560693641618498, 0, 0., 0, 0., 0, 0., 0, 0., 0, 0., 0, 0., 0, 0., 0, 0., 0, 0., 0, 0., 33, 19.07514450867052, 0, 0., 4, 2.3121387283236996, 0, 0., 0, 0., 0, 0., 209, 197, 406, 173, 0.42610837438423643
, generated\gt\sample_000503.krn, generated\xml_trimmed_homr\sample_000503.xml, 0, 0., 68, 44.73684210526316, 0, 0., 0, 0., 0, 0., 0, 0., 4, 2.6315789473684212, 0, 0., 0, 0., 6, 3.9473684210526314, 0, 0., 0, 0., 0, 0., 1, 0.6578947368421053, 2, 1.3157894736842106, 0, 0., 0, 0., 0, 0., 0, 0., 0, 0., 0, 0., 0, 0., 1, 0.6578947368421053, 0, 0., 0, 0., 0, 0., 0, 0., 0, 0., 0, 0., 0, 0., 0, 0., 0, 0., 0, 0., 66, 43.421052631578945, 0, 0., 4, 2.6315789473684212, 0, 0., 0, 0., 0, 0., 184, 170, 354, 152, 0.4293785310734463
, generated\gt\sample_000122.krn, generated\xml_trimmed_homr\sample_000122.xml, 0, 0., 37, 32.743362831858406, 2, 1.7699115044247788, 11, 9.734513274336283, 0, 0., 0, 0., 3, 2.6548672566371683, 0, 0., 0, 0., 0, 0., 0, 0., 1, 0.8849557522123894, 0, 0., 1, 0.8849557522123894, 0, 0., 0, 0., 0, 0., 0, 0., 0, 0., 0, 0., 0, 0., 0, 0., 2, 1.7699115044247788, 0, 0., 0, 0., 0, 0., 0, 0., 0, 0., 0, 0., 0, 0., 0, 0., 0, 0., 0, 0., 52, 46.017699115044245, 0, 0., 4, 3.5398230088495577, 0, 0., 0, 0., 0, 0., 143, 120, 263, 113, 0.4296577946768061
, generated\gt\sample_000550.krn, generated\xml_trimmed_homr\sample_000550.xml, 0, 0., 24, 23.300970873786408, 0, 0., 21, 20.388349514563107, 0, 0., 0, 0., 0, 0., 0, 0., 0, 0., 0, 0., 0, 0., 0, 0., 0, 0., 3, 2.912621359223301, 3, 2.912621359223301, 0, 0., 0, 0., 0, 0., 0, 0., 0, 0., 0, 0., 0, 0., 2, 1.941747572815534, 0, 0., 0, 0., 0, 0., 0, 0., 0, 0., 0, 0., 0, 0., 0, 0., 0, 0., 50, 48.54368932038835, 0, 0., 0, 0., 0, 0., 0, 0., 0, 0., 0, 0., 108, 130, 238, 103, 0.4327731092436975
, generated\gt\sample_000325.krn, generated\xml_trimmed_homr\sample_000325.xml, 0, 0., 128, 50.99601593625498, 0, 0., 3, 1.1952191235059761, 0, 0., 0, 0., 1, 0.398406374501992, 0, 0., 0, 0., 1, 0.398406374501992, 8, 3.187250996015936, 0, 0., 0, 0., 1, 0.398406374501992, 0, 0., 0, 0., 0, 0., 0, 0., 0, 0., 0, 0., 0, 0., 0, 0., 0, 0., 0, 0., 0, 0., 0, 0., 0, 0., 0, 0., 0, 0., 0, 0., 0, 0., 0, 0., 0, 0., 105, 41.832669322709165, 0, 0., 4, 1.593625498007968, 0, 0., 0, 0., 0, 0., 287, 291, 578, 251, 0.4342560553633218
, generated\gt\sample_000315.krn, generated\xml_trimmed_homr\sample_000315.xml, 0, 0., 62, 33.333333333333336, 0, 0., 24, 12.903225806451612, 0, 0., 0, 0., 11, 5.913978494623656, 0, 0., 0, 0., 0, 0., 2, 1.075268817204301, 0, 0., 0, 0., 1, 0.5376344086021505, 2, 1.075268817204301, 0, 0., 0, 0., 0, 0., 0, 0., 0, 0., 0, 0., 0, 0., 4, 2.150537634408602, 0, 0., 0, 0., 0, 0., 0, 0., 0, 0., 0, 0., 0, 0., 0, 0., 0, 0., 0, 0., 76, 40.86021505376344, 0, 0., 4, 2.150537634408602, 0, 0., 0, 0., 0, 0., 230, 198, 428, 186, 0.43457943925233644
, generated\gt\sample_000009.krn, generated\xml_trimmed_homr\sample_000009.xml, 0, 0., 48, 21.71945701357466, 0, 0., 108, 48.86877828054298, 0, 0., 0, 0., 2, 0.9049773755656109, 0, 0., 0, 0., 0, 0., 0, 0., 0, 0., 0, 0., 1, 0.45248868778280543, 2, 0.9049773755656109, 0, 0., 0, 0., 0, 0., 0, 0., 0, 0., 0, 0., 0, 0., 2, 0.9049773755656109, 0, 0., 0, 0., 0, 0., 0, 0., 0, 0., 0, 0., 0, 0., 0, 0., 0, 0., 0, 0., 54, 24.43438914027149, 0, 0., 4, 1.8099547511312217, 0, 0., 0, 0., 0, 0., 259, 244, 503, 221, 0.4393638170974155
, generated\gt\sample_000327.krn, generated\xml_trimmed_homr\sample_000327.xml, 0, 0., 164, 44.44444444444444, 0, 0., 0, 0., 0, 0., 0, 0., 15, 4.065040650406504, 0, 0., 0, 0., 0, 0., 0, 0., 0, 0., 0, 0., 1, 0.27100271002710025, 2, 0.5420054200542005, 0, 0., 0, 0., 2, 0.5420054200542005, 0, 0., 0, 0., 0, 0., 0, 0., 1, 0.27100271002710025, 0, 0., 0, 0., 0, 0., 0, 0., 0, 0., 0, 0., 0, 0., 0, 0., 0, 0., 0, 0., 180, 48.78048780487805, 0, 0., 4, 1.084010840108401, 0, 0., 0, 0., 0, 0., 438, 399, 837, 369, 0.44086021505376344
, generated\gt\sample_000555.krn, generated\xml_trimmed_homr\sample_000555.xml, 0, 0., 40, 31.496062992125985, 0, 0., 23, 18.11023622047244, 0, 0., 0, 0., 1, 0.7874015748031497, 0, 0., 3, 2.3622047244094486, 0, 0., 1, 0.7874015748031497, 1, 0.7874015748031497, 0, 0., 1, 0.7874015748031497, 2, 1.5748031496062993, 0, 0., 0, 0., 0, 0., 0, 0., 0, 0., 0, 0., 0, 0., 3, 2.3622047244094486, 0, 0., 0, 0., 0, 0., 0, 0., 0, 0., 0, 0., 0, 0., 0, 0., 0, 0., 0, 0., 48, 37.79527559055118, 0, 0., 4, 3.1496062992125986, 0, 0., 0, 0., 0, 0., 151, 136, 287, 127, 0.4425087108013937
, generated\gt\sample_000554.krn, generated\xml_trimmed_homr\sample_000554.xml, 0, 0., 39, 30.952380952380953, 0, 0., 29, 23.015873015873016, 0, 0., 0, 0., 0, 0., 0, 0., 0, 0., 0, 0., 0, 0., 0, 0., 0, 0., 1, 0.7936507936507936, 2, 1.5873015873015872, 0, 0., 0, 0., 2, 1.5873015873015872, 0, 0., 0, 0., 0, 0., 0, 0., 0, 0., 0, 0., 0, 0., 0, 0., 0, 0., 0, 0., 0, 0., 0, 0., 0, 0., 0, 0., 0, 0., 49, 38.888888888888886, 0, 0., 4, 3.1746031746031744, 0, 0., 0, 0., 0, 0., 150, 133, 283, 126, 0.4452296819787986
, generated\gt\sample_000182.krn, generated\xml_trimmed_homr\sample_000182.xml, 0, 0., 38, 32.758620689655174, 0, 0., 24, 20.689655172413794, 0, 0., 0, 0., 3, 2.586206896551724, 0, 0., 0, 0., 1, 0.8620689655172413, 0, 0., 0, 0., 0, 0., 1, 0.8620689655172413, 1, 0.8620689655172413, 0, 0., 0, 0., 0, 0., 0, 0., 0, 0., 0, 0., 0, 0., 1, 0.8620689655172413, 0, 0., 0, 0., 0, 0., 0, 0., 0, 0., 0, 0., 0, 0., 0, 0., 0, 0., 0, 0., 43, 37.06896551724138, 0, 0., 4, 3.4482758620689653, 0, 0., 0, 0., 0, 0., 136, 122, 258, 116, 0.4496124031007752
, generated\gt\sample_000322.krn, generated\xml_trimmed_homr\sample_000322.xml, 0, 0., 56, 27.586206896551722, 0, 0., 54, 26.600985221674875, 0, 0., 0, 0., 15, 7.389162561576355, 0, 0., 0, 0., 3, 1.477832512315271, 0, 0., 0, 0., 0, 0., 1, 0.49261083743842365, 2, 0.9852216748768473, 0, 0., 0, 0., 0, 0., 0, 0., 0, 0., 0, 0., 0, 0., 4, 1.9704433497536946, 0, 0., 0, 0., 0, 0., 0, 0., 0, 0., 0, 0., 0, 0., 0, 0., 0, 0., 0, 0., 64, 31.527093596059114, 0, 0., 4, 1.9704433497536946, 0, 0., 0, 0., 0, 0., 243, 208, 451, 203, 0.4501108647450111
, generated\gt\sample_000274.krn, generated\xml_trimmed_homr\sample_000274.xml, 0, 0., 75, 24.193548387096776, 0, 0., 129, 41.61290322580645, 0, 0., 2, 0.6451612903225806, 5, 1.6129032258064515, 0, 0., 0, 0., 1, 0.3225806451612903, 0, 0., 0, 0., 0, 0., 2, 0.6451612903225806, 2, 0.6451612903225806, 0, 0., 0, 0., 0, 0., 0, 0., 0, 0., 0, 0., 0, 0., 5, 1.6129032258064515, 0, 0., 0, 0., 0, 0., 0, 0., 0, 0., 0, 0., 0, 0., 0, 0., 0, 0., 0, 0., 85, 27.419354838709676, 0, 0., 4, 1.2903225806451613, 0, 0., 0, 0., 0, 0., 355, 330, 685, 310, 0.45255474452554745
, generated\gt\sample_000234.krn, generated\xml_trimmed_homr\sample_000234.xml, 0, 0., 44, 30.136986301369863, 2, 1.36986301369863, 24, 16.438356164383563, 1, 0.684931506849315, 0, 0., 8, 5.47945205479452, 0, 0., 0, 0., 2, 1.36986301369863, 0, 0., 1, 0.684931506849315, 0, 0., 1, 0.684931506849315, 2, 1.36986301369863, 0, 0., 0, 0., 0, 0., 0, 0., 0, 0., 0, 0., 0, 0., 6, 4.109589041095891, 0, 0., 0, 0., 0, 0., 0, 0., 0, 0., 0, 0., 0, 0., 0, 0., 0, 0., 0, 0., 51, 34.93150684931507, 0, 0., 4, 2.73972602739726, 0, 0., 0, 0., 0, 0., 177, 145, 322, 146, 0.453416149068323
, generated\gt\sample_000069.krn, generated\xml_trimmed_homr\sample_000069.xml, 0, 0., 62, 24.899598393574298, 0, 0., 90, 36.144578313253014, 0, 0., 0, 0., 14, 5.622489959839357, 0, 0., 0, 0., 0, 0., 0, 0., 0, 0., 0, 0., 1, 0.40160642570281124, 2, 0.8032128514056225, 0, 0., 0, 0., 0, 0., 0, 0., 0, 0., 0, 0., 0, 0., 3, 1.2048192771084338, 0, 0., 0, 0., 0, 0., 0, 0., 0, 0., 0, 0., 0, 0., 0, 0., 0, 0., 0, 0., 73, 29.31726907630522, 0, 0., 4, 1.606425702811245, 0, 0., 0, 0., 0, 0., 291, 258, 549, 249, 0.453551912568306
, generated\gt\sample_000561.krn, generated\xml_trimmed_homr\sample_000561.xml, 0, 0., 40, 27.210884353741495, 0, 0., 52, 35.374149659863946, 0, 0., 0, 0., 2, 1.3605442176870748, 0, 0., 0, 0., 0, 0., 1, 0.6802721088435374, 2, 1.3605442176870748, 0, 0., 1, 0.6802721088435374, 0, 0., 0, 0., 0, 0., 0, 0., 0, 0., 0, 0., 0, 0., 0, 0., 1, 0.6802721088435374, 0, 0., 0, 0., 0, 0., 0, 0., 0, 0., 0, 0., 0, 0., 0, 0., 0, 0., 0, 0., 44, 29.931972789115648, 0, 0., 4, 2.7210884353741496, 0, 0., 0, 0., 0, 0., 164, 157, 321, 147, 0.45794392523364486
, generated\gt\sample_000680.krn, generated\xml_trimmed_homr\sample_000680.xml, 0, 0., 37, 25.0, 2, 1.3513513513513513, 33, 22.2972972972973, 0, 0., 0, 0., 4, 2.7027027027027026, 0, 0., 0, 0., 0, 0., 4, 2.7027027027027026, 0, 0., 0, 0., 1, 0.6756756756756757, 2, 1.3513513513513513, 0, 0., 0, 0., 0, 0., 0, 0., 0, 0., 0, 0., 0, 0., 7, 4.72972972972973, 0, 0., 0, 0., 0, 0., 0, 0., 0, 0., 0, 0., 0, 0., 0, 0., 0, 0., 0, 0., 54, 36.486486486486484, 0, 0., 4, 2.7027027027027026, 0, 0., 0, 0., 0, 0., 176, 146, 322, 148, 0.45962732919254656
, generated\gt\sample_000314.krn, generated\xml_trimmed_homr\sample_000314.xml, 0, 0., 49, 32.450331125827816, 0, 0., 15, 9.933774834437086, 0, 0., 0, 0., 7, 4.635761589403973, 0, 0., 0, 0., 0, 0., 4, 2.6490066225165565, 3, 1.9867549668874172, 0, 0., 1, 0.6622516556291391, 0, 0., 0, 0., 0, 0., 0, 0., 0, 0., 0, 0., 0, 0., 0, 0., 3, 1.9867549668874172, 0, 0., 0, 0., 0, 0., 0, 0., 0, 0., 0, 0., 0, 0., 0, 0., 0, 0., 0, 0., 65, 43.04635761589404, 0, 0., 4, 2.6490066225165565, 0, 0., 0, 0., 0, 0., 177, 149, 326, 151, 0.46319018404907975
, generated\gt\sample_000577.krn, generated\xml_trimmed_homr\sample_000577.xml, 0, 0., 64, 34.40860215053763, 0, 0., 44, 23.655913978494624, 0, 0., 0, 0., 2, 1.075268817204301, 0, 0., 0, 0., 0, 0., 1, 0.5376344086021505, 0, 0., 0, 0., 1, 0.5376344086021505, 0, 0., 0, 0., 0, 0., 0, 0., 0, 0., 0, 0., 0, 0., 0, 0., 1, 0.5376344086021505, 0, 0., 0, 0., 0, 0., 0, 0., 0, 0., 0, 0., 0, 0., 0, 0., 0, 0., 0, 0., 69, 37.096774193548384, 0, 0., 4, 2.150537634408602, 0, 0., 0, 0., 0, 0., 205, 195, 400, 186, 0.465
, generated\gt\sample_000358.krn, generated\xml_trimmed_homr\sample_000358.xml, 0, 0., 128, 47.76119402985075, 0, 0., 70, 26.119402985074625, 0, 0., 4, 1.492537313432836, 0, 0., 0, 0., 3, 1.1194029850746268, 0, 0., 0, 0., 0, 0., 0, 0., 1, 0.373134328358209, 0, 0., 0, 0., 0, 0., 0, 0., 0, 0., 0, 0., 0, 0., 0, 0., 3, 1.1194029850746268, 0, 0., 0, 0., 0, 0., 0, 0., 0, 0., 0, 0., 0, 0., 0, 0., 0, 0., 0, 0., 55, 20.52238805970149, 0, 0., 4, 1.492537313432836, 0, 0., 0, 0., 0, 0., 298, 273, 571, 268, 0.46935201401050786
, generated\gt\sample_000128.krn, generated\xml_trimmed_homr\sample_000128.xml, 0, 0., 198, 45.30892448512586, 0, 0., 90, 20.594965675057207, 0, 0., 0, 0., 0, 0., 0, 0., 0, 0., 3, 0.6864988558352403, 5, 1.1441647597254005, 0, 0., 0, 0., 3, 0.6864988558352403, 4, 0.9153318077803204, 2, 0.4576659038901602, 0, 0., 2, 0.4576659038901602, 0, 0., 0, 0., 0, 0., 0, 0., 0, 0., 0, 0., 0, 0., 0, 0., 0, 0., 0, 0., 0, 0., 0, 0., 0, 0., 0, 0., 0, 0., 126, 28.83295194508009, 0, 0., 4, 0.9153318077803204, 0, 0., 0, 0., 0, 0., 464, 461, 925, 437, 0.47243243243243244
, generated\gt\sample_000502.krn, generated\xml_trimmed_homr\sample_000502.xml, 0, 0., 68, 36.75675675675676, 0, 0., 16, 8.64864864864865, 0, 0., 2, 1.0810810810810811, 9, 4.864864864864865, 0, 0., 0, 0., 0, 0., 3, 1.6216216216216217, 5, 2.7027027027027026, 0, 0., 2, 1.0810810810810811, 2, 1.0810810810810811, 0, 0., 0, 0., 0, 0., 0, 0., 0, 0., 0, 0., 0, 0., 3, 1.6216216216216217, 0, 0., 0, 0., 0, 0., 0, 0., 0, 0., 0, 0., 0, 0., 0, 0., 0, 0., 0, 0., 71, 38.37837837837838, 0, 0., 4, 2.1621621621621623, 0, 0., 0, 0., 0, 0., 207, 184, 391, 185, 0.4731457800511509
, generated\gt\sample_000278.krn, generated\xml_trimmed_homr\sample_000278.xml, 0, 0., 72, 35.64356435643565, 0, 0., 34, 16.831683168316832, 0, 0., 0, 0., 1, 0.49504950495049505, 0, 0., 0, 0., 0, 0., 0, 0., 0, 0., 0, 0., 2, 0.9900990099009901, 1, 0.49504950495049505, 0, 0., 0, 0., 0, 0., 0, 0., 0, 0., 0, 0., 0, 0., 7, 3.4653465346534653, 0, 0., 0, 0., 0, 0., 0, 0., 0, 0., 0, 0., 0, 0., 0, 0., 0, 0., 0, 0., 81, 40.0990099009901, 0, 0., 4, 1.9801980198019802, 0, 0., 0, 0., 0, 0., 223, 203, 426, 202, 0.47417840375586856
, generated\gt\sample_000229.krn, generated\xml_trimmed_homr\sample_000229.xml, 0, 0., 55, 25.700934579439252, 0, 0., 75, 35.046728971962615, 0, 0., 0, 0., 5, 2.336448598130841, 0, 0., 0, 0., 0, 0., 0, 0., 0, 0., 0, 0., 3, 1.4018691588785046, 0, 0., 0, 0., 0, 0., 0, 0., 0, 0., 0, 0., 0, 0., 0, 0., 3, 1.4018691588785046, 0, 0., 0, 0., 0, 0., 0, 0., 0, 0., 0, 0., 0, 0., 0, 0., 0, 0., 0, 0., 69, 32.242990654205606, 0, 0., 4, 1.8691588785046729, 0, 0., 0, 0., 0, 0., 237, 214, 451, 214, 0.4745011086474501
, generated\gt\sample_000679.krn, generated\xml_trimmed_homr\sample_000679.xml, 0, 0., 54, 30.337078651685392, 0, 0., 36, 20.224719101123597, 0, 0., 0, 0., 5, 2.808988764044944, 0, 0., 0, 0., 0, 0., 2, 1.1235955056179776, 0, 0., 0, 0., 2, 1.1235955056179776, 0, 0., 0, 0., 0, 0., 0, 0., 0, 0., 0, 0., 0, 0., 0, 0., 8, 4.49438202247191, 0, 0., 0, 0., 0, 0., 0, 0., 0, 0., 0, 0., 0, 0., 0, 0., 0, 0., 0, 0., 67, 37.640449438202246, 0, 0., 4, 2.247191011235955, 0, 0., 0, 0., 0, 0., 200, 173, 373, 178, 0.4772117962466488
, generated\gt\sample_000546.krn, generated\xml_trimmed_homr\sample_000546.xml, 0, 0., 113, 53.051643192488264, 0, 0., 37, 17.370892018779344, 0, 0., 6, 2.816901408450704, 0, 0., 0, 0., 0, 0., 0, 0., 0, 0., 2, 0.9389671361502347, 0, 0., 1, 0.4694835680751174, 0, 0., 0, 0., 0, 0., 0, 0., 0, 0., 0, 0., 0, 0., 0, 0., 3, 1.408450704225352, 0, 0., 0, 0., 0, 0., 0, 0., 0, 0., 0, 0., 0, 0., 0, 0., 0, 0., 0, 0., 47, 22.065727699530516, 0, 0., 4, 1.8779342723004695, 0, 0., 0, 0., 0, 0., 237, 209, 446, 213, 0.47757847533632286
, generated\gt\sample_000639.krn, generated\xml_trimmed_homr\sample_000639.xml, 0, 0., 73, 29.67479674796748, 0, 0., 72, 29.26829268292683, 0, 0., 0, 0., 4, 1.6260162601626016, 0, 0., 0, 0., 7, 2.845528455284553, 4, 1.6260162601626016, 0, 0., 0, 0., 1, 0.4065040650406504, 2, 0.8130081300813008, 0, 0., 0, 0., 0, 0., 0, 0., 0, 0., 0, 0., 0, 0., 0, 0., 0, 0., 0, 0., 0, 0., 0, 0., 0, 0., 0, 0., 0, 0., 0, 0., 0, 0., 0, 0., 79, 32.113821138211385, 0, 0., 4, 1.6260162601626016, 0, 0., 0, 0., 0, 0., 267, 247, 514, 246, 0.4785992217898833
, generated\gt\sample_000660.krn, generated\xml_trimmed_homr\sample_000660.xml, 0, 0., 37, 53.6231884057971, 0, 0., 7, 10.144927536231885, 0, 0., 2, 2.898550724637681, 0, 0., 0, 0., 0, 0., 0, 0., 0, 0., 0, 0., 0, 0., 1, 1.4492753623188406, 3, 4.3478260869565215, 0, 0., 0, 0., 0, 0., 0, 0., 0, 0., 0, 0., 0, 0., 3, 4.3478260869565215, 0, 0., 0, 0., 0, 0., 0, 0., 0, 0., 0, 0., 0, 0., 0, 0., 0, 0., 0, 0., 12, 17.391304347826086, 0, 0., 4, 5.797101449275362, 0, 0., 0, 0., 0, 0., 72, 72, 144, 69, 0.4791666666666667
, generated\gt\sample_000056.krn, generated\xml_trimmed_homr\sample_000056.xml, 0, 0., 57, 32.947976878612714, 0, 0., 30, 17.341040462427745, 0, 0., 0, 0., 7, 4.046242774566474, 0, 0., 0, 0., 3, 1.7341040462427746, 0, 0., 0, 0., 0, 0., 1, 0.5780346820809249, 2, 1.1560693641618498, 0, 0., 0, 0., 0, 0., 0, 0., 0, 0., 0, 0., 0, 0., 3, 1.7341040462427746, 0, 0., 0, 0., 2, 1.1560693641618498, 0, 0., 0, 0., 0, 0., 0, 0., 0, 0., 0, 0., 0, 0., 64, 36.994219653179194, 0, 0., 4, 2.3121387283236996, 0, 0., 0, 0., 0, 0., 191, 168, 359, 173, 0.4818941504178273
, generated\gt\sample_000613.krn, generated\xml_trimmed_homr\sample_000613.xml, 0, 0., 56, 29.62962962962963, 0, 0., 43, 22.75132275132275, 0, 0., 0, 0., 10, 5.291005291005291, 0, 0., 0, 0., 2, 1.0582010582010581, 3, 1.5873015873015872, 3, 1.5873015873015872, 0, 0., 1, 0.5291005291005291, 1, 0.5291005291005291, 0, 0., 0, 0., 0, 0., 0, 0., 0, 0., 0, 0., 0, 0., 6, 3.1746031746031744, 0, 0., 0, 0., 0, 0., 0, 0., 0, 0., 0, 0., 0, 0., 0, 0., 0, 0., 0, 0., 60, 31.746031746031747, 0, 0., 4, 2.1164021164021163, 0, 0., 0, 0., 0, 0., 205, 187, 392, 189, 0.48214285714285715
, generated\gt\sample_000534.krn, generated\xml_trimmed_homr\sample_000534.xml, 0, 0., 139, 50.18050541516246, 0, 0., 30, 10.830324909747292, 0, 0., 0, 0., 0, 0., 0, 0., 0, 0., 0, 0., 0, 0., 0, 0., 0, 0., 1, 0.36101083032490977, 0, 0., 0, 0., 0, 0., 0, 0., 0, 0., 0, 0., 0, 0., 0, 0., 2, 0.7220216606498195, 0, 0., 0, 0., 0, 0., 0, 0., 0, 0., 0, 0., 0, 0., 0, 0., 0, 0., 0, 0., 101, 36.462093862815884, 0, 0., 4, 1.444043321299639, 0, 0., 0, 0., 0, 0., 289, 285, 574, 277, 0.48257839721254353
, generated\gt\sample_000120.krn, generated\xml_trimmed_homr\sample_000120.xml, 0, 0., 102, 43.58974358974359, 0, 0., 30, 12.820512820512821, 1, 0.42735042735042733, 0, 0., 1, 0.42735042735042733, 0, 0., 0, 0., 0, 0., 0, 0., 0, 0., 0, 0., 1, 0.42735042735042733, 0, 0., 0, 0., 0, 0., 0, 0., 0, 0., 0, 0., 0, 0., 0, 0., 0, 0., 0, 0., 0, 0., 0, 0., 0, 0., 0, 0., 0, 0., 0, 0., 0, 0., 0, 0., 0, 0., 95, 40.598290598290596, 0, 0., 4, 1.7094017094017093, 0, 0., 0, 0., 0, 0., 243, 241, 484, 234, 0.4834710743801653
, generated\gt\sample_000153.krn, generated\xml_trimmed_homr\sample_000153.xml, 0, 0., 70, 29.288702928870293, 0, 0., 76, 31.799163179916317, 0, 0., 0, 0., 4, 1.6736401673640167, 0, 0., 0, 0., 0, 0., 0, 0., 0, 0., 0, 0., 4, 1.6736401673640167, 2, 0.8368200836820083, 0, 0., 0, 0., 0, 0., 0, 0., 0, 0., 0, 0., 0, 0., 0, 0., 0, 0., 0, 0., 0, 0., 0, 0., 0, 0., 0, 0., 0, 0., 0, 0., 0, 0., 0, 0., 79, 33.05439330543933, 0, 0., 4, 1.6736401673640167, 0, 0., 0, 0., 0, 0., 254, 239, 493, 239, 0.4847870182555781
, generated\gt\sample_000100.krn, generated\xml_trimmed_homr\sample_000100.xml, 0, 0., 74, 32.743362831858406, 0, 0., 34, 15.044247787610619, 0, 0., 0, 0., 23, 10.176991150442477, 0, 0., 0, 0., 0, 0., 2, 0.8849557522123894, 2, 0.8849557522123894, 0, 0., 2, 0.8849557522123894, 2, 0.8849557522123894, 0, 0., 0, 0., 0, 0., 0, 0., 0, 0., 0, 0., 0, 0., 5, 2.2123893805309733, 0, 0., 0, 0., 0, 0., 0, 0., 0, 0., 0, 0., 0, 0., 0, 0., 0, 0., 0, 0., 78, 34.51327433628319, 0, 0., 4, 1.7699115044247788, 0, 0., 0, 0., 0, 0., 263, 203, 466, 226, 0.48497854077253216
, generated\gt\sample_000407.krn, generated\xml_trimmed_homr\sample_000407.xml, 0, 0., 97, 39.43089430894309, 0, 0., 31, 12.601626016260163, 0, 0., 1, 0.4065040650406504, 0, 0., 0, 0., 0, 0., 0, 0., 4, 1.6260162601626016, 0, 0., 0, 0., 1, 0.4065040650406504, 0, 0., 0, 0., 0, 0., 0, 0., 0, 0., 0, 0., 0, 0., 0, 0., 3, 1.2195121951219512, 0, 0., 0, 0., 0, 0., 0, 0., 0, 0., 0, 0., 0, 0., 0, 0., 0, 0., 0, 0., 105, 42.68292682926829, 0, 0., 4, 1.6260162601626016, 0, 0., 0, 0., 0, 0., 261, 246, 507, 246, 0.48520710059171596
, generated\gt\sample_000231.krn, generated\xml_trimmed_homr\sample_000231.xml, 0, 0., 192, 38.095238095238095, 0, 0., 188, 37.301587301587304, 0, 0., 0, 0., 11, 2.1825396825396823, 0, 0., 0, 0., 0, 0., 0, 0., 0, 0., 0, 0., 1, 0.1984126984126984, 2, 0.3968253968253968, 0, 0., 0, 0., 0, 0., 0, 0., 0, 0., 0, 0., 0, 0., 7, 1.3888888888888888, 0, 0., 0, 0., 0, 0., 0, 0., 0, 0., 0, 0., 0, 0., 0, 0., 0, 0., 0, 0., 99, 19.642857142857142, 0, 0., 4, 0.7936507936507936, 0, 0., 0, 0., 0, 0., 544, 494, 1038, 504, 0.48554913294797686
, generated\gt\sample_000367.krn, generated\xml_trimmed_homr\sample_000367.xml, 0, 0., 99, 34.02061855670103, 0, 0., 90, 30.927835051546392, 0, 0., 0, 0., 7, 2.4054982817869415, 0, 0., 0, 0., 0, 0., 0, 0., 0, 0., 0, 0., 3, 1.0309278350515463, 2, 0.6872852233676976, 0, 0., 0, 0., 0, 0., 0, 0., 0, 0., 0, 0., 0, 0., 2, 0.6872852233676976, 0, 0., 0, 0., 0, 0., 0, 0., 0, 0., 0, 0., 0, 0., 0, 0., 0, 0., 0, 0., 84, 28.8659793814433, 0, 0., 4, 1.3745704467353952, 0, 0., 0, 0., 0, 0., 313, 282, 595, 291, 0.4890756302521008
, generated\gt\sample_000337.krn, generated\xml_trimmed_homr\sample_000337.xml, 0, 0., 101, 44.49339207048458, 0, 0., 53, 23.348017621145374, 0, 0., 0, 0., 0, 0., 0, 0., 3, 1.3215859030837005, 3, 1.3215859030837005, 0, 0., 1, 0.44052863436123346, 0, 0., 1, 0.44052863436123346, 2, 0.8810572687224669, 0, 0., 0, 0., 0, 0., 0, 0., 0, 0., 0, 0., 0, 0., 8, 3.5242290748898677, 0, 0., 2, 0.8810572687224669, 0, 0., 0, 0., 0, 0., 0, 0., 0, 0., 0, 0., 0, 0., 0, 0., 49, 21.58590308370044, 0, 0., 4, 1.7621145374449338, 0, 0., 0, 0., 0, 0., 243, 221, 464, 227, 0.4892241379310345
, generated\gt\sample_000271.krn, generated\xml_trimmed_homr\sample_000271.xml, 0, 0., 89, 29.666666666666668, 0, 0., 84, 28.0, 0, 0., 0, 0., 10, 3.3333333333333335, 0, 0., 0, 0., 0, 0., 0, 0., 0, 0., 0, 0., 1, 0.3333333333333333, 0, 0., 0, 0., 0, 0., 2, 0.6666666666666666, 0, 0., 0, 0., 0, 0., 0, 0., 13, 4.333333333333333, 0, 0., 0, 0., 0, 0., 0, 0., 0, 0., 0, 0., 0, 0., 0, 0., 0, 0., 0, 0., 97, 32.333333333333336, 0, 0., 4, 1.3333333333333333, 0, 0., 0, 0., 0, 0., 324, 288, 612, 300, 0.49019607843137253
, generated\gt\sample_000304.krn, generated\xml_trimmed_homr\sample_000304.xml, 0, 0., 82, 28.975265017667844, 0, 0., 96, 33.92226148409894, 0, 0., 0, 0., 2, 0.7067137809187279, 0, 0., 0, 0., 0, 0., 0, 0., 0, 0., 0, 0., 3, 1.0600706713780919, 2, 0.7067137809187279, 0, 0., 0, 0., 0, 0., 0, 0., 0, 0., 0, 0., 0, 0., 0, 0., 0, 0., 0, 0., 0, 0., 0, 0., 0, 0., 0, 0., 0, 0., 0, 0., 0, 0., 0, 0., 94, 33.21554770318021, 0, 0., 4, 1.4134275618374559, 0, 0., 0, 0., 0, 0., 297, 280, 577, 283, 0.4904679376083189
, generated\gt\sample_000481.krn, generated\xml_trimmed_homr\sample_000481.xml, 0, 0., 0, 0., 0, 0., 40, 23.529411764705884, 0, 0., 0, 0., 3, 1.7647058823529411, 0, 0., 0, 0., 0, 0., 0, 0., 0, 0., 0, 0., 0, 0., 2, 1.1764705882352942, 0, 0., 0, 0., 0, 0., 0, 0., 0, 0., 0, 0., 0, 0., 0, 0., 0, 0., 0, 0., 0, 0., 0, 0., 0, 0., 0, 0., 0, 0., 0, 0., 0, 0., 0, 0., 121, 71.17647058823529, 0, 0., 4, 2.3529411764705883, 0, 0., 0, 0., 0, 0., 238, 108, 346, 170, 0.4913294797687861
, generated\gt\sample_000553.krn, generated\xml_trimmed_homr\sample_000553.xml, 0, 0., 42, 33.87096774193548, 0, 0., 22, 17.741935483870968, 0, 0., 0, 0., 5, 4.032258064516129, 0, 0., 0, 0., 0, 0., 0, 0., 0, 0., 0, 0., 1, 0.8064516129032258, 2, 1.6129032258064515, 0, 0., 0, 0., 0, 0., 0, 0., 0, 0., 0, 0., 0, 0., 2, 1.6129032258064515, 0, 0., 0, 0., 2, 1.6129032258064515, 0, 0., 0, 0., 0, 0., 0, 0., 0, 0., 0, 0., 0, 0., 44, 35.483870967741936, 0, 0., 4, 3.225806451612903, 0, 0., 0, 0., 0, 0., 132, 120, 252, 124, 0.49206349206349204
, generated\gt\sample_000158.krn, generated\xml_trimmed_homr\sample_000158.xml, 0, 0., 48, 45.714285714285715, 0, 0., 14, 13.333333333333334, 0, 0., 0, 0., 1, 0.9523809523809523, 0, 0., 0, 0., 0, 0., 2, 1.9047619047619047, 1, 0.9523809523809523, 0, 0., 1, 0.9523809523809523, 3, 2.857142857142857, 0, 0., 0, 0., 0, 0., 0, 0., 0, 0., 0, 0., 0, 0., 4, 3.8095238095238093, 0, 0., 0, 0., 0, 0., 0, 0., 0, 0., 0, 0., 0, 0., 0, 0., 0, 0., 0, 0., 27, 25.714285714285715, 0, 0., 4, 3.8095238095238093, 0, 0., 0, 0., 0, 0., 108, 105, 213, 105, 0.49295774647887325
, generated\gt\sample_000276.krn, generated\xml_trimmed_homr\sample_000276.xml, 0, 0., 106, 32.31707317073171, 0, 0., 72, 21.951219512195124, 0, 0., 4, 1.2195121951219512, 8, 2.4390243902439024, 0, 0., 0, 0., 0, 0., 5, 1.524390243902439, 0, 0., 0, 0., 1, 0.3048780487804878, 2, 0.6097560975609756, 0, 0., 0, 0., 2, 0.6097560975609756, 0, 0., 0, 0., 0, 0., 0, 0., 14, 4.2682926829268295, 0, 0., 0, 0., 0, 0., 0, 0., 0, 0., 0, 0., 0, 0., 0, 0., 0, 0., 0, 0., 110, 33.53658536585366, 0, 0., 4, 1.2195121951219512, 0, 0., 0, 0., 0, 0., 358, 300, 658, 328, 0.49848024316109424
, generated\gt\sample_000038.krn, generated\xml_trimmed_homr\sample_000038.xml, 0, 0., 64, 35.95505617977528, 0, 0., 24, 13.48314606741573, 0, 0., 0, 0., 2, 1.1235955056179776, 0, 0., 0, 0., 0, 0., 0, 0., 0, 0., 0, 0., 1, 0.5617977528089888, 0, 0., 0, 0., 0, 0., 4, 2.247191011235955, 0, 0., 0, 0., 0, 0., 0, 0., 2, 1.1235955056179776, 0, 0., 0, 0., 0, 0., 0, 0., 0, 0., 0, 0., 0, 0., 0, 0., 0, 0., 0, 0., 77, 43.258426966292134, 0, 0., 4, 2.247191011235955, 0, 0., 0, 0., 0, 0., 188, 168, 356, 178, 0.5
, generated\gt\sample_000634.krn, generated\xml_trimmed_homr\sample_000634.xml, 0, 0., 22, 14.193548387096774, 0, 0., 0, 0., 0, 0., 0, 0., 3, 1.935483870967742, 0, 0., 0, 0., 0, 0., 0, 0., 0, 0., 0, 0., 2, 1.2903225806451613, 4, 2.5806451612903225, 5, 3.225806451612903, 0, 0., 0, 0., 0, 0., 0, 0., 0, 0., 0, 0., 0, 0., 0, 0., 0, 0., 0, 0., 0, 0., 0, 0., 0, 0., 0, 0., 0, 0., 0, 0., 66, 42.58064516129032, 49, 31.612903225806452, 0, 0., 4, 2.5806451612903225, 0, 0., 0, 0., 0, 0., 177, 132, 309, 155, 0.5016181229773463
, generated\gt\sample_000220.krn, generated\xml_trimmed_homr\sample_000220.xml, 0, 0., 138, 37.91208791208791, 0, 0., 37, 10.164835164835164, 0, 0., 0, 0., 4, 1.098901098901099, 0, 0., 0, 0., 0, 0., 1, 0.27472527472527475, 6, 1.6483516483516483, 0, 0., 1, 0.27472527472527475, 2, 0.5494505494505495, 0, 0., 0, 0., 0, 0., 0, 0., 0, 0., 0, 0., 0, 0., 4, 1.098901098901099, 0, 0., 0, 0., 0, 0., 0, 0., 0, 0., 0, 0., 0, 0., 0, 0., 0, 0., 0, 0., 167, 45.879120879120876, 0, 0., 4, 1.098901098901099, 0, 0., 0, 0., 0, 0., 379, 344, 723, 364, 0.5034578146611342
, generated\gt\sample_000683.krn, generated\xml_trimmed_homr\sample_000683.xml, 0, 0., 53, 27.74869109947644, 2, 1.0471204188481675, 37, 19.3717277486911, 0, 0., 0, 0., 10, 5.2356020942408374, 0, 0., 0, 0., 0, 0., 4, 2.094240837696335, 0, 0., 0, 0., 0, 0., 2, 1.0471204188481675, 0, 0., 0, 0., 0, 0., 0, 0., 0, 0., 0, 0., 0, 0., 7, 3.6649214659685865, 0, 0., 0, 0., 2, 1.0471204188481675, 0, 0., 0, 0., 0, 0., 0, 0., 0, 0., 0, 0., 0, 0., 70, 36.64921465968586, 0, 0., 4, 2.094240837696335, 0, 0., 0, 0., 0, 0., 208, 171, 379, 191, 0.503957783641161
, generated\gt\sample_000123.krn, generated\xml_trimmed_homr\sample_000123.xml, 0, 0., 52, 32.704402515723274, 0, 0., 10, 6.289308176100629, 0, 0., 0, 0., 11, 6.918238993710692, 0, 0., 0, 0., 4, 2.5157232704402515, 1, 0.6289308176100629, 1, 0.6289308176100629, 0, 0., 1, 0.6289308176100629, 2, 1.2578616352201257, 0, 0., 0, 0., 0, 0., 0, 0., 0, 0., 0, 0., 0, 0., 0, 0., 0, 0., 0, 0., 0, 0., 0, 0., 0, 0., 0, 0., 0, 0., 0, 0., 0, 0., 0, 0., 73, 45.911949685534594, 0, 0., 4, 2.5157232704402515, 0, 0., 0, 0., 0, 0., 177, 138, 315, 159, 0.5047619047619047
, generated\gt\sample_000545.krn, generated\xml_trimmed_homr\sample_000545.xml, 0, 0., 86, 32.95019157088122, 0, 0., 76, 29.118773946360154, 0, 0., 0, 0., 3, 1.1494252873563218, 0, 0., 0, 0., 0, 0., 0, 0., 0, 0., 0, 0., 1, 0.3831417624521073, 1, 0.3831417624521073, 0, 0., 0, 0., 0, 0., 0, 0., 0, 0., 0, 0., 0, 0., 1, 0.3831417624521073, 0, 0., 0, 0., 0, 0., 0, 0., 0, 0., 0, 0., 0, 0., 0, 0., 0, 0., 0, 0., 89, 34.099616858237546, 0, 0., 4, 1.5325670498084292, 0, 0., 0, 0., 0, 0., 264, 253, 517, 261, 0.504835589941973
, generated\gt\sample_000339.krn, generated\xml_trimmed_homr\sample_000339.xml, 0, 0., 91, 45.7286432160804, 0, 0., 27, 13.5678391959799, 0, 0., 0, 0., 4, 2.0100502512562812, 0, 0., 0, 0., 0, 0., 0, 0., 1, 0.5025125628140703, 0, 0., 1, 0.5025125628140703, 0, 0., 0, 0., 0, 0., 0, 0., 0, 0., 0, 0., 0, 0., 0, 0., 9, 4.522613065326633, 0, 0., 0, 0., 0, 0., 0, 0., 0, 0., 0, 0., 0, 0., 0, 0., 0, 0., 0, 0., 62, 31.155778894472363, 0, 0., 4, 2.0100502512562812, 0, 0., 0, 0., 0, 0., 208, 186, 394, 199, 0.5050761421319797
, generated\gt\sample_000068.krn, generated\xml_trimmed_homr\sample_000068.xml, 0, 0., 94, 32.86713286713287, 0, 0., 78, 27.272727272727273, 0, 0., 0, 0., 6, 2.097902097902098, 0, 0., 0, 0., 0, 0., 0, 0., 1, 0.34965034965034963, 0, 0., 1, 0.34965034965034963, 2, 0.6993006993006993, 0, 0., 0, 0., 0, 0., 0, 0., 0, 0., 0, 0., 0, 0., 0, 0., 0, 0., 0, 0., 0, 0., 0, 0., 0, 0., 0, 0., 0, 0., 0, 0., 0, 0., 0, 0., 100, 34.96503496503497, 0, 0., 4, 1.3986013986013985, 0, 0., 0, 0., 0, 0., 291, 275, 566, 286, 0.5053003533568905
, generated\gt\sample_000666.krn, generated\xml_trimmed_homr\sample_000666.xml, 0, 0., 121, 67.22222222222223, 0, 0., 0, 0., 0, 0., 0, 0., 0, 0., 0, 0., 0, 0., 0, 0., 0, 0., 0, 0., 0, 0., 1, 0.5555555555555556, 0, 0., 0, 0., 0, 0., 0, 0., 0, 0., 0, 0., 0, 0., 0, 0., 0, 0., 0, 0., 0, 0., 0, 0., 0, 0., 0, 0., 0, 0., 0, 0., 0, 0., 0, 0., 0, 0., 54, 30.0, 0, 0., 4, 2.2222222222222223, 0, 0., 0, 0., 0, 0., 190, 166, 356, 180, 0.5056179775280899
, generated\gt\sample_000388.krn, generated\xml_trimmed_homr\sample_000388.xml, 0, 0., 123, 34.166666666666664, 0, 0., 92, 25.555555555555557, 0, 0., 0, 0., 9, 2.5, 0, 0., 0, 0., 1, 0.2777777777777778, 0, 0., 3, 0.8333333333333334, 0, 0., 1, 0.2777777777777778, 4, 1.1111111111111112, 0, 0., 0, 0., 0, 0., 0, 0., 0, 0., 0, 0., 0, 0., 14, 3.888888888888889, 0, 0., 0, 0., 0, 0., 0, 0., 0, 0., 0, 0., 0, 0., 0, 0., 0, 0., 0, 0., 109, 30.27777777777778, 0, 0., 4, 1.1111111111111112, 0, 0., 0, 0., 0, 0., 377, 333, 710, 360, 0.5070422535211268
, generated\gt\sample_000466.krn, generated\xml_trimmed_homr\sample_000466.xml, 0, 0., 81, 22.88135593220339, 0, 0., 72, 20.338983050847457, 0, 0., 0, 0., 8, 2.2598870056497176, 0, 0., 0, 0., 1, 0.2824858757062147, 0, 0., 0, 0., 0, 0., 3, 0.847457627118644, 4, 1.1299435028248588, 0, 0., 0, 0., 0, 0., 0, 0., 0, 0., 0, 0., 0, 0., 11, 3.1073446327683616, 0, 0., 0, 0., 0, 0., 0, 0., 0, 0., 0, 0., 0, 0., 0, 0., 0, 0., 63, 17.796610169491526, 107, 30.225988700564972, 0, 0., 4, 1.1299435028248588, 0, 0., 0, 0., 0, 0., 380, 318, 698, 354, 0.5071633237822349
, generated\gt\sample_000093.krn, generated\xml_trimmed_homr\sample_000093.xml, 0, 0., 89, 46.354166666666664, 0, 0., 4, 2.0833333333333335, 0, 0., 0, 0., 3, 1.5625, 0, 0., 0, 0., 0, 0., 2, 1.0416666666666667, 2, 1.0416666666666667, 0, 0., 1, 0.5208333333333334, 3, 1.5625, 0, 0., 0, 0., 0, 0., 0, 0., 0, 0., 0, 0., 0, 0., 4, 2.0833333333333335, 0, 0., 0, 0., 0, 0., 0, 0., 0, 0., 0, 0., 0, 0., 0, 0., 0, 0., 0, 0., 80, 41.666666666666664, 0, 0., 4, 2.0833333333333335, 0, 0., 0, 0., 0, 0., 196, 181, 377, 192, 0.5092838196286472
, generated\gt\sample_000389.krn, generated\xml_trimmed_homr\sample_000389.xml, 0, 0., 130, 40.247678018575854, 0, 0., 61, 18.88544891640867, 0, 0., 0, 0., 9, 2.7863777089783284, 0, 0., 0, 0., 0, 0., 0, 0., 2, 0.6191950464396285, 0, 0., 1, 0.30959752321981426, 4, 1.238390092879257, 0, 0., 0, 0., 4, 1.238390092879257, 0, 0., 0, 0., 0, 0., 0, 0., 10, 3.0959752321981426, 0, 0., 0, 0., 0, 0., 0, 0., 0, 0., 0, 0., 0, 0., 0, 0., 0, 0., 0, 0., 98, 30.340557275541794, 0, 0., 4, 1.238390092879257, 0, 0., 0, 0., 0, 0., 333, 301, 634, 323, 0.5094637223974764
, generated\gt\sample_000145.krn, generated\xml_trimmed_homr\sample_000145.xml, 0, 0., 89, 46.1139896373057, 0, 0., 41, 21.243523316062177, 0, 0., 0, 0., 4, 2.0725388601036268, 0, 0., 0, 0., 0, 0., 0, 0., 0, 0., 0, 0., 1, 0.5181347150259067, 0, 0., 0, 0., 0, 0., 1, 0.5181347150259067, 0, 0., 0, 0., 0, 0., 0, 0., 0, 0., 0, 0., 0, 0., 0, 0., 0, 0., 0, 0., 0, 0., 0, 0., 0, 0., 0, 0., 0, 0., 53, 27.46113989637306, 0, 0., 4, 2.0725388601036268, 0, 0., 0, 0., 0, 0., 193, 184, 377, 193, 0.5119363395225465
, generated\gt\sample_000146.krn, generated\xml_trimmed_homr\sample_000146.xml, 0, 0., 109, 40.0735294117647, 0, 0., 39, 14.338235294117647, 0, 0., 2, 0.7352941176470589, 6, 2.2058823529411766, 0, 0., 0, 0., 0, 0., 1, 0.36764705882352944, 0, 0., 0, 0., 1, 0.36764705882352944, 2, 0.7352941176470589, 0, 0., 0, 0., 0, 0., 0, 0., 0, 0., 0, 0., 0, 0., 0, 0., 0, 0., 0, 0., 0, 0., 0, 0., 0, 0., 0, 0., 0, 0., 0, 0., 0, 0., 0, 0., 108, 39.705882352941174, 0, 0., 4, 1.4705882352941178, 0, 0., 0, 0., 0, 0., 273, 257, 530, 272, 0.5132075471698113
, generated\gt\sample_000549.krn, generated\xml_trimmed_homr\sample_000549.xml, 0, 0., 96, 31.372549019607842, 0, 0., 96, 31.372549019607842, 0, 0., 0, 0., 8, 2.6143790849673203, 0, 0., 0, 0., 0, 0., 0, 0., 1, 0.32679738562091504, 0, 0., 1, 0.32679738562091504, 2, 0.6535947712418301, 0, 0., 0, 0., 0, 0., 0, 0., 0, 0., 0, 0., 0, 0., 0, 0., 0, 0., 0, 0., 0, 0., 0, 0., 0, 0., 0, 0., 0, 0., 0, 0., 0, 0., 0, 0., 98, 32.02614379084967, 0, 0., 4, 1.3071895424836601, 0, 0., 0, 0., 0, 0., 304, 290, 594, 306, 0.5151515151515151
, generated\gt\sample_000114.krn, generated\xml_trimmed_homr\sample_000114.xml, 0, 0., 96, 40.1673640167364, 0, 0., 8, 3.3472803347280333, 0, 0., 0, 0., 5, 2.092050209205021, 0, 0., 0, 0., 0, 0., 0, 0., 2, 0.8368200836820083, 0, 0., 1, 0.41841004184100417, 2, 0.8368200836820083, 0, 0., 0, 0., 0, 0., 0, 0., 0, 0., 0, 0., 0, 0., 5, 2.092050209205021, 0, 0., 0, 0., 2, 0.8368200836820083, 0, 0., 0, 0., 0, 0., 0, 0., 0, 0., 0, 0., 0, 0., 114, 47.69874476987448, 0, 0., 4, 1.6736401673640167, 0, 0., 0, 0., 0, 0., 246, 217, 463, 239, 0.5161987041036717
, generated\gt\sample_000661.krn, generated\xml_trimmed_homr\sample_000661.xml, 0, 0., 49, 34.26573426573427, 0, 0., 18, 12.587412587412587, 0, 0., 0, 0., 1, 0.6993006993006993, 0, 0., 0, 0., 0, 0., 3, 2.097902097902098, 0, 0., 0, 0., 3, 2.097902097902098, 1, 0.6993006993006993, 0, 0., 0, 0., 0, 0., 0, 0., 0, 0., 0, 0., 0, 0., 5, 3.4965034965034967, 0, 0., 0, 0., 0, 0., 0, 0., 0, 0., 0, 0., 0, 0., 0, 0., 0, 0., 0, 0., 59, 41.25874125874126, 0, 0., 4, 2.797202797202797, 0, 0., 0, 0., 0, 0., 147, 130, 277, 143, 0.516245487364621
, generated\gt\sample_000500.krn, generated\xml_trimmed_homr\sample_000500.xml, 0, 0., 96, 44.651162790697676, 0, 0., 16, 7.441860465116279, 0, 0., 0, 0., 3, 1.3953488372093024, 0, 0., 0, 0., 1, 0.46511627906976744, 3, 1.3953488372093024, 3, 1.3953488372093024, 0, 0., 4, 1.8604651162790697, 0, 0., 0, 0., 0, 0., 0, 0., 0, 0., 0, 0., 0, 0., 0, 0., 3, 1.3953488372093024, 0, 0., 0, 0., 0, 0., 0, 0., 0, 0., 0, 0., 0, 0., 0, 0., 0, 0., 0, 0., 82, 38.13953488372093, 0, 0., 4, 1.8604651162790697, 0, 0., 0, 0., 0, 0., 216, 200, 416, 215, 0.5168269230769231
, generated\gt\sample_000425.krn, generated\xml_trimmed_homr\sample_000425.xml, 0, 0., 86, 29.152542372881356, 0, 0., 109, 36.94915254237288, 0, 0., 0, 0., 0, 0., 0, 0., 0, 0., 1, 0.3389830508474576, 0, 0., 0, 0., 0, 0., 1, 0.3389830508474576, 2, 0.6779661016949152, 0, 0., 0, 0., 0, 0., 0, 0., 0, 0., 0, 0., 0, 0., 1, 0.3389830508474576, 0, 0., 0, 0., 0, 0., 0, 0., 0, 0., 0, 0., 0, 0., 0, 0., 0, 0., 0, 0., 91, 30.847457627118644, 0, 0., 4, 1.3559322033898304, 0, 0., 0, 0., 0, 0., 291, 279, 570, 295, 0.5175438596491229
, generated\gt\sample_000547.krn, generated\xml_trimmed_homr\sample_000547.xml, 0, 0., 94, 30.42071197411003, 0, 0., 96, 31.067961165048544, 0, 0., 0, 0., 7, 2.26537216828479, 0, 0., 0, 0., 0, 0., 0, 0., 0, 0., 0, 0., 4, 1.2944983818770226, 2, 0.6472491909385113, 0, 0., 0, 0., 0, 0., 0, 0., 0, 0., 0, 0., 0, 0., 0, 0., 0, 0., 0, 0., 0, 0., 0, 0., 0, 0., 0, 0., 0, 0., 0, 0., 0, 0., 0, 0., 102, 33.00970873786408, 0, 0., 4, 1.2944983818770226, 0, 0., 0, 0., 0, 0., 307, 290, 597, 309, 0.5175879396984925
, generated\gt\sample_000413.krn, generated\xml_trimmed_homr\sample_000413.xml, 0, 0., 96, 38.55421686746988, 0, 0., 40, 16.06425702811245, 0, 0., 10, 4.016064257028113, 2, 0.8032128514056225, 0, 0., 0, 0., 0, 0., 16, 6.42570281124498, 0, 0., 0, 0., 2, 0.8032128514056225, 2, 0.8032128514056225, 0, 0., 0, 0., 0, 0., 0, 0., 0, 0., 0, 0., 0, 0., 0, 0., 0, 0., 0, 0., 0, 0., 0, 0., 0, 0., 0, 0., 0, 0., 0, 0., 0, 0., 0, 0., 77, 30.923694779116467, 0, 0., 4, 1.606425702811245, 0, 0., 0, 0., 0, 0., 243, 238, 481, 249, 0.5176715176715176
, generated\gt\sample_000281.krn, generated\xml_trimmed_homr\sample_000281.xml, 0, 0., 56, 34.78260869565217, 0, 0., 28, 17.391304347826086, 0, 0., 0, 0., 0, 0., 0, 0., 0, 0., 1, 0.6211180124223602, 0, 0., 0, 0., 0, 0., 1, 0.6211180124223602, 3, 1.8633540372670807, 0, 0., 0, 0., 0, 0., 0, 0., 0, 0., 0, 0., 0, 0., 10, 6.211180124223603, 0, 0., 0, 0., 0, 0., 0, 0., 0, 0., 0, 0., 0, 0., 0, 0., 0, 0., 0, 0., 58, 36.024844720496894, 0, 0., 4, 2.484472049689441, 0, 0., 0, 0., 0, 0., 163, 148, 311, 161, 0.5176848874598071
, generated\gt\sample_000361.krn, generated\xml_trimmed_homr\sample_000361.xml, 0, 0., 128, 32.0, 0, 0., 114, 28.5, 0, 0., 0, 0., 5, 1.25, 0, 0., 0, 0., 0, 0., 1, 0.25, 0, 0., 0, 0., 3, 0.75, 2, 0.5, 0, 0., 0, 0., 0, 0., 0, 0., 0, 0., 0, 0., 0, 0., 3, 0.75, 0, 0., 0, 0., 0, 0., 0, 0., 0, 0., 0, 0., 0, 0., 0, 0., 0, 0., 0, 0., 140, 35.0, 0, 0., 4, 1.0, 0, 0., 0, 0., 0, 0., 398, 373, 771, 400, 0.5188067444876784
, generated\gt\sample_000320.krn, generated\xml_trimmed_homr\sample_000320.xml, 0, 0., 89, 40.45454545454545, 0, 0., 0, 0., 0, 0., 0, 0., 15, 6.818181818181818, 0, 0., 0, 0., 4, 1.8181818181818181, 0, 0., 0, 0., 0, 0., 1, 0.45454545454545453, 3, 1.3636363636363635, 0, 0., 0, 0., 2, 0.9090909090909091, 0, 0., 0, 0., 0, 0., 0, 0., 0, 0., 0, 0., 0, 0., 0, 0., 0, 0., 0, 0., 0, 0., 0, 0., 0, 0., 0, 0., 0, 0., 102, 46.36363636363637, 0, 0., 4, 1.8181818181818181, 0, 0., 0, 0., 0, 0., 240, 184, 424, 220, 0.5188679245283019
, generated\gt\sample_000427.krn, generated\xml_trimmed_homr\sample_000427.xml, 0, 0., 105, 28.532608695652176, 0, 0., 144, 39.130434782608695, 0, 0., 0, 0., 2, 0.5434782608695652, 0, 0., 0, 0., 0, 0., 0, 0., 0, 0., 0, 0., 1, 0.2717391304347826, 2, 0.5434782608695652, 0, 0., 0, 0., 0, 0., 0, 0., 0, 0., 0, 0., 0, 0., 0, 0., 0, 0., 0, 0., 0, 0., 0, 0., 0, 0., 0, 0., 0, 0., 0, 0., 0, 0., 0, 0., 110, 29.891304347826086, 0, 0., 4, 1.0869565217391304, 0, 0., 0, 0., 0, 0., 360, 348, 708, 368, 0.519774011299435
, generated\gt\sample_000152.krn, generated\xml_trimmed_homr\sample_000152.xml, 0, 0., 118, 33.714285714285715, 0, 0., 87, 24.857142857142858, 0, 0., 0, 0., 6, 1.7142857142857142, 0, 0., 0, 0., 0, 0., 0, 0., 0, 0., 0, 0., 3, 0.8571428571428571, 2, 0.5714285714285714, 0, 0., 0, 0., 0, 0., 0, 0., 0, 0., 0, 0., 0, 0., 0, 0., 0, 0., 0, 0., 0, 0., 0, 0., 0, 0., 0, 0., 0, 0., 0, 0., 0, 0., 0, 0., 130, 37.142857142857146, 0, 0., 4, 1.1428571428571428, 0, 0., 0, 0., 0, 0., 348, 323, 671, 350, 0.5216095380029806
, generated\gt\sample_000204.krn, generated\xml_trimmed_homr\sample_000204.xml, 0, 0., 92, 39.148936170212764, 0, 0., 35, 14.893617021276595, 0, 0., 0, 0., 1, 0.425531914893617, 0, 0., 0, 0., 0, 0., 0, 0., 0, 0., 0, 0., 1, 0.425531914893617, 2, 0.851063829787234, 0, 0., 0, 0., 0, 0., 0, 0., 0, 0., 0, 0., 0, 0., 1, 0.425531914893617, 0, 0., 0, 0., 0, 0., 0, 0., 0, 0., 0, 0., 0, 0., 0, 0., 0, 0., 0, 0., 99, 42.12765957446808, 0, 0., 4, 1.702127659574468, 0, 0., 0, 0., 0, 0., 232, 218, 450, 235, 0.5222222222222223
, generated\gt\sample_000102.krn, generated\xml_trimmed_homr\sample_000102.xml, 0, 0., 68, 45.63758389261745, 0, 0., 4, 2.684563758389262, 1, 0.6711409395973155, 0, 0., 10, 6.7114093959731544, 0, 0., 0, 0., 1, 0.6711409395973155, 0, 0., 2, 1.342281879194631, 0, 0., 1, 0.6711409395973155, 2, 1.342281879194631, 0, 0., 0, 0., 0, 0., 0, 0., 0, 0., 0, 0., 0, 0., 1, 0.6711409395973155, 0, 0., 0, 0., 0, 0., 0, 0., 0, 0., 0, 0., 0, 0., 0, 0., 0, 0., 0, 0., 55, 36.91275167785235, 0, 0., 4, 2.684563758389262, 0, 0., 0, 0., 0, 0., 155, 130, 285, 149, 0.5228070175438596
, generated\gt\sample_000330.krn, generated\xml_trimmed_homr\sample_000330.xml, 0, 0., 110, 44.0, 0, 0., 45, 18.0, 0, 0., 0, 0., 8, 3.2, 0, 0., 0, 0., 1, 0.4, 0, 0., 0, 0., 0, 0., 1, 0.4, 0, 0., 0, 0., 0, 0., 1, 0.4, 0, 0., 0, 0., 0, 0., 0, 0., 5, 2.0, 0, 0., 0, 0., 0, 0., 0, 0., 0, 0., 0, 0., 0, 0., 0, 0., 0, 0., 0, 0., 75, 30.0, 0, 0., 4, 1.6, 0, 0., 0, 0., 0, 0., 259, 219, 478, 250, 0.5230125523012552
, generated\gt\sample_000411.krn, generated\xml_trimmed_homr\sample_000411.xml, 0, 0., 120, 41.666666666666664, 0, 0., 16, 5.555555555555555, 0, 0., 0, 0., 4, 1.3888888888888888, 0, 0., 0, 0., 0, 0., 7, 2.4305555555555554, 1, 0.3472222222222222, 0, 0., 1, 0.3472222222222222, 2, 0.6944444444444444, 0, 0., 0, 0., 0, 0., 0, 0., 0, 0., 0, 0., 0, 0., 3, 1.0416666666666667, 0, 0., 0, 0., 0, 0., 0, 0., 0, 0., 0, 0., 0, 0., 0, 0., 0, 0., 0, 0., 130, 45.138888888888886, 0, 0., 4, 1.3888888888888888, 0, 0., 0, 0., 0, 0., 282, 267, 549, 288, 0.5245901639344263
, generated\gt\sample_000656.krn, generated\xml_trimmed_homr\sample_000656.xml, 0, 0., 90, 24.128686327077748, 0, 0., 144, 38.605898123324394, 0, 0., 0, 0., 12, 3.2171581769436997, 0, 0., 0, 0., 0, 0., 3, 0.8042895442359249, 0, 0., 0, 0., 2, 0.5361930294906166, 2, 0.5361930294906166, 4, 1.0723860589812333, 0, 0., 0, 0., 0, 0., 0, 0., 0, 0., 0, 0., 0, 0., 0, 0., 0, 0., 0, 0., 0, 0., 0, 0., 0, 0., 0, 0., 0, 0., 0, 0., 0, 0., 112, 30.02680965147453, 0, 0., 4, 1.0723860589812333, 0, 0., 0, 0., 0, 0., 374, 337, 711, 373, 0.5246132208157525
, generated\gt\sample_000401.krn, generated\xml_trimmed_homr\sample_000401.xml, 0, 0., 136, 45.63758389261745, 0, 0., 0, 0., 0, 0., 0, 0., 6, 2.0134228187919465, 0, 0., 0, 0., 3, 1.0067114093959733, 0, 0., 0, 0., 0, 0., 1, 0.33557046979865773, 4, 1.342281879194631, 0, 0., 0, 0., 2, 0.6711409395973155, 0, 0., 0, 0., 0, 0., 0, 0., 0, 0., 0, 0., 0, 0., 0, 0., 0, 0., 0, 0., 0, 0., 0, 0., 0, 0., 0, 0., 0, 0., 142, 47.651006711409394, 0, 0., 4, 1.342281879194631, 0, 0., 0, 0., 0, 0., 294, 274, 568, 298, 0.5246478873239436
, generated\gt\sample_000091.krn, generated\xml_trimmed_homr\sample_000091.xml, 0, 0., 52, 22.90748898678414, 0, 0., 9, 3.9647577092511015, 0, 0., 0, 0., 4, 1.7621145374449338, 0, 0., 15, 6.607929515418502, 1, 0.44052863436123346, 0, 0., 0, 0., 0, 0., 3, 1.3215859030837005, 0, 0., 0, 0., 0, 0., 4, 1.7621145374449338, 0, 0., 0, 0., 0, 0., 0, 0., 8, 3.5242290748898677, 0, 0., 0, 0., 0, 0., 0, 0., 0, 0., 0, 0., 0, 0., 0, 0., 0, 0., 55, 24.229074889867842, 72, 31.718061674008812, 0, 0., 4, 1.7621145374449338, 0, 0., 0, 0., 0, 0., 225, 206, 431, 227, 0.5266821345707656
, generated\gt\sample_000301.krn, generated\xml_trimmed_homr\sample_000301.xml, 0, 0., 121, 46.71814671814672, 0, 0., 18, 6.94980694980695, 0, 0., 0, 0., 0, 0., 0, 0., 18, 6.94980694980695, 0, 0., 0, 0., 0, 0., 0, 0., 2, 0.7722007722007722, 0, 0., 0, 0., 0, 0., 0, 0., 0, 0., 0, 0., 0, 0., 0, 0., 13, 5.019305019305019, 0, 0., 0, 0., 0, 0., 0, 0., 0, 0., 0, 0., 0, 0., 0, 0., 0, 0., 0, 0., 83, 32.04633204633205, 0, 0., 4, 1.5444015444015444, 0, 0., 0, 0., 0, 0., 256, 235, 491, 259, 0.5274949083503055
, generated\gt\sample_000277.krn, generated\xml_trimmed_homr\sample_000277.xml, 0, 0., 91, 39.737991266375545, 0, 0., 19, 8.296943231441048, 0, 0., 0, 0., 7, 3.056768558951965, 0, 0., 3, 1.3100436681222707, 0, 0., 0, 0., 0, 0., 0, 0., 1, 0.4366812227074236, 3, 1.3100436681222707, 0, 0., 0, 0., 0, 0., 0, 0., 0, 0., 0, 0., 0, 0., 6, 2.6200873362445414, 0, 0., 0, 0., 0, 0., 0, 0., 0, 0., 0, 0., 0, 0., 0, 0., 0, 0., 0, 0., 95, 41.48471615720524, 0, 0., 4, 1.7467248908296944, 0, 0., 0, 0., 0, 0., 226, 208, 434, 229, 0.5276497695852534
, generated\gt\sample_000215.krn, generated\xml_trimmed_homr\sample_000215.xml, 0, 0., 46, 29.29936305732484, 0, 0., 33, 21.019108280254777, 1, 0.6369426751592356, 0, 0., 5, 3.1847133757961785, 0, 0., 3, 1.910828025477707, 1, 0.6369426751592356, 0, 0., 1, 0.6369426751592356, 0, 0., 1, 0.6369426751592356, 2, 1.2738853503184713, 0, 0., 0, 0., 0, 0., 0, 0., 0, 0., 0, 0., 0, 0., 4, 2.5477707006369426, 0, 0., 0, 0., 0, 0., 0, 0., 0, 0., 0, 0., 0, 0., 0, 0., 0, 0., 0, 0., 56, 35.6687898089172, 0, 0., 4, 2.5477707006369426, 0, 0., 0, 0., 0, 0., 161, 136, 297, 157, 0.5286195286195287
, generated\gt\sample_000380.krn, generated\xml_trimmed_homr\sample_000380.xml, 0, 0., 52, 33.333333333333336, 0, 0., 20, 12.820512820512821, 0, 0., 0, 0., 1, 0.6410256410256411, 0, 0., 0, 0., 0, 0., 0, 0., 0, 0., 0, 0., 1, 0.6410256410256411, 3, 1.9230769230769231, 0, 0., 0, 0., 0, 0., 0, 0., 0, 0., 0, 0., 0, 0., 12, 7.6923076923076925, 0, 0., 0, 0., 0, 0., 0, 0., 0, 0., 0, 0., 0, 0., 0, 0., 0, 0., 0, 0., 63, 40.38461538461539, 0, 0., 4, 2.5641025641025643, 0, 0., 0, 0., 0, 0., 160, 134, 294, 156, 0.5306122448979592
, generated\gt\sample_000480.krn, generated\xml_trimmed_homr\sample_000480.xml, 0, 0., 100, 42.016806722689076, 0, 0., 12, 5.042016806722689, 0, 0., 0, 0., 0, 0., 0, 0., 0, 0., 0, 0., 0, 0., 2, 0.8403361344537815, 0, 0., 3, 1.2605042016806722, 0, 0., 0, 0., 0, 0., 0, 0., 0, 0., 0, 0., 0, 0., 0, 0., 4, 1.680672268907563, 0, 0., 0, 0., 0, 0., 0, 0., 0, 0., 0, 0., 0, 0., 0, 0., 0, 0., 0, 0., 113, 47.47899159663866, 0, 0., 4, 1.680672268907563, 0, 0., 0, 0., 0, 0., 234, 214, 448, 238, 0.53125
, generated\gt\sample_000682.krn, generated\xml_trimmed_homr\sample_000682.xml, 0, 0., 70, 30.97345132743363, 0, 0., 32, 14.15929203539823, 0, 0., 0, 0., 8, 3.5398230088495577, 0, 0., 0, 0., 0, 0., 5, 2.2123893805309733, 1, 0.4424778761061947, 0, 0., 3, 1.3274336283185841, 2, 0.8849557522123894, 0, 0., 0, 0., 0, 0., 0, 0., 0, 0., 0, 0., 0, 0., 9, 3.982300884955752, 0, 0., 0, 0., 0, 0., 0, 0., 0, 0., 0, 0., 0, 0., 0, 0., 0, 0., 0, 0., 92, 40.70796460176991, 0, 0., 4, 1.7699115044247788, 0, 0., 0, 0., 0, 0., 231, 194, 425, 226, 0.5317647058823529
, generated\gt\sample_000504.krn, generated\xml_trimmed_homr\sample_000504.xml, 0, 0., 67, 42.67515923566879, 0, 0., 0, 0., 0, 0., 0, 0., 6, 3.821656050955414, 0, 0., 0, 0., 5, 3.1847133757961785, 2, 1.2738853503184713, 0, 0., 0, 0., 1, 0.6369426751592356, 2, 1.2738853503184713, 0, 0., 0, 0., 0, 0., 0, 0., 0, 0., 0, 0., 0, 0., 6, 3.821656050955414, 0, 0., 0, 0., 0, 0., 0, 0., 0, 0., 0, 0., 0, 0., 0, 0., 0, 0., 0, 0., 64, 40.76433121019108, 0, 0., 4, 2.5477707006369426, 0, 0., 0, 0., 0, 0., 161, 134, 295, 157, 0.5322033898305085
, generated\gt\sample_000398.krn, generated\xml_trimmed_homr\sample_000398.xml, 0, 0., 82, 30.943396226415093, 0, 0., 66, 24.90566037735849, 0, 0., 0, 0., 9, 3.3962264150943398, 0, 0., 0, 0., 1, 0.37735849056603776, 0, 0., 0, 0., 0, 0., 2, 0.7547169811320755, 1, 0.37735849056603776, 0, 0., 0, 0., 0, 0., 0, 0., 0, 0., 0, 0., 0, 0., 8, 3.018867924528302, 0, 0., 0, 0., 0, 0., 0, 0., 0, 0., 0, 0., 0, 0., 0, 0., 0, 0., 0, 0., 92, 34.716981132075475, 0, 0., 4, 1.509433962264151, 0, 0., 0, 0., 0, 0., 264, 233, 497, 265, 0.5331991951710262
, generated\gt\sample_000280.krn, generated\xml_trimmed_homr\sample_000280.xml, 0, 0., 88, 39.46188340807175, 0, 0., 19, 8.52017937219731, 0, 0., 0, 0., 7, 3.1390134529147984, 0, 0., 3, 1.345291479820628, 0, 0., 0, 0., 0, 0., 0, 0., 1, 0.4484304932735426, 1, 0.4484304932735426, 0, 0., 0, 0., 0, 0., 0, 0., 0, 0., 0, 0., 0, 0., 8, 3.587443946188341, 0, 0., 0, 0., 0, 0., 0, 0., 0, 0., 0, 0., 0, 0., 0, 0., 0, 0., 0, 0., 92, 41.25560538116592, 0, 0., 4, 1.7937219730941705, 0, 0., 0, 0., 0, 0., 220, 198, 418, 223, 0.5334928229665071
, generated\gt\sample_000063.krn, generated\xml_trimmed_homr\sample_000063.xml, 0, 0., 153, 39.53488372093023, 0, 0., 84, 21.705426356589147, 1, 0.25839793281653745, 0, 0., 1, 0.25839793281653745, 0, 0., 0, 0., 0, 0., 0, 0., 1, 0.25839793281653745, 0, 0., 1, 0.25839793281653745, 3, 0.7751937984496124, 0, 0., 0, 0., 0, 0., 0, 0., 0, 0., 0, 0., 0, 0., 9, 2.3255813953488373, 0, 0., 0, 0., 0, 0., 0, 0., 0, 0., 0, 0., 0, 0., 0, 0., 0, 0., 0, 0., 130, 33.59173126614987, 0, 0., 4, 1.0335917312661498, 0, 0., 0, 0., 0, 0., 375, 349, 724, 387, 0.5345303867403315
, generated\gt\sample_000094.krn, generated\xml_trimmed_homr\sample_000094.xml, 0, 0., 90, 36.885245901639344, 0, 0., 36, 14.754098360655737, 0, 0., 0, 0., 18, 7.377049180327869, 0, 0., 0, 0., 0, 0., 0, 0., 0, 0., 0, 0., 1, 0.4098360655737705, 1, 0.4098360655737705, 0, 0., 0, 0., 0, 0., 0, 0., 0, 0., 0, 0., 0, 0., 5, 2.0491803278688523, 0, 0., 0, 0., 0, 0., 0, 0., 0, 0., 0, 0., 0, 0., 0, 0., 0, 0., 0, 0., 89, 36.47540983606557, 0, 0., 4, 1.639344262295082, 0, 0., 0, 0., 0, 0., 250, 206, 456, 244, 0.5350877192982456
, generated\gt\sample_000452.krn, generated\xml_trimmed_homr\sample_000452.xml, 0, 0., 112, 33.633633633633636, 0, 0., 91, 27.32732732732733, 0, 0., 0, 0., 7, 2.1021021021021022, 0, 0., 0, 0., 9, 2.7027027027027026, 0, 0., 0, 0., 0, 0., 1, 0.3003003003003003, 2, 0.6006006006006006, 0, 0., 0, 0., 0, 0., 0, 0., 0, 0., 0, 0., 0, 0., 0, 0., 0, 0., 0, 0., 0, 0., 0, 0., 0, 0., 0, 0., 0, 0., 0, 0., 0, 0., 0, 0., 107, 32.132132132132135, 0, 0., 4, 1.2012012012012012, 0, 0., 0, 0., 0, 0., 319, 303, 622, 333, 0.5353697749196141
, generated\gt\sample_000423.krn, generated\xml_trimmed_homr\sample_000423.xml, 0, 0., 133, 38.888888888888886, 0, 0., 30, 8.771929824561404, 0, 0., 0, 0., 6, 1.7543859649122806, 0, 0., 0, 0., 0, 0., 13, 3.801169590643275, 0, 0., 0, 0., 3, 0.8771929824561403, 2, 0.5847953216374269, 0, 0., 0, 0., 0, 0., 0, 0., 0, 0., 0, 0., 0, 0., 2, 0.5847953216374269, 0, 0., 0, 0., 0, 0., 0, 0., 0, 0., 0, 0., 0, 0., 0, 0., 0, 0., 0, 0., 149, 43.567251461988306, 0, 0., 4, 1.1695906432748537, 0, 0., 0, 0., 0, 0., 339, 299, 638, 342, 0.5360501567398119
, generated\gt\sample_000113.krn, generated\xml_trimmed_homr\sample_000113.xml, 0, 0., 102, 47.44186046511628, 0, 0., 8, 3.7209302325581395, 0, 0., 0, 0., 3, 1.3953488372093024, 0, 0., 0, 0., 0, 0., 0, 0., 1, 0.46511627906976744, 0, 0., 1, 0.46511627906976744, 2, 0.9302325581395349, 0, 0., 0, 0., 0, 0., 0, 0., 0, 0., 0, 0., 0, 0., 6, 2.7906976744186047, 0, 0., 0, 0., 0, 0., 0, 0., 0, 0., 0, 0., 0, 0., 0, 0., 0, 0., 0, 0., 88, 40.93023255813954, 0, 0., 4, 1.8604651162790697, 0, 0., 0, 0., 0, 0., 206, 195, 401, 215, 0.5361596009975063
, generated\gt\sample_000608.krn, generated\xml_trimmed_homr\sample_000608.xml, 0, 0., 128, 38.78787878787879, 0, 0., 58, 17.575757575757574, 0, 0., 0, 0., 8, 2.4242424242424243, 0, 0., 0, 0., 9, 2.727272727272727, 0, 0., 0, 0., 0, 0., 1, 0.30303030303030304, 2, 0.6060606060606061, 0, 0., 0, 0., 0, 0., 0, 0., 0, 0., 0, 0., 0, 0., 3, 0.9090909090909091, 0, 0., 0, 0., 0, 0., 0, 0., 0, 0., 0, 0., 0, 0., 0, 0., 0, 0., 0, 0., 117, 35.45454545454545, 0, 0., 4, 1.2121212121212122, 0, 0., 0, 0., 0, 0., 327, 287, 614, 330, 0.5374592833876222
, generated\gt\sample_000405.krn, generated\xml_trimmed_homr\sample_000405.xml, 0, 0., 73, 46.794871794871796, 0, 0., 0, 0., 0, 0., 0, 0., 0, 0., 0, 0., 0, 0., 0, 0., 3, 1.9230769230769231, 0, 0., 0, 0., 3, 1.9230769230769231, 0, 0., 0, 0., 0, 0., 0, 0., 0, 0., 0, 0., 0, 0., 0, 0., 0, 0., 0, 0., 0, 0., 0, 0., 0, 0., 0, 0., 0, 0., 0, 0., 0, 0., 0, 0., 0, 0., 73, 46.794871794871796, 0, 0., 4, 2.5641025641025643, 0, 0., 0, 0., 0, 0., 146, 144, 290, 156, 0.5379310344827586
, generated\gt\sample_000521.krn, generated\xml_trimmed_homr\sample_000521.xml, 0, 0., 63, 35.59322033898305, 0, 0., 14, 7.909604519774011, 0, 0., 0, 0., 2, 1.1299435028248588, 0, 0., 0, 0., 2, 1.1299435028248588, 7, 3.9548022598870056, 1, 0.5649717514124294, 0, 0., 2, 1.1299435028248588, 0, 0., 0, 0., 0, 0., 0, 0., 0, 0., 0, 0., 0, 0., 0, 0., 3, 1.694915254237288, 0, 0., 0, 0., 0, 0., 0, 0., 0, 0., 0, 0., 0, 0., 0, 0., 0, 0., 0, 0., 79, 44.632768361581924, 0, 0., 4, 2.2598870056497176, 0, 0., 0, 0., 0, 0., 176, 153, 329, 177, 0.5379939209726444
, generated\gt\sample_000559.krn, generated\xml_trimmed_homr\sample_000559.xml, 0, 0., 160, 69.86899563318778, 0, 0., 56, 24.45414847161572, 0, 0., 0, 0., 3, 1.3100436681222707, 0, 0., 0, 0., 0, 0., 0, 0., 0, 0., 0, 0., 0, 0., 0, 0., 0, 0., 0, 0., 0, 0., 0, 0., 0, 0., 0, 0., 0, 0., 10, 4.366812227074236, 0, 0., 0, 0., 0, 0., 0, 0., 0, 0., 0, 0., 0, 0., 0, 0., 0, 0., 0, 0., 0, 0., 0, 0., 0, 0., 0, 0., 0, 0., 0, 0., 218, 207, 425, 229, 0.5388235294117647
, generated\gt\sample_000165.krn, generated\xml_trimmed_homr\sample_000165.xml, 0, 0., 152, 46.20060790273556, 0, 0., 40, 12.158054711246201, 0, 0., 0, 0., 0, 0., 0, 0., 0, 0., 0, 0., 0, 0., 0, 0., 0, 0., 1, 0.303951367781155, 4, 1.21580547112462, 0, 0., 0, 0., 2, 0.60790273556231, 0, 0., 0, 0., 0, 0., 0, 0., 0, 0., 0, 0., 0, 0., 0, 0., 0, 0., 0, 0., 0, 0., 0, 0., 0, 0., 0, 0., 0, 0., 126, 38.297872340425535, 0, 0., 4, 1.21580547112462, 0, 0., 0, 0., 0, 0., 310, 299, 609, 329, 0.5402298850574713
, generated\gt\sample_000248.krn, generated\xml_trimmed_homr\sample_000248.xml, 0, 0., 88, 39.81900452488688, 0, 0., 6, 2.7149321266968327, 1, 0.45248868778280543, 0, 0., 8, 3.6199095022624435, 0, 0., 0, 0., 1, 0.45248868778280543, 1, 0.45248868778280543, 0, 0., 0, 0., 2, 0.9049773755656109, 0, 0., 0, 0., 0, 0., 0, 0., 0, 0., 0, 0., 0, 0., 0, 0., 6, 2.7149321266968327, 0, 0., 0, 0., 0, 0., 0, 0., 0, 0., 0, 0., 0, 0., 0, 0., 0, 0., 0, 0., 104, 47.05882352941177, 0, 0., 4, 1.8099547511312217, 0, 0., 0, 0., 0, 0., 228, 181, 409, 221, 0.5403422982885085
, generated\gt\sample_000279.krn, generated\xml_trimmed_homr\sample_000279.xml, 0, 0., 57, 33.13953488372093, 0, 0., 24, 13.953488372093023, 0, 0., 0, 0., 5, 2.9069767441860463, 0, 0., 0, 0., 0, 0., 0, 0., 0, 0., 0, 0., 1, 0.5813953488372093, 3, 1.744186046511628, 0, 0., 0, 0., 2, 1.1627906976744187, 0, 0., 0, 0., 0, 0., 0, 0., 1, 0.5813953488372093, 0, 0., 0, 0., 0, 0., 0, 0., 0, 0., 0, 0., 0, 0., 0, 0., 0, 0., 0, 0., 75, 43.604651162790695, 0, 0., 4, 2.3255813953488373, 0, 0., 0, 0., 0, 0., 173, 145, 318, 172, 0.5408805031446541
, generated\gt\sample_000209.krn, generated\xml_trimmed_homr\sample_000209.xml, 0, 0., 82, 47.953216374269005, 0, 0., 10, 5.847953216374269, 0, 0., 0, 0., 2, 1.1695906432748537, 0, 0., 0, 0., 0, 0., 1, 0.5847953216374269, 0, 0., 0, 0., 0, 0., 2, 1.1695906432748537, 0, 0., 0, 0., 0, 0., 0, 0., 0, 0., 0, 0., 0, 0., 4, 2.3391812865497075, 0, 0., 0, 0., 0, 0., 0, 0., 0, 0., 0, 0., 0, 0., 0, 0., 0, 0., 0, 0., 66, 38.59649122807018, 0, 0., 4, 2.3391812865497075, 0, 0., 0, 0., 0, 0., 156, 160, 316, 171, 0.5411392405063291
, generated\gt\sample_000650.krn, generated\xml_trimmed_homr\sample_000650.xml, 0, 0., 138, 42.073170731707314, 0, 0., 80, 24.390243902439025, 0, 0., 2, 0.6097560975609756, 14, 4.2682926829268295, 0, 0., 0, 0., 0, 0., 0, 0., 0, 0., 0, 0., 1, 0.3048780487804878, 2, 0.6097560975609756, 0, 0., 0, 0., 0, 0., 0, 0., 0, 0., 0, 0., 0, 0., 0, 0., 0, 0., 0, 0., 0, 0., 0, 0., 0, 0., 0, 0., 0, 0., 0, 0., 0, 0., 0, 0., 87, 26.524390243902438, 0, 0., 4, 1.2195121951219512, 0, 0., 0, 0., 0, 0., 316, 290, 606, 328, 0.5412541254125413
, generated\gt\sample_000522.krn, generated\xml_trimmed_homr\sample_000522.xml, 0, 0., 105, 43.75, 0, 0., 19, 7.916666666666667, 0, 0., 0, 0., 3, 1.25, 0, 0., 0, 0., 2, 0.8333333333333334, 2, 0.8333333333333334, 0, 0., 0, 0., 1, 0.4166666666666667, 2, 0.8333333333333334, 0, 0., 0, 0., 0, 0., 0, 0., 0, 0., 0, 0., 0, 0., 3, 1.25, 0, 0., 0, 0., 0, 0., 0, 0., 0, 0., 0, 0., 0, 0., 0, 0., 0, 0., 0, 0., 99, 41.25, 0, 0., 4, 1.6666666666666667, 0, 0., 0, 0., 0, 0., 235, 208, 443, 240, 0.5417607223476298
, generated\gt\sample_000382.krn, generated\xml_trimmed_homr\sample_000382.xml, 0, 0., 101, 34.23728813559322, 0, 0., 28, 9.491525423728813, 0, 0., 0, 0., 9, 3.0508474576271185, 0, 0., 0, 0., 0, 0., 0, 0., 0, 0., 0, 0., 5, 1.694915254237288, 1, 0.3389830508474576, 0, 0., 0, 0., 0, 0., 0, 0., 0, 0., 0, 0., 0, 0., 19, 6.440677966101695, 0, 0., 0, 0., 0, 0., 0, 0., 0, 0., 0, 0., 0, 0., 0, 0., 0, 0., 0, 0., 128, 43.389830508474574, 0, 0., 4, 1.3559322033898304, 0, 0., 0, 0., 0, 0., 299, 244, 543, 295, 0.5432780847145487
, generated\gt\sample_000670.krn, generated\xml_trimmed_homr\sample_000670.xml, 0, 0., 81, 35.68281938325991, 0, 0., 30, 13.215859030837004, 0, 0., 0, 0., 6, 2.643171806167401, 0, 0., 0, 0., 0, 0., 0, 0., 4, 1.7621145374449338, 0, 0., 1, 0.44052863436123346, 2, 0.8810572687224669, 0, 0., 0, 0., 0, 0., 0, 0., 0, 0., 0, 0., 0, 0., 4, 1.7621145374449338, 0, 0., 0, 0., 0, 0., 0, 0., 0, 0., 0, 0., 0, 0., 0, 0., 0, 0., 0, 0., 95, 41.85022026431718, 0, 0., 4, 1.7621145374449338, 0, 0., 0, 0., 0, 0., 225, 192, 417, 227, 0.5443645083932853
, generated\gt\sample_000436.krn, generated\xml_trimmed_homr\sample_000436.xml, 0, 0., 114, 45.6, 0, 0., 23, 9.2, 0, 0., 2, 0.8, 5, 2.0, 0, 0., 0, 0., 0, 0., 2, 0.8, 3, 1.2, 0, 0., 1, 0.4, 2, 0.8, 0, 0., 0, 0., 0, 0., 0, 0., 0, 0., 0, 0., 0, 0., 7, 2.8, 0, 0., 0, 0., 0, 0., 0, 0., 0, 0., 0, 0., 0, 0., 0, 0., 0, 0., 0, 0., 87, 34.8, 0, 0., 4, 1.6, 0, 0., 0, 0., 0, 0., 248, 211, 459, 250, 0.5446623093681917
, generated\gt\sample_000017.krn, generated\xml_trimmed_homr\sample_000017.xml, 0, 0., 112, 37.71043771043771, 2, 0.6734006734006734, 0, 0., 1, 0.3367003367003367, 0, 0., 4, 1.3468013468013469, 0, 0., 0, 0., 1, 0.3367003367003367, 28, 9.427609427609427, 0, 0., 0, 0., 3, 1.0101010101010102, 4, 1.3468013468013469, 0, 0., 0, 0., 0, 0., 0, 0., 0, 0., 0, 0., 0, 0., 0, 0., 0, 0., 0, 0., 0, 0., 0, 0., 0, 0., 0, 0., 0, 0., 0, 0., 0, 0., 36, 12.121212121212121, 102, 34.343434343434346, 0, 0., 4, 1.3468013468013469, 0, 0., 0, 0., 0, 0., 263, 282, 545, 297, 0.544954128440367
, generated\gt\sample_000196.krn, generated\xml_trimmed_homr\sample_000196.xml, 0, 0., 66, 37.07865168539326, 0, 0., 13, 7.303370786516854, 0, 0., 0, 0., 0, 0., 0, 0., 0, 0., 1, 0.5617977528089888, 1, 0.5617977528089888, 0, 0., 0, 0., 1, 0.5617977528089888, 0, 0., 0, 0., 0, 0., 0, 0., 0, 0., 0, 0., 0, 0., 0, 0., 7, 3.932584269662921, 0, 0., 0, 0., 0, 0., 0, 0., 0, 0., 0, 0., 0, 0., 0, 0., 0, 0., 0, 0., 85, 47.752808988764045, 0, 0., 4, 2.247191011235955, 0, 0., 0, 0., 0, 0., 177, 149, 326, 178, 0.5460122699386503
, generated\gt\sample_000272.krn, generated\xml_trimmed_homr\sample_000272.xml, 0, 0., 185, 40.130151843817785, 0, 0., 83, 18.004338394793926, 0, 0., 0, 0., 6, 1.3015184381778742, 0, 0., 0, 0., 0, 0., 0, 0., 0, 0., 0, 0., 1, 0.21691973969631237, 2, 0.43383947939262474, 0, 0., 0, 0., 0, 0., 0, 0., 0, 0., 0, 0., 0, 0., 13, 2.819956616052061, 0, 0., 0, 0., 0, 0., 0, 0., 0, 0., 0, 0., 0, 0., 0, 0., 0, 0., 0, 0., 167, 36.22559652928417, 0, 0., 4, 0.8676789587852495, 0, 0., 0, 0., 0, 0., 439, 405, 844, 461, 0.5462085308056872
, generated\gt\sample_000441.krn, generated\xml_trimmed_homr\sample_000441.xml, 0, 0., 62, 40.78947368421053, 0, 0., 10, 6.578947368421052, 0, 0., 2, 1.3157894736842106, 2, 1.3157894736842106, 0, 0., 0, 0., 0, 0., 7, 4.605263157894737, 0, 0., 0, 0., 1, 0.6578947368421053, 0, 0., 0, 0., 0, 0., 0, 0., 0, 0., 0, 0., 0, 0., 0, 0., 2, 1.3157894736842106, 0, 0., 0, 0., 0, 0., 0, 0., 0, 0., 0, 0., 0, 0., 0, 0., 0, 0., 0, 0., 62, 40.78947368421053, 0, 0., 4, 2.6315789473684212, 0, 0., 0, 0., 0, 0., 146, 130, 276, 152, 0.5507246376811594
, generated\gt\sample_000610.krn, generated\xml_trimmed_homr\sample_000610.xml, 0, 0., 40, 26.31578947368421, 0, 0., 22, 14.473684210526315, 0, 0., 0, 0., 15, 9.868421052631579, 0, 0., 0, 0., 0, 0., 1, 0.6578947368421053, 0, 0., 0, 0., 1, 0.6578947368421053, 2, 1.3157894736842106, 0, 0., 0, 0., 0, 0., 0, 0., 0, 0., 0, 0., 0, 0., 3, 1.9736842105263157, 0, 0., 0, 0., 0, 0., 0, 0., 0, 0., 0, 0., 0, 0., 0, 0., 0, 0., 0, 0., 64, 42.10526315789474, 0, 0., 4, 2.6315789473684212, 0, 0., 0, 0., 0, 0., 161, 115, 276, 152, 0.5507246376811594
, generated\gt\sample_000107.krn, generated\xml_trimmed_homr\sample_000107.xml, 0, 0., 68, 33.00970873786408, 0, 0., 44, 21.359223300970875, 0, 0., 0, 0., 3, 1.4563106796116505, 0, 0., 0, 0., 0, 0., 0, 0., 0, 0., 0, 0., 3, 1.4563106796116505, 2, 0.970873786407767, 0, 0., 0, 0., 0, 0., 0, 0., 0, 0., 0, 0., 0, 0., 2, 0.970873786407767, 0, 0., 0, 0., 0, 0., 0, 0., 0, 0., 0, 0., 0, 0., 0, 0., 0, 0., 0, 0., 80, 38.83495145631068, 0, 0., 4, 1.941747572815534, 0, 0., 0, 0., 0, 0., 197, 177, 374, 206, 0.5508021390374331
, generated\gt\sample_000296.krn, generated\xml_trimmed_homr\sample_000296.xml, 0, 0., 91, 28.980891719745223, 0, 0., 0, 0., 0, 0., 0, 0., 4, 1.2738853503184713, 0, 0., 0, 0., 0, 0., 8, 2.5477707006369426, 0, 0., 0, 0., 3, 0.9554140127388535, 4, 1.2738853503184713, 0, 0., 0, 0., 0, 0., 0, 0., 0, 0., 0, 0., 0, 0., 0, 0., 0, 0., 0, 0., 0, 0., 0, 0., 0, 0., 0, 0., 0, 0., 0, 0., 0, 0., 92, 29.29936305732484, 108, 34.394904458598724, 0, 0., 4, 1.2738853503184713, 0, 0., 0, 0., 0, 0., 289, 281, 570, 314, 0.5508771929824562
, generated\gt\sample_000059.krn, generated\xml_trimmed_homr\sample_000059.xml, 0, 0., 125, 47.16981132075472, 0, 0., 34, 12.830188679245284, 0, 0., 0, 0., 0, 0., 0, 0., 0, 0., 0, 0., 0, 0., 0, 0., 0, 0., 1, 0.37735849056603776, 4, 1.509433962264151, 0, 0., 0, 0., 2, 0.7547169811320755, 0, 0., 0, 0., 0, 0., 0, 0., 2, 0.7547169811320755, 0, 0., 0, 0., 0, 0., 0, 0., 0, 0., 0, 0., 0, 0., 0, 0., 0, 0., 0, 0., 93, 35.094339622641506, 0, 0., 4, 1.509433962264151, 0, 0., 0, 0., 0, 0., 249, 232, 481, 265, 0.5509355509355509
, generated\gt\sample_000406.krn, generated\xml_trimmed_homr\sample_000406.xml, 0, 0., 57, 33.92857142857143, 0, 0., 0, 0., 0, 0., 0, 0., 4, 2.380952380952381, 0, 0., 0, 0., 0, 0., 1, 0.5952380952380952, 0, 0., 0, 0., 1, 0.5952380952380952, 2, 1.1904761904761905, 1, 0.5952380952380952, 0, 0., 0, 0., 0, 0., 0, 0., 0, 0., 0, 0., 0, 0., 0, 0., 0, 0., 0, 0., 0, 0., 0, 0., 0, 0., 0, 0., 0, 0., 0, 0., 29, 17.261904761904763, 69, 41.07142857142857, 0, 0., 4, 2.380952380952381, 0, 0., 0, 0., 0, 0., 154, 150, 304, 168, 0.5526315789473685
, generated\gt\sample_000275.krn, generated\xml_trimmed_homr\sample_000275.xml, 0, 0., 156, 38.90274314214464, 0, 0., 129, 32.16957605985037, 0, 0., 0, 0., 3, 0.7481296758104738, 0, 0., 0, 0., 0, 0., 0, 0., 0, 0., 0, 0., 3, 0.7481296758104738, 2, 0.49875311720698257, 0, 0., 0, 0., 0, 0., 0, 0., 0, 0., 0, 0., 0, 0., 6, 1.4962593516209477, 0, 0., 0, 0., 0, 0., 0, 0., 0, 0., 0, 0., 0, 0., 0, 0., 0, 0., 0, 0., 98, 24.438902743142144, 0, 0., 4, 0.9975062344139651, 0, 0., 0, 0., 0, 0., 372, 352, 724, 401, 0.5538674033149171
, generated\gt\sample_000115.krn, generated\xml_trimmed_homr\sample_000115.xml, 0, 0., 91, 30.132450331125828, 2, 0.6622516556291391, 35, 11.589403973509933, 1, 0.33112582781456956, 0, 0., 0, 0., 0, 0., 0, 0., 0, 0., 1, 0.33112582781456956, 0, 0., 0, 0., 2, 0.6622516556291391, 2, 0.6622516556291391, 0, 0., 0, 0., 0, 0., 0, 0., 0, 0., 0, 0., 0, 0., 0, 0., 0, 0., 0, 0., 0, 0., 0, 0., 0, 0., 0, 0., 0, 0., 0, 0., 0, 0., 61, 20.198675496688743, 103, 34.10596026490066, 0, 0., 4, 1.3245033112582782, 0, 0., 0, 0., 0, 0., 278, 267, 545, 302, 0.5541284403669725
, generated\gt\sample_000360.krn, generated\xml_trimmed_homr\sample_000360.xml, 0, 0., 106, 31.085043988269796, 0, 0., 107, 31.378299120234605, 0, 0., 0, 0., 4, 1.1730205278592376, 0, 0., 0, 0., 0, 0., 0, 0., 0, 0., 0, 0., 2, 0.5865102639296188, 2, 0.5865102639296188, 0, 0., 0, 0., 0, 0., 0, 0., 0, 0., 0, 0., 0, 0., 1, 0.2932551319648094, 0, 0., 0, 0., 0, 0., 0, 0., 0, 0., 0, 0., 0, 0., 0, 0., 0, 0., 0, 0., 115, 33.72434017595308, 0, 0., 4, 1.1730205278592376, 0, 0., 0, 0., 0, 0., 316, 298, 614, 341, 0.5553745928338762
, generated\gt\sample_000082.krn, generated\xml_trimmed_homr\sample_000082.xml, 0, 0., 144, 42.857142857142854, 0, 0., 25, 7.440476190476191, 0, 0., 0, 0., 4, 1.1904761904761905, 0, 0., 0, 0., 6, 1.7857142857142858, 0, 0., 1, 0.2976190476190476, 0, 0., 1, 0.2976190476190476, 1, 0.2976190476190476, 0, 0., 0, 0., 0, 0., 0, 0., 0, 0., 0, 0., 0, 0., 8, 2.380952380952381, 0, 0., 0, 0., 0, 0., 0, 0., 0, 0., 0, 0., 0, 0., 0, 0., 0, 0., 0, 0., 142, 42.26190476190476, 0, 0., 4, 1.1904761904761905, 0, 0., 0, 0., 0, 0., 320, 284, 604, 336, 0.5562913907284768
, generated\gt\sample_000605.krn, generated\xml_trimmed_homr\sample_000605.xml, 0, 0., 90, 35.714285714285715, 0, 0., 42, 16.666666666666668, 0, 0., 0, 0., 5, 1.9841269841269842, 0, 0., 0, 0., 2, 0.7936507936507936, 1, 0.3968253968253968, 0, 0., 0, 0., 1, 0.3968253968253968, 0, 0., 0, 0., 0, 0., 1, 0.3968253968253968, 0, 0., 0, 0., 0, 0., 0, 0., 3, 1.1904761904761905, 0, 0., 0, 0., 0, 0., 0, 0., 0, 0., 0, 0., 0, 0., 0, 0., 0, 0., 0, 0., 103, 40.87301587301587, 0, 0., 4, 1.5873015873015872, 0, 0., 0, 0., 0, 0., 239, 214, 453, 252, 0.5562913907284768
, generated\gt\sample_000571.krn, generated\xml_trimmed_homr\sample_000571.xml, 0, 0., 108, 34.50479233226837, 0, 0., 68, 21.72523961661342, 0, 0., 0, 0., 2, 0.6389776357827476, 0, 0., 0, 0., 6, 1.9169329073482428, 0, 0., 0, 0., 0, 0., 1, 0.3194888178913738, 2, 0.6389776357827476, 0, 0., 0, 0., 0, 0., 0, 0., 0, 0., 0, 0., 0, 0., 1, 0.3194888178913738, 0, 0., 0, 0., 0, 0., 0, 0., 0, 0., 0, 0., 0, 0., 0, 0., 0, 0., 0, 0., 121, 38.65814696485623, 0, 0., 4, 1.2779552715654952, 0, 0., 0, 0., 0, 0., 294, 267, 561, 313, 0.5579322638146168
, generated\gt\sample_000303.krn, generated\xml_trimmed_homr\sample_000303.xml, 0, 0., 134, 41.23076923076923, 0, 0., 23, 7.076923076923077, 0, 0., 0, 0., 5, 1.5384615384615385, 0, 0., 0, 0., 1, 0.3076923076923077, 0, 0., 0, 0., 0, 0., 1, 0.3076923076923077, 2, 0.6153846153846154, 0, 0., 0, 0., 0, 0., 0, 0., 0, 0., 0, 0., 0, 0., 4, 1.2307692307692308, 0, 0., 0, 0., 0, 0., 0, 0., 0, 0., 0, 0., 0, 0., 0, 0., 0, 0., 0, 0., 151, 46.46153846153846, 0, 0., 4, 1.2307692307692308, 0, 0., 0, 0., 0, 0., 307, 275, 582, 325, 0.5584192439862543
, generated\gt\sample_000574.krn, generated\xml_trimmed_homr\sample_000574.xml, 0, 0., 93, 35.361216730038024, 0, 0., 47, 17.870722433460077, 0, 0., 0, 0., 5, 1.9011406844106464, 0, 0., 0, 0., 3, 1.1406844106463878, 0, 0., 0, 0., 0, 0., 1, 0.38022813688212925, 0, 0., 0, 0., 0, 0., 4, 1.520912547528517, 0, 0., 0, 0., 0, 0., 0, 0., 1, 0.38022813688212925, 0, 0., 0, 0., 0, 0., 0, 0., 0, 0., 0, 0., 0, 0., 0, 0., 0, 0., 0, 0., 105, 39.92395437262358, 0, 0., 4, 1.520912547528517, 0, 0., 0, 0., 0, 0., 247, 223, 470, 263, 0.5595744680851064
, generated\gt\sample_000342.krn, generated\xml_trimmed_homr\sample_000342.xml, 0, 0., 71, 39.226519337016576, 0, 0., 16, 8.839779005524862, 0, 0., 0, 0., 0, 0., 0, 0., 0, 0., 0, 0., 0, 0., 0, 0., 0, 0., 3, 1.6574585635359116, 0, 0., 0, 0., 0, 0., 0, 0., 0, 0., 0, 0., 0, 0., 0, 0., 6, 3.314917127071823, 0, 0., 0, 0., 0, 0., 0, 0., 0, 0., 0, 0., 0, 0., 0, 0., 0, 0., 0, 0., 81, 44.751381215469614, 0, 0., 4, 2.2099447513812156, 0, 0., 0, 0., 0, 0., 170, 153, 323, 181, 0.5603715170278638
, generated\gt\sample_000244.krn, generated\xml_trimmed_homr\sample_000244.xml, 0, 0., 192, 55.97667638483965, 0, 0., 30, 8.746355685131196, 0, 0., 29, 8.454810495626822, 10, 2.9154518950437316, 0, 0., 0, 0., 0, 0., 0, 0., 0, 0., 0, 0., 1, 0.2915451895043732, 2, 0.5830903790087464, 0, 0., 0, 0., 0, 0., 0, 0., 0, 0., 0, 0., 0, 0., 4, 1.1661807580174928, 0, 0., 0, 0., 0, 0., 0, 0., 0, 0., 0, 0., 0, 0., 0, 0., 0, 0., 0, 0., 71, 20.699708454810494, 0, 0., 4, 1.1661807580174928, 0, 0., 0, 0., 0, 0., 344, 267, 611, 343, 0.5613747954173486
, generated\gt\sample_000185.krn, generated\xml_trimmed_homr\sample_000185.xml, 0, 0., 64, 36.994219653179194, 0, 0., 24, 13.872832369942197, 0, 0., 0, 0., 0, 0., 0, 0., 0, 0., 0, 0., 0, 0., 2, 1.1560693641618498, 0, 0., 2, 1.1560693641618498, 1, 0.5780346820809249, 0, 0., 0, 0., 0, 0., 0, 0., 0, 0., 0, 0., 0, 0., 2, 1.1560693641618498, 0, 0., 0, 0., 0, 0., 0, 0., 0, 0., 0, 0., 0, 0., 0, 0., 0, 0., 0, 0., 74, 42.774566473988436, 0, 0., 4, 2.3121387283236996, 0, 0., 0, 0., 0, 0., 161, 146, 307, 173, 0.5635179153094463
, generated\gt\sample_000412.krn, generated\xml_trimmed_homr\sample_000412.xml, 0, 0., 121, 41.016949152542374, 0, 0., 24, 8.135593220338983, 0, 0., 0, 0., 7, 2.3728813559322033, 0, 0., 0, 0., 12, 4.067796610169491, 3, 1.0169491525423728, 1, 0.3389830508474576, 0, 0., 1, 0.3389830508474576, 2, 0.6779661016949152, 0, 0., 0, 0., 0, 0., 0, 0., 0, 0., 0, 0., 0, 0., 0, 0., 0, 0., 0, 0., 0, 0., 0, 0., 0, 0., 0, 0., 0, 0., 0, 0., 0, 0., 0, 0., 120, 40.67796610169491, 0, 0., 4, 1.3559322033898304, 0, 0., 0, 0., 0, 0., 281, 242, 523, 295, 0.5640535372848948
, generated\gt\sample_000148.krn, generated\xml_trimmed_homr\sample_000148.xml, 0, 0., 142, 45.22292993630573, 0, 0., 64, 20.38216560509554, 0, 0., 0, 0., 5, 1.5923566878980893, 0, 0., 0, 0., 0, 0., 0, 0., 0, 0., 0, 0., 1, 0.3184713375796178, 2, 0.6369426751592356, 0, 0., 0, 0., 0, 0., 0, 0., 0, 0., 0, 0., 0, 0., 0, 0., 0, 0., 0, 0., 0, 0., 0, 0., 0, 0., 0, 0., 0, 0., 0, 0., 0, 0., 0, 0., 96, 30.573248407643312, 0, 0., 4, 1.2738853503184713, 0, 0., 0, 0., 0, 0., 292, 264, 556, 314, 0.564748201438849
, generated\gt\sample_000251.krn, generated\xml_trimmed_homr\sample_000251.xml, 0, 0., 87, 39.908256880733944, 0, 0., 6, 2.7522935779816513, 0, 0., 0, 0., 9, 4.128440366972477, 0, 0., 0, 0., 1, 0.45871559633027525, 2, 0.9174311926605505, 0, 0., 0, 0., 1, 0.45871559633027525, 2, 0.9174311926605505, 0, 0., 0, 0., 0, 0., 0, 0., 0, 0., 0, 0., 0, 0., 5, 2.293577981651376, 0, 0., 0, 0., 0, 0., 0, 0., 0, 0., 0, 0., 0, 0., 0, 0., 0, 0., 0, 0., 101, 46.330275229357795, 0, 0., 4, 1.834862385321101, 0, 0., 0, 0., 0, 0., 213, 173, 386, 218, 0.5647668393782384
, generated\gt\sample_000548.krn, generated\xml_trimmed_homr\sample_000548.xml, 0, 0., 135, 45.608108108108105, 0, 0., 73, 24.66216216216216, 0, 0., 0, 0., 3, 1.0135135135135136, 0, 0., 0, 0., 0, 0., 0, 0., 1, 0.33783783783783783, 0, 0., 3, 1.0135135135135136, 2, 0.6756756756756757, 0, 0., 0, 0., 0, 0., 0, 0., 0, 0., 0, 0., 0, 0., 5, 1.6891891891891893, 0, 0., 0, 0., 0, 0., 0, 0., 0, 0., 0, 0., 0, 0., 0, 0., 0, 0., 0, 0., 70, 23.64864864864865, 0, 0., 4, 1.3513513513513513, 0, 0., 0, 0., 0, 0., 285, 239, 524, 296, 0.5648854961832062
, generated\gt\sample_000061.krn, generated\xml_trimmed_homr\sample_000061.xml, 0, 0., 154, 69.68325791855203, 0, 0., 0, 0., 0, 0., 0, 0., 0, 0., 0, 0., 0, 0., 4, 1.8099547511312217, 0, 0., 1, 0.45248868778280543, 0, 0., 1, 0.45248868778280543, 0, 0., 0, 0., 0, 0., 2, 0.9049773755656109, 0, 0., 0, 0., 0, 0., 0, 0., 0, 0., 0, 0., 0, 0., 0, 0., 0, 0., 0, 0., 0, 0., 0, 0., 0, 0., 0, 0., 0, 0., 55, 24.8868778280543, 0, 0., 4, 1.8099547511312217, 0, 0., 0, 0., 0, 0., 202, 189, 391, 221, 0.5652173913043478
, generated\gt\sample_000103.krn, generated\xml_trimmed_homr\sample_000103.xml, 0, 0., 93, 37.80487804878049, 0, 0., 8, 3.252032520325203, 0, 0., 0, 0., 7, 2.845528455284553, 0, 0., 0, 0., 8, 3.252032520325203, 3, 1.2195121951219512, 0, 0., 0, 0., 1, 0.4065040650406504, 2, 0.8130081300813008, 0, 0., 0, 0., 0, 0., 0, 0., 0, 0., 0, 0., 0, 0., 4, 1.6260162601626016, 0, 0., 0, 0., 2, 0.8130081300813008, 0, 0., 0, 0., 0, 0., 0, 0., 0, 0., 0, 0., 0, 0., 114, 46.34146341463415, 0, 0., 4, 1.6260162601626016, 0, 0., 0, 0., 0, 0., 238, 197, 435, 246, 0.5655172413793104
, generated\gt\sample_000438.krn, generated\xml_trimmed_homr\sample_000438.xml, 0, 0., 40, 20.304568527918782, 0, 0., 22, 11.16751269035533, 0, 0., 3, 1.5228426395939085, 5, 2.5380710659898478, 0, 0., 0, 0., 0, 0., 0, 0., 0, 0., 0, 0., 0, 0., 0, 0., 0, 0., 0, 0., 0, 0., 0, 0., 0, 0., 0, 0., 0, 0., 5, 2.5380710659898478, 0, 0., 0, 0., 0, 0., 0, 0., 0, 0., 0, 0., 0, 0., 0, 0., 0, 0., 122, 61.92893401015228, 0, 0., 0, 0., 0, 0., 0, 0., 0, 0., 0, 0., 147, 199, 346, 197, 0.569364161849711
, generated\gt\sample_000105.krn, generated\xml_trimmed_homr\sample_000105.xml, 0, 0., 57, 33.13953488372093, 0, 0., 36, 20.930232558139537, 0, 0., 0, 0., 0, 0., 0, 0., 0, 0., 0, 0., 0, 0., 2, 1.1627906976744187, 0, 0., 1, 0.5813953488372093, 4, 2.3255813953488373, 0, 0., 0, 0., 0, 0., 0, 0., 0, 0., 0, 0., 0, 0., 3, 1.744186046511628, 0, 0., 0, 0., 0, 0., 0, 0., 0, 0., 0, 0., 0, 0., 0, 0., 0, 0., 0, 0., 65, 37.7906976744186, 0, 0., 4, 2.3255813953488373, 0, 0., 0, 0., 0, 0., 158, 144, 302, 172, 0.5695364238410596
, generated\gt\sample_000531.krn, generated\xml_trimmed_homr\sample_000531.xml, 0, 0., 184, 42.89044289044289, 0, 0., 0, 0., 0, 0., 0, 0., 2, 0.4662004662004662, 0, 0., 0, 0., 0, 0., 0, 0., 0, 0., 0, 0., 3, 0.6993006993006993, 4, 0.9324009324009324, 0, 0., 0, 0., 0, 0., 0, 0., 0, 0., 0, 0., 0, 0., 0, 0., 0, 0., 0, 0., 0, 0., 0, 0., 0, 0., 0, 0., 0, 0., 0, 0., 0, 0., 96, 22.377622377622377, 136, 31.7016317016317, 0, 0., 4, 0.9324009324009324, 0, 0., 0, 0., 0, 0., 372, 381, 753, 429, 0.5697211155378487
, generated\gt\sample_000473.krn, generated\xml_trimmed_homr\sample_000473.xml, 0, 0., 104, 37.01067615658363, 0, 0., 52, 18.505338078291814, 0, 0., 0, 0., 0, 0., 0, 0., 0, 0., 4, 1.4234875444839858, 0, 0., 0, 0., 0, 0., 1, 0.35587188612099646, 2, 0.7117437722419929, 0, 0., 0, 0., 2, 0.7117437722419929, 0, 0., 0, 0., 0, 0., 0, 0., 0, 0., 0, 0., 0, 0., 0, 0., 0, 0., 0, 0., 0, 0., 0, 0., 0, 0., 0, 0., 0, 0., 112, 39.8576512455516, 0, 0., 4, 1.4234875444839858, 0, 0., 0, 0., 0, 0., 256, 237, 493, 281, 0.5699797160243407
, generated\gt\sample_000400.krn, generated\xml_trimmed_homr\sample_000400.xml, 0, 0., 76, 37.4384236453202, 0, 0., 18, 8.866995073891626, 0, 0., 0, 0., 7, 3.4482758620689653, 0, 0., 0, 0., 0, 0., 1, 0.49261083743842365, 0, 0., 0, 0., 1, 0.49261083743842365, 0, 0., 0, 0., 0, 0., 2, 0.9852216748768473, 0, 0., 0, 0., 0, 0., 0, 0., 3, 1.477832512315271, 0, 0., 0, 0., 0, 0., 0, 0., 0, 0., 0, 0., 0, 0., 0, 0., 0, 0., 0, 0., 91, 44.827586206896555, 0, 0., 4, 1.9704433497536946, 0, 0., 0, 0., 0, 0., 192, 164, 356, 203, 0.5702247191011236
, generated\gt\sample_000175.krn, generated\xml_trimmed_homr\sample_000175.xml, 0, 0., 69, 38.12154696132597, 0, 0., 24, 13.259668508287293, 0, 0., 0, 0., 0, 0., 0, 0., 0, 0., 3, 1.6574585635359116, 0, 0., 0, 0., 0, 0., 1, 0.5524861878453039, 0, 0., 0, 0., 0, 0., 1, 0.5524861878453039, 0, 0., 0, 0., 0, 0., 0, 0., 1, 0.5524861878453039, 0, 0., 0, 0., 0, 0., 0, 0., 0, 0., 0, 0., 0, 0., 0, 0., 0, 0., 0, 0., 78, 43.0939226519337, 0, 0., 4, 2.2099447513812156, 0, 0., 0, 0., 0, 0., 166, 151, 317, 181, 0.5709779179810726
, generated\gt\sample_000001.krn, generated\xml_trimmed_homr\sample_000001.xml, 0, 0., 119, 38.51132686084142, 0, 0., 66, 21.359223300970875, 0, 0., 0, 0., 0, 0., 0, 0., 0, 0., 0, 0., 14, 4.53074433656958, 0, 0., 0, 0., 1, 0.32362459546925565, 2, 0.6472491909385113, 0, 0., 0, 0., 0, 0., 0, 0., 0, 0., 0, 0., 0, 0., 7, 2.26537216828479, 0, 0., 0, 0., 0, 0., 0, 0., 0, 0., 0, 0., 0, 0., 0, 0., 0, 0., 0, 0., 96, 31.067961165048544, 0, 0., 4, 1.2944983818770226, 0, 0., 0, 0., 0, 0., 294, 247, 541, 309, 0.5711645101663586
, generated\gt\sample_000178.krn, generated\xml_trimmed_homr\sample_000178.xml, 0, 0., 186, 43.45794392523364, 0, 0., 76, 17.757009345794394, 0, 0., 0, 0., 6, 1.4018691588785046, 0, 0., 0, 0., 10, 2.336448598130841, 0, 0., 0, 0., 0, 0., 1, 0.2336448598130841, 2, 0.4672897196261682, 0, 0., 0, 0., 0, 0., 0, 0., 0, 0., 0, 0., 0, 0., 2, 0.4672897196261682, 0, 0., 0, 0., 0, 0., 0, 0., 0, 0., 0, 0., 0, 0., 0, 0., 0, 0., 0, 0., 141, 32.94392523364486, 0, 0., 4, 0.9345794392523364, 0, 0., 0, 0., 0, 0., 400, 348, 748, 428, 0.5721925133689839
, generated\gt\sample_000236.krn, generated\xml_trimmed_homr\sample_000236.xml, 0, 0., 122, 40.0, 0, 0., 16, 5.245901639344262, 0, 0., 0, 0., 0, 0., 0, 0., 0, 0., 0, 0., 0, 0., 1, 0.32786885245901637, 0, 0., 1, 0.32786885245901637, 2, 0.6557377049180327, 0, 0., 0, 0., 0, 0., 0, 0., 0, 0., 0, 0., 0, 0., 9, 2.9508196721311477, 0, 0., 0, 0., 0, 0., 0, 0., 0, 0., 0, 0., 0, 0., 0, 0., 0, 0., 0, 0., 150, 49.18032786885246, 0, 0., 4, 1.3114754098360655, 0, 0., 0, 0., 0, 0., 287, 246, 533, 305, 0.5722326454033771
, generated\gt\sample_000291.krn, generated\xml_trimmed_homr\sample_000291.xml, 0, 0., 141, 57.08502024291498, 0, 0., 0, 0., 0, 0., 0, 0., 8, 3.2388663967611335, 0, 0., 0, 0., 0, 0., 0, 0., 7, 2.834008097165992, 0, 0., 3, 1.214574898785425, 4, 1.6194331983805668, 0, 0., 0, 0., 0, 0., 0, 0., 0, 0., 0, 0., 0, 0., 0, 0., 0, 0., 0, 0., 0, 0., 0, 0., 0, 0., 0, 0., 0, 0., 0, 0., 0, 0., 0, 0., 80, 32.388663967611336, 0, 0., 4, 1.6194331983805668, 0, 0., 0, 0., 0, 0., 220, 211, 431, 247, 0.5730858468677494
, generated\gt\sample_000166.krn, generated\xml_trimmed_homr\sample_000166.xml, 0, 0., 193, 42.98440979955456, 0, 0., 88, 19.599109131403118, 0, 0., 0, 0., 31, 6.904231625835189, 0, 0., 0, 0., 6, 1.3363028953229399, 0, 0., 0, 0., 0, 0., 1, 0.22271714922049, 2, 0.44543429844098, 0, 0., 0, 0., 0, 0., 0, 0., 0, 0., 0, 0., 0, 0., 0, 0., 0, 0., 0, 0., 0, 0., 0, 0., 0, 0., 0, 0., 0, 0., 0, 0., 0, 0., 0, 0., 124, 27.616926503340757, 0, 0., 4, 0.89086859688196, 0, 0., 0, 0., 0, 0., 429, 354, 783, 449, 0.5734355044699873
, generated\gt\sample_000046.krn, generated\xml_trimmed_homr\sample_000046.xml, 0, 0., 217, 61.47308781869688, 2, 0.56657223796034, 33, 9.34844192634561, 1, 0.28328611898017, 0, 0., 4, 1.13314447592068, 0, 0., 0, 0., 0, 0., 0, 0., 0, 0., 0, 0., 3, 0.8498583569405099, 2, 0.56657223796034, 0, 0., 0, 0., 0, 0., 0, 0., 0, 0., 0, 0., 0, 0., 6, 1.6997167138810199, 0, 0., 0, 0., 0, 0., 0, 0., 0, 0., 0, 0., 0, 0., 0, 0., 0, 0., 0, 0., 81, 22.946175637393768, 0, 0., 4, 1.13314447592068, 0, 0., 0, 0., 0, 0., 321, 294, 615, 353, 0.5739837398373984
, generated\gt\sample_000677.krn, generated\xml_trimmed_homr\sample_000677.xml, 0, 0., 125, 36.231884057971016, 0, 0., 40, 11.594202898550725, 0, 0., 0, 0., 3, 0.8695652173913043, 0, 0., 0, 0., 0, 0., 1, 0.2898550724637681, 0, 0., 0, 0., 1, 0.2898550724637681, 4, 1.1594202898550725, 0, 0., 0, 0., 2, 0.5797101449275363, 0, 0., 0, 0., 0, 0., 0, 0., 12, 3.4782608695652173, 0, 0., 0, 0., 0, 0., 0, 0., 0, 0., 0, 0., 0, 0., 0, 0., 0, 0., 0, 0., 153, 44.34782608695652, 0, 0., 4, 1.1594202898550725, 0, 0., 0, 0., 0, 0., 325, 276, 601, 345, 0.5740432612312812
, generated\gt\sample_000669.krn, generated\xml_trimmed_homr\sample_000669.xml, 0, 0., 114, 36.774193548387096, 0, 0., 52, 16.774193548387096, 0, 0., 0, 0., 7, 2.2580645161290325, 0, 0., 0, 0., 0, 0., 1, 0.3225806451612903, 1, 0.3225806451612903, 0, 0., 1, 0.3225806451612903, 2, 0.6451612903225806, 0, 0., 0, 0., 0, 0., 0, 0., 0, 0., 0, 0., 0, 0., 4, 1.2903225806451613, 0, 0., 0, 0., 0, 0., 0, 0., 0, 0., 0, 0., 0, 0., 0, 0., 0, 0., 0, 0., 124, 40.0, 0, 0., 4, 1.2903225806451613, 0, 0., 0, 0., 0, 0., 283, 257, 540, 310, 0.5740740740740741
, generated\gt\sample_000334.krn, generated\xml_trimmed_homr\sample_000334.xml, 0, 0., 207, 54.90716180371353, 0, 0., 73, 19.363395225464192, 0, 0., 0, 0., 0, 0., 0, 0., 3, 0.7957559681697612, 2, 0.5305039787798409, 7, 1.856763925729443, 0, 0., 0, 0., 1, 0.26525198938992045, 0, 0., 0, 0., 0, 0., 0, 0., 0, 0., 0, 0., 0, 0., 0, 0., 11, 2.9177718832891246, 0, 0., 2, 0.5305039787798409, 0, 0., 0, 0., 0, 0., 0, 0., 0, 0., 0, 0., 0, 0., 0, 0., 67, 17.77188328912467, 0, 0., 4, 1.0610079575596818, 0, 0., 0, 0., 0, 0., 343, 312, 655, 377, 0.5755725190839694
, generated\gt\sample_000124.krn, generated\xml_trimmed_homr\sample_000124.xml, 0, 0., 93, 44.927536231884055, 0, 0., 6, 2.898550724637681, 0, 0., 0, 0., 5, 2.4154589371980677, 0, 0., 0, 0., 2, 0.966183574879227, 1, 0.4830917874396135, 0, 0., 0, 0., 1, 0.4830917874396135, 2, 0.966183574879227, 0, 0., 0, 0., 0, 0., 0, 0., 0, 0., 0, 0., 0, 0., 0, 0., 0, 0., 0, 0., 0, 0., 0, 0., 0, 0., 0, 0., 0, 0., 0, 0., 0, 0., 0, 0., 93, 44.927536231884055, 0, 0., 4, 1.932367149758454, 0, 0., 0, 0., 0, 0., 186, 173, 359, 207, 0.5766016713091922
, generated\gt\sample_000108.krn, generated\xml_trimmed_homr\sample_000108.xml, 0, 0., 68, 28.09917355371901, 0, 0., 43, 17.768595041322314, 0, 0., 0, 0., 14, 5.785123966942149, 0, 0., 0, 0., 0, 0., 4, 1.6528925619834711, 4, 1.6528925619834711, 0, 0., 1, 0.4132231404958678, 2, 0.8264462809917356, 0, 0., 0, 0., 0, 0., 0, 0., 0, 0., 0, 0., 0, 0., 3, 1.2396694214876034, 0, 0., 0, 0., 0, 0., 0, 0., 0, 0., 0, 0., 0, 0., 0, 0., 0, 0., 0, 0., 99, 40.90909090909091, 0, 0., 4, 1.6528925619834711, 0, 0., 0, 0., 0, 0., 236, 183, 419, 242, 0.5775656324582339
, generated\gt\sample_000563.krn, generated\xml_trimmed_homr\sample_000563.xml, 0, 0., 68, 34.51776649746193, 0, 0., 36, 18.274111675126903, 0, 0., 0, 0., 4, 2.030456852791878, 0, 0., 0, 0., 0, 0., 0, 0., 0, 0., 0, 0., 1, 0.5076142131979695, 2, 1.015228426395939, 0, 0., 0, 0., 2, 1.015228426395939, 0, 0., 0, 0., 0, 0., 0, 0., 2, 1.015228426395939, 0, 0., 0, 0., 0, 0., 0, 0., 0, 0., 0, 0., 0, 0., 0, 0., 0, 0., 0, 0., 78, 39.59390862944162, 0, 0., 4, 2.030456852791878, 0, 0., 0, 0., 0, 0., 182, 159, 341, 197, 0.5777126099706745
, generated\gt\sample_000376.krn, generated\xml_trimmed_homr\sample_000376.xml, 0, 0., 153, 40.90909090909091, 0, 0., 42, 11.229946524064172, 0, 0., 0, 0., 7, 1.8716577540106951, 0, 0., 0, 0., 5, 1.3368983957219251, 0, 0., 0, 0., 0, 0., 1, 0.26737967914438504, 2, 0.5347593582887701, 0, 0., 0, 0., 0, 0., 0, 0., 0, 0., 0, 0., 0, 0., 0, 0., 0, 0., 0, 0., 0, 0., 0, 0., 0, 0., 0, 0., 0, 0., 0, 0., 0, 0., 0, 0., 160, 42.780748663101605, 0, 0., 4, 1.0695187165775402, 0, 0., 0, 0., 0, 0., 340, 307, 647, 374, 0.5780525502318392
, generated\gt\sample_000097.krn, generated\xml_trimmed_homr\sample_000097.xml, 0, 0., 88, 37.76824034334764, 0, 0., 26, 11.158798283261802, 0, 0., 0, 0., 4, 1.7167381974248928, 0, 0., 0, 0., 0, 0., 0, 0., 1, 0.4291845493562232, 0, 0., 1, 0.4291845493562232, 0, 0., 0, 0., 0, 0., 0, 0., 0, 0., 0, 0., 0, 0., 0, 0., 14, 6.008583690987124, 0, 0., 0, 0., 0, 0., 0, 0., 0, 0., 0, 0., 0, 0., 0, 0., 0, 0., 0, 0., 95, 40.772532188841204, 0, 0., 4, 1.7167381974248928, 0, 0., 0, 0., 0, 0., 216, 187, 403, 233, 0.5781637717121588
, generated\gt\sample_000676.krn, generated\xml_trimmed_homr\sample_000676.xml, 0, 0., 119, 50.42372881355932, 0, 0., 22, 9.322033898305085, 0, 0., 0, 0., 0, 0., 0, 0., 0, 0., 0, 0., 0, 0., 1, 0.423728813559322, 0, 0., 2, 0.847457627118644, 0, 0., 0, 0., 0, 0., 0, 0., 0, 0., 0, 0., 0, 0., 0, 0., 8, 3.389830508474576, 0, 0., 0, 0., 0, 0., 0, 0., 0, 0., 0, 0., 0, 0., 0, 0., 0, 0., 0, 0., 80, 33.898305084745765, 0, 0., 4, 1.694915254237288, 0, 0., 0, 0., 0, 0., 213, 194, 407, 236, 0.5798525798525799
, generated\gt\sample_000079.krn, generated\xml_trimmed_homr\sample_000079.xml, 0, 0., 116, 41.577060931899645, 4, 1.4336917562724014, 12, 4.301075268817204, 0, 0., 0, 0., 4, 1.4336917562724014, 0, 0., 0, 0., 0, 0., 0, 0., 0, 0., 0, 0., 5, 1.7921146953405018, 3, 1.075268817204301, 0, 0., 0, 0., 0, 0., 0, 0., 0, 0., 0, 0., 0, 0., 4, 1.4336917562724014, 0, 0., 0, 0., 0, 0., 0, 0., 0, 0., 0, 0., 0, 0., 0, 0., 0, 0., 0, 0., 127, 45.51971326164875, 0, 0., 4, 1.4336917562724014, 0, 0., 0, 0., 0, 0., 250, 231, 481, 279, 0.58004158004158
, generated\gt\sample_000542.krn, generated\xml_trimmed_homr\sample_000542.xml, 0, 0., 97, 39.91769547325103, 0, 0., 30, 12.345679012345679, 0, 0., 0, 0., 0, 0., 0, 0., 0, 0., 0, 0., 8, 3.292181069958848, 1, 0.411522633744856, 0, 0., 1, 0.411522633744856, 2, 0.823045267489712, 0, 0., 0, 0., 0, 0., 0, 0., 0, 0., 0, 0., 0, 0., 3, 1.2345679012345678, 0, 0., 0, 0., 0, 0., 0, 0., 0, 0., 0, 0., 0, 0., 0, 0., 0, 0., 0, 0., 97, 39.91769547325103, 0, 0., 4, 1.646090534979424, 0, 0., 0, 0., 0, 0., 212, 206, 418, 243, 0.5813397129186603
, generated\gt\sample_000387.krn, generated\xml_trimmed_homr\sample_000387.xml, 0, 0., 198, 53.80434782608695, 0, 0., 57, 15.48913043478261, 0, 0., 0, 0., 7, 1.9021739130434783, 0, 0., 0, 0., 2, 0.5434782608695652, 0, 0., 2, 0.5434782608695652, 0, 0., 1, 0.2717391304347826, 4, 1.0869565217391304, 0, 0., 0, 0., 0, 0., 0, 0., 0, 0., 0, 0., 0, 0., 9, 2.4456521739130435, 0, 0., 0, 0., 0, 0., 0, 0., 0, 0., 0, 0., 0, 0., 0, 0., 0, 0., 0, 0., 84, 22.82608695652174, 0, 0., 4, 1.0869565217391304, 0, 0., 0, 0., 0, 0., 324, 308, 632, 368, 0.5822784810126582
, generated\gt\sample_000454.krn, generated\xml_trimmed_homr\sample_000454.xml, 0, 0., 107, 33.64779874213836, 0, 0., 66, 20.754716981132077, 0, 0., 0, 0., 11, 3.459119496855346, 0, 0., 0, 0., 2, 0.6289308176100629, 0, 0., 0, 0., 0, 0., 1, 0.31446540880503143, 2, 0.6289308176100629, 0, 0., 0, 0., 0, 0., 0, 0., 0, 0., 0, 0., 0, 0., 0, 0., 0, 0., 0, 0., 0, 0., 0, 0., 0, 0., 0, 0., 0, 0., 0, 0., 0, 0., 0, 0., 125, 39.308176100628934, 0, 0., 4, 1.2578616352201257, 0, 0., 0, 0., 0, 0., 291, 255, 546, 318, 0.5824175824175825
, generated\gt\sample_000533.krn, generated\xml_trimmed_homr\sample_000533.xml, 0, 0., 170, 40.476190476190474, 0, 0., 2, 0.47619047619047616, 0, 0., 0, 0., 2, 0.47619047619047616, 0, 0., 0, 0., 0, 0., 0, 0., 0, 0., 0, 0., 3, 0.7142857142857143, 4, 0.9523809523809523, 0, 0., 0, 0., 0, 0., 0, 0., 0, 0., 0, 0., 0, 0., 0, 0., 0, 0., 0, 0., 0, 0., 0, 0., 0, 0., 0, 0., 0, 0., 0, 0., 0, 0., 96, 22.857142857142858, 139, 33.095238095238095, 0, 0., 4, 0.9523809523809523, 0, 0., 0, 0., 0, 0., 363, 357, 720, 420, 0.5833333333333334
, generated\gt\sample_000642.krn, generated\xml_trimmed_homr\sample_000642.xml, 0, 0., 125, 40.19292604501608, 0, 0., 42, 13.504823151125402, 0, 0., 0, 0., 5, 1.607717041800643, 0, 0., 0, 0., 3, 0.9646302250803859, 0, 0., 2, 0.6430868167202572, 0, 0., 0, 0., 2, 0.6430868167202572, 0, 0., 0, 0., 0, 0., 0, 0., 0, 0., 0, 0., 0, 0., 1, 0.3215434083601286, 0, 0., 0, 0., 0, 0., 0, 0., 0, 0., 0, 0., 0, 0., 0, 0., 0, 0., 0, 0., 127, 40.836012861736336, 0, 0., 4, 1.2861736334405145, 0, 0., 0, 0., 0, 0., 284, 249, 533, 311, 0.5834896810506567
, generated\gt\sample_000071.krn, generated\xml_trimmed_homr\sample_000071.xml, 0, 0., 145, 49.657534246575345, 0, 0., 66, 22.602739726027398, 0, 0., 2, 0.684931506849315, 4, 1.36986301369863, 0, 0., 0, 0., 0, 0., 0, 0., 0, 0., 0, 0., 1, 0.3424657534246575, 2, 0.684931506849315, 0, 0., 0, 0., 0, 0., 0, 0., 0, 0., 0, 0., 0, 0., 3, 1.0273972602739727, 0, 0., 0, 0., 0, 0., 0, 0., 0, 0., 0, 0., 0, 0., 0, 0., 0, 0., 0, 0., 65, 22.26027397260274, 0, 0., 4, 1.36986301369863, 0, 0., 0, 0., 0, 0., 264, 236, 500, 292, 0.584
, generated\gt\sample_000076.krn, generated\xml_trimmed_homr\sample_000076.xml, 0, 0., 120, 39.8671096345515, 0, 0., 39, 12.956810631229235, 0, 0., 0, 0., 4, 1.3289036544850499, 0, 0., 0, 0., 0, 0., 0, 0., 0, 0., 0, 0., 1, 0.33222591362126247, 4, 1.3289036544850499, 0, 0., 0, 0., 1, 0.33222591362126247, 0, 0., 0, 0., 0, 0., 0, 0., 0, 0., 0, 0., 0, 0., 0, 0., 0, 0., 0, 0., 0, 0., 0, 0., 0, 0., 0, 0., 0, 0., 128, 42.524916943521596, 0, 0., 4, 1.3289036544850499, 0, 0., 0, 0., 0, 0., 264, 250, 514, 301, 0.585603112840467
, generated\gt\sample_000173.krn, generated\xml_trimmed_homr\sample_000173.xml, 0, 0., 50, 34.96503496503497, 2, 1.3986013986013985, 18, 12.587412587412587, 0, 0., 0, 0., 0, 0., 0, 0., 0, 0., 0, 0., 8, 5.594405594405594, 0, 0., 0, 0., 1, 0.6993006993006993, 0, 0., 1, 0.6993006993006993, 0, 0., 0, 0., 0, 0., 0, 0., 0, 0., 0, 0., 2, 1.3986013986013985, 0, 0., 0, 0., 0, 0., 0, 0., 0, 0., 0, 0., 0, 0., 0, 0., 0, 0., 0, 0., 57, 39.86013986013986, 0, 0., 4, 2.797202797202797, 0, 0., 0, 0., 0, 0., 125, 119, 244, 143, 0.5860655737704918
, generated\gt\sample_000525.krn, generated\xml_trimmed_homr\sample_000525.xml, 0, 0., 180, 44.88778054862843, 0, 0., 51, 12.718204488778055, 0, 0., 0, 0., 0, 0., 0, 0., 0, 0., 2, 0.49875311720698257, 0, 0., 0, 0., 0, 0., 1, 0.24937655860349128, 0, 0., 0, 0., 0, 0., 0, 0., 0, 0., 0, 0., 0, 0., 0, 0., 7, 1.745635910224439, 0, 0., 0, 0., 0, 0., 0, 0., 0, 0., 0, 0., 0, 0., 0, 0., 0, 0., 0, 0., 156, 38.90274314214464, 0, 0., 4, 0.9975062344139651, 0, 0., 0, 0., 0, 0., 354, 330, 684, 401, 0.5862573099415205
, generated\gt\sample_000126.krn, generated\xml_trimmed_homr\sample_000126.xml, 0, 0., 390, 50.32258064516129, 0, 0., 137, 17.677419354838708, 2, 0.25806451612903225, 0, 0., 0, 0., 0, 0., 0, 0., 8, 1.032258064516129, 7, 0.9032258064516129, 5, 0.6451612903225806, 0, 0., 3, 0.3870967741935484, 4, 0.5161290322580645, 2, 0.25806451612903225, 0, 0., 2, 0.25806451612903225, 0, 0., 0, 0., 0, 0., 0, 0., 0, 0., 0, 0., 0, 0., 0, 0., 0, 0., 0, 0., 0, 0., 0, 0., 0, 0., 0, 0., 0, 0., 211, 27.225806451612904, 0, 0., 4, 0.5161290322580645, 0, 0., 0, 0., 0, 0., 671, 650, 1321, 775, 0.5866767600302801
, generated\gt\sample_000596.krn, generated\xml_trimmed_homr\sample_000596.xml, 0, 0., 108, 43.7246963562753, 0, 0., 31, 12.550607287449393, 0, 0., 0, 0., 4, 1.6194331983805668, 0, 0., 0, 0., 1, 0.4048582995951417, 0, 0., 0, 0., 0, 0., 1, 0.4048582995951417, 2, 0.8097165991902834, 0, 0., 0, 0., 0, 0., 0, 0., 0, 0., 0, 0., 0, 0., 6, 2.42914979757085, 0, 0., 0, 0., 0, 0., 0, 0., 0, 0., 0, 0., 0, 0., 0, 0., 0, 0., 0, 0., 90, 36.43724696356275, 0, 0., 4, 1.6194331983805668, 0, 0., 0, 0., 0, 0., 229, 191, 420, 247, 0.5880952380952381
, generated\gt\sample_000055.krn, generated\xml_trimmed_homr\sample_000055.xml, 0, 0., 72, 37.5, 0, 0., 24, 12.5, 0, 0., 0, 0., 3, 1.5625, 0, 0., 0, 0., 0, 0., 0, 0., 0, 0., 0, 0., 1, 0.5208333333333334, 2, 1.0416666666666667, 0, 0., 0, 0., 0, 0., 0, 0., 0, 0., 0, 0., 0, 0., 2, 1.0416666666666667, 0, 0., 0, 0., 0, 0., 0, 0., 0, 0., 0, 0., 0, 0., 0, 0., 0, 0., 0, 0., 84, 43.75, 0, 0., 4, 2.0833333333333335, 0, 0., 0, 0., 0, 0., 174, 152, 326, 192, 0.588957055214724
, generated\gt\sample_000324.krn, generated\xml_trimmed_homr\sample_000324.xml, 0, 0., 183, 54.62686567164179, 0, 0., 70, 20.895522388059703, 0, 0., 2, 0.5970149253731343, 3, 0.8955223880597015, 0, 0., 0, 0., 0, 0., 0, 0., 0, 0., 0, 0., 0, 0., 2, 0.5970149253731343, 0, 0., 0, 0., 0, 0., 0, 0., 0, 0., 0, 0., 0, 0., 3, 0.8955223880597015, 0, 0., 0, 0., 0, 0., 0, 0., 0, 0., 0, 0., 0, 0., 0, 0., 0, 0., 0, 0., 68, 20.29850746268657, 0, 0., 4, 1.1940298507462686, 0, 0., 0, 0., 0, 0., 308, 259, 567, 335, 0.5908289241622575
, generated\gt\sample_000471.krn, generated\xml_trimmed_homr\sample_000471.xml, 0, 0., 99, 36.26373626373626, 0, 0., 43, 15.750915750915752, 0, 0., 0, 0., 8, 2.93040293040293, 0, 0., 0, 0., 2, 0.7326007326007326, 0, 0., 0, 0., 0, 0., 1, 0.3663003663003663, 0, 0., 0, 0., 0, 0., 1, 0.3663003663003663, 0, 0., 0, 0., 0, 0., 0, 0., 1, 0.3663003663003663, 0, 0., 0, 0., 0, 0., 0, 0., 0, 0., 0, 0., 0, 0., 0, 0., 0, 0., 0, 0., 114, 41.75824175824176, 0, 0., 4, 1.465201465201465, 0, 0., 0, 0., 0, 0., 245, 217, 462, 273, 0.5909090909090909
, generated\gt\sample_000506.krn, generated\xml_trimmed_homr\sample_000506.xml, 0, 0., 120, 43.956043956043956, 0, 0., 12, 4.395604395604396, 0, 0., 0, 0., 0, 0., 0, 0., 0, 0., 0, 0., 6, 2.197802197802198, 0, 0., 0, 0., 1, 0.3663003663003663, 0, 0., 0, 0., 0, 0., 0, 0., 0, 0., 0, 0., 0, 0., 0, 0., 1, 0.3663003663003663, 0, 0., 0, 0., 0, 0., 0, 0., 0, 0., 0, 0., 0, 0., 0, 0., 0, 0., 0, 0., 129, 47.252747252747255, 0, 0., 4, 1.465201465201465, 0, 0., 0, 0., 0, 0., 239, 222, 461, 273, 0.5921908893709328
, generated\gt\sample_000578.krn, generated\xml_trimmed_homr\sample_000578.xml, 0, 0., 120, 40.0, 0, 0., 40, 13.333333333333334, 0, 0., 0, 0., 4, 1.3333333333333333, 0, 0., 0, 0., 0, 0., 0, 0., 0, 0., 0, 0., 1, 0.3333333333333333, 2, 0.6666666666666666, 0, 0., 0, 0., 0, 0., 0, 0., 0, 0., 0, 0., 0, 0., 0, 0., 0, 0., 0, 0., 0, 0., 0, 0., 0, 0., 0, 0., 0, 0., 0, 0., 0, 0., 0, 0., 129, 43.0, 0, 0., 4, 1.3333333333333333, 0, 0., 0, 0., 0, 0., 261, 243, 504, 300, 0.5952380952380952
, generated\gt\sample_000619.krn, generated\xml_trimmed_homr\sample_000619.xml, 0, 0., 140, 45.30744336569579, 0, 0., 42, 13.592233009708737, 0, 0., 0, 0., 0, 0., 0, 0., 0, 0., 0, 0., 0, 0., 0, 0., 0, 0., 0, 0., 0, 0., 0, 0., 0, 0., 0, 0., 0, 0., 0, 0., 0, 0., 0, 0., 5, 1.6181229773462784, 0, 0., 0, 0., 0, 0., 0, 0., 0, 0., 0, 0., 0, 0., 0, 0., 0, 0., 0, 0., 118, 38.18770226537217, 0, 0., 4, 1.2944983818770226, 0, 0., 0, 0., 0, 0., 267, 252, 519, 309, 0.5953757225433526
, generated\gt\sample_000386.krn, generated\xml_trimmed_homr\sample_000386.xml, 0, 0., 167, 53.18471337579618, 0, 0., 44, 14.012738853503185, 0, 0., 0, 0., 4, 1.2738853503184713, 0, 0., 0, 0., 1, 0.3184713375796178, 0, 0., 1, 0.3184713375796178, 0, 0., 1, 0.3184713375796178, 0, 0., 0, 0., 0, 0., 0, 0., 0, 0., 0, 0., 0, 0., 0, 0., 9, 2.8662420382165603, 0, 0., 0, 0., 0, 0., 0, 0., 0, 0., 0, 0., 0, 0., 0, 0., 0, 0., 0, 0., 83, 26.43312101910828, 0, 0., 4, 1.2738853503184713, 0, 0., 0, 0., 0, 0., 275, 252, 527, 314, 0.5958254269449715
, generated\gt\sample_000211.krn, generated\xml_trimmed_homr\sample_000211.xml, 0, 0., 93, 40.43478260869565, 0, 0., 36, 15.652173913043478, 0, 0., 0, 0., 0, 0., 0, 0., 0, 0., 0, 0., 0, 0., 0, 0., 0, 0., 1, 0.43478260869565216, 2, 0.8695652173913043, 0, 0., 0, 0., 4, 1.7391304347826086, 0, 0., 0, 0., 0, 0., 0, 0., 5, 2.1739130434782608, 0, 0., 0, 0., 0, 0., 0, 0., 0, 0., 0, 0., 0, 0., 0, 0., 0, 0., 0, 0., 85, 36.95652173913044, 0, 0., 4, 1.7391304347826086, 0, 0., 0, 0., 0, 0., 197, 189, 386, 230, 0.5958549222797928
, generated\gt\sample_000632.krn, generated\xml_trimmed_homr\sample_000632.xml, 0, 0., 57, 25.0, 0, 0., 0, 0., 0, 0., 0, 0., 3, 1.3157894736842106, 0, 0., 0, 0., 0, 0., 2, 0.8771929824561403, 0, 0., 0, 0., 1, 0.43859649122807015, 4, 1.7543859649122806, 1, 0.43859649122807015, 0, 0., 0, 0., 0, 0., 0, 0., 0, 0., 0, 0., 0, 0., 0, 0., 0, 0., 0, 0., 0, 0., 0, 0., 0, 0., 0, 0., 0, 0., 0, 0., 75, 32.89473684210526, 81, 35.526315789473685, 0, 0., 4, 1.7543859649122806, 0, 0., 0, 0., 0, 0., 198, 184, 382, 228, 0.5968586387434555
, generated\gt\sample_000136.krn, generated\xml_trimmed_homr\sample_000136.xml, 0, 0., 142, 52.398523985239855, 0, 0., 25, 9.22509225092251, 0, 0., 0, 0., 4, 1.4760147601476015, 0, 0., 0, 0., 0, 0., 2, 0.7380073800738007, 4, 1.4760147601476015, 0, 0., 1, 0.36900369003690037, 2, 0.7380073800738007, 0, 0., 0, 0., 0, 0., 0, 0., 0, 0., 0, 0., 0, 0., 7, 2.5830258302583027, 0, 0., 0, 0., 0, 0., 0, 0., 0, 0., 0, 0., 0, 0., 0, 0., 0, 0., 0, 0., 80, 29.52029520295203, 0, 0., 4, 1.4760147601476015, 0, 0., 0, 0., 0, 0., 231, 223, 454, 271, 0.5969162995594713
, generated\gt\sample_000226.krn, generated\xml_trimmed_homr\sample_000226.xml, 0, 0., 112, 41.947565543071164, 0, 0., 36, 13.48314606741573, 0, 0., 0, 0., 1, 0.37453183520599254, 0, 0., 0, 0., 0, 0., 0, 0., 0, 0., 0, 0., 1, 0.37453183520599254, 1, 0.37453183520599254, 0, 0., 0, 0., 0, 0., 0, 0., 0, 0., 0, 0., 0, 0., 0, 0., 0, 0., 0, 0., 0, 0., 0, 0., 0, 0., 0, 0., 0, 0., 0, 0., 0, 0., 0, 0., 112, 41.947565543071164, 0, 0., 4, 1.4981273408239701, 0, 0., 0, 0., 0, 0., 228, 219, 447, 267, 0.5973154362416108
, generated\gt\sample_000028.krn, generated\xml_trimmed_homr\sample_000028.xml, 0, 0., 94, 54.97076023391813, 0, 0., 16, 9.35672514619883, 0, 0., 0, 0., 2, 1.1695906432748537, 0, 0., 0, 0., 0, 0., 0, 0., 1, 0.5847953216374269, 0, 0., 1, 0.5847953216374269, 1, 0.5847953216374269, 0, 0., 0, 0., 0, 0., 0, 0., 0, 0., 0, 0., 0, 0., 2, 1.1695906432748537, 0, 0., 0, 0., 0, 0., 0, 0., 0, 0., 0, 0., 0, 0., 0, 0., 0, 0., 0, 0., 50, 29.239766081871345, 0, 0., 4, 2.3391812865497075, 0, 0., 0, 0., 0, 0., 148, 138, 286, 171, 0.5979020979020979
, generated\gt\sample_000528.krn, generated\xml_trimmed_homr\sample_000528.xml, 0, 0., 163, 37.73148148148148, 0, 0., 0, 0., 0, 0., 0, 0., 4, 0.9259259259259259, 0, 0., 0, 0., 0, 0., 0, 0., 0, 0., 0, 0., 3, 0.6944444444444444, 2, 0.46296296296296297, 1, 0.23148148148148148, 0, 0., 0, 0., 0, 0., 0, 0., 0, 0., 0, 0., 0, 0., 0, 0., 0, 0., 0, 0., 0, 0., 0, 0., 0, 0., 0, 0., 0, 0., 0, 0., 99, 22.916666666666668, 156, 36.111111111111114, 0, 0., 4, 0.9259259259259259, 0, 0., 0, 0., 0, 0., 377, 345, 722, 432, 0.5983379501385041
, generated\gt\sample_000651.krn, generated\xml_trimmed_homr\sample_000651.xml, 0, 0., 141, 38.950276243093924, 2, 0.5524861878453039, 58, 16.022099447513813, 0, 0., 0, 0., 1, 0.27624309392265195, 0, 0., 0, 0., 0, 0., 0, 0., 0, 0., 0, 0., 1, 0.27624309392265195, 2, 0.5524861878453039, 0, 0., 0, 0., 0, 0., 0, 0., 0, 0., 0, 0., 0, 0., 0, 0., 0, 0., 0, 0., 0, 0., 0, 0., 0, 0., 0, 0., 0, 0., 0, 0., 0, 0., 0, 0., 153, 42.26519337016575, 0, 0., 4, 1.1049723756906078, 0, 0., 0, 0., 0, 0., 313, 291, 604, 362, 0.5993377483443708
, generated\gt\sample_000203.krn, generated\xml_trimmed_homr\sample_000203.xml, 0, 0., 88, 40.55299539170507, 0, 0., 25, 11.52073732718894, 0, 0., 6, 2.7649769585253456, 8, 3.686635944700461, 0, 0., 0, 0., 0, 0., 0, 0., 0, 0., 0, 0., 5, 2.304147465437788, 2, 0.9216589861751152, 0, 0., 0, 0., 0, 0., 0, 0., 0, 0., 0, 0., 0, 0., 0, 0., 0, 0., 0, 0., 0, 0., 0, 0., 0, 0., 0, 0., 0, 0., 0, 0., 0, 0., 0, 0., 79, 36.40552995391705, 0, 0., 4, 1.8433179723502304, 0, 0., 0, 0., 0, 0., 187, 175, 362, 217, 0.5994475138121547
, generated\gt\sample_000530.krn, generated\xml_trimmed_homr\sample_000530.xml, 0, 0., 221, 47.323340471092074, 0, 0., 2, 0.4282655246252677, 0, 0., 0, 0., 2, 0.4282655246252677, 0, 0., 0, 0., 0, 0., 0, 0., 0, 0., 0, 0., 1, 0.21413276231263384, 4, 0.8565310492505354, 1, 0.21413276231263384, 0, 0., 0, 0., 0, 0., 0, 0., 0, 0., 0, 0., 0, 0., 0, 0., 0, 0., 0, 0., 0, 0., 0, 0., 0, 0., 0, 0., 0, 0., 0, 0., 111, 23.768736616702355, 121, 25.910064239828692, 0, 0., 4, 0.8565310492505354, 0, 0., 0, 0., 0, 0., 400, 379, 779, 467, 0.5994865211810013
, generated\gt\sample_000022.krn, generated\xml_trimmed_homr\sample_000022.xml, 0, 0., 142, 41.15942028985507, 0, 0., 51, 14.782608695652174, 0, 0., 0, 0., 0, 0., 0, 0., 0, 0., 4, 1.1594202898550725, 0, 0., 0, 0., 0, 0., 1, 0.2898550724637681, 0, 0., 0, 0., 0, 0., 4, 1.1594202898550725, 0, 0., 0, 0., 0, 0., 0, 0., 0, 0., 0, 0., 0, 0., 0, 0., 0, 0., 0, 0., 0, 0., 0, 0., 0, 0., 0, 0., 0, 0., 139, 40.289855072463766, 0, 0., 4, 1.1594202898550725, 0, 0., 0, 0., 0, 0., 297, 277, 574, 345, 0.6010452961672473
, generated\gt\sample_000164.krn, generated\xml_trimmed_homr\sample_000164.xml, 0, 0., 122, 38.36477987421384, 0, 0., 46, 14.465408805031446, 0, 0., 0, 0., 4, 1.2578616352201257, 0, 0., 0, 0., 3, 0.9433962264150944, 1, 0.31446540880503143, 0, 0., 0, 0., 1, 0.31446540880503143, 0, 0., 0, 0., 0, 0., 2, 0.6289308176100629, 0, 0., 0, 0., 0, 0., 0, 0., 0, 0., 0, 0., 0, 0., 0, 0., 0, 0., 0, 0., 0, 0., 0, 0., 0, 0., 0, 0., 0, 0., 135, 42.45283018867924, 0, 0., 4, 1.2578616352201257, 0, 0., 0, 0., 0, 0., 279, 250, 529, 318, 0.6011342155009451
, generated\gt\sample_000637.krn, generated\xml_trimmed_homr\sample_000637.xml, 0, 0., 119, 40.61433447098976, 0, 0., 40, 13.651877133105803, 0, 0., 0, 0., 0, 0., 0, 0., 0, 0., 1, 0.3412969283276451, 0, 0., 7, 2.3890784982935154, 0, 0., 1, 0.3412969283276451, 2, 0.6825938566552902, 0, 0., 0, 0., 0, 0., 0, 0., 0, 0., 0, 0., 0, 0., 0, 0., 0, 0., 0, 0., 0, 0., 0, 0., 0, 0., 0, 0., 0, 0., 0, 0., 0, 0., 0, 0., 119, 40.61433447098976, 0, 0., 4, 1.3651877133105803, 0, 0., 0, 0., 0, 0., 246, 241, 487, 293, 0.6016427104722792
, generated\gt\sample_000667.krn, generated\xml_trimmed_homr\sample_000667.xml, 0, 0., 176, 67.6923076923077, 0, 0., 0, 0., 0, 0., 0, 0., 0, 0., 0, 0., 0, 0., 0, 0., 1, 0.38461538461538464, 0, 0., 0, 0., 0, 0., 2, 0.7692307692307693, 0, 0., 0, 0., 0, 0., 0, 0., 0, 0., 0, 0., 0, 0., 0, 0., 0, 0., 0, 0., 0, 0., 0, 0., 0, 0., 0, 0., 0, 0., 0, 0., 0, 0., 0, 0., 77, 29.615384615384617, 0, 0., 4, 1.5384615384615385, 0, 0., 0, 0., 0, 0., 221, 211, 432, 260, 0.6018518518518519
, generated\gt\sample_000295.krn, generated\xml_trimmed_homr\sample_000295.xml, 0, 0., 108, 42.857142857142854, 2, 0.7936507936507936, 0, 0., 0, 0., 0, 0., 6, 2.380952380952381, 0, 0., 0, 0., 0, 0., 2, 0.7936507936507936, 0, 0., 0, 0., 3, 1.1904761904761905, 4, 1.5873015873015872, 0, 0., 0, 0., 0, 0., 0, 0., 0, 0., 0, 0., 0, 0., 0, 0., 0, 0., 0, 0., 0, 0., 0, 0., 0, 0., 0, 0., 0, 0., 0, 0., 0, 0., 41, 16.26984126984127, 82, 32.53968253968254, 0, 0., 4, 1.5873015873015872, 0, 0., 0, 0., 0, 0., 219, 199, 418, 252, 0.6028708133971292
, generated\gt\sample_000284.krn, generated\xml_trimmed_homr\sample_000284.xml, 0, 0., 132, 55.69620253164557, 0, 0., 6, 2.5316455696202533, 0, 0., 0, 0., 5, 2.109704641350211, 0, 0., 0, 0., 0, 0., 4, 1.6877637130801688, 0, 0., 0, 0., 0, 0., 1, 0.4219409282700422, 0, 0., 0, 0., 0, 0., 0, 0., 0, 0., 0, 0., 0, 0., 6, 2.5316455696202533, 0, 0., 0, 0., 0, 0., 0, 0., 0, 0., 0, 0., 0, 0., 0, 0., 0, 0., 0, 0., 79, 33.333333333333336, 0, 0., 4, 1.6877637130801688, 0, 0., 0, 0., 0, 0., 212, 181, 393, 237, 0.6030534351145038
, generated\gt\sample_000268.krn, generated\xml_trimmed_homr\sample_000268.xml, 0, 0., 100, 50.25125628140704, 0, 0., 8, 4.0201005025125625, 0, 0., 0, 0., 5, 2.512562814070352, 0, 0., 0, 0., 10, 5.025125628140704, 0, 0., 0, 0., 0, 0., 1, 0.5025125628140703, 2, 1.0050251256281406, 0, 0., 0, 0., 2, 1.0050251256281406, 0, 0., 0, 0., 0, 0., 0, 0., 4, 2.0100502512562812, 0, 0., 0, 0., 0, 0., 0, 0., 0, 0., 0, 0., 0, 0., 0, 0., 0, 0., 0, 0., 63, 31.65829145728643, 0, 0., 4, 2.0100502512562812, 0, 0., 0, 0., 0, 0., 181, 148, 329, 199, 0.6048632218844985
, generated\gt\sample_000652.krn, generated\xml_trimmed_homr\sample_000652.xml, 0, 0., 106, 39.70037453183521, 0, 0., 38, 14.232209737827715, 0, 0., 0, 0., 0, 0., 0, 0., 0, 0., 0, 0., 0, 0., 0, 0., 0, 0., 1, 0.37453183520599254, 3, 1.1235955056179776, 0, 0., 0, 0., 0, 0., 0, 0., 0, 0., 0, 0., 0, 0., 4, 1.4981273408239701, 0, 0., 0, 0., 0, 0., 0, 0., 0, 0., 0, 0., 0, 0., 0, 0., 0, 0., 0, 0., 111, 41.57303370786517, 0, 0., 4, 1.4981273408239701, 0, 0., 0, 0., 0, 0., 226, 215, 441, 267, 0.6054421768707483
, generated\gt\sample_000606.krn, generated\xml_trimmed_homr\sample_000606.xml, 0, 0., 227, 47.19334719334719, 0, 0., 83, 17.255717255717254, 0, 0., 0, 0., 7, 1.4553014553014554, 0, 0., 0, 0., 3, 0.6237006237006237, 0, 0., 0, 0., 0, 0., 1, 0.2079002079002079, 2, 0.4158004158004158, 0, 0., 0, 0., 1, 0.2079002079002079, 0, 0., 0, 0., 0, 0., 0, 0., 3, 0.6237006237006237, 0, 0., 0, 0., 0, 0., 0, 0., 0, 0., 0, 0., 0, 0., 0, 0., 0, 0., 0, 0., 150, 31.185031185031185, 0, 0., 4, 0.8316008316008316, 0, 0., 0, 0., 0, 0., 416, 377, 793, 481, 0.6065573770491803
, generated\gt\sample_000227.krn, generated\xml_trimmed_homr\sample_000227.xml, 0, 0., 108, 39.27272727272727, 0, 0., 42, 15.272727272727273, 0, 0., 0, 0., 4, 1.4545454545454546, 0, 0., 0, 0., 0, 0., 0, 0., 0, 0., 0, 0., 2, 0.7272727272727273, 1, 0.36363636363636365, 0, 0., 0, 0., 0, 0., 0, 0., 0, 0., 0, 0., 0, 0., 0, 0., 0, 0., 0, 0., 0, 0., 0, 0., 0, 0., 0, 0., 0, 0., 0, 0., 0, 0., 0, 0., 114, 41.45454545454545, 0, 0., 4, 1.4545454545454546, 0, 0., 0, 0., 0, 0., 233, 220, 453, 275, 0.6070640176600441
, generated\gt\sample_000172.krn, generated\xml_trimmed_homr\sample_000172.xml, 0, 0., 108, 46.351931330472105, 0, 0., 4, 1.7167381974248928, 0, 0., 0, 0., 5, 2.1459227467811157, 0, 0., 0, 0., 1, 0.4291845493562232, 0, 0., 0, 0., 0, 0., 1, 0.4291845493562232, 0, 0., 0, 0., 0, 0., 2, 0.8583690987124464, 0, 0., 0, 0., 0, 0., 0, 0., 3, 1.2875536480686696, 0, 0., 0, 0., 0, 0., 0, 0., 0, 0., 0, 0., 0, 0., 0, 0., 0, 0., 0, 0., 105, 45.06437768240343, 0, 0., 4, 1.7167381974248928, 0, 0., 0, 0., 0, 0., 208, 175, 383, 233, 0.608355091383812
, generated\gt\sample_000200.krn, generated\xml_trimmed_homr\sample_000200.xml, 0, 0., 198, 50.89974293059126, 0, 0., 56, 14.395886889460154, 0, 0., 0, 0., 4, 1.0282776349614395, 0, 0., 0, 0., 3, 0.7712082262210797, 0, 0., 1, 0.2570694087403599, 0, 0., 2, 0.5141388174807198, 2, 0.5141388174807198, 0, 0., 0, 0., 0, 0., 0, 0., 0, 0., 0, 0., 0, 0., 11, 2.827763496143959, 0, 0., 0, 0., 0, 0., 0, 0., 0, 0., 0, 0., 0, 0., 0, 0., 0, 0., 0, 0., 108, 27.763496143958868, 0, 0., 4, 1.0282776349614395, 0, 0., 0, 0., 0, 0., 325, 314, 639, 389, 0.6087636932707355
, generated\gt\sample_000029.krn, generated\xml_trimmed_homr\sample_000029.xml, 0, 0., 93, 52.84090909090909, 0, 0., 15, 8.522727272727273, 0, 0., 4, 2.272727272727273, 6, 3.409090909090909, 0, 0., 0, 0., 1, 0.5681818181818182, 0, 0., 0, 0., 0, 0., 1, 0.5681818181818182, 1, 0.5681818181818182, 0, 0., 0, 0., 0, 0., 0, 0., 0, 0., 0, 0., 0, 0., 1, 0.5681818181818182, 0, 0., 0, 0., 0, 0., 0, 0., 0, 0., 0, 0., 0, 0., 0, 0., 0, 0., 0, 0., 50, 28.40909090909091, 0, 0., 4, 2.272727272727273, 0, 0., 0, 0., 0, 0., 150, 139, 289, 176, 0.6089965397923875
, generated\gt\sample_000594.krn, generated\xml_trimmed_homr\sample_000594.xml, 0, 0., 177, 40.97222222222222, 0, 0., 53, 12.268518518518519, 0, 0., 0, 0., 1, 0.23148148148148148, 0, 0., 0, 0., 0, 0., 1, 0.23148148148148148, 0, 0., 0, 0., 1, 0.23148148148148148, 2, 0.46296296296296297, 0, 0., 0, 0., 2, 0.46296296296296297, 0, 0., 0, 0., 0, 0., 0, 0., 1, 0.23148148148148148, 0, 0., 0, 0., 0, 0., 0, 0., 0, 0., 0, 0., 0, 0., 0, 0., 0, 0., 0, 0., 190, 43.98148148148148, 0, 0., 4, 0.9259259259259259, 0, 0., 0, 0., 0, 0., 364, 345, 709, 432, 0.609308885754584
, generated\gt\sample_000476.krn, generated\xml_trimmed_homr\sample_000476.xml, 0, 0., 93, 51.38121546961326, 0, 0., 10, 5.524861878453039, 0, 0., 0, 0., 0, 0., 0, 0., 3, 1.6574585635359116, 1, 0.5524861878453039, 0, 0., 0, 0., 0, 0., 1, 0.5524861878453039, 3, 1.6574585635359116, 0, 0., 0, 0., 0, 0., 0, 0., 0, 0., 0, 0., 0, 0., 7, 3.867403314917127, 0, 0., 0, 0., 0, 0., 0, 0., 0, 0., 0, 0., 0, 0., 0, 0., 0, 0., 0, 0., 59, 32.59668508287293, 0, 0., 4, 2.2099447513812156, 0, 0., 0, 0., 0, 0., 159, 138, 297, 181, 0.6094276094276094
, generated\gt\sample_000050.krn, generated\xml_trimmed_homr\sample_000050.xml, 0, 0., 175, 41.666666666666664, 0, 0., 12, 2.857142857142857, 0, 0., 0, 0., 0, 0., 0, 0., 0, 0., 0, 0., 7, 1.6666666666666667, 1, 0.23809523809523808, 0, 0., 3, 0.7142857142857143, 2, 0.47619047619047616, 0, 0., 0, 0., 0, 0., 0, 0., 0, 0., 0, 0., 0, 0., 9, 2.142857142857143, 0, 0., 0, 0., 0, 0., 0, 0., 0, 0., 0, 0., 0, 0., 0, 0., 0, 0., 69, 16.428571428571427, 138, 32.857142857142854, 0, 0., 4, 0.9523809523809523, 0, 0., 0, 0., 0, 0., 339, 349, 688, 420, 0.6104651162790697
, generated\gt\sample_000085.krn, generated\xml_trimmed_homr\sample_000085.xml, 0, 0., 150, 37.5, 0, 0., 65, 16.25, 0, 0., 0, 0., 8, 2.0, 0, 0., 0, 0., 0, 0., 0, 0., 0, 0., 0, 0., 1, 0.25, 2, 0.5, 0, 0., 0, 0., 0, 0., 0, 0., 0, 0., 0, 0., 0, 0., 3, 0.75, 0, 0., 0, 0., 0, 0., 0, 0., 0, 0., 0, 0., 0, 0., 0, 0., 0, 0., 0, 0., 167, 41.75, 0, 0., 4, 1.0, 0, 0., 0, 0., 0, 0., 344, 311, 655, 400, 0.6106870229007634
, generated\gt\sample_000580.krn, generated\xml_trimmed_homr\sample_000580.xml, 0, 0., 197, 57.26744186046512, 0, 0., 21, 6.104651162790698, 0, 0., 0, 0., 4, 1.1627906976744187, 0, 0., 0, 0., 0, 0., 4, 1.1627906976744187, 0, 0., 0, 0., 1, 0.29069767441860467, 2, 0.5813953488372093, 0, 0., 0, 0., 0, 0., 0, 0., 0, 0., 0, 0., 0, 0., 2, 0.5813953488372093, 0, 0., 0, 0., 0, 0., 0, 0., 0, 0., 0, 0., 0, 0., 0, 0., 0, 0., 0, 0., 109, 31.686046511627907, 0, 0., 4, 1.1627906976744187, 0, 0., 0, 0., 0, 0., 292, 271, 563, 344, 0.61101243339254
, generated\gt\sample_000347.krn, generated\xml_trimmed_homr\sample_000347.xml, 0, 0., 171, 54.63258785942492, 0, 0., 41, 13.099041533546325, 0, 0., 0, 0., 0, 0., 0, 0., 0, 0., 0, 0., 1, 0.3194888178913738, 0, 0., 0, 0., 1, 0.3194888178913738, 0, 0., 0, 0., 0, 0., 0, 0., 0, 0., 0, 0., 0, 0., 0, 0., 7, 2.236421725239617, 0, 0., 0, 0., 0, 0., 0, 0., 0, 0., 0, 0., 0, 0., 0, 0., 0, 0., 0, 0., 88, 28.115015974440894, 0, 0., 4, 1.2779552715654952, 0, 0., 0, 0., 0, 0., 263, 249, 512, 313, 0.611328125
, generated\gt\sample_000435.krn, generated\xml_trimmed_homr\sample_000435.xml, 0, 0., 84, 38.53211009174312, 0, 0., 11, 5.045871559633028, 0, 0., 0, 0., 3, 1.3761467889908257, 0, 0., 0, 0., 1, 0.45871559633027525, 4, 1.834862385321101, 1, 0.45871559633027525, 0, 0., 3, 1.3761467889908257, 0, 0., 0, 0., 0, 0., 4, 1.834862385321101, 0, 0., 0, 0., 0, 0., 0, 0., 3, 1.3761467889908257, 0, 0., 0, 0., 0, 0., 0, 0., 0, 0., 0, 0., 0, 0., 0, 0., 0, 0., 0, 0., 100, 45.87155963302752, 0, 0., 4, 1.834862385321101, 0, 0., 0, 0., 0, 0., 190, 166, 356, 218, 0.6123595505617978
, generated\gt\sample_000408.krn, generated\xml_trimmed_homr\sample_000408.xml, 0, 0., 101, 42.61603375527426, 2, 0.8438818565400844, 21, 8.860759493670885, 0, 0., 2, 0.8438818565400844, 9, 3.7974683544303796, 0, 0., 0, 0., 0, 0., 0, 0., 0, 0., 0, 0., 1, 0.4219409282700422, 2, 0.8438818565400844, 0, 0., 0, 0., 0, 0., 0, 0., 0, 0., 0, 0., 0, 0., 3, 1.2658227848101267, 0, 0., 0, 0., 0, 0., 0, 0., 0, 0., 0, 0., 0, 0., 0, 0., 0, 0., 0, 0., 92, 38.81856540084388, 0, 0., 4, 1.6877637130801688, 0, 0., 0, 0., 0, 0., 208, 179, 387, 237, 0.6124031007751938
, generated\gt\sample_000333.krn, generated\xml_trimmed_homr\sample_000333.xml, 0, 0., 187, 51.23287671232877, 0, 0., 35, 9.58904109589041, 0, 0., 0, 0., 1, 0.273972602739726, 0, 0., 0, 0., 0, 0., 0, 0., 0, 0., 0, 0., 1, 0.273972602739726, 2, 0.547945205479452, 0, 0., 0, 0., 1, 0.273972602739726, 0, 0., 0, 0., 0, 0., 0, 0., 2, 0.547945205479452, 0, 0., 0, 0., 0, 0., 0, 0., 0, 0., 0, 0., 0, 0., 0, 0., 0, 0., 0, 0., 132, 36.16438356164384, 0, 0., 4, 1.095890410958904, 0, 0., 0, 0., 0, 0., 312, 284, 596, 365, 0.6124161073825504
, generated\gt\sample_000270.krn, generated\xml_trimmed_homr\sample_000270.xml, 0, 0., 154, 54.41696113074205, 0, 0., 23, 8.12720848056537, 0, 0., 0, 0., 2, 0.7067137809187279, 0, 0., 0, 0., 4, 1.4134275618374559, 0, 0., 0, 0., 0, 0., 1, 0.35335689045936397, 2, 0.7067137809187279, 0, 0., 0, 0., 0, 0., 0, 0., 0, 0., 0, 0., 0, 0., 7, 2.4734982332155475, 0, 0., 0, 0., 0, 0., 0, 0., 0, 0., 0, 0., 0, 0., 0, 0., 0, 0., 0, 0., 86, 30.3886925795053, 0, 0., 4, 1.4134275618374559, 0, 0., 0, 0., 0, 0., 246, 216, 462, 283, 0.6125541125541125
, generated\gt\sample_000223.krn, generated\xml_trimmed_homr\sample_000223.xml, 0, 0., 92, 40.35087719298246, 0, 0., 0, 0., 0, 0., 0, 0., 14, 6.140350877192983, 0, 0., 0, 0., 0, 0., 0, 0., 0, 0., 0, 0., 1, 0.43859649122807015, 2, 0.8771929824561403, 0, 0., 0, 0., 1, 0.43859649122807015, 0, 0., 0, 0., 0, 0., 0, 0., 0, 0., 0, 0., 0, 0., 0, 0., 0, 0., 0, 0., 0, 0., 0, 0., 0, 0., 0, 0., 0, 0., 114, 50.0, 0, 0., 4, 1.7543859649122806, 0, 0., 0, 0., 0, 0., 206, 166, 372, 228, 0.6129032258064516
, generated\gt\sample_000483.krn, generated\xml_trimmed_homr\sample_000483.xml, 0, 0., 90, 40.54054054054054, 0, 0., 12, 5.405405405405405, 0, 0., 0, 0., 6, 2.7027027027027026, 0, 0., 0, 0., 0, 0., 0, 0., 0, 0., 0, 0., 2, 0.9009009009009009, 2, 0.9009009009009009, 0, 0., 0, 0., 0, 0., 0, 0., 0, 0., 0, 0., 0, 0., 2, 0.9009009009009009, 0, 0., 0, 0., 0, 0., 0, 0., 0, 0., 0, 0., 0, 0., 0, 0., 0, 0., 0, 0., 104, 46.846846846846844, 0, 0., 4, 1.8018018018018018, 0, 0., 0, 0., 0, 0., 194, 168, 362, 222, 0.6132596685082873
, generated\gt\sample_000150.krn, generated\xml_trimmed_homr\sample_000150.xml, 0, 0., 224, 47.96573875802998, 0, 0., 48, 10.278372591006423, 0, 0., 0, 0., 3, 0.6423982869379015, 0, 0., 0, 0., 0, 0., 0, 0., 0, 0., 0, 0., 1, 0.21413276231263384, 2, 0.4282655246252677, 0, 0., 0, 0., 0, 0., 0, 0., 0, 0., 0, 0., 0, 0., 0, 0., 0, 0., 0, 0., 0, 0., 0, 0., 0, 0., 0, 0., 0, 0., 0, 0., 0, 0., 0, 0., 185, 39.61456102783726, 0, 0., 4, 0.8565310492505354, 0, 0., 0, 0., 0, 0., 389, 372, 761, 467, 0.6136662286465178
, generated\gt\sample_000013.krn, generated\xml_trimmed_homr\sample_000013.xml, 0, 0., 155, 43.90934844192635, 0, 0., 2, 0.56657223796034, 2, 0.56657223796034, 0, 0., 1, 0.28328611898017, 0, 0., 0, 0., 2, 0.56657223796034, 21, 5.949008498583569, 0, 0., 0, 0., 3, 0.8498583569405099, 0, 0., 0, 0., 0, 0., 4, 1.13314447592068, 0, 0., 0, 0., 0, 0., 0, 0., 0, 0., 0, 0., 0, 0., 0, 0., 0, 0., 0, 0., 0, 0., 0, 0., 0, 0., 0, 0., 41, 11.614730878186968, 118, 33.42776203966006, 0, 0., 4, 1.13314447592068, 0, 0., 0, 0., 0, 0., 271, 304, 575, 353, 0.6139130434782609
, generated\gt\sample_000379.krn, generated\xml_trimmed_homr\sample_000379.xml, 0, 0., 132, 53.87755102040816, 0, 0., 0, 0., 0, 0., 0, 0., 0, 0., 0, 0., 0, 0., 0, 0., 0, 0., 0, 0., 0, 0., 0, 0., 2, 0.8163265306122449, 0, 0., 0, 0., 0, 0., 0, 0., 0, 0., 0, 0., 0, 0., 7, 2.857142857142857, 0, 0., 0, 0., 0, 0., 0, 0., 0, 0., 0, 0., 0, 0., 0, 0., 0, 0., 0, 0., 100, 40.816326530612244, 0, 0., 4, 1.6326530612244898, 0, 0., 0, 0., 0, 0., 209, 190, 399, 245, 0.6140350877192983
, generated\gt\sample_000023.krn, generated\xml_trimmed_homr\sample_000023.xml, 0, 0., 168, 36.8421052631579, 0, 0., 77, 16.885964912280702, 0, 0., 0, 0., 19, 4.166666666666667, 0, 0., 0, 0., 4, 0.8771929824561403, 0, 0., 0, 0., 0, 0., 1, 0.21929824561403508, 4, 0.8771929824561403, 4, 0.8771929824561403, 0, 0., 2, 0.43859649122807015, 0, 0., 0, 0., 0, 0., 0, 0., 0, 0., 0, 0., 0, 0., 0, 0., 0, 0., 0, 0., 0, 0., 0, 0., 0, 0., 0, 0., 0, 0., 173, 37.93859649122807, 0, 0., 4, 0.8771929824561403, 0, 0., 0, 0., 0, 0., 397, 344, 741, 456, 0.6153846153846154
, generated\gt\sample_000157.krn, generated\xml_trimmed_homr\sample_000157.xml, 0, 0., 156, 38.90274314214464, 0, 0., 80, 19.950124688279303, 0, 0., 0, 0., 5, 1.2468827930174564, 0, 0., 0, 0., 0, 0., 0, 0., 0, 0., 0, 0., 1, 0.24937655860349128, 2, 0.49875311720698257, 0, 0., 0, 0., 0, 0., 0, 0., 0, 0., 0, 0., 0, 0., 0, 0., 0, 0., 0, 0., 0, 0., 0, 0., 0, 0., 0, 0., 0, 0., 0, 0., 0, 0., 0, 0., 153, 38.15461346633416, 0, 0., 4, 0.9975062344139651, 0, 0., 0, 0., 0, 0., 329, 322, 651, 401, 0.6159754224270353
, generated\gt\sample_000638.krn, generated\xml_trimmed_homr\sample_000638.xml, 0, 0., 128, 43.0976430976431, 0, 0., 9, 3.0303030303030303, 0, 0., 0, 0., 3, 1.0101010101010102, 0, 0., 0, 0., 0, 0., 6, 2.0202020202020203, 1, 0.3367003367003367, 0, 0., 1, 0.3367003367003367, 2, 0.6734006734006734, 0, 0., 0, 0., 0, 0., 0, 0., 0, 0., 0, 0., 0, 0., 3, 1.0101010101010102, 0, 0., 0, 0., 0, 0., 0, 0., 0, 0., 0, 0., 0, 0., 0, 0., 0, 0., 0, 0., 140, 47.138047138047135, 0, 0., 4, 1.3468013468013469, 0, 0., 0, 0., 0, 0., 250, 232, 482, 297, 0.6161825726141079
, generated\gt\sample_000363.krn, generated\xml_trimmed_homr\sample_000363.xml, 0, 0., 203, 43.00847457627118, 0, 0., 48, 10.169491525423728, 0, 0., 0, 0., 0, 0., 0, 0., 0, 0., 0, 0., 1, 0.211864406779661, 0, 0., 0, 0., 1, 0.211864406779661, 0, 0., 0, 0., 0, 0., 0, 0., 0, 0., 0, 0., 0, 0., 0, 0., 4, 0.847457627118644, 0, 0., 0, 0., 0, 0., 0, 0., 0, 0., 0, 0., 0, 0., 0, 0., 0, 0., 0, 0., 211, 44.70338983050848, 0, 0., 4, 0.847457627118644, 0, 0., 0, 0., 0, 0., 391, 375, 766, 472, 0.6161879895561357
, generated\gt\sample_000570.krn, generated\xml_trimmed_homr\sample_000570.xml, 0, 0., 121, 41.29692832764505, 0, 0., 48, 16.38225255972696, 0, 0., 0, 0., 0, 0., 0, 0., 0, 0., 0, 0., 0, 0., 0, 0., 0, 0., 1, 0.3412969283276451, 2, 0.6825938566552902, 1, 0.3412969283276451, 0, 0., 0, 0., 0, 0., 0, 0., 0, 0., 0, 0., 0, 0., 0, 0., 0, 0., 0, 0., 0, 0., 0, 0., 0, 0., 0, 0., 0, 0., 0, 0., 0, 0., 116, 39.59044368600683, 0, 0., 4, 1.3651877133105803, 0, 0., 0, 0., 0, 0., 245, 230, 475, 293, 0.6168421052631579
, generated\gt\sample_000614.krn, generated\xml_trimmed_homr\sample_000614.xml, 0, 0., 84, 37.66816143497758, 0, 0., 25, 11.210762331838565, 0, 0., 0, 0., 5, 2.242152466367713, 0, 0., 0, 0., 0, 0., 4, 1.7937219730941705, 6, 2.690582959641256, 0, 0., 1, 0.4484304932735426, 1, 0.4484304932735426, 0, 0., 0, 0., 0, 0., 0, 0., 0, 0., 0, 0., 0, 0., 6, 2.690582959641256, 0, 0., 0, 0., 0, 0., 0, 0., 0, 0., 0, 0., 0, 0., 0, 0., 0, 0., 0, 0., 87, 39.01345291479821, 0, 0., 4, 1.7937219730941705, 0, 0., 0, 0., 0, 0., 185, 176, 361, 223, 0.6177285318559557
, generated\gt\sample_000193.krn, generated\xml_trimmed_homr\sample_000193.xml, 0, 0., 106, 43.983402489626556, 0, 0., 9, 3.7344398340248963, 0, 0., 4, 1.6597510373443984, 6, 2.4896265560165975, 0, 0., 0, 0., 0, 0., 0, 0., 0, 0., 0, 0., 2, 0.8298755186721992, 2, 0.8298755186721992, 0, 0., 0, 0., 0, 0., 0, 0., 0, 0., 0, 0., 0, 0., 5, 2.074688796680498, 0, 0., 0, 0., 0, 0., 0, 0., 0, 0., 0, 0., 0, 0., 0, 0., 0, 0., 0, 0., 103, 42.738589211618255, 0, 0., 4, 1.6597510373443984, 0, 0., 0, 0., 0, 0., 220, 170, 390, 241, 0.617948717948718
, generated\gt\sample_000084.krn, generated\xml_trimmed_homr\sample_000084.xml, 0, 0., 154, 40.31413612565445, 0, 0., 51, 13.350785340314136, 0, 0., 0, 0., 3, 0.7853403141361257, 0, 0., 0, 0., 2, 0.5235602094240838, 1, 0.2617801047120419, 0, 0., 0, 0., 1, 0.2617801047120419, 0, 0., 0, 0., 0, 0., 4, 1.0471204188481675, 0, 0., 0, 0., 0, 0., 0, 0., 3, 0.7853403141361257, 0, 0., 0, 0., 0, 0., 0, 0., 0, 0., 0, 0., 0, 0., 0, 0., 0, 0., 0, 0., 159, 41.62303664921466, 0, 0., 4, 1.0471204188481675, 0, 0., 0, 0., 0, 0., 321, 297, 618, 382, 0.6181229773462783
, generated\gt\sample_000402.krn, generated\xml_trimmed_homr\sample_000402.xml, 0, 0., 115, 46.0, 0, 0., 0, 0., 0, 0., 0, 0., 3, 1.2, 0, 0., 0, 0., 5, 2.0, 0, 0., 0, 0., 0, 0., 1, 0.4, 2, 0.8, 0, 0., 0, 0., 0, 0., 0, 0., 0, 0., 0, 0., 0, 0., 0, 0., 0, 0., 0, 0., 0, 0., 0, 0., 0, 0., 0, 0., 0, 0., 0, 0., 0, 0., 0, 0., 120, 48.0, 0, 0., 4, 1.6, 0, 0., 0, 0., 0, 0., 211, 193, 404, 250, 0.6188118811881188
, generated\gt\sample_000075.krn, generated\xml_trimmed_homr\sample_000075.xml, 0, 0., 186, 43.559718969555036, 0, 0., 82, 19.20374707259953, 0, 0., 0, 0., 2, 0.468384074941452, 0, 0., 0, 0., 0, 0., 0, 0., 0, 0., 0, 0., 1, 0.234192037470726, 2, 0.468384074941452, 0, 0., 0, 0., 0, 0., 0, 0., 0, 0., 0, 0., 0, 0., 1, 0.234192037470726, 0, 0., 0, 0., 0, 0., 0, 0., 0, 0., 0, 0., 0, 0., 0, 0., 0, 0., 0, 0., 149, 34.894613583138174, 0, 0., 4, 0.936768149882904, 0, 0., 0, 0., 0, 0., 353, 334, 687, 427, 0.6215429403202329
, generated\gt\sample_000368.krn, generated\xml_trimmed_homr\sample_000368.xml, 0, 0., 154, 37.65281173594132, 0, 0., 64, 15.647921760391197, 0, 0., 0, 0., 7, 1.7114914425427872, 0, 0., 0, 0., 4, 0.9779951100244498, 0, 0., 0, 0., 0, 0., 1, 0.24449877750611246, 2, 0.4889975550122249, 0, 0., 0, 0., 0, 0., 0, 0., 0, 0., 0, 0., 0, 0., 4, 0.9779951100244498, 0, 0., 0, 0., 0, 0., 0, 0., 0, 0., 0, 0., 0, 0., 0, 0., 0, 0., 0, 0., 169, 41.32029339853301, 0, 0., 4, 0.9779951100244498, 0, 0., 0, 0., 0, 0., 346, 311, 657, 409, 0.6225266362252664
, generated\gt\sample_000527.krn, generated\xml_trimmed_homr\sample_000527.xml, 0, 0., 131, 38.87240356083086, 0, 0., 1, 0.29673590504451036, 0, 0., 2, 0.5934718100890207, 2, 0.5934718100890207, 0, 0., 0, 0., 0, 0., 0, 0., 0, 0., 0, 0., 3, 0.8902077151335311, 0, 0., 0, 0., 0, 0., 0, 0., 0, 0., 0, 0., 0, 0., 0, 0., 0, 0., 0, 0., 0, 0., 0, 0., 0, 0., 0, 0., 0, 0., 0, 0., 0, 0., 0, 0., 79, 23.44213649851632, 115, 34.124629080118694, 0, 0., 4, 1.1869436201780414, 0, 0., 0, 0., 0, 0., 272, 269, 541, 337, 0.6229205175600739
, generated\gt\sample_000042.krn, generated\xml_trimmed_homr\sample_000042.xml, 0, 0., 64, 39.50617283950617, 0, 0., 12, 7.407407407407407, 0, 0., 0, 0., 0, 0., 0, 0., 0, 0., 0, 0., 0, 0., 0, 0., 0, 0., 1, 0.6172839506172839, 2, 1.2345679012345678, 0, 0., 0, 0., 0, 0., 0, 0., 0, 0., 0, 0., 0, 0., 2, 1.2345679012345678, 0, 0., 0, 0., 0, 0., 0, 0., 0, 0., 0, 0., 0, 0., 0, 0., 0, 0., 0, 0., 77, 47.53086419753087, 0, 0., 4, 2.4691358024691357, 0, 0., 0, 0., 0, 0., 144, 116, 260, 162, 0.6230769230769231
, generated\gt\sample_000569.krn, generated\xml_trimmed_homr\sample_000569.xml, 0, 0., 136, 39.08045977011494, 0, 0., 48, 13.793103448275861, 0, 0., 0, 0., 4, 1.1494252873563218, 0, 0., 0, 0., 3, 0.8620689655172413, 1, 0.28735632183908044, 0, 0., 0, 0., 1, 0.28735632183908044, 2, 0.5747126436781609, 0, 0., 0, 0., 4, 1.1494252873563218, 0, 0., 0, 0., 0, 0., 0, 0., 0, 0., 0, 0., 0, 0., 0, 0., 0, 0., 0, 0., 0, 0., 0, 0., 0, 0., 0, 0., 0, 0., 145, 41.666666666666664, 0, 0., 4, 1.1494252873563218, 0, 0., 0, 0., 0, 0., 297, 261, 558, 348, 0.6236559139784946
, generated\gt\sample_000269.krn, generated\xml_trimmed_homr\sample_000269.xml, 0, 0., 132, 53.01204819277108, 0, 0., 14, 5.622489959839357, 3, 1.2048192771084338, 0, 0., 2, 0.8032128514056225, 0, 0., 0, 0., 2, 0.8032128514056225, 0, 0., 0, 0., 0, 0., 1, 0.40160642570281124, 2, 0.8032128514056225, 0, 0., 0, 0., 0, 0., 0, 0., 0, 0., 0, 0., 0, 0., 7, 2.8112449799196786, 0, 0., 0, 0., 0, 0., 0, 0., 0, 0., 0, 0., 0, 0., 0, 0., 0, 0., 0, 0., 82, 32.93172690763052, 0, 0., 4, 1.606425702811245, 0, 0., 0, 0., 0, 0., 215, 184, 399, 249, 0.6240601503759399
, generated\gt\sample_000250.krn, generated\xml_trimmed_homr\sample_000250.xml, 0, 0., 77, 39.89637305699482, 0, 0., 0, 0., 0, 0., 0, 0., 1, 0.5181347150259067, 0, 0., 0, 0., 3, 1.5544041450777202, 0, 0., 0, 0., 0, 0., 1, 0.5181347150259067, 2, 1.0362694300518134, 1, 0.5181347150259067, 0, 0., 0, 0., 0, 0., 0, 0., 0, 0., 0, 0., 1, 0.5181347150259067, 0, 0., 0, 0., 0, 0., 0, 0., 0, 0., 0, 0., 0, 0., 0, 0., 0, 0., 21, 10.880829015544041, 82, 42.487046632124354, 0, 0., 4, 2.0725388601036268, 0, 0., 0, 0., 0, 0., 167, 142, 309, 193, 0.6245954692556634
, generated\gt\sample_000058.krn, generated\xml_trimmed_homr\sample_000058.xml, 0, 0., 55, 47.00854700854701, 0, 0., 0, 0., 0, 0., 0, 0., 0, 0., 0, 0., 0, 0., 0, 0., 0, 0., 0, 0., 0, 0., 1, 0.8547008547008547, 0, 0., 0, 0., 0, 0., 1, 0.8547008547008547, 0, 0., 0, 0., 0, 0., 0, 0., 1, 0.8547008547008547, 0, 0., 0, 0., 4, 3.4188034188034186, 0, 0., 0, 0., 0, 0., 0, 0., 0, 0., 0, 0., 0, 0., 51, 43.58974358974359, 0, 0., 4, 3.4188034188034186, 0, 0., 0, 0., 0, 0., 101, 86, 187, 117, 0.6256684491978609
, generated\gt\sample_000199.krn, generated\xml_trimmed_homr\sample_000199.xml, 0, 0., 176, 46.93333333333333, 0, 0., 22, 5.866666666666666, 0, 0., 0, 0., 5, 1.3333333333333333, 0, 0., 0, 0., 5, 1.3333333333333333, 0, 0., 1, 0.26666666666666666, 0, 0., 1, 0.26666666666666666, 2, 0.5333333333333333, 0, 0., 0, 0., 0, 0., 0, 0., 0, 0., 0, 0., 0, 0., 2, 0.5333333333333333, 0, 0., 0, 0., 0, 0., 0, 0., 0, 0., 0, 0., 0, 0., 0, 0., 0, 0., 0, 0., 157, 41.86666666666667, 0, 0., 4, 1.0666666666666667, 0, 0., 0, 0., 0, 0., 315, 283, 598, 375, 0.6270903010033445
, generated\gt\sample_000557.krn, generated\xml_trimmed_homr\sample_000557.xml, 0, 0., 70, 40.46242774566474, 2, 1.1560693641618498, 6, 3.468208092485549, 1, 0.5780346820809249, 0, 0., 0, 0., 0, 0., 0, 0., 0, 0., 4, 2.3121387283236996, 0, 0., 0, 0., 1, 0.5780346820809249, 0, 0., 0, 0., 0, 0., 0, 0., 0, 0., 0, 0., 0, 0., 0, 0., 4, 2.3121387283236996, 0, 0., 0, 0., 0, 0., 0, 0., 0, 0., 0, 0., 0, 0., 0, 0., 0, 0., 0, 0., 81, 46.820809248554916, 0, 0., 4, 2.3121387283236996, 0, 0., 0, 0., 0, 0., 153, 122, 275, 173, 0.6290909090909091
, generated\gt\sample_000532.krn, generated\xml_trimmed_homr\sample_000532.xml, 0, 0., 105, 33.546325878594246, 0, 0., 1, 0.3194888178913738, 1, 0.3194888178913738, 2, 0.6389776357827476, 2, 0.6389776357827476, 0, 0., 0, 0., 0, 0., 0, 0., 0, 0., 0, 0., 1, 0.3194888178913738, 4, 1.2779552715654952, 1, 0.3194888178913738, 0, 0., 0, 0., 0, 0., 0, 0., 0, 0., 0, 0., 0, 0., 0, 0., 0, 0., 0, 0., 0, 0., 0, 0., 0, 0., 0, 0., 0, 0., 0, 0., 85, 27.156549520766774, 107, 34.185303514377, 0, 0., 4, 1.2779552715654952, 0, 0., 0, 0., 0, 0., 253, 244, 497, 313, 0.6297786720321932
, generated\gt\sample_000631.krn, generated\xml_trimmed_homr\sample_000631.xml, 0, 0., 105, 29.661016949152543, 0, 0., 0, 0., 0, 0., 0, 0., 3, 0.847457627118644, 0, 0., 0, 0., 0, 0., 3, 0.847457627118644, 0, 0., 0, 0., 3, 0.847457627118644, 0, 0., 0, 0., 0, 0., 0, 0., 0, 0., 0, 0., 0, 0., 0, 0., 0, 0., 0, 0., 0, 0., 0, 0., 0, 0., 0, 0., 0, 0., 0, 0., 0, 0., 0, 0., 131, 37.005649717514125, 105, 29.661016949152543, 0, 0., 4, 1.1299435028248588, 0, 0., 0, 0., 0, 0., 283, 279, 562, 354, 0.6298932384341637
, generated\gt\sample_000643.krn, generated\xml_trimmed_homr\sample_000643.xml, 0, 0., 210, 47.08520179372197, 0, 0., 51, 11.434977578475337, 0, 0., 0, 0., 0, 0., 0, 0., 0, 0., 3, 0.672645739910314, 1, 0.2242152466367713, 0, 0., 0, 0., 1, 0.2242152466367713, 2, 0.4484304932735426, 0, 0., 0, 0., 0, 0., 0, 0., 0, 0., 0, 0., 0, 0., 0, 0., 0, 0., 0, 0., 0, 0., 0, 0., 0, 0., 0, 0., 0, 0., 0, 0., 0, 0., 0, 0., 174, 39.01345291479821, 0, 0., 4, 0.8968609865470852, 0, 0., 0, 0., 0, 0., 358, 350, 708, 446, 0.6299435028248588
, generated\gt\sample_000474.krn, generated\xml_trimmed_homr\sample_000474.xml, 0, 0., 101, 38.40304182509506, 0, 0., 44, 16.730038022813687, 0, 0., 0, 0., 1, 0.38022813688212925, 0, 0., 0, 0., 3, 1.1406844106463878, 0, 0., 0, 0., 0, 0., 1, 0.38022813688212925, 2, 0.7604562737642585, 0, 0., 0, 0., 2, 0.7604562737642585, 0, 0., 0, 0., 0, 0., 0, 0., 2, 0.7604562737642585, 0, 0., 0, 0., 0, 0., 0, 0., 0, 0., 0, 0., 0, 0., 0, 0., 0, 0., 0, 0., 103, 39.163498098859314, 0, 0., 4, 1.520912547528517, 0, 0., 0, 0., 0, 0., 220, 197, 417, 263, 0.6306954436450839
, generated\gt\sample_000127.krn, generated\xml_trimmed_homr\sample_000127.xml, 0, 0., 156, 21.87938288920056, 0, 0., 92, 12.903225806451612, 1, 0.1402524544179523, 0, 0., 6, 0.8415147265077139, 0, 0., 0, 0., 6, 0.8415147265077139, 6, 0.8415147265077139, 0, 0., 0, 0., 2, 0.2805049088359046, 4, 0.5610098176718092, 2, 0.2805049088359046, 0, 0., 0, 0., 0, 0., 0, 0., 0, 0., 0, 0., 0, 0., 0, 0., 0, 0., 0, 0., 0, 0., 0, 0., 0, 0., 0, 0., 0, 0., 0, 0., 297, 41.654978962131835, 137, 19.214586255259466, 0, 0., 4, 0.5610098176718092, 0, 0., 0, 0., 0, 0., 561, 569, 1130, 713, 0.6309734513274337
, generated\gt\sample_000446.krn, generated\xml_trimmed_homr\sample_000446.xml, 0, 0., 120, 38.095238095238095, 0, 0., 60, 19.047619047619047, 0, 0., 0, 0., 0, 0., 0, 0., 0, 0., 0, 0., 0, 0., 0, 0., 0, 0., 1, 0.31746031746031744, 2, 0.6349206349206349, 0, 0., 0, 0., 0, 0., 0, 0., 0, 0., 0, 0., 0, 0., 2, 0.6349206349206349, 0, 0., 0, 0., 0, 0., 0, 0., 0, 0., 0, 0., 0, 0., 0, 0., 0, 0., 0, 0., 126, 40.0, 0, 0., 4, 1.2698412698412698, 0, 0., 0, 0., 0, 0., 256, 243, 499, 315, 0.6312625250501002
, generated\gt\sample_000486.krn, generated\xml_trimmed_homr\sample_000486.xml, 0, 0., 80, 41.23711340206186, 0, 0., 28, 14.43298969072165, 0, 0., 0, 0., 4, 2.0618556701030926, 0, 0., 3, 1.5463917525773196, 0, 0., 11, 5.670103092783505, 1, 0.5154639175257731, 0, 0., 1, 0.5154639175257731, 2, 1.0309278350515463, 0, 0., 0, 0., 0, 0., 0, 0., 0, 0., 0, 0., 0, 0., 3, 1.5463917525773196, 0, 0., 0, 0., 0, 0., 0, 0., 0, 0., 0, 0., 0, 0., 0, 0., 0, 0., 0, 0., 57, 29.38144329896907, 0, 0., 4, 2.0618556701030926, 0, 0., 0, 0., 0, 0., 154, 153, 307, 194, 0.6319218241042345
, generated\gt\sample_000099.krn, generated\xml_trimmed_homr\sample_000099.xml, 0, 0., 123, 45.8955223880597, 2, 0.746268656716418, 1, 0.373134328358209, 1, 0.373134328358209, 0, 0., 8, 2.985074626865672, 0, 0., 0, 0., 4, 1.492537313432836, 4, 1.492537313432836, 0, 0., 0, 0., 2, 0.746268656716418, 2, 0.746268656716418, 0, 0., 0, 0., 0, 0., 0, 0., 0, 0., 0, 0., 0, 0., 3, 1.1194029850746268, 0, 0., 0, 0., 0, 0., 0, 0., 0, 0., 0, 0., 0, 0., 0, 0., 0, 0., 0, 0., 114, 42.53731343283582, 0, 0., 4, 1.492537313432836, 0, 0., 0, 0., 0, 0., 227, 197, 424, 268, 0.6320754716981132
, generated\gt\sample_000601.krn, generated\xml_trimmed_homr\sample_000601.xml, 0, 0., 202, 46.65127020785219, 0, 0., 26, 6.0046189376443415, 0, 0., 0, 0., 0, 0., 0, 0., 0, 0., 0, 0., 0, 0., 0, 0., 0, 0., 4, 0.9237875288683602, 3, 0.6928406466512702, 0, 0., 0, 0., 2, 0.4618937644341801, 0, 0., 0, 0., 0, 0., 0, 0., 13, 3.0023094688221708, 0, 0., 0, 0., 0, 0., 0, 0., 0, 0., 0, 0., 0, 0., 0, 0., 0, 0., 0, 0., 179, 41.339491916859124, 0, 0., 4, 0.9237875288683602, 0, 0., 0, 0., 0, 0., 359, 326, 685, 433, 0.6321167883211679
, generated\gt\sample_000167.krn, generated\xml_trimmed_homr\sample_000167.xml, 0, 0., 136, 43.87096774193548, 0, 0., 41, 13.225806451612904, 0, 0., 0, 0., 2, 0.6451612903225806, 0, 0., 0, 0., 1, 0.3225806451612903, 0, 0., 0, 0., 0, 0., 1, 0.3225806451612903, 2, 0.6451612903225806, 0, 0., 0, 0., 0, 0., 0, 0., 0, 0., 0, 0., 0, 0., 1, 0.3225806451612903, 0, 0., 0, 0., 0, 0., 0, 0., 0, 0., 0, 0., 0, 0., 0, 0., 0, 0., 0, 0., 122, 39.354838709677416, 0, 0., 4, 1.2903225806451613, 0, 0., 0, 0., 0, 0., 256, 234, 490, 310, 0.6326530612244898
, generated\gt\sample_000488.krn, generated\xml_trimmed_homr\sample_000488.xml, 0, 0., 45, 22.84263959390863, 0, 0., 34, 17.258883248730964, 0, 0., 0, 0., 0, 0., 0, 0., 0, 0., 0, 0., 1, 0.5076142131979695, 0, 0., 0, 0., 1, 0.5076142131979695, 2, 1.015228426395939, 0, 0., 0, 0., 0, 0., 0, 0., 0, 0., 0, 0., 0, 0., 1, 0.5076142131979695, 0, 0., 0, 0., 0, 0., 0, 0., 0, 0., 0, 0., 0, 0., 0, 0., 0, 0., 53, 26.903553299492387, 56, 28.426395939086294, 0, 0., 4, 2.030456852791878, 0, 0., 0, 0., 0, 0., 166, 145, 311, 197, 0.6334405144694534
, generated\gt\sample_000620.krn, generated\xml_trimmed_homr\sample_000620.xml, 0, 0., 138, 40.70796460176991, 0, 0., 30, 8.849557522123893, 0, 0., 0, 0., 6, 1.7699115044247788, 0, 0., 0, 0., 6, 1.7699115044247788, 0, 0., 0, 0., 0, 0., 2, 0.5899705014749262, 2, 0.5899705014749262, 0, 0., 0, 0., 0, 0., 0, 0., 0, 0., 0, 0., 0, 0., 2, 0.5899705014749262, 0, 0., 0, 0., 0, 0., 0, 0., 0, 0., 0, 0., 0, 0., 0, 0., 0, 0., 0, 0., 149, 43.95280235988201, 0, 0., 4, 1.1799410029498525, 0, 0., 0, 0., 0, 0., 282, 253, 535, 339, 0.6336448598130842
, generated\gt\sample_000089.krn, generated\xml_trimmed_homr\sample_000089.xml, 0, 0., 85, 44.270833333333336, 0, 0., 9, 4.6875, 0, 0., 0, 0., 0, 0., 0, 0., 0, 0., 0, 0., 0, 0., 0, 0., 0, 0., 2, 1.0416666666666667, 0, 0., 0, 0., 0, 0., 0, 0., 0, 0., 0, 0., 0, 0., 0, 0., 7, 3.6458333333333335, 0, 0., 0, 0., 0, 0., 0, 0., 0, 0., 0, 0., 0, 0., 0, 0., 0, 0., 0, 0., 85, 44.270833333333336, 0, 0., 4, 2.0833333333333335, 0, 0., 0, 0., 0, 0., 160, 143, 303, 192, 0.6336633663366337
, generated\gt\sample_000335.krn, generated\xml_trimmed_homr\sample_000335.xml, 0, 0., 155, 38.27160493827161, 0, 0., 70, 17.28395061728395, 0, 0., 0, 0., 2, 0.49382716049382713, 0, 0., 0, 0., 1, 0.24691358024691357, 0, 0., 0, 0., 0, 0., 2, 0.49382716049382713, 2, 0.49382716049382713, 0, 0., 0, 0., 0, 0., 0, 0., 0, 0., 0, 0., 0, 0., 2, 0.49382716049382713, 0, 0., 0, 0., 0, 0., 0, 0., 0, 0., 0, 0., 0, 0., 0, 0., 0, 0., 0, 0., 167, 41.23456790123457, 0, 0., 4, 0.9876543209876543, 0, 0., 0, 0., 0, 0., 330, 309, 639, 405, 0.6338028169014085
, generated\gt\sample_000558.krn, generated\xml_trimmed_homr\sample_000558.xml, 0, 0., 103, 42.38683127572016, 4, 1.646090534979424, 8, 3.292181069958848, 2, 0.823045267489712, 0, 0., 1, 0.411522633744856, 0, 0., 0, 0., 0, 0., 1, 0.411522633744856, 0, 0., 0, 0., 1, 0.411522633744856, 2, 0.823045267489712, 0, 0., 0, 0., 0, 0., 0, 0., 0, 0., 0, 0., 0, 0., 4, 1.646090534979424, 0, 0., 0, 0., 0, 0., 0, 0., 0, 0., 0, 0., 0, 0., 0, 0., 0, 0., 0, 0., 113, 46.50205761316872, 0, 0., 4, 1.646090534979424, 0, 0., 0, 0., 0, 0., 203, 180, 383, 243, 0.6344647519582245
, generated\gt\sample_000568.krn, generated\xml_trimmed_homr\sample_000568.xml, 0, 0., 106, 42.4, 0, 0., 32, 12.8, 0, 0., 0, 0., 0, 0., 0, 0., 0, 0., 0, 0., 0, 0., 0, 0., 0, 0., 1, 0.4, 0, 0., 0, 0., 0, 0., 4, 1.6, 0, 0., 0, 0., 0, 0., 0, 0., 0, 0., 0, 0., 0, 0., 0, 0., 0, 0., 0, 0., 0, 0., 0, 0., 0, 0., 0, 0., 0, 0., 103, 41.2, 0, 0., 4, 1.6, 0, 0., 0, 0., 0, 0., 205, 189, 394, 250, 0.6345177664974619
, generated\gt\sample_000222.krn, generated\xml_trimmed_homr\sample_000222.xml, 0, 0., 85, 43.58974358974359, 0, 0., 0, 0., 0, 0., 0, 0., 8, 4.102564102564102, 0, 0., 0, 0., 0, 0., 1, 0.5128205128205128, 0, 0., 0, 0., 1, 0.5128205128205128, 0, 0., 0, 0., 0, 0., 0, 0., 0, 0., 0, 0., 0, 0., 0, 0., 0, 0., 0, 0., 0, 0., 0, 0., 0, 0., 0, 0., 0, 0., 0, 0., 0, 0., 0, 0., 0, 0., 96, 49.23076923076923, 0, 0., 4, 2.051282051282051, 0, 0., 0, 0., 0, 0., 164, 143, 307, 195, 0.6351791530944625
, generated\gt\sample_000445.krn, generated\xml_trimmed_homr\sample_000445.xml, 0, 0., 120, 37.61755485893417, 0, 0., 30, 9.404388714733543, 0, 0., 0, 0., 7, 2.19435736677116, 0, 0., 0, 0., 0, 0., 2, 0.6269592476489029, 0, 0., 0, 0., 1, 0.31347962382445144, 2, 0.6269592476489029, 0, 0., 0, 0., 0, 0., 0, 0., 0, 0., 0, 0., 0, 0., 5, 1.567398119122257, 0, 0., 0, 0., 0, 0., 0, 0., 0, 0., 0, 0., 0, 0., 0, 0., 0, 0., 0, 0., 148, 46.39498432601881, 0, 0., 4, 1.2539184952978057, 0, 0., 0, 0., 0, 0., 274, 228, 502, 319, 0.6354581673306773
, generated\gt\sample_000241.krn, generated\xml_trimmed_homr\sample_000241.xml, 0, 0., 110, 42.30769230769231, 0, 0., 13, 5.0, 0, 0., 0, 0., 1, 0.38461538461538464, 0, 0., 0, 0., 0, 0., 0, 0., 2, 0.7692307692307693, 0, 0., 1, 0.38461538461538464, 0, 0., 0, 0., 0, 0., 0, 0., 0, 0., 0, 0., 0, 0., 0, 0., 5, 1.9230769230769231, 0, 0., 0, 0., 0, 0., 0, 0., 0, 0., 0, 0., 0, 0., 0, 0., 0, 0., 0, 0., 124, 47.69230769230769, 0, 0., 4, 1.5384615384615385, 0, 0., 0, 0., 0, 0., 215, 194, 409, 260, 0.6356968215158925
, generated\gt\sample_000472.krn, generated\xml_trimmed_homr\sample_000472.xml, 0, 0., 149, 41.04683195592286, 0, 0., 55, 15.151515151515152, 0, 0., 0, 0., 4, 1.1019283746556474, 0, 0., 0, 0., 8, 2.203856749311295, 0, 0., 0, 0., 0, 0., 1, 0.27548209366391185, 2, 0.5509641873278237, 0, 0., 0, 0., 2, 0.5509641873278237, 0, 0., 0, 0., 0, 0., 0, 0., 6, 1.6528925619834711, 0, 0., 0, 0., 0, 0., 0, 0., 0, 0., 0, 0., 0, 0., 0, 0., 0, 0., 0, 0., 132, 36.36363636363637, 0, 0., 4, 1.1019283746556474, 0, 0., 0, 0., 0, 0., 303, 267, 570, 363, 0.6368421052631579
, generated\gt\sample_000598.krn, generated\xml_trimmed_homr\sample_000598.xml, 0, 0., 294, 56.75675675675676, 0, 0., 96, 18.53281853281853, 0, 0., 0, 0., 1, 0.19305019305019305, 0, 0., 0, 0., 1, 0.19305019305019305, 0, 0., 0, 0., 0, 0., 0, 0., 2, 0.3861003861003861, 0, 0., 0, 0., 0, 0., 0, 0., 0, 0., 0, 0., 0, 0., 0, 0., 0, 0., 0, 0., 0, 0., 0, 0., 0, 0., 0, 0., 0, 0., 0, 0., 0, 0., 0, 0., 120, 23.166023166023166, 0, 0., 4, 0.7722007722007722, 0, 0., 0, 0., 0, 0., 420, 393, 813, 518, 0.6371463714637147
, generated\gt\sample_000000.krn, generated\xml_trimmed_homr\sample_000000.xml, 0, 0., 200, 54.200542005420054, 0, 0., 47, 12.737127371273713, 0, 0., 1, 0.27100271002710025, 0, 0., 0, 0., 0, 0., 0, 0., 4, 1.084010840108401, 2, 0.5420054200542005, 0, 0., 4, 1.084010840108401, 0, 0., 0, 0., 0, 0., 0, 0., 0, 0., 0, 0., 0, 0., 0, 0., 5, 1.3550135501355014, 0, 0., 0, 0., 0, 0., 0, 0., 0, 0., 0, 0., 0, 0., 0, 0., 0, 0., 0, 0., 102, 27.642276422764226, 0, 0., 4, 1.084010840108401, 0, 0., 0, 0., 0, 0., 286, 293, 579, 369, 0.6373056994818653
, generated\gt\sample_000024.krn, generated\xml_trimmed_homr\sample_000024.xml, 0, 0., 292, 54.47761194029851, 0, 0., 80, 14.925373134328359, 0, 0., 0, 0., 0, 0., 0, 0., 0, 0., 1, 0.1865671641791045, 0, 0., 0, 0., 0, 0., 1, 0.1865671641791045, 0, 0., 0, 0., 0, 0., 2, 0.373134328358209, 0, 0., 0, 0., 0, 0., 0, 0., 0, 0., 0, 0., 0, 0., 0, 0., 0, 0., 0, 0., 0, 0., 0, 0., 0, 0., 0, 0., 0, 0., 156, 29.104477611940297, 0, 0., 4, 0.746268656716418, 0, 0., 0, 0., 0, 0., 433, 407, 840, 536, 0.638095238095238
, generated\gt\sample_000443.krn, generated\xml_trimmed_homr\sample_000443.xml, 0, 0., 120, 36.92307692307692, 0, 0., 60, 18.46153846153846, 0, 0., 0, 0., 5, 1.5384615384615385, 0, 0., 0, 0., 0, 0., 0, 0., 0, 0., 0, 0., 1, 0.3076923076923077, 2, 0.6153846153846154, 0, 0., 0, 0., 0, 0., 0, 0., 0, 0., 0, 0., 0, 0., 2, 0.6153846153846154, 0, 0., 0, 0., 0, 0., 0, 0., 0, 0., 0, 0., 0, 0., 0, 0., 0, 0., 0, 0., 131, 40.30769230769231, 0, 0., 4, 1.2307692307692308, 0, 0., 0, 0., 0, 0., 266, 243, 509, 325, 0.6385068762278978
, generated\gt\sample_000041.krn, generated\xml_trimmed_homr\sample_000041.xml, 0, 0., 90, 42.45283018867924, 0, 0., 6, 2.830188679245283, 0, 0., 0, 0., 8, 3.7735849056603774, 0, 0., 0, 0., 0, 0., 0, 0., 0, 0., 0, 0., 1, 0.4716981132075472, 2, 0.9433962264150944, 2, 0.9433962264150944, 0, 0., 0, 0., 0, 0., 0, 0., 0, 0., 0, 0., 0, 0., 0, 0., 0, 0., 0, 0., 0, 0., 0, 0., 0, 0., 0, 0., 0, 0., 0, 0., 0, 0., 99, 46.698113207547166, 0, 0., 4, 1.8867924528301887, 0, 0., 0, 0., 0, 0., 182, 150, 332, 212, 0.6385542168674698
, generated\gt\sample_000267.krn, generated\xml_trimmed_homr\sample_000267.xml, 0, 0., 105, 49.528301886792455, 0, 0., 6, 2.830188679245283, 0, 0., 0, 0., 0, 0., 0, 0., 0, 0., 0, 0., 0, 0., 0, 0., 0, 0., 1, 0.4716981132075472, 0, 0., 0, 0., 0, 0., 0, 0., 0, 0., 0, 0., 0, 0., 0, 0., 6, 2.830188679245283, 0, 0., 0, 0., 0, 0., 0, 0., 0, 0., 0, 0., 0, 0., 0, 0., 0, 0., 0, 0., 90, 42.45283018867924, 0, 0., 4, 1.8867924528301887, 0, 0., 0, 0., 0, 0., 178, 154, 332, 212, 0.6385542168674698
, generated\gt\sample_000607.krn, generated\xml_trimmed_homr\sample_000607.xml, 0, 0., 214, 45.14767932489451, 0, 0., 74, 15.611814345991561, 0, 0., 0, 0., 7, 1.4767932489451476, 0, 0., 0, 0., 3, 0.6329113924050633, 0, 0., 0, 0., 0, 0., 1, 0.2109704641350211, 2, 0.4219409282700422, 0, 0., 0, 0., 0, 0., 0, 0., 0, 0., 0, 0., 0, 0., 7, 1.4767932489451476, 0, 0., 0, 0., 0, 0., 0, 0., 0, 0., 0, 0., 0, 0., 0, 0., 0, 0., 0, 0., 162, 34.177215189873415, 0, 0., 4, 0.8438818565400844, 0, 0., 0, 0., 0, 0., 396, 346, 742, 474, 0.6388140161725068
, generated\gt\sample_000636.krn, generated\xml_trimmed_homr\sample_000636.xml, 0, 0., 105, 41.666666666666664, 0, 0., 14, 5.555555555555555, 0, 0., 0, 0., 0, 0., 0, 0., 0, 0., 7, 2.7777777777777777, 0, 0., 1, 0.3968253968253968, 0, 0., 2, 0.7936507936507936, 0, 0., 0, 0., 0, 0., 4, 1.5873015873015872, 0, 0., 0, 0., 0, 0., 0, 0., 0, 0., 0, 0., 0, 0., 0, 0., 0, 0., 0, 0., 0, 0., 0, 0., 0, 0., 0, 0., 0, 0., 115, 45.63492063492063, 0, 0., 4, 1.5873015873015872, 0, 0., 0, 0., 0, 0., 207, 187, 394, 252, 0.6395939086294417
, generated\gt\sample_000008.krn, generated\xml_trimmed_homr\sample_000008.xml, 0, 0., 202, 53.58090185676392, 0, 0., 38, 10.079575596816976, 0, 0., 6, 1.5915119363395225, 14, 3.713527851458886, 0, 0., 0, 0., 4, 1.0610079575596818, 7, 1.856763925729443, 3, 0.7957559681697612, 0, 0., 1, 0.26525198938992045, 2, 0.5305039787798409, 0, 0., 0, 0., 0, 0., 0, 0., 0, 0., 0, 0., 0, 0., 8, 2.1220159151193636, 0, 0., 0, 0., 0, 0., 0, 0., 0, 0., 0, 0., 0, 0., 0, 0., 0, 0., 0, 0., 88, 23.342175066312997, 0, 0., 4, 1.0610079575596818, 0, 0., 0, 0., 0, 0., 301, 288, 589, 377, 0.6400679117147708
, generated\gt\sample_000633.krn, generated\xml_trimmed_homr\sample_000633.xml, 0, 0., 61, 29.047619047619047, 8, 3.8095238095238093, 0, 0., 4, 1.9047619047619047, 0, 0., 0, 0., 0, 0., 0, 0., 0, 0., 0, 0., 1, 0.47619047619047616, 0, 0., 3, 1.4285714285714286, 0, 0., 0, 0., 0, 0., 0, 0., 0, 0., 0, 0., 0, 0., 0, 0., 0, 0., 0, 0., 0, 0., 0, 0., 0, 0., 0, 0., 0, 0., 0, 0., 0, 0., 0, 0., 53, 25.238095238095237, 76, 36.19047619047619, 0, 0., 4, 1.9047619047619047, 0, 0., 0, 0., 0, 0., 181, 147, 328, 210, 0.6402439024390244
, generated\gt\sample_000232.krn, generated\xml_trimmed_homr\sample_000232.xml, 0, 0., 228, 39.44636678200692, 0, 0., 94, 16.262975778546714, 0, 0., 0, 0., 10, 1.7301038062283738, 0, 0., 0, 0., 0, 0., 0, 0., 2, 0.3460207612456747, 0, 0., 1, 0.17301038062283736, 2, 0.3460207612456747, 0, 0., 0, 0., 0, 0., 0, 0., 0, 0., 0, 0., 0, 0., 3, 0.5190311418685121, 0, 0., 0, 0., 0, 0., 0, 0., 0, 0., 0, 0., 0, 0., 0, 0., 0, 0., 0, 0., 234, 40.484429065743946, 0, 0., 4, 0.6920415224913494, 0, 0., 0, 0., 0, 0., 463, 439, 902, 578, 0.6407982261640798
, generated\gt\sample_000273.krn, generated\xml_trimmed_homr\sample_000273.xml, 0, 0., 252, 58.333333333333336, 0, 0., 50, 11.574074074074074, 0, 0., 0, 0., 0, 0., 0, 0., 0, 0., 0, 0., 1, 0.23148148148148148, 0, 0., 0, 0., 1, 0.23148148148148148, 0, 0., 0, 0., 0, 0., 0, 0., 0, 0., 0, 0., 0, 0., 0, 0., 17, 3.935185185185185, 0, 0., 0, 0., 0, 0., 0, 0., 0, 0., 0, 0., 0, 0., 0, 0., 0, 0., 0, 0., 107, 24.76851851851852, 0, 0., 4, 0.9259259259259259, 0, 0., 0, 0., 0, 0., 356, 318, 674, 432, 0.6409495548961425
, generated\gt\sample_000289.krn, generated\xml_trimmed_homr\sample_000289.xml, 0, 0., 168, 33.93939393939394, 0, 0., 0, 0., 0, 0., 0, 0., 4, 0.8080808080808081, 0, 0., 0, 0., 0, 0., 20, 4.040404040404041, 0, 0., 0, 0., 3, 0.6060606060606061, 0, 0., 0, 0., 0, 0., 0, 0., 0, 0., 0, 0., 0, 0., 0, 0., 0, 0., 0, 0., 0, 0., 0, 0., 0, 0., 0, 0., 0, 0., 0, 0., 0, 0., 0, 0., 116, 23.434343434343436, 180, 36.36363636363637, 0, 0., 4, 0.8080808080808081, 0, 0., 0, 0., 0, 0., 362, 409, 771, 495, 0.642023346303502
, generated\gt\sample_000485.krn, generated\xml_trimmed_homr\sample_000485.xml, 0, 0., 74, 43.78698224852071, 0, 0., 12, 7.100591715976331, 0, 0., 0, 0., 0, 0., 0, 0., 0, 0., 0, 0., 3, 1.7751479289940828, 3, 1.7751479289940828, 0, 0., 2, 1.183431952662722, 0, 0., 0, 0., 0, 0., 0, 0., 0, 0., 0, 0., 0, 0., 0, 0., 1, 0.591715976331361, 0, 0., 0, 0., 0, 0., 0, 0., 0, 0., 0, 0., 0, 0., 0, 0., 0, 0., 0, 0., 70, 41.42011834319526, 0, 0., 4, 2.366863905325444, 0, 0., 0, 0., 0, 0., 134, 129, 263, 169, 0.6425855513307985
, generated\gt\sample_000040.krn, generated\xml_trimmed_homr\sample_000040.xml, 0, 0., 98, 43.75, 0, 0., 12, 5.357142857142857, 0, 0., 0, 0., 3, 1.3392857142857142, 0, 0., 0, 0., 0, 0., 0, 0., 0, 0., 0, 0., 1, 0.44642857142857145, 2, 0.8928571428571429, 2, 0.8928571428571429, 0, 0., 0, 0., 0, 0., 0, 0., 0, 0., 0, 0., 2, 0.8928571428571429, 0, 0., 0, 0., 0, 0., 0, 0., 0, 0., 0, 0., 0, 0., 0, 0., 0, 0., 0, 0., 100, 44.642857142857146, 0, 0., 4, 1.7857142857142858, 0, 0., 0, 0., 0, 0., 194, 154, 348, 224, 0.6436781609195402
, generated\gt\sample_000323.krn, generated\xml_trimmed_homr\sample_000323.xml, 0, 0., 191, 48.600508905852415, 0, 0., 35, 8.9058524173028, 0, 0., 2, 0.5089058524173028, 6, 1.5267175572519085, 0, 0., 0, 0., 3, 0.7633587786259542, 0, 0., 0, 0., 0, 0., 2, 0.5089058524173028, 2, 0.5089058524173028, 0, 0., 0, 0., 0, 0., 0, 0., 0, 0., 0, 0., 0, 0., 7, 1.7811704834605597, 0, 0., 0, 0., 0, 0., 0, 0., 0, 0., 0, 0., 0, 0., 0, 0., 0, 0., 0, 0., 141, 35.87786259541985, 0, 0., 4, 1.0178117048346056, 0, 0., 0, 0., 0, 0., 319, 291, 610, 393, 0.6442622950819672
, generated\gt\sample_000383.krn, generated\xml_trimmed_homr\sample_000383.xml, 0, 0., 144, 44.171779141104295, 0, 0., 17, 5.214723926380368, 0, 0., 0, 0., 3, 0.9202453987730062, 0, 0., 0, 0., 0, 0., 0, 0., 1, 0.3067484662576687, 0, 0., 0, 0., 1, 0.3067484662576687, 0, 0., 0, 0., 0, 0., 0, 0., 0, 0., 0, 0., 0, 0., 6, 1.8404907975460123, 0, 0., 0, 0., 0, 0., 0, 0., 0, 0., 0, 0., 0, 0., 0, 0., 0, 0., 0, 0., 150, 46.012269938650306, 0, 0., 4, 1.2269938650306749, 0, 0., 0, 0., 0, 0., 271, 235, 506, 326, 0.6442687747035574
, generated\gt\sample_000453.krn, generated\xml_trimmed_homr\sample_000453.xml, 0, 0., 273, 52.19885277246654, 0, 0., 55, 10.516252390057362, 0, 0., 0, 0., 4, 0.7648183556405354, 0, 0., 0, 0., 5, 0.9560229445506692, 0, 0., 0, 0., 0, 0., 1, 0.19120458891013384, 2, 0.3824091778202677, 0, 0., 0, 0., 4, 0.7648183556405354, 0, 0., 0, 0., 0, 0., 0, 0., 0, 0., 0, 0., 0, 0., 0, 0., 0, 0., 0, 0., 0, 0., 0, 0., 0, 0., 0, 0., 0, 0., 175, 33.460803059273424, 0, 0., 4, 0.7648183556405354, 0, 0., 0, 0., 0, 0., 421, 390, 811, 523, 0.6448828606658447
, generated\gt\sample_000649.krn, generated\xml_trimmed_homr\sample_000649.xml, 0, 0., 171, 47.23756906077348, 0, 0., 53, 14.640883977900552, 0, 0., 0, 0., 3, 0.8287292817679558, 0, 0., 0, 0., 1, 0.27624309392265195, 0, 0., 0, 0., 0, 0., 1, 0.27624309392265195, 2, 0.5524861878453039, 0, 0., 0, 0., 0, 0., 0, 0., 0, 0., 0, 0., 0, 0., 0, 0., 0, 0., 0, 0., 0, 0., 0, 0., 0, 0., 0, 0., 0, 0., 0, 0., 0, 0., 0, 0., 127, 35.0828729281768, 0, 0., 4, 1.1049723756906078, 0, 0., 0, 0., 0, 0., 291, 269, 560, 362, 0.6464285714285715
, generated\gt\sample_000176.krn, generated\xml_trimmed_homr\sample_000176.xml, 0, 0., 95, 35.58052434456929, 0, 0., 40, 14.9812734082397, 0, 0., 0, 0., 2, 0.7490636704119851, 0, 0., 0, 0., 8, 2.9962546816479403, 0, 0., 0, 0., 0, 0., 1, 0.37453183520599254, 4, 1.4981273408239701, 0, 0., 0, 0., 2, 0.7490636704119851, 0, 0., 0, 0., 0, 0., 0, 0., 5, 1.8726591760299625, 0, 0., 0, 0., 0, 0., 0, 0., 0, 0., 0, 0., 0, 0., 0, 0., 0, 0., 0, 0., 106, 39.70037453183521, 0, 0., 4, 1.4981273408239701, 0, 0., 0, 0., 0, 0., 222, 191, 413, 267, 0.6464891041162227
, generated\gt\sample_000018.krn, generated\xml_trimmed_homr\sample_000018.xml, 0, 0., 154, 37.65281173594132, 0, 0., 2, 0.4889975550122249, 0, 0., 0, 0., 1, 0.24449877750611246, 0, 0., 0, 0., 3, 0.7334963325183375, 17, 4.156479217603912, 0, 0., 0, 0., 4, 0.9779951100244498, 4, 0.9779951100244498, 0, 0., 0, 0., 0, 0., 0, 0., 0, 0., 0, 0., 0, 0., 0, 0., 0, 0., 0, 0., 0, 0., 0, 0., 0, 0., 0, 0., 0, 0., 0, 0., 0, 0., 85, 20.78239608801956, 135, 33.007334963325185, 0, 0., 4, 0.9779951100244498, 0, 0., 0, 0., 0, 0., 300, 331, 631, 409, 0.6481774960380349
, generated\gt\sample_000539.krn, generated\xml_trimmed_homr\sample_000539.xml, 0, 0., 116, 46.03174603174603, 0, 0., 0, 0., 0, 0., 0, 0., 0, 0., 0, 0., 0, 0., 0, 0., 1, 0.3968253968253968, 2, 0.7936507936507936, 0, 0., 1, 0.3968253968253968, 0, 0., 0, 0., 0, 0., 0, 0., 0, 0., 0, 0., 0, 0., 0, 0., 3, 1.1904761904761905, 0, 0., 0, 0., 0, 0., 0, 0., 0, 0., 0, 0., 0, 0., 0, 0., 0, 0., 0, 0., 125, 49.6031746031746, 0, 0., 4, 1.5873015873015872, 0, 0., 0, 0., 0, 0., 200, 188, 388, 252, 0.6494845360824743
, generated\gt\sample_000090.krn, generated\xml_trimmed_homr\sample_000090.xml, 0, 0., 192, 43.146067415730336, 0, 0., 32, 7.191011235955056, 0, 0., 0, 0., 1, 0.2247191011235955, 0, 0., 0, 0., 0, 0., 0, 0., 0, 0., 0, 0., 1, 0.2247191011235955, 2, 0.449438202247191, 0, 0., 0, 0., 0, 0., 0, 0., 0, 0., 0, 0., 0, 0., 8, 1.797752808988764, 0, 0., 0, 0., 0, 0., 0, 0., 0, 0., 0, 0., 0, 0., 0, 0., 0, 0., 0, 0., 205, 46.06741573033708, 0, 0., 4, 0.898876404494382, 0, 0., 0, 0., 0, 0., 356, 329, 685, 445, 0.6496350364963503
, generated\gt\sample_000444.krn, generated\xml_trimmed_homr\sample_000444.xml, 0, 0., 120, 39.08794788273616, 0, 0., 27, 8.794788273615636, 0, 0., 0, 0., 0, 0., 0, 0., 0, 0., 0, 0., 4, 1.3029315960912051, 0, 0., 0, 0., 1, 0.3257328990228013, 0, 0., 0, 0., 0, 0., 2, 0.6514657980456026, 0, 0., 0, 0., 0, 0., 0, 0., 4, 1.3029315960912051, 0, 0., 0, 0., 0, 0., 0, 0., 0, 0., 0, 0., 0, 0., 0, 0., 0, 0., 0, 0., 145, 47.23127035830619, 0, 0., 4, 1.3029315960912051, 0, 0., 0, 0., 0, 0., 252, 220, 472, 307, 0.6504237288135594
, generated\gt\sample_000595.krn, generated\xml_trimmed_homr\sample_000595.xml, 0, 0., 194, 57.05882352941177, 0, 0., 45, 13.235294117647058, 0, 0., 0, 0., 0, 0., 0, 0., 0, 0., 1, 0.29411764705882354, 0, 0., 0, 0., 0, 0., 0, 0., 0, 0., 0, 0., 0, 0., 0, 0., 0, 0., 0, 0., 0, 0., 0, 0., 0, 0., 0, 0., 0, 0., 0, 0., 0, 0., 0, 0., 0, 0., 0, 0., 0, 0., 0, 0., 0, 0., 96, 28.235294117647058, 0, 0., 4, 1.1764705882352942, 0, 0., 0, 0., 0, 0., 280, 242, 522, 340, 0.6513409961685823
, generated\gt\sample_000565.krn, generated\xml_trimmed_homr\sample_000565.xml, 0, 0., 155, 48.58934169278997, 0, 0., 24, 7.523510971786834, 0, 0., 0, 0., 0, 0., 0, 0., 0, 0., 0, 0., 0, 0., 0, 0., 0, 0., 1, 0.31347962382445144, 3, 0.9404388714733543, 0, 0., 0, 0., 0, 0., 0, 0., 0, 0., 0, 0., 0, 0., 6, 1.8808777429467085, 0, 0., 0, 0., 0, 0., 0, 0., 0, 0., 0, 0., 0, 0., 0, 0., 0, 0., 0, 0., 126, 39.49843260188088, 0, 0., 4, 1.2539184952978057, 0, 0., 0, 0., 0, 0., 257, 232, 489, 319, 0.6523517382413088
, generated\gt\sample_000501.krn, generated\xml_trimmed_homr\sample_000501.xml, 0, 0., 116, 44.78764478764479, 0, 0., 15, 5.7915057915057915, 0, 0., 0, 0., 4, 1.5444015444015444, 0, 0., 0, 0., 1, 0.3861003861003861, 0, 0., 0, 0., 0, 0., 1, 0.3861003861003861, 2, 0.7722007722007722, 0, 0., 0, 0., 0, 0., 0, 0., 0, 0., 0, 0., 0, 0., 5, 1.9305019305019304, 0, 0., 0, 0., 0, 0., 0, 0., 0, 0., 0, 0., 0, 0., 0, 0., 0, 0., 0, 0., 111, 42.857142857142854, 0, 0., 4, 1.5444015444015444, 0, 0., 0, 0., 0, 0., 211, 185, 396, 259, 0.6540404040404041
, generated\gt\sample_000183.krn, generated\xml_trimmed_homr\sample_000183.xml, 0, 0., 40, 25.477707006369428, 2, 1.2738853503184713, 2, 1.2738853503184713, 0, 0., 0, 0., 3, 1.910828025477707, 0, 0., 0, 0., 0, 0., 0, 0., 1, 0.6369426751592356, 0, 0., 0, 0., 1, 0.6369426751592356, 0, 0., 0, 0., 0, 0., 0, 0., 0, 0., 0, 0., 0, 0., 7, 4.45859872611465, 0, 0., 0, 0., 0, 0., 0, 0., 0, 0., 0, 0., 0, 0., 0, 0., 0, 0., 41, 26.11464968152866, 56, 35.6687898089172, 0, 0., 4, 2.5477707006369426, 0, 0., 0, 0., 0, 0., 132, 108, 240, 157, 0.6541666666666667
, generated\gt\sample_000426.krn, generated\xml_trimmed_homr\sample_000426.xml, 0, 0., 160, 41.45077720207254, 0, 0., 48, 12.435233160621761, 0, 0., 0, 0., 0, 0., 0, 0., 0, 0., 0, 0., 0, 0., 0, 0., 0, 0., 0, 0., 2, 0.5181347150259067, 0, 0., 0, 0., 0, 0., 0, 0., 0, 0., 0, 0., 0, 0., 6, 1.5544041450777202, 0, 0., 0, 0., 0, 0., 0, 0., 0, 0., 0, 0., 0, 0., 0, 0., 0, 0., 0, 0., 166, 43.005181347150256, 0, 0., 4, 1.0362694300518134, 0, 0., 0, 0., 0, 0., 302, 287, 589, 386, 0.6553480475382003
, generated\gt\sample_000037.krn, generated\xml_trimmed_homr\sample_000037.xml, 0, 0., 194, 49.48979591836735, 0, 0., 1, 0.25510204081632654, 1, 0.25510204081632654, 0, 0., 8, 2.0408163265306123, 0, 0., 0, 0., 0, 0., 4, 1.0204081632653061, 2, 0.5102040816326531, 0, 0., 3, 0.7653061224489796, 4, 1.0204081632653061, 0, 0., 0, 0., 0, 0., 0, 0., 0, 0., 0, 0., 0, 0., 0, 0., 0, 0., 0, 0., 0, 0., 0, 0., 0, 0., 0, 0., 0, 0., 0, 0., 0, 0., 37, 9.438775510204081, 134, 34.183673469387756, 0, 0., 4, 1.0204081632653061, 0, 0., 0, 0., 0, 0., 293, 305, 598, 392, 0.6555183946488294
, generated\gt\sample_000159.krn, generated\xml_trimmed_homr\sample_000159.xml, 0, 0., 102, 50.495049504950494, 0, 0., 9, 4.455445544554456, 0, 0., 2, 0.9900990099009901, 3, 1.4851485148514851, 0, 0., 3, 1.4851485148514851, 0, 0., 2, 0.9900990099009901, 1, 0.49504950495049505, 0, 0., 5, 2.4752475247524752, 1, 0.49504950495049505, 0, 0., 0, 0., 0, 0., 0, 0., 0, 0., 0, 0., 0, 0., 5, 2.4752475247524752, 0, 0., 0, 0., 0, 0., 0, 0., 0, 0., 0, 0., 0, 0., 0, 0., 0, 0., 0, 0., 65, 32.17821782178218, 0, 0., 4, 1.9801980198019802, 0, 0., 0, 0., 0, 0., 168, 140, 308, 202, 0.6558441558441559
, generated\gt\sample_000307.krn, generated\xml_trimmed_homr\sample_000307.xml, 0, 0., 165, 41.35338345864662, 0, 0., 38, 9.523809523809524, 0, 0., 0, 0., 6, 1.5037593984962405, 0, 0., 0, 0., 0, 0., 1, 0.2506265664160401, 0, 0., 0, 0., 3, 0.7518796992481203, 2, 0.5012531328320802, 0, 0., 0, 0., 0, 0., 0, 0., 0, 0., 0, 0., 0, 0., 8, 2.0050125313283207, 0, 0., 0, 0., 0, 0., 0, 0., 0, 0., 0, 0., 0, 0., 0, 0., 0, 0., 0, 0., 172, 43.1077694235589, 0, 0., 4, 1.0025062656641603, 0, 0., 0, 0., 0, 0., 315, 292, 607, 399, 0.657331136738056
, generated\gt\sample_000219.krn, generated\xml_trimmed_homr\sample_000219.xml, 0, 0., 50, 38.16793893129771, 0, 0., 0, 0., 0, 0., 0, 0., 2, 1.5267175572519085, 0, 0., 0, 0., 5, 3.816793893129771, 0, 0., 0, 0., 0, 0., 1, 0.7633587786259542, 0, 0., 0, 0., 0, 0., 0, 0., 0, 0., 0, 0., 0, 0., 0, 0., 1, 0.7633587786259542, 0, 0., 0, 0., 0, 0., 0, 0., 0, 0., 0, 0., 0, 0., 0, 0., 0, 0., 0, 0., 68, 51.908396946564885, 0, 0., 4, 3.053435114503817, 0, 0., 0, 0., 0, 0., 114, 85, 199, 131, 0.6582914572864321
, generated\gt\sample_000584.krn, generated\xml_trimmed_homr\sample_000584.xml, 0, 0., 217, 55.216284987277355, 0, 0., 63, 16.03053435114504, 0, 0., 0, 0., 2, 0.5089058524173028, 0, 0., 0, 0., 0, 0., 0, 0., 0, 0., 0, 0., 2, 0.5089058524173028, 2, 0.5089058524173028, 0, 0., 0, 0., 0, 0., 0, 0., 0, 0., 0, 0., 0, 0., 0, 0., 0, 0., 0, 0., 0, 0., 0, 0., 0, 0., 0, 0., 0, 0., 0, 0., 0, 0., 0, 0., 103, 26.208651399491096, 0, 0., 4, 1.0178117048346056, 0, 0., 0, 0., 0, 0., 306, 291, 597, 393, 0.6582914572864321
, generated\gt\sample_000451.krn, generated\xml_trimmed_homr\sample_000451.xml, 0, 0., 114, 39.175257731958766, 0, 0., 45, 15.463917525773196, 0, 0., 0, 0., 1, 0.3436426116838488, 0, 0., 0, 0., 2, 0.6872852233676976, 0, 0., 0, 0., 0, 0., 1, 0.3436426116838488, 0, 0., 0, 0., 0, 0., 1, 0.3436426116838488, 0, 0., 0, 0., 0, 0., 0, 0., 0, 0., 0, 0., 0, 0., 0, 0., 0, 0., 0, 0., 0, 0., 0, 0., 0, 0., 0, 0., 0, 0., 123, 42.2680412371134, 0, 0., 4, 1.3745704467353952, 0, 0., 0, 0., 0, 0., 248, 194, 442, 291, 0.6583710407239819
, generated\gt\sample_000016.krn, generated\xml_trimmed_homr\sample_000016.xml, 0, 0., 236, 54.12844036697248, 4, 0.9174311926605505, 1, 0.22935779816513763, 1, 0.22935779816513763, 0, 0., 3, 0.6880733944954128, 0, 0., 0, 0., 0, 0., 19, 4.3577981651376145, 0, 0., 0, 0., 3, 0.6880733944954128, 4, 0.9174311926605505, 0, 0., 0, 0., 4, 0.9174311926605505, 0, 0., 0, 0., 0, 0., 0, 0., 0, 0., 0, 0., 0, 0., 0, 0., 0, 0., 0, 0., 0, 0., 0, 0., 0, 0., 0, 0., 0, 0., 157, 36.00917431192661, 0, 0., 4, 0.9174311926605505, 0, 0., 0, 0., 0, 0., 317, 345, 662, 436, 0.6586102719033232
, generated\gt\sample_000378.krn, generated\xml_trimmed_homr\sample_000378.xml, 0, 0., 95, 45.893719806763286, 4, 1.932367149758454, 9, 4.3478260869565215, 2, 0.966183574879227, 0, 0., 5, 2.4154589371980677, 0, 0., 0, 0., 1, 0.4830917874396135, 1, 0.4830917874396135, 0, 0., 0, 0., 1, 0.4830917874396135, 0, 0., 0, 0., 0, 0., 0, 0., 0, 0., 0, 0., 0, 0., 0, 0., 2, 0.966183574879227, 0, 0., 0, 0., 2, 0.966183574879227, 0, 0., 0, 0., 0, 0., 0, 0., 0, 0., 0, 0., 0, 0., 81, 39.130434782608695, 0, 0., 4, 1.932367149758454, 0, 0., 0, 0., 0, 0., 167, 147, 314, 207, 0.6592356687898089
, generated\gt\sample_000442.krn, generated\xml_trimmed_homr\sample_000442.xml, 0, 0., 76, 40.0, 0, 0., 10, 5.2631578947368425, 0, 0., 0, 0., 0, 0., 0, 0., 6, 3.1578947368421053, 0, 0., 0, 0., 0, 0., 0, 0., 1, 0.5263157894736842, 0, 0., 0, 0., 0, 0., 0, 0., 0, 0., 0, 0., 0, 0., 0, 0., 5, 2.6315789473684212, 0, 0., 0, 0., 0, 0., 0, 0., 0, 0., 0, 0., 0, 0., 0, 0., 0, 0., 0, 0., 88, 46.31578947368421, 0, 0., 4, 2.1052631578947367, 0, 0., 0, 0., 0, 0., 154, 134, 288, 190, 0.6597222222222222
, generated\gt\sample_000019.krn, generated\xml_trimmed_homr\sample_000019.xml, 0, 0., 294, 52.5, 0, 0., 4, 0.7142857142857143, 0, 0., 0, 0., 0, 0., 0, 0., 0, 0., 0, 0., 24, 4.285714285714286, 0, 0., 0, 0., 3, 0.5357142857142857, 4, 0.7142857142857143, 0, 0., 0, 0., 0, 0., 0, 0., 0, 0., 0, 0., 0, 0., 0, 0., 0, 0., 0, 0., 0, 0., 0, 0., 0, 0., 0, 0., 0, 0., 0, 0., 0, 0., 54, 9.642857142857142, 173, 30.892857142857142, 0, 0., 4, 0.7142857142857143, 0, 0., 0, 0., 0, 0., 395, 453, 848, 560, 0.660377358490566
, generated\gt\sample_000393.krn, generated\xml_trimmed_homr\sample_000393.xml, 0, 0., 132, 45.205479452054796, 0, 0., 16, 5.47945205479452, 0, 0., 4, 1.36986301369863, 3, 1.0273972602739727, 0, 0., 0, 0., 0, 0., 0, 0., 0, 0., 0, 0., 0, 0., 2, 0.684931506849315, 0, 0., 0, 0., 0, 0., 0, 0., 0, 0., 0, 0., 0, 0., 3, 1.0273972602739727, 0, 0., 0, 0., 0, 0., 0, 0., 0, 0., 0, 0., 0, 0., 0, 0., 0, 0., 0, 0., 128, 43.83561643835616, 0, 0., 4, 1.36986301369863, 0, 0., 0, 0., 0, 0., 223, 219, 442, 292, 0.6606334841628959
, generated\gt\sample_000644.krn, generated\xml_trimmed_homr\sample_000644.xml, 0, 0., 215, 51.80722891566265, 0, 0., 30, 7.228915662650603, 0, 0., 0, 0., 1, 0.24096385542168675, 0, 0., 0, 0., 0, 0., 2, 0.4819277108433735, 1, 0.24096385542168675, 0, 0., 3, 0.7228915662650602, 2, 0.4819277108433735, 0, 0., 0, 0., 0, 0., 0, 0., 0, 0., 0, 0., 0, 0., 6, 1.4457831325301205, 0, 0., 0, 0., 0, 0., 0, 0., 0, 0., 0, 0., 0, 0., 0, 0., 0, 0., 0, 0., 151, 36.3855421686747, 0, 0., 4, 0.963855421686747, 0, 0., 0, 0., 0, 0., 325, 303, 628, 415, 0.660828025477707
, generated\gt\sample_000590.krn, generated\xml_trimmed_homr\sample_000590.xml, 0, 0., 323, 70.83333333333333, 0, 0., 23, 5.043859649122807, 0, 0., 17, 3.7280701754385963, 7, 1.5350877192982457, 0, 0., 0, 0., 0, 0., 2, 0.43859649122807015, 0, 0., 0, 0., 2, 0.43859649122807015, 2, 0.43859649122807015, 0, 0., 0, 0., 0, 0., 0, 0., 0, 0., 0, 0., 0, 0., 0, 0., 0, 0., 0, 0., 0, 0., 0, 0., 0, 0., 0, 0., 0, 0., 0, 0., 0, 0., 0, 0., 76, 16.666666666666668, 0, 0., 4, 0.8771929824561403, 0, 0., 0, 0., 0, 0., 375, 314, 689, 456, 0.6618287373004355
, generated\gt\sample_000081.krn, generated\xml_trimmed_homr\sample_000081.xml, 0, 0., 234, 56.79611650485437, 2, 0.4854368932038835, 31, 7.524271844660194, 0, 0., 8, 1.941747572815534, 7, 1.6990291262135921, 0, 0., 0, 0., 0, 0., 0, 0., 0, 0., 0, 0., 1, 0.24271844660194175, 3, 0.7281553398058253, 0, 0., 0, 0., 2, 0.4854368932038835, 0, 0., 0, 0., 0, 0., 0, 0., 4, 0.970873786407767, 0, 0., 0, 0., 0, 0., 0, 0., 0, 0., 0, 0., 0, 0., 0, 0., 0, 0., 0, 0., 116, 28.155339805825243, 0, 0., 4, 0.970873786407767, 0, 0., 0, 0., 0, 0., 343, 279, 622, 412, 0.662379421221865
, generated\gt\sample_000221.krn, generated\xml_trimmed_homr\sample_000221.xml, 0, 0., 69, 41.81818181818182, 0, 0., 0, 0., 0, 0., 0, 0., 0, 0., 0, 0., 0, 0., 2, 1.2121212121212122, 3, 1.8181818181818181, 0, 0., 0, 0., 1, 0.6060606060606061, 2, 1.2121212121212122, 0, 0., 0, 0., 0, 0., 0, 0., 0, 0., 0, 0., 0, 0., 0, 0., 0, 0., 0, 0., 0, 0., 0, 0., 0, 0., 0, 0., 0, 0., 0, 0., 0, 0., 0, 0., 84, 50.90909090909091, 0, 0., 4, 2.4242424242424243, 0, 0., 0, 0., 0, 0., 137, 112, 249, 165, 0.6626506024096386
, generated\gt\sample_000156.krn, generated\xml_trimmed_homr\sample_000156.xml, 0, 0., 184, 40.17467248908297, 0, 0., 62, 13.537117903930131, 0, 0., 0, 0., 9, 1.965065502183406, 0, 0., 0, 0., 0, 0., 0, 0., 0, 0., 0, 0., 0, 0., 2, 0.4366812227074236, 0, 0., 0, 0., 0, 0., 0, 0., 0, 0., 0, 0., 0, 0., 0, 0., 0, 0., 0, 0., 0, 0., 0, 0., 0, 0., 0, 0., 0, 0., 0, 0., 0, 0., 0, 0., 197, 43.01310043668122, 0, 0., 4, 0.8733624454148472, 0, 0., 0, 0., 0, 0., 359, 331, 690, 458, 0.663768115942029
, generated\gt\sample_000582.krn, generated\xml_trimmed_homr\sample_000582.xml, 0, 0., 208, 40.15444015444015, 0, 0., 84, 16.216216216216218, 0, 0., 0, 0., 16, 3.088803088803089, 0, 0., 0, 0., 1, 0.19305019305019305, 0, 0., 0, 0., 0, 0., 1, 0.19305019305019305, 2, 0.3861003861003861, 0, 0., 0, 0., 0, 0., 0, 0., 0, 0., 0, 0., 0, 0., 0, 0., 0, 0., 0, 0., 0, 0., 0, 0., 0, 0., 0, 0., 0, 0., 0, 0., 0, 0., 0, 0., 202, 38.996138996138995, 0, 0., 4, 0.7722007722007722, 0, 0., 0, 0., 0, 0., 405, 373, 778, 518, 0.6658097686375322
, generated\gt\sample_000349.krn, generated\xml_trimmed_homr\sample_000349.xml, 0, 0., 296, 57.142857142857146, 0, 0., 74, 14.285714285714286, 1, 0.19305019305019305, 0, 0., 1, 0.19305019305019305, 0, 0., 0, 0., 1, 0.19305019305019305, 0, 0., 0, 0., 0, 0., 1, 0.19305019305019305, 2, 0.3861003861003861, 0, 0., 0, 0., 0, 0., 0, 0., 0, 0., 0, 0., 0, 0., 12, 2.3166023166023164, 0, 0., 0, 0., 0, 0., 0, 0., 0, 0., 0, 0., 0, 0., 0, 0., 0, 0., 0, 0., 126, 24.324324324324323, 0, 0., 4, 0.7722007722007722, 0, 0., 0, 0., 0, 0., 402, 374, 776, 518, 0.6675257731958762
, generated\gt\sample_000006.krn, generated\xml_trimmed_homr\sample_000006.xml, 0, 0., 262, 59.54545454545455, 0, 0., 93, 21.136363636363637, 0, 0., 0, 0., 2, 0.45454545454545453, 0, 0., 0, 0., 0, 0., 0, 0., 0, 0., 0, 0., 0, 0., 2, 0.45454545454545453, 3, 0.6818181818181818, 0, 0., 0, 0., 0, 0., 0, 0., 0, 0., 0, 0., 0, 0., 0, 0., 0, 0., 0, 0., 0, 0., 0, 0., 0, 0., 0, 0., 0, 0., 0, 0., 0, 0., 74, 16.818181818181817, 0, 0., 4, 0.9090909090909091, 0, 0., 0, 0., 0, 0., 325, 334, 659, 440, 0.6676783004552352
, generated\gt\sample_000648.krn, generated\xml_trimmed_homr\sample_000648.xml, 0, 0., 194, 42.637362637362635, 0, 0., 74, 16.263736263736263, 0, 0., 0, 0., 11, 2.4175824175824174, 0, 0., 0, 0., 0, 0., 0, 0., 0, 0., 0, 0., 0, 0., 2, 0.43956043956043955, 0, 0., 0, 0., 0, 0., 0, 0., 0, 0., 0, 0., 0, 0., 0, 0., 0, 0., 0, 0., 0, 0., 0, 0., 0, 0., 0, 0., 0, 0., 0, 0., 0, 0., 0, 0., 170, 37.362637362637365, 0, 0., 4, 0.8791208791208791, 0, 0., 0, 0., 0, 0., 349, 332, 681, 455, 0.6681350954478708
, generated\gt\sample_000672.krn, generated\xml_trimmed_homr\sample_000672.xml, 0, 0., 231, 66.189111747851, 0, 0., 28, 8.022922636103152, 0, 0., 8, 2.292263610315186, 10, 2.865329512893983, 0, 0., 0, 0., 0, 0., 4, 1.146131805157593, 1, 0.28653295128939826, 0, 0., 1, 0.28653295128939826, 2, 0.5730659025787965, 0, 0., 0, 0., 0, 0., 0, 0., 0, 0., 0, 0., 0, 0., 5, 1.4326647564469914, 0, 0., 0, 0., 0, 0., 0, 0., 0, 0., 0, 0., 0, 0., 0, 0., 0, 0., 0, 0., 55, 15.759312320916905, 0, 0., 4, 1.146131805157593, 0, 0., 0, 0., 0, 0., 257, 264, 521, 349, 0.6698656429942419
, generated\gt\sample_000032.krn, generated\xml_trimmed_homr\sample_000032.xml, 0, 0., 186, 37.2, 0, 0., 0, 0., 0, 0., 0, 0., 1, 0.2, 0, 0., 0, 0., 0, 0., 13, 2.6, 0, 0., 0, 0., 3, 0.6, 0, 0., 0, 0., 0, 0., 0, 0., 0, 0., 0, 0., 0, 0., 0, 0., 0, 0., 0, 0., 0, 0., 0, 0., 0, 0., 0, 0., 0, 0., 0, 0., 0, 0., 0, 0., 118, 23.6, 175, 35.0, 0, 0., 4, 0.8, 0, 0., 0, 0., 0, 0., 348, 398, 746, 500, 0.6702412868632708
, generated\gt\sample_000514.krn, generated\xml_trimmed_homr\sample_000514.xml, 0, 0., 50, 16.722408026755854, 6, 2.0066889632107023, 0, 0., 3, 1.0033444816053512, 0, 0., 2, 0.6688963210702341, 0, 0., 0, 0., 0, 0., 10, 3.3444816053511706, 0, 0., 0, 0., 0, 0., 2, 0.6688963210702341, 0, 0., 0, 0., 0, 0., 0, 0., 0, 0., 0, 0., 0, 0., 5, 1.6722408026755853, 0, 0., 0, 0., 0, 0., 0, 0., 0, 0., 0, 0., 0, 0., 0, 0., 0, 0., 0, 0., 217, 72.5752508361204, 0, 0., 4, 1.3377926421404682, 0, 0., 0, 0., 0, 0., 309, 136, 445, 299, 0.6719101123595506
, generated\gt\sample_000216.krn, generated\xml_trimmed_homr\sample_000216.xml, 0, 0., 75, 39.26701570680628, 0, 0., 25, 13.089005235602095, 0, 0., 0, 0., 0, 0., 0, 0., 0, 0., 0, 0., 0, 0., 1, 0.5235602094240838, 0, 0., 1, 0.5235602094240838, 0, 0., 0, 0., 0, 0., 0, 0., 0, 0., 0, 0., 0, 0., 0, 0., 2, 1.0471204188481675, 0, 0., 0, 0., 0, 0., 0, 0., 0, 0., 0, 0., 0, 0., 0, 0., 0, 0., 54, 28.272251308900522, 29, 15.18324607329843, 0, 0., 4, 2.094240837696335, 0, 0., 0, 0., 0, 0., 146, 138, 284, 191, 0.6725352112676056
, generated\gt\sample_000302.krn, generated\xml_trimmed_homr\sample_000302.xml, 0, 0., 213, 54.19847328244275, 0, 0., 26, 6.6157760814249365, 0, 0., 0, 0., 2, 0.5089058524173028, 0, 0., 0, 0., 1, 0.2544529262086514, 0, 0., 0, 0., 0, 0., 2, 0.5089058524173028, 2, 0.5089058524173028, 0, 0., 0, 0., 0, 0., 0, 0., 0, 0., 0, 0., 0, 0., 8, 2.035623409669211, 0, 0., 0, 0., 0, 0., 0, 0., 0, 0., 0, 0., 0, 0., 0, 0., 0, 0., 0, 0., 135, 34.35114503816794, 0, 0., 4, 1.0178117048346056, 0, 0., 0, 0., 0, 0., 300, 284, 584, 393, 0.672945205479452
, generated\gt\sample_000039.krn, generated\xml_trimmed_homr\sample_000039.xml, 0, 0., 113, 42.16417910447761, 0, 0., 10, 3.7313432835820897, 0, 0., 0, 0., 9, 3.3582089552238807, 0, 0., 0, 0., 0, 0., 0, 0., 0, 0., 0, 0., 1, 0.373134328358209, 2, 0.746268656716418, 2, 0.746268656716418, 0, 0., 0, 0., 0, 0., 0, 0., 0, 0., 0, 0., 3, 1.1194029850746268, 0, 0., 0, 0., 0, 0., 0, 0., 0, 0., 0, 0., 0, 0., 0, 0., 0, 0., 0, 0., 124, 46.26865671641791, 0, 0., 4, 1.492537313432836, 0, 0., 0, 0., 0, 0., 225, 173, 398, 268, 0.6733668341708543
, generated\gt\sample_000465.krn, generated\xml_trimmed_homr\sample_000465.xml, 0, 0., 160, 37.55868544600939, 4, 0.9389671361502347, 38, 8.92018779342723, 4, 0.9389671361502347, 0, 0., 0, 0., 0, 0., 0, 0., 1, 0.2347417840375587, 0, 0., 0, 0., 0, 0., 3, 0.704225352112676, 4, 0.9389671361502347, 0, 0., 0, 0., 0, 0., 0, 0., 0, 0., 0, 0., 0, 0., 4, 0.9389671361502347, 0, 0., 0, 0., 0, 0., 0, 0., 0, 0., 0, 0., 0, 0., 0, 0., 0, 0., 82, 19.248826291079812, 122, 28.63849765258216, 0, 0., 4, 0.9389671361502347, 0, 0., 0, 0., 0, 0., 332, 300, 632, 426, 0.6740506329113924
, generated\gt\sample_000440.krn, generated\xml_trimmed_homr\sample_000440.xml, 0, 0., 169, 45.799457994579946, 0, 0., 34, 9.214092140921409, 0, 0., 0, 0., 4, 1.084010840108401, 0, 0., 0, 0., 0, 0., 0, 0., 0, 0., 0, 0., 1, 0.27100271002710025, 3, 0.8130081300813008, 0, 0., 0, 0., 2, 0.5420054200542005, 0, 0., 0, 0., 0, 0., 0, 0., 9, 2.4390243902439024, 0, 0., 0, 0., 0, 0., 0, 0., 0, 0., 0, 0., 0, 0., 0, 0., 0, 0., 0, 0., 143, 38.75338753387534, 0, 0., 4, 1.084010840108401, 0, 0., 0, 0., 0, 0., 300, 247, 547, 369, 0.6745886654478976
, generated\gt\sample_000180.krn, generated\xml_trimmed_homr\sample_000180.xml, 0, 0., 96, 50.261780104712045, 0, 0., 2, 1.0471204188481675, 0, 0., 0, 0., 0, 0., 0, 0., 3, 1.5706806282722514, 0, 0., 2, 1.0471204188481675, 1, 0.5235602094240838, 0, 0., 1, 0.5235602094240838, 3, 1.5706806282722514, 0, 0., 0, 0., 0, 0., 0, 0., 0, 0., 0, 0., 0, 0., 11, 5.7591623036649215, 0, 0., 0, 0., 0, 0., 0, 0., 0, 0., 0, 0., 0, 0., 0, 0., 0, 0., 0, 0., 68, 35.602094240837694, 0, 0., 4, 2.094240837696335, 0, 0., 0, 0., 0, 0., 151, 132, 283, 191, 0.6749116607773852
, generated\gt\sample_000060.krn, generated\xml_trimmed_homr\sample_000060.xml, 0, 0., 156, 59.31558935361217, 0, 0., 0, 0., 0, 0., 0, 0., 0, 0., 0, 0., 0, 0., 9, 3.4220532319391634, 0, 0., 0, 0., 0, 0., 1, 0.38022813688212925, 0, 0., 0, 0., 0, 0., 2, 0.7604562737642585, 0, 0., 0, 0., 0, 0., 0, 0., 0, 0., 0, 0., 0, 0., 0, 0., 0, 0., 0, 0., 0, 0., 0, 0., 0, 0., 0, 0., 0, 0., 91, 34.60076045627376, 0, 0., 4, 1.520912547528517, 0, 0., 0, 0., 0, 0., 205, 184, 389, 263, 0.6760925449871465
, generated\gt\sample_000612.krn, generated\xml_trimmed_homr\sample_000612.xml, 0, 0., 120, 42.25352112676056, 0, 0., 37, 13.028169014084508, 0, 0., 0, 0., 5, 1.7605633802816902, 0, 0., 0, 0., 0, 0., 2, 0.704225352112676, 4, 1.408450704225352, 0, 0., 1, 0.352112676056338, 1, 0.352112676056338, 0, 0., 0, 0., 0, 0., 0, 0., 0, 0., 0, 0., 0, 0., 8, 2.816901408450704, 0, 0., 0, 0., 0, 0., 0, 0., 0, 0., 0, 0., 0, 0., 0, 0., 0, 0., 0, 0., 102, 35.91549295774648, 0, 0., 4, 1.408450704225352, 0, 0., 0, 0., 0, 0., 224, 196, 420, 284, 0.6761904761904762
, generated\gt\sample_000254.krn, generated\xml_trimmed_homr\sample_000254.xml, 0, 0., 99, 40.08097165991903, 0, 0., 22, 8.906882591093117, 0, 0., 0, 0., 1, 0.4048582995951417, 0, 0., 0, 0., 0, 0., 0, 0., 0, 0., 0, 0., 2, 0.8097165991902834, 4, 1.6194331983805668, 0, 0., 0, 0., 4, 1.6194331983805668, 0, 0., 0, 0., 0, 0., 0, 0., 2, 0.8097165991902834, 0, 0., 0, 0., 0, 0., 0, 0., 0, 0., 0, 0., 0, 0., 0, 0., 0, 0., 0, 0., 109, 44.12955465587044, 0, 0., 4, 1.6194331983805668, 0, 0., 0, 0., 0, 0., 191, 174, 365, 247, 0.6767123287671233
, generated\gt\sample_000010.krn, generated\xml_trimmed_homr\sample_000010.xml, 0, 0., 197, 67.00680272108843, 0, 0., 12, 4.081632653061225, 2, 0.6802721088435374, 0, 0., 1, 0.3401360544217687, 0, 0., 0, 0., 0, 0., 0, 0., 5, 1.7006802721088434, 0, 0., 1, 0.3401360544217687, 2, 0.6802721088435374, 0, 0., 0, 0., 0, 0., 0, 0., 0, 0., 0, 0., 0, 0., 6, 2.0408163265306123, 0, 0., 0, 0., 0, 0., 0, 0., 0, 0., 0, 0., 0, 0., 0, 0., 0, 0., 0, 0., 64, 21.768707482993197, 0, 0., 4, 1.3605442176870748, 0, 0., 0, 0., 0, 0., 233, 201, 434, 294, 0.6774193548387096
, generated\gt\sample_000544.krn, generated\xml_trimmed_homr\sample_000544.xml, 0, 0., 232, 65.53672316384181, 0, 0., 52, 14.689265536723164, 0, 0., 6, 1.694915254237288, 2, 0.5649717514124294, 0, 0., 0, 0., 0, 0., 0, 0., 0, 0., 0, 0., 1, 0.2824858757062147, 1, 0.2824858757062147, 0, 0., 0, 0., 0, 0., 0, 0., 0, 0., 0, 0., 0, 0., 1, 0.2824858757062147, 0, 0., 0, 0., 0, 0., 0, 0., 0, 0., 0, 0., 0, 0., 0, 0., 0, 0., 0, 0., 55, 15.536723163841808, 0, 0., 4, 1.1299435028248588, 0, 0., 0, 0., 0, 0., 245, 277, 522, 354, 0.6781609195402298
, generated\gt\sample_000282.krn, generated\xml_trimmed_homr\sample_000282.xml, 0, 0., 128, 43.986254295532646, 0, 0., 10, 3.4364261168384878, 0, 0., 0, 0., 8, 2.7491408934707904, 0, 0., 0, 0., 0, 0., 0, 0., 0, 0., 0, 0., 1, 0.3436426116838488, 1, 0.3436426116838488, 0, 0., 0, 0., 0, 0., 0, 0., 0, 0., 0, 0., 0, 0., 4, 1.3745704467353952, 0, 0., 0, 0., 0, 0., 0, 0., 0, 0., 0, 0., 0, 0., 0, 0., 0, 0., 0, 0., 135, 46.391752577319586, 0, 0., 4, 1.3745704467353952, 0, 0., 0, 0., 0, 0., 228, 201, 429, 291, 0.6783216783216783
, generated\gt\sample_000233.krn, generated\xml_trimmed_homr\sample_000233.xml, 0, 0., 165, 55.0, 0, 0., 22, 7.333333333333333, 0, 0., 0, 0., 4, 1.3333333333333333, 0, 0., 0, 0., 0, 0., 0, 0., 2, 0.6666666666666666, 0, 0., 2, 0.6666666666666666, 0, 0., 0, 0., 0, 0., 0, 0., 0, 0., 0, 0., 0, 0., 0, 0., 7, 2.3333333333333335, 0, 0., 0, 0., 0, 0., 0, 0., 0, 0., 0, 0., 0, 0., 0, 0., 0, 0., 0, 0., 94, 31.333333333333332, 0, 0., 4, 1.3333333333333333, 0, 0., 0, 0., 0, 0., 238, 204, 442, 300, 0.6787330316742082
, generated\gt\sample_000083.krn, generated\xml_trimmed_homr\sample_000083.xml, 0, 0., 230, 65.9025787965616, 0, 0., 23, 6.590257879656161, 0, 0., 4, 1.146131805157593, 8, 2.292263610315186, 0, 0., 0, 0., 0, 0., 0, 0., 0, 0., 0, 0., 2, 0.5730659025787965, 1, 0.28653295128939826, 0, 0., 0, 0., 0, 0., 0, 0., 0, 0., 0, 0., 0, 0., 4, 1.146131805157593, 0, 0., 0, 0., 0, 0., 0, 0., 0, 0., 0, 0., 0, 0., 0, 0., 0, 0., 0, 0., 73, 20.916905444126076, 0, 0., 4, 1.146131805157593, 0, 0., 0, 0., 0, 0., 289, 225, 514, 349, 0.6789883268482491
, generated\gt\sample_000064.krn, generated\xml_trimmed_homr\sample_000064.xml, 0, 0., 353, 56.935483870967744, 0, 0., 90, 14.516129032258064, 1, 0.16129032258064516, 0, 0., 1, 0.16129032258064516, 0, 0., 0, 0., 3, 0.4838709677419355, 0, 0., 2, 0.3225806451612903, 0, 0., 1, 0.16129032258064516, 1, 0.16129032258064516, 0, 0., 0, 0., 0, 0., 0, 0., 0, 0., 0, 0., 0, 0., 10, 1.6129032258064515, 0, 0., 0, 0., 0, 0., 0, 0., 0, 0., 0, 0., 0, 0., 0, 0., 0, 0., 0, 0., 154, 24.838709677419356, 0, 0., 4, 0.6451612903225806, 0, 0., 0, 0., 0, 0., 472, 441, 913, 620, 0.6790799561883899
, generated\gt\sample_000214.krn, generated\xml_trimmed_homr\sample_000214.xml, 0, 0., 54, 42.51968503937008, 0, 0., 0, 0., 0, 0., 0, 0., 0, 0., 0, 0., 6, 4.724409448818897, 0, 0., 0, 0., 0, 0., 0, 0., 1, 0.7874015748031497, 0, 0., 0, 0., 0, 0., 0, 0., 0, 0., 0, 0., 0, 0., 0, 0., 3, 2.3622047244094486, 0, 0., 0, 0., 0, 0., 0, 0., 0, 0., 0, 0., 0, 0., 0, 0., 0, 0., 0, 0., 59, 46.45669291338583, 0, 0., 4, 3.1496062992125986, 0, 0., 0, 0., 0, 0., 98, 89, 187, 127, 0.679144385026738
, generated\gt\sample_000671.krn, generated\xml_trimmed_homr\sample_000671.xml, 0, 0., 241, 45.99236641221374, 0, 0., 65, 12.404580152671755, 0, 0., 0, 0., 9, 1.717557251908397, 0, 0., 0, 0., 0, 0., 0, 0., 1, 0.19083969465648856, 0, 0., 1, 0.19083969465648856, 2, 0.3816793893129771, 0, 0., 0, 0., 0, 0., 0, 0., 0, 0., 0, 0., 0, 0., 2, 0.3816793893129771, 0, 0., 0, 0., 0, 0., 0, 0., 0, 0., 0, 0., 0, 0., 0, 0., 0, 0., 0, 0., 199, 37.97709923664122, 0, 0., 4, 0.7633587786259542, 0, 0., 0, 0., 0, 0., 404, 367, 771, 524, 0.6796368352788587
, generated\gt\sample_000495.krn, generated\xml_trimmed_homr\sample_000495.xml, 0, 0., 258, 48.86363636363637, 0, 0., 67, 12.68939393939394, 2, 0.3787878787878788, 0, 0., 4, 0.7575757575757576, 0, 0., 0, 0., 0, 0., 0, 0., 2, 0.3787878787878788, 0, 0., 1, 0.1893939393939394, 2, 0.3787878787878788, 0, 0., 0, 0., 0, 0., 0, 0., 0, 0., 0, 0., 0, 0., 7, 1.3257575757575757, 0, 0., 0, 0., 0, 0., 0, 0., 0, 0., 0, 0., 0, 0., 0, 0., 0, 0., 0, 0., 181, 34.28030303030303, 0, 0., 4, 0.7575757575757576, 0, 0., 0, 0., 0, 0., 402, 373, 775, 528, 0.6812903225806451
, generated\gt\sample_000432.krn, generated\xml_trimmed_homr\sample_000432.xml, 0, 0., 139, 56.734693877551024, 0, 0., 14, 5.714285714285714, 0, 0., 0, 0., 0, 0., 0, 0., 0, 0., 0, 0., 0, 0., 0, 0., 0, 0., 0, 0., 1, 0.40816326530612246, 0, 0., 0, 0., 0, 0., 0, 0., 0, 0., 0, 0., 0, 0., 6, 2.4489795918367347, 0, 0., 0, 0., 0, 0., 0, 0., 0, 0., 0, 0., 0, 0., 0, 0., 0, 0., 0, 0., 81, 33.06122448979592, 0, 0., 4, 1.6326530612244898, 0, 0., 0, 0., 0, 0., 191, 168, 359, 245, 0.6824512534818942
, generated\gt\sample_000458.krn, generated\xml_trimmed_homr\sample_000458.xml, 0, 0., 144, 39.77900552486188, 0, 0., 20, 5.524861878453039, 0, 0., 0, 0., 8, 2.2099447513812156, 0, 0., 0, 0., 0, 0., 1, 0.27624309392265195, 0, 0., 0, 0., 1, 0.27624309392265195, 2, 0.5524861878453039, 0, 0., 0, 0., 0, 0., 0, 0., 0, 0., 0, 0., 0, 0., 5, 1.3812154696132597, 0, 0., 0, 0., 0, 0., 0, 0., 0, 0., 0, 0., 0, 0., 0, 0., 0, 0., 0, 0., 177, 48.89502762430939, 0, 0., 4, 1.1049723756906078, 0, 0., 0, 0., 0, 0., 290, 240, 530, 362, 0.6830188679245283
, generated\gt\sample_000357.krn, generated\xml_trimmed_homr\sample_000357.xml, 0, 0., 81, 41.75257731958763, 0, 0., 9, 4.639175257731959, 0, 0., 0, 0., 0, 0., 0, 0., 0, 0., 2, 1.0309278350515463, 0, 0., 1, 0.5154639175257731, 0, 0., 1, 0.5154639175257731, 0, 0., 0, 0., 0, 0., 2, 1.0309278350515463, 0, 0., 0, 0., 0, 0., 0, 0., 1, 0.5154639175257731, 0, 0., 0, 0., 0, 0., 0, 0., 0, 0., 0, 0., 0, 0., 0, 0., 0, 0., 0, 0., 93, 47.93814432989691, 0, 0., 4, 2.0618556701030926, 0, 0., 0, 0., 0, 0., 152, 132, 284, 194, 0.6830985915492958
, generated\gt\sample_000673.krn, generated\xml_trimmed_homr\sample_000673.xml, 0, 0., 231, 66.0, 0, 0., 12, 3.4285714285714284, 0, 0., 2, 0.5714285714285714, 2, 0.5714285714285714, 0, 0., 0, 0., 0, 0., 0, 0., 0, 0., 0, 0., 1, 0.2857142857142857, 2, 0.5714285714285714, 0, 0., 0, 0., 0, 0., 0, 0., 0, 0., 0, 0., 0, 0., 6, 1.7142857142857142, 0, 0., 0, 0., 0, 0., 0, 0., 0, 0., 0, 0., 0, 0., 0, 0., 0, 0., 0, 0., 90, 25.714285714285715, 0, 0., 4, 1.1428571428571428, 0, 0., 0, 0., 0, 0., 269, 243, 512, 350, 0.68359375
, generated\gt\sample_000659.krn, generated\xml_trimmed_homr\sample_000659.xml, 0, 0., 116, 29.441624365482234, 0, 0., 56, 14.213197969543147, 0, 0., 0, 0., 7, 1.7766497461928934, 0, 0., 0, 0., 0, 0., 0, 0., 0, 0., 0, 0., 1, 0.25380710659898476, 2, 0.5076142131979695, 0, 0., 0, 0., 0, 0., 0, 0., 0, 0., 0, 0., 0, 0., 0, 0., 0, 0., 0, 0., 0, 0., 0, 0., 0, 0., 0, 0., 0, 0., 0, 0., 0, 0., 122, 30.96446700507614, 86, 21.82741116751269, 0, 0., 4, 1.015228426395939, 0, 0., 0, 0., 0, 0., 302, 274, 576, 394, 0.6840277777777778
, generated\gt\sample_000395.krn, generated\xml_trimmed_homr\sample_000395.xml, 0, 0., 152, 54.285714285714285, 0, 0., 18, 6.428571428571429, 0, 0., 0, 0., 2, 0.7142857142857143, 0, 0., 0, 0., 0, 0., 3, 1.0714285714285714, 2, 0.7142857142857143, 0, 0., 3, 1.0714285714285714, 2, 0.7142857142857143, 0, 0., 0, 0., 0, 0., 0, 0., 0, 0., 0, 0., 0, 0., 10, 3.5714285714285716, 0, 0., 0, 0., 0, 0., 0, 0., 0, 0., 0, 0., 0, 0., 0, 0., 0, 0., 0, 0., 84, 30.0, 0, 0., 4, 1.4285714285714286, 0, 0., 0, 0., 0, 0., 219, 190, 409, 280, 0.684596577017115
, generated\gt\sample_000377.krn, generated\xml_trimmed_homr\sample_000377.xml, 0, 0., 162, 44.751381215469614, 0, 0., 28, 7.734806629834254, 0, 0., 0, 0., 1, 0.27624309392265195, 0, 0., 0, 0., 3, 0.8287292817679558, 0, 0., 0, 0., 0, 0., 1, 0.27624309392265195, 2, 0.5524861878453039, 0, 0., 0, 0., 0, 0., 0, 0., 0, 0., 0, 0., 0, 0., 0, 0., 0, 0., 0, 0., 0, 0., 0, 0., 0, 0., 0, 0., 0, 0., 0, 0., 0, 0., 0, 0., 161, 44.47513812154696, 0, 0., 4, 1.1049723756906078, 0, 0., 0, 0., 0, 0., 274, 254, 528, 362, 0.6856060606060606
, generated\gt\sample_000482.krn, generated\xml_trimmed_homr\sample_000482.xml, 0, 0., 65, 27.54237288135593, 0, 0., 12, 5.084745762711864, 0, 0., 0, 0., 5, 2.1186440677966103, 0, 0., 0, 0., 0, 0., 0, 0., 0, 0., 0, 0., 1, 0.423728813559322, 2, 0.847457627118644, 0, 0., 0, 0., 0, 0., 0, 0., 0, 0., 0, 0., 0, 0., 1, 0.423728813559322, 0, 0., 0, 0., 0, 0., 0, 0., 0, 0., 0, 0., 0, 0., 0, 0., 0, 0., 54, 22.88135593220339, 92, 38.983050847457626, 0, 0., 4, 1.694915254237288, 0, 0., 0, 0., 0, 0., 186, 158, 344, 236, 0.686046511627907
, generated\gt\sample_000080.krn, generated\xml_trimmed_homr\sample_000080.xml, 0, 0., 144, 43.90243902439025, 0, 0., 20, 6.097560975609756, 0, 0., 0, 0., 3, 0.9146341463414634, 0, 0., 0, 0., 0, 0., 0, 0., 0, 0., 0, 0., 3, 0.9146341463414634, 1, 0.3048780487804878, 0, 0., 0, 0., 0, 0., 0, 0., 0, 0., 0, 0., 0, 0., 4, 1.2195121951219512, 0, 0., 0, 0., 0, 0., 0, 0., 0, 0., 0, 0., 0, 0., 0, 0., 0, 0., 0, 0., 149, 45.426829268292686, 0, 0., 4, 1.2195121951219512, 0, 0., 0, 0., 0, 0., 247, 231, 478, 328, 0.6861924686192469
, generated\gt\sample_000372.krn, generated\xml_trimmed_homr\sample_000372.xml, 0, 0., 170, 50.147492625368734, 0, 0., 56, 16.519174041297934, 0, 0., 2, 0.5899705014749262, 0, 0., 0, 0., 0, 0., 5, 1.4749262536873156, 0, 0., 5, 1.4749262536873156, 0, 0., 1, 0.2949852507374631, 2, 0.5899705014749262, 0, 0., 0, 0., 0, 0., 0, 0., 0, 0., 0, 0., 0, 0., 6, 1.7699115044247788, 0, 0., 0, 0., 0, 0., 0, 0., 0, 0., 0, 0., 0, 0., 0, 0., 0, 0., 0, 0., 88, 25.958702064896755, 0, 0., 4, 1.1799410029498525, 0, 0., 0, 0., 0, 0., 252, 242, 494, 339, 0.6862348178137652
, generated\gt\sample_000242.krn, generated\xml_trimmed_homr\sample_000242.xml, 0, 0., 241, 61.47959183673469, 0, 0., 19, 4.846938775510204, 0, 0., 18, 4.591836734693878, 0, 0., 0, 0., 0, 0., 0, 0., 0, 0., 1, 0.25510204081632654, 0, 0., 1, 0.25510204081632654, 2, 0.5102040816326531, 0, 0., 0, 0., 0, 0., 0, 0., 0, 0., 0, 0., 0, 0., 3, 0.7653061224489796, 0, 0., 0, 0., 0, 0., 0, 0., 0, 0., 0, 0., 0, 0., 0, 0., 0, 0., 0, 0., 103, 26.275510204081634, 0, 0., 4, 1.0204081632653061, 0, 0., 0, 0., 0, 0., 302, 269, 571, 392, 0.6865148861646234
, generated\gt\sample_000622.krn, generated\xml_trimmed_homr\sample_000622.xml, 0, 0., 232, 60.574412532637076, 0, 0., 8, 2.088772845953003, 0, 0., 0, 0., 0, 0., 0, 0., 0, 0., 0, 0., 0, 0., 0, 0., 0, 0., 3, 0.783289817232376, 0, 0., 0, 0., 0, 0., 0, 0., 0, 0., 0, 0., 0, 0., 0, 0., 0, 0., 0, 0., 0, 0., 0, 0., 0, 0., 0, 0., 0, 0., 0, 0., 0, 0., 0, 0., 0, 0., 136, 35.50913838120105, 0, 0., 4, 1.0443864229765014, 0, 0., 0, 0., 0, 0., 284, 273, 557, 383, 0.6876122082585279
, generated\gt\sample_000208.krn, generated\xml_trimmed_homr\sample_000208.xml, 0, 0., 90, 44.33497536945813, 0, 0., 6, 2.955665024630542, 0, 0., 0, 0., 0, 0., 0, 0., 0, 0., 0, 0., 1, 0.49261083743842365, 0, 0., 0, 0., 3, 1.477832512315271, 0, 0., 0, 0., 0, 0., 0, 0., 0, 0., 0, 0., 0, 0., 0, 0., 2, 0.9852216748768473, 0, 0., 0, 0., 0, 0., 0, 0., 0, 0., 0, 0., 0, 0., 0, 0., 0, 0., 0, 0., 97, 47.783251231527096, 0, 0., 4, 1.9704433497536946, 0, 0., 0, 0., 0, 0., 153, 142, 295, 203, 0.688135593220339
, generated\gt\sample_000077.krn, generated\xml_trimmed_homr\sample_000077.xml, 0, 0., 127, 44.56140350877193, 0, 0., 12, 4.2105263157894735, 0, 0., 0, 0., 0, 0., 0, 0., 0, 0., 0, 0., 0, 0., 0, 0., 0, 0., 1, 0.3508771929824561, 4, 1.4035087719298245, 0, 0., 0, 0., 2, 0.7017543859649122, 0, 0., 0, 0., 0, 0., 0, 0., 2, 0.7017543859649122, 0, 0., 0, 0., 0, 0., 0, 0., 0, 0., 0, 0., 0, 0., 0, 0., 0, 0., 0, 0., 133, 46.666666666666664, 0, 0., 4, 1.4035087719298245, 0, 0., 0, 0., 0, 0., 213, 200, 413, 285, 0.6900726392251816
, generated\gt\sample_000235.krn, generated\xml_trimmed_homr\sample_000235.xml, 0, 0., 58, 21.88679245283019, 0, 0., 9, 3.3962264150943398, 0, 0., 2, 0.7547169811320755, 1, 0.37735849056603776, 0, 0., 0, 0., 0, 0., 1, 0.37735849056603776, 0, 0., 0, 0., 1, 0.37735849056603776, 2, 0.7547169811320755, 0, 0., 0, 0., 0, 0., 0, 0., 0, 0., 0, 0., 0, 0., 6, 2.2641509433962264, 0, 0., 0, 0., 0, 0., 0, 0., 0, 0., 0, 0., 0, 0., 0, 0., 0, 0., 83, 31.32075471698113, 98, 36.9811320754717, 0, 0., 4, 1.509433962264151, 0, 0., 0, 0., 0, 0., 206, 178, 384, 265, 0.6901041666666666
, generated\gt\sample_000356.krn, generated\xml_trimmed_homr\sample_000356.xml, 0, 0., 119, 53.125, 0, 0., 18, 8.035714285714286, 0, 0., 0, 0., 0, 0., 0, 0., 0, 0., 0, 0., 1, 0.44642857142857145, 0, 0., 0, 0., 1, 0.44642857142857145, 0, 0., 0, 0., 0, 0., 0, 0., 0, 0., 0, 0., 0, 0., 0, 0., 3, 1.3392857142857142, 0, 0., 0, 0., 0, 0., 0, 0., 0, 0., 0, 0., 0, 0., 0, 0., 0, 0., 0, 0., 78, 34.82142857142857, 0, 0., 4, 1.7857142857142858, 0, 0., 0, 0., 0, 0., 172, 152, 324, 224, 0.691358024691358
, generated\gt\sample_000487.krn, generated\xml_trimmed_homr\sample_000487.xml, 0, 0., 89, 53.293413173652695, 0, 0., 24, 14.37125748502994, 0, 0., 0, 0., 1, 0.5988023952095808, 0, 0., 0, 0., 0, 0., 0, 0., 0, 0., 0, 0., 1, 0.5988023952095808, 2, 1.1976047904191616, 2, 1.1976047904191616, 0, 0., 2, 1.1976047904191616, 0, 0., 0, 0., 0, 0., 0, 0., 1, 0.5988023952095808, 0, 0., 0, 0., 0, 0., 0, 0., 0, 0., 0, 0., 0, 0., 0, 0., 0, 0., 0, 0., 41, 24.550898203592816, 0, 0., 4, 2.395209580838323, 0, 0., 0, 0., 0, 0., 128, 113, 241, 167, 0.6929460580912863
, generated\gt\sample_000581.krn, generated\xml_trimmed_homr\sample_000581.xml, 0, 0., 245, 50.30800821355236, 0, 0., 34, 6.981519507186858, 0, 0., 0, 0., 1, 0.2053388090349076, 0, 0., 0, 0., 0, 0., 0, 0., 0, 0., 0, 0., 1, 0.2053388090349076, 0, 0., 0, 0., 0, 0., 4, 0.8213552361396304, 0, 0., 0, 0., 0, 0., 0, 0., 3, 0.6160164271047228, 0, 0., 0, 0., 0, 0., 0, 0., 0, 0., 0, 0., 0, 0., 0, 0., 0, 0., 0, 0., 195, 40.04106776180698, 0, 0., 4, 0.8213552361396304, 0, 0., 0, 0., 0, 0., 358, 341, 699, 487, 0.6967095851216023
, generated\gt\sample_000461.krn, generated\xml_trimmed_homr\sample_000461.xml, 0, 0., 234, 42.7007299270073, 0, 0., 47, 8.576642335766424, 0, 0., 0, 0., 1, 0.18248175182481752, 0, 0., 0, 0., 0, 0., 0, 0., 0, 0., 0, 0., 3, 0.5474452554744526, 4, 0.7299270072992701, 0, 0., 0, 0., 0, 0., 0, 0., 0, 0., 0, 0., 0, 0., 10, 1.8248175182481752, 0, 0., 0, 0., 0, 0., 0, 0., 0, 0., 0, 0., 0, 0., 0, 0., 0, 0., 66, 12.043795620437956, 179, 32.66423357664234, 0, 0., 4, 0.7299270072992701, 0, 0., 0, 0., 0, 0., 412, 373, 785, 548, 0.6980891719745222
, generated\gt\sample_000331.krn, generated\xml_trimmed_homr\sample_000331.xml, 0, 0., 199, 52.09424083769633, 0, 0., 38, 9.947643979057592, 0, 0., 0, 0., 3, 0.7853403141361257, 0, 0., 0, 0., 1, 0.2617801047120419, 0, 0., 0, 0., 0, 0., 1, 0.2617801047120419, 2, 0.5235602094240838, 0, 0., 0, 0., 2, 0.5235602094240838, 0, 0., 0, 0., 0, 0., 0, 0., 3, 0.7853403141361257, 0, 0., 0, 0., 0, 0., 0, 0., 0, 0., 0, 0., 0, 0., 0, 0., 0, 0., 0, 0., 129, 33.769633507853406, 0, 0., 4, 1.0471204188481675, 0, 0., 0, 0., 0, 0., 288, 259, 547, 382, 0.6983546617915904
, generated\gt\sample_000359.krn, generated\xml_trimmed_homr\sample_000359.xml, 0, 0., 200, 43.7636761487965, 0, 0., 64, 14.00437636761488, 0, 0., 0, 0., 5, 1.0940919037199124, 0, 0., 0, 0., 0, 0., 0, 0., 0, 0., 0, 0., 2, 0.437636761487965, 2, 0.437636761487965, 0, 0., 0, 0., 0, 0., 0, 0., 0, 0., 0, 0., 0, 0., 5, 1.0940919037199124, 0, 0., 0, 0., 0, 0., 0, 0., 0, 0., 0, 0., 0, 0., 0, 0., 0, 0., 0, 0., 175, 38.29321663019694, 0, 0., 4, 0.87527352297593, 0, 0., 0, 0., 0, 0., 337, 313, 650, 457, 0.703076923076923
, generated\gt\sample_000033.krn, generated\xml_trimmed_homr\sample_000033.xml, 0, 0., 175, 41.96642685851319, 0, 0., 0, 0., 0, 0., 0, 0., 6, 1.4388489208633093, 0, 0., 0, 0., 0, 0., 5, 1.1990407673860912, 0, 0., 0, 0., 3, 0.7194244604316546, 4, 0.9592326139088729, 0, 0., 0, 0., 0, 0., 0, 0., 0, 0., 0, 0., 0, 0., 0, 0., 0, 0., 0, 0., 0, 0., 0, 0., 0, 0., 0, 0., 0, 0., 0, 0., 0, 0., 81, 19.424460431654676, 139, 33.333333333333336, 0, 0., 4, 0.9592326139088729, 0, 0., 0, 0., 0, 0., 294, 299, 593, 417, 0.7032040472175379
, generated\gt\sample_000052.krn, generated\xml_trimmed_homr\sample_000052.xml, 0, 0., 215, 42.15686274509804, 2, 0.39215686274509803, 17, 3.3333333333333335, 0, 0., 6, 1.1764705882352942, 2, 0.39215686274509803, 0, 0., 0, 0., 1, 0.19607843137254902, 2, 0.39215686274509803, 1, 0.19607843137254902, 0, 0., 3, 0.5882352941176471, 2, 0.39215686274509803, 0, 0., 0, 0., 0, 0., 0, 0., 0, 0., 0, 0., 0, 0., 7, 1.3725490196078431, 0, 0., 0, 0., 0, 0., 0, 0., 0, 0., 0, 0., 0, 0., 0, 0., 0, 0., 99, 19.41176470588235, 149, 29.215686274509803, 0, 0., 4, 0.7843137254901961, 0, 0., 0, 0., 0, 0., 380, 345, 725, 510, 0.7034482758620689
, generated\gt\sample_000225.krn, generated\xml_trimmed_homr\sample_000225.xml, 0, 0., 96, 45.933014354066984, 0, 0., 4, 1.9138755980861244, 0, 0., 0, 0., 0, 0., 0, 0., 0, 0., 0, 0., 0, 0., 1, 0.4784688995215311, 0, 0., 0, 0., 3, 1.4354066985645932, 0, 0., 0, 0., 0, 0., 0, 0., 0, 0., 0, 0., 0, 0., 2, 0.9569377990430622, 0, 0., 0, 0., 0, 0., 0, 0., 0, 0., 0, 0., 0, 0., 0, 0., 0, 0., 0, 0., 99, 47.36842105263158, 0, 0., 4, 1.9138755980861244, 0, 0., 0, 0., 0, 0., 153, 144, 297, 209, 0.7037037037037037
, generated\gt\sample_000034.krn, generated\xml_trimmed_homr\sample_000034.xml, 0, 0., 219, 39.89071038251366, 2, 0.36429872495446264, 1, 0.18214936247723132, 0, 0., 0, 0., 7, 1.2750455373406193, 0, 0., 0, 0., 0, 0., 12, 2.185792349726776, 0, 0., 0, 0., 3, 0.546448087431694, 0, 0., 0, 0., 0, 0., 4, 0.7285974499089253, 0, 0., 0, 0., 0, 0., 0, 0., 0, 0., 0, 0., 0, 0., 0, 0., 0, 0., 0, 0., 0, 0., 0, 0., 0, 0., 0, 0., 113, 20.58287795992714, 184, 33.51548269581056, 0, 0., 4, 0.7285974499089253, 0, 0., 0, 0., 0, 0., 379, 400, 779, 549, 0.7047496790757382
, generated\gt\sample_000174.krn, generated\xml_trimmed_homr\sample_000174.xml, 0, 0., 151, 45.75757575757576, 0, 0., 36, 10.909090909090908, 0, 0., 0, 0., 4, 1.2121212121212122, 0, 0., 0, 0., 0, 0., 0, 0., 0, 0., 0, 0., 1, 0.30303030303030304, 2, 0.6060606060606061, 3, 0.9090909090909091, 0, 0., 0, 0., 0, 0., 0, 0., 0, 0., 0, 0., 9, 2.727272727272727, 0, 0., 0, 0., 0, 0., 0, 0., 0, 0., 0, 0., 0, 0., 0, 0., 0, 0., 0, 0., 120, 36.36363636363637, 0, 0., 4, 1.2121212121212122, 0, 0., 0, 0., 0, 0., 254, 214, 468, 330, 0.7051282051282052
, generated\gt\sample_000477.krn, generated\xml_trimmed_homr\sample_000477.xml, 0, 0., 342, 71.25, 0, 0., 3, 0.625, 0, 0., 0, 0., 4, 0.8333333333333334, 0, 0., 0, 0., 0, 0., 0, 0., 0, 0., 0, 0., 2, 0.4166666666666667, 1, 0.20833333333333334, 0, 0., 0, 0., 0, 0., 0, 0., 0, 0., 0, 0., 0, 0., 6, 1.25, 0, 0., 0, 0., 0, 0., 0, 0., 0, 0., 0, 0., 0, 0., 0, 0., 0, 0., 0, 0., 118, 24.583333333333332, 0, 0., 4, 0.8333333333333334, 0, 0., 0, 0., 0, 0., 354, 326, 680, 480, 0.7058823529411765
, generated\gt\sample_000430.krn, generated\xml_trimmed_homr\sample_000430.xml, 0, 0., 137, 60.61946902654867, 0, 0., 12, 5.3097345132743365, 0, 0., 0, 0., 0, 0., 0, 0., 0, 0., 0, 0., 1, 0.4424778761061947, 0, 0., 0, 0., 1, 0.4424778761061947, 3, 1.3274336283185841, 0, 0., 0, 0., 0, 0., 0, 0., 0, 0., 0, 0., 0, 0., 6, 2.6548672566371683, 0, 0., 0, 0., 0, 0., 0, 0., 0, 0., 0, 0., 0, 0., 0, 0., 0, 0., 0, 0., 62, 27.43362831858407, 0, 0., 4, 1.7699115044247788, 0, 0., 0, 0., 0, 0., 171, 149, 320, 226, 0.70625
, generated\gt\sample_000496.krn, generated\xml_trimmed_homr\sample_000496.xml, 0, 0., 193, 44.47004608294931, 0, 0., 18, 4.147465437788019, 0, 0., 0, 0., 4, 0.9216589861751152, 0, 0., 0, 0., 0, 0., 1, 0.2304147465437788, 2, 0.4608294930875576, 0, 0., 1, 0.2304147465437788, 2, 0.4608294930875576, 0, 0., 0, 0., 0, 0., 0, 0., 0, 0., 0, 0., 0, 0., 3, 0.6912442396313364, 0, 0., 0, 0., 0, 0., 0, 0., 0, 0., 0, 0., 0, 0., 0, 0., 0, 0., 0, 0., 206, 47.465437788018434, 0, 0., 4, 0.9216589861751152, 0, 0., 0, 0., 0, 0., 318, 296, 614, 434, 0.7068403908794788
, generated\gt\sample_000421.krn, generated\xml_trimmed_homr\sample_000421.xml, 0, 0., 216, 42.94234592445328, 0, 0., 50, 9.940357852882704, 0, 0., 0, 0., 0, 0., 0, 0., 0, 0., 0, 0., 2, 0.3976143141153082, 0, 0., 0, 0., 2, 0.3976143141153082, 0, 0., 0, 0., 0, 0., 0, 0., 0, 0., 0, 0., 0, 0., 0, 0., 7, 1.3916500994035785, 0, 0., 0, 0., 0, 0., 0, 0., 0, 0., 0, 0., 0, 0., 0, 0., 0, 0., 0, 0., 222, 44.135188866799204, 0, 0., 4, 0.7952286282306164, 0, 0., 0, 0., 0, 0., 364, 347, 711, 503, 0.7074542897327707
, generated\gt\sample_000092.krn, generated\xml_trimmed_homr\sample_000092.xml, 0, 0., 168, 52.66457680250784, 0, 0., 3, 0.9404388714733543, 0, 0., 0, 0., 1, 0.31347962382445144, 0, 0., 0, 0., 1, 0.31347962382445144, 0, 0., 0, 0., 0, 0., 2, 0.6269592476489029, 2, 0.6269592476489029, 0, 0., 0, 0., 0, 0., 0, 0., 0, 0., 0, 0., 0, 0., 8, 2.5078369905956115, 0, 0., 0, 0., 0, 0., 0, 0., 0, 0., 0, 0., 0, 0., 0, 0., 0, 0., 0, 0., 130, 40.75235109717868, 0, 0., 4, 1.2539184952978057, 0, 0., 0, 0., 0, 0., 237, 213, 450, 319, 0.7088888888888889
, generated\gt\sample_000293.krn, generated\xml_trimmed_homr\sample_000293.xml, 0, 0., 92, 25.484764542936286, 0, 0., 0, 0., 0, 0., 0, 0., 2, 0.554016620498615, 0, 0., 0, 0., 0, 0., 10, 2.770083102493075, 0, 0., 0, 0., 3, 0.8310249307479224, 4, 1.10803324099723, 0, 0., 0, 0., 0, 0., 0, 0., 0, 0., 0, 0., 0, 0., 0, 0., 0, 0., 0, 0., 0, 0., 0, 0., 0, 0., 0, 0., 0, 0., 0, 0., 0, 0., 126, 34.903047091412745, 120, 33.2409972299169, 0, 0., 4, 1.10803324099723, 0, 0., 0, 0., 0, 0., 254, 255, 509, 361, 0.7092337917485265
, generated\gt\sample_000609.krn, generated\xml_trimmed_homr\sample_000609.xml, 0, 0., 89, 47.340425531914896, 0, 0., 9, 4.787234042553192, 0, 0., 6, 3.1914893617021276, 4, 2.127659574468085, 0, 0., 0, 0., 2, 1.0638297872340425, 2, 1.0638297872340425, 2, 1.0638297872340425, 0, 0., 1, 0.5319148936170213, 0, 0., 0, 0., 0, 0., 0, 0., 0, 0., 0, 0., 0, 0., 0, 0., 0, 0., 0, 0., 0, 0., 0, 0., 0, 0., 0, 0., 0, 0., 0, 0., 0, 0., 0, 0., 0, 0., 69, 36.702127659574465, 0, 0., 4, 2.127659574468085, 0, 0., 0, 0., 0, 0., 138, 127, 265, 188, 0.7094339622641509
, generated\gt\sample_000588.krn, generated\xml_trimmed_homr\sample_000588.xml, 0, 0., 294, 53.747714808043874, 0, 0., 40, 7.312614259597806, 0, 0., 0, 0., 1, 0.18281535648994515, 0, 0., 0, 0., 0, 0., 0, 0., 0, 0., 0, 0., 1, 0.18281535648994515, 2, 0.3656307129798903, 0, 0., 0, 0., 0, 0., 0, 0., 0, 0., 0, 0., 0, 0., 1, 0.18281535648994515, 0, 0., 0, 0., 0, 0., 0, 0., 0, 0., 0, 0., 0, 0., 0, 0., 0, 0., 0, 0., 204, 37.29433272394881, 0, 0., 4, 0.7312614259597806, 0, 0., 0, 0., 0, 0., 391, 380, 771, 547, 0.7094682230869002
, generated\gt\sample_000321.krn, generated\xml_trimmed_homr\sample_000321.xml, 0, 0., 253, 63.888888888888886, 0, 0., 14, 3.5353535353535355, 0, 0., 2, 0.5050505050505051, 0, 0., 0, 0., 0, 0., 3, 0.7575757575757576, 2, 0.5050505050505051, 1, 0.25252525252525254, 0, 0., 3, 0.7575757575757576, 0, 0., 0, 0., 0, 0., 0, 0., 0, 0., 0, 0., 0, 0., 0, 0., 7, 1.7676767676767677, 0, 0., 0, 0., 0, 0., 0, 0., 0, 0., 0, 0., 0, 0., 0, 0., 0, 0., 0, 0., 107, 27.02020202020202, 0, 0., 4, 1.0101010101010102, 0, 0., 0, 0., 0, 0., 285, 273, 558, 396, 0.7096774193548387
, generated\gt\sample_000505.krn, generated\xml_trimmed_homr\sample_000505.xml, 0, 0., 166, 49.404761904761905, 0, 0., 19, 5.654761904761905, 0, 0., 2, 0.5952380952380952, 3, 0.8928571428571429, 0, 0., 0, 0., 1, 0.2976190476190476, 0, 0., 0, 0., 0, 0., 1, 0.2976190476190476, 2, 0.5952380952380952, 0, 0., 0, 0., 0, 0., 0, 0., 0, 0., 0, 0., 0, 0., 3, 0.8928571428571429, 0, 0., 0, 0., 0, 0., 0, 0., 0, 0., 0, 0., 0, 0., 0, 0., 0, 0., 0, 0., 135, 40.17857142857143, 0, 0., 4, 1.1904761904761905, 0, 0., 0, 0., 0, 0., 240, 231, 471, 336, 0.7133757961783439
, generated\gt\sample_000141.krn, generated\xml_trimmed_homr\sample_000141.xml, 0, 0., 106, 39.405204460966544, 8, 2.973977695167286, 0, 0., 0, 0., 0, 0., 0, 0., 0, 0., 0, 0., 0, 0., 0, 0., 0, 0., 0, 0., 3, 1.1152416356877324, 8, 2.973977695167286, 0, 0., 0, 0., 4, 1.486988847583643, 0, 0., 0, 0., 0, 0., 0, 0., 0, 0., 0, 0., 0, 0., 0, 0., 0, 0., 0, 0., 0, 0., 0, 0., 0, 0., 0, 0., 44, 16.356877323420075, 92, 34.20074349442379, 0, 0., 4, 1.486988847583643, 0, 0., 0, 0., 0, 0., 194, 183, 377, 269, 0.713527851458886
, generated\gt\sample_000049.krn, generated\xml_trimmed_homr\sample_000049.xml, 0, 0., 233, 43.879472693032014, 0, 0., 22, 4.143126177024482, 0, 0., 0, 0., 6, 1.1299435028248588, 0, 0., 0, 0., 1, 0.18832391713747645, 3, 0.5649717514124294, 0, 0., 0, 0., 2, 0.3766478342749529, 1, 0.18832391713747645, 2, 0.3766478342749529, 0, 0., 0, 0., 0, 0., 0, 0., 0, 0., 0, 0., 3, 0.5649717514124294, 0, 0., 0, 0., 0, 0., 0, 0., 0, 0., 0, 0., 0, 0., 0, 0., 0, 0., 71, 13.370998116760829, 183, 34.463276836158194, 0, 0., 4, 0.7532956685499058, 0, 0., 0, 0., 0, 0., 387, 356, 743, 531, 0.7146702557200538
, generated\gt\sample_000625.krn, generated\xml_trimmed_homr\sample_000625.xml, 0, 0., 283, 45.135566188197764, 0, 0., 19, 3.0303030303030303, 0, 0., 0, 0., 1, 0.1594896331738437, 0, 0., 0, 0., 0, 0., 3, 0.4784688995215311, 0, 0., 0, 0., 3, 0.4784688995215311, 4, 0.6379585326953748, 0, 0., 0, 0., 4, 0.6379585326953748, 0, 0., 0, 0., 0, 0., 0, 0., 2, 0.3189792663476874, 0, 0., 0, 0., 0, 0., 0, 0., 0, 0., 0, 0., 0, 0., 0, 0., 0, 0., 102, 16.267942583732058, 202, 32.21690590111643, 0, 0., 4, 0.6379585326953748, 0, 0., 0, 0., 0, 0., 448, 428, 876, 627, 0.7157534246575342
, generated\gt\sample_000035.krn, generated\xml_trimmed_homr\sample_000035.xml, 0, 0., 257, 45.892857142857146, 2, 0.35714285714285715, 3, 0.5357142857142857, 1, 0.17857142857142858, 0, 0., 0, 0., 0, 0., 0, 0., 0, 0., 11, 1.9642857142857142, 0, 0., 0, 0., 3, 0.5357142857142857, 4, 0.7142857142857143, 0, 0., 0, 0., 0, 0., 0, 0., 0, 0., 0, 0., 0, 0., 0, 0., 0, 0., 0, 0., 0, 0., 0, 0., 0, 0., 0, 0., 0, 0., 0, 0., 0, 0., 102, 18.214285714285715, 173, 30.892857142857142, 0, 0., 4, 0.7142857142857143, 0, 0., 0, 0., 0, 0., 378, 404, 782, 560, 0.7161125319693095
, generated\gt\sample_000459.krn, generated\xml_trimmed_homr\sample_000459.xml, 0, 0., 129, 24.11214953271028, 0, 0., 24, 4.485981308411215, 0, 0., 0, 0., 0, 0., 0, 0., 0, 0., 0, 0., 0, 0., 0, 0., 0, 0., 3, 0.5607476635514018, 0, 0., 0, 0., 0, 0., 0, 0., 0, 0., 0, 0., 0, 0., 0, 0., 9, 1.6822429906542056, 0, 0., 0, 0., 0, 0., 0, 0., 0, 0., 0, 0., 0, 0., 0, 0., 0, 0., 197, 36.822429906542055, 169, 31.588785046728972, 0, 0., 4, 0.7476635514018691, 0, 0., 0, 0., 0, 0., 391, 354, 745, 535, 0.7181208053691275
, generated\gt\sample_000332.krn, generated\xml_trimmed_homr\sample_000332.xml, 0, 0., 84, 29.78723404255319, 0, 0., 14, 4.964539007092198, 0, 0., 0, 0., 4, 1.4184397163120568, 0, 0., 0, 0., 0, 0., 0, 0., 0, 0., 0, 0., 1, 0.3546099290780142, 2, 0.7092198581560284, 1, 0.3546099290780142, 0, 0., 0, 0., 0, 0., 0, 0., 0, 0., 0, 0., 1, 0.3546099290780142, 0, 0., 0, 0., 0, 0., 0, 0., 0, 0., 0, 0., 0, 0., 0, 0., 0, 0., 51, 18.085106382978722, 120, 42.5531914893617, 0, 0., 4, 1.4184397163120568, 0, 0., 0, 0., 0, 0., 209, 183, 392, 282, 0.7193877551020408
, generated\gt\sample_000252.krn, generated\xml_trimmed_homr\sample_000252.xml, 0, 0., 163, 44.054054054054056, 0, 0., 16, 4.324324324324325, 0, 0., 0, 0., 1, 0.2702702702702703, 0, 0., 3, 0.8108108108108109, 0, 0., 4, 1.0810810810810811, 1, 0.2702702702702703, 0, 0., 1, 0.2702702702702703, 0, 0., 0, 0., 0, 0., 0, 0., 0, 0., 0, 0., 0, 0., 0, 0., 7, 1.8918918918918919, 0, 0., 0, 0., 0, 0., 0, 0., 0, 0., 0, 0., 0, 0., 0, 0., 0, 0., 0, 0., 170, 45.945945945945944, 0, 0., 4, 1.0810810810810811, 0, 0., 0, 0., 0, 0., 264, 250, 514, 370, 0.7198443579766537
, generated\gt\sample_000138.krn, generated\xml_trimmed_homr\sample_000138.xml, 0, 0., 184, 50.96952908587257, 8, 2.21606648199446, 0, 0., 2, 0.554016620498615, 0, 0., 0, 0., 0, 0., 0, 0., 0, 0., 13, 3.601108033240997, 0, 0., 0, 0., 3, 0.8310249307479224, 0, 0., 0, 0., 0, 0., 0, 0., 0, 0., 0, 0., 0, 0., 0, 0., 0, 0., 0, 0., 0, 0., 0, 0., 0, 0., 0, 0., 0, 0., 0, 0., 0, 0., 0, 0., 52, 14.404432132963988, 95, 26.31578947368421, 0, 0., 4, 1.10803324099723, 0, 0., 0, 0., 0, 0., 227, 274, 501, 361, 0.720558882235529
, generated\gt\sample_000540.krn, generated\xml_trimmed_homr\sample_000540.xml, 0, 0., 271, 57.659574468085104, 0, 0., 12, 2.5531914893617023, 0, 0., 0, 0., 0, 0., 0, 0., 0, 0., 0, 0., 3, 0.6382978723404256, 2, 0.425531914893617, 0, 0., 1, 0.2127659574468085, 2, 0.425531914893617, 0, 0., 0, 0., 0, 0., 0, 0., 0, 0., 0, 0., 0, 0., 2, 0.425531914893617, 0, 0., 0, 0., 0, 0., 0, 0., 0, 0., 0, 0., 0, 0., 0, 0., 0, 0., 0, 0., 173, 36.808510638297875, 0, 0., 4, 0.851063829787234, 0, 0., 0, 0., 0, 0., 297, 355, 652, 470, 0.7208588957055214
, generated\gt\sample_000460.krn, generated\xml_trimmed_homr\sample_000460.xml, 0, 0., 213, 42.7710843373494, 2, 0.40160642570281124, 11, 2.208835341365462, 0, 0., 0, 0., 4, 0.8032128514056225, 0, 0., 0, 0., 4, 0.8032128514056225, 0, 0., 1, 0.20080321285140562, 0, 0., 3, 0.6024096385542169, 4, 0.8032128514056225, 0, 0., 0, 0., 0, 0., 0, 0., 0, 0., 0, 0., 0, 0., 7, 1.4056224899598393, 0, 0., 0, 0., 0, 0., 0, 0., 0, 0., 0, 0., 0, 0., 0, 0., 0, 0., 98, 19.67871485943775, 147, 29.518072289156628, 0, 0., 4, 0.8032128514056225, 0, 0., 0, 0., 0, 0., 371, 318, 689, 498, 0.7227866473149492
, generated\gt\sample_000253.krn, generated\xml_trimmed_homr\sample_000253.xml, 0, 0., 163, 43.81720430107527, 0, 0., 16, 4.301075268817204, 0, 0., 0, 0., 1, 0.26881720430107525, 0, 0., 3, 0.8064516129032258, 0, 0., 0, 0., 0, 0., 0, 0., 1, 0.26881720430107525, 4, 1.075268817204301, 0, 0., 0, 0., 2, 0.5376344086021505, 0, 0., 0, 0., 0, 0., 0, 0., 7, 1.881720430107527, 0, 0., 0, 0., 0, 0., 0, 0., 0, 0., 0, 0., 0, 0., 0, 0., 0, 0., 0, 0., 171, 45.96774193548387, 0, 0., 4, 1.075268817204301, 0, 0., 0, 0., 0, 0., 267, 247, 514, 372, 0.7237354085603113
, generated\gt\sample_000390.krn, generated\xml_trimmed_homr\sample_000390.xml, 0, 0., 179, 46.493506493506494, 0, 0., 0, 0., 0, 0., 0, 0., 2, 0.5194805194805194, 0, 0., 0, 0., 0, 0., 5, 1.2987012987012987, 0, 0., 0, 0., 1, 0.2597402597402597, 0, 0., 0, 0., 0, 0., 4, 1.0389610389610389, 0, 0., 0, 0., 0, 0., 0, 0., 0, 0., 0, 0., 0, 0., 0, 0., 0, 0., 0, 0., 0, 0., 0, 0., 0, 0., 0, 0., 0, 0., 190, 49.35064935064935, 0, 0., 4, 1.0389610389610389, 0, 0., 0, 0., 0, 0., 289, 242, 531, 385, 0.7250470809792844
, generated\gt\sample_000457.krn, generated\xml_trimmed_homr\sample_000457.xml, 0, 0., 239, 45.523809523809526, 0, 0., 28, 5.333333333333333, 1, 0.19047619047619047, 0, 0., 13, 2.4761904761904763, 0, 0., 0, 0., 0, 0., 0, 0., 0, 0., 0, 0., 2, 0.38095238095238093, 2, 0.38095238095238093, 0, 0., 0, 0., 0, 0., 0, 0., 0, 0., 0, 0., 0, 0., 8, 1.5238095238095237, 0, 0., 0, 0., 0, 0., 0, 0., 0, 0., 0, 0., 0, 0., 0, 0., 0, 0., 0, 0., 228, 43.42857142857143, 0, 0., 4, 0.7619047619047619, 0, 0., 0, 0., 0, 0., 393, 330, 723, 525, 0.7261410788381742
, generated\gt\sample_000512.krn, generated\xml_trimmed_homr\sample_000512.xml, 0, 0., 190, 35.250463821892396, 2, 0.37105751391465674, 32, 5.936920222634508, 0, 0., 0, 0., 0, 0., 0, 0., 0, 0., 1, 0.18552875695732837, 0, 0., 0, 0., 0, 0., 3, 0.5565862708719852, 0, 0., 0, 0., 0, 0., 0, 0., 0, 0., 0, 0., 0, 0., 0, 0., 5, 0.9276437847866419, 0, 0., 0, 0., 0, 0., 0, 0., 0, 0., 0, 0., 0, 0., 0, 0., 0, 0., 142, 26.34508348794063, 160, 29.68460111317254, 0, 0., 4, 0.7421150278293135, 0, 0., 0, 0., 0, 0., 387, 355, 742, 539, 0.7264150943396226
, generated\gt\sample_000515.krn, generated\xml_trimmed_homr\sample_000515.xml, 0, 0., 205, 40.51383399209486, 0, 0., 30, 5.928853754940712, 0, 0., 0, 0., 0, 0., 0, 0., 0, 0., 0, 0., 0, 0., 1, 0.1976284584980237, 0, 0., 3, 0.5928853754940712, 4, 0.7905138339920948, 0, 0., 0, 0., 0, 0., 0, 0., 0, 0., 0, 0., 0, 0., 4, 0.7905138339920948, 0, 0., 0, 0., 0, 0., 0, 0., 0, 0., 0, 0., 0, 0., 0, 0., 0, 0., 89, 17.58893280632411, 166, 32.80632411067194, 0, 0., 4, 0.7905138339920948, 0, 0., 0, 0., 0, 0., 366, 330, 696, 506, 0.7270114942528736
, generated\gt\sample_000463.krn, generated\xml_trimmed_homr\sample_000463.xml, 0, 0., 248, 36.68639053254438, 0, 0., 33, 4.881656804733728, 0, 0., 0, 0., 4, 0.591715976331361, 0, 0., 0, 0., 3, 0.4437869822485207, 0, 0., 0, 0., 0, 0., 1, 0.14792899408284024, 4, 0.591715976331361, 2, 0.2958579881656805, 0, 0., 0, 0., 0, 0., 0, 0., 0, 0., 0, 0., 8, 1.183431952662722, 0, 0., 0, 0., 0, 0., 0, 0., 0, 0., 0, 0., 0, 0., 0, 0., 0, 0., 160, 23.668639053254438, 209, 30.91715976331361, 0, 0., 4, 0.591715976331361, 0, 0., 0, 0., 0, 0., 492, 437, 929, 676, 0.7276641550053822
, generated\gt\sample_000095.krn, generated\xml_trimmed_homr\sample_000095.xml, 0, 0., 232, 62.19839142091153, 0, 0., 23, 6.166219839142091, 0, 0., 0, 0., 0, 0., 0, 0., 0, 0., 1, 0.2680965147453083, 0, 0., 3, 0.8042895442359249, 0, 0., 1, 0.2680965147453083, 1, 0.2680965147453083, 0, 0., 0, 0., 0, 0., 0, 0., 0, 0., 0, 0., 0, 0., 1, 0.2680965147453083, 0, 0., 0, 0., 0, 0., 0, 0., 0, 0., 0, 0., 0, 0., 0, 0., 0, 0., 0, 0., 107, 28.68632707774799, 0, 0., 4, 1.0723860589812333, 0, 0., 0, 0., 0, 0., 263, 249, 512, 373, 0.728515625
, generated\gt\sample_000399.krn, generated\xml_trimmed_homr\sample_000399.xml, 0, 0., 201, 50.37593984962406, 0, 0., 37, 9.273182957393484, 2, 0.5012531328320802, 0, 0., 2, 0.5012531328320802, 0, 0., 0, 0., 1, 0.2506265664160401, 0, 0., 2, 0.5012531328320802, 0, 0., 0, 0., 1, 0.2506265664160401, 0, 0., 0, 0., 0, 0., 0, 0., 0, 0., 0, 0., 0, 0., 9, 2.255639097744361, 0, 0., 0, 0., 0, 0., 0, 0., 0, 0., 0, 0., 0, 0., 0, 0., 0, 0., 0, 0., 140, 35.08771929824562, 0, 0., 4, 1.0025062656641603, 0, 0., 0, 0., 0, 0., 346, 200, 546, 399, 0.7307692307692307
, generated\gt\sample_000045.krn, generated\xml_trimmed_homr\sample_000045.xml, 0, 0., 121, 30.946291560102303, 4, 1.0230179028132993, 22, 5.626598465473146, 0, 0., 0, 0., 5, 1.278772378516624, 0, 0., 0, 0., 1, 0.2557544757033248, 0, 0., 0, 0., 0, 0., 0, 0., 2, 0.5115089514066496, 0, 0., 0, 0., 0, 0., 0, 0., 0, 0., 0, 0., 0, 0., 6, 1.5345268542199488, 0, 0., 0, 0., 0, 0., 0, 0., 0, 0., 0, 0., 0, 0., 0, 0., 0, 0., 100, 25.575447570332482, 126, 32.22506393861892, 0, 0., 4, 1.0230179028132993, 0, 0., 0, 0., 0, 0., 288, 247, 535, 391, 0.7308411214953271
, generated\gt\sample_000478.krn, generated\xml_trimmed_homr\sample_000478.xml, 0, 0., 224, 43.15992292870906, 0, 0., 48, 9.248554913294798, 0, 0., 0, 0., 1, 0.1926782273603083, 0, 0., 0, 0., 0, 0., 0, 0., 0, 0., 0, 0., 2, 0.3853564547206166, 1, 0.1926782273603083, 0, 0., 0, 0., 0, 0., 0, 0., 0, 0., 0, 0., 0, 0., 7, 1.348747591522158, 0, 0., 0, 0., 0, 0., 0, 0., 0, 0., 0, 0., 0, 0., 0, 0., 0, 0., 0, 0., 232, 44.701348747591524, 0, 0., 4, 0.7707129094412332, 0, 0., 0, 0., 0, 0., 363, 344, 707, 519, 0.7340876944837341
, generated\gt\sample_000224.krn, generated\xml_trimmed_homr\sample_000224.xml, 0, 0., 192, 69.31407942238268, 4, 1.444043321299639, 3, 1.0830324909747293, 2, 0.7220216606498195, 0, 0., 7, 2.527075812274368, 0, 0., 0, 0., 0, 0., 2, 0.7220216606498195, 0, 0., 0, 0., 1, 0.36101083032490977, 2, 0.7220216606498195, 0, 0., 0, 0., 0, 0., 0, 0., 0, 0., 0, 0., 0, 0., 0, 0., 0, 0., 0, 0., 0, 0., 0, 0., 0, 0., 0, 0., 0, 0., 0, 0., 0, 0., 0, 0., 60, 21.660649819494584, 0, 0., 4, 1.444043321299639, 0, 0., 0, 0., 0, 0., 208, 169, 377, 277, 0.7347480106100795
, generated\gt\sample_000513.krn, generated\xml_trimmed_homr\sample_000513.xml, 0, 0., 284, 50.354609929078016, 0, 0., 25, 4.432624113475177, 1, 0.1773049645390071, 0, 0., 2, 0.3546099290780142, 0, 0., 0, 0., 0, 0., 2, 0.3546099290780142, 0, 0., 0, 0., 3, 0.5319148936170213, 4, 0.7092198581560284, 0, 0., 0, 0., 0, 0., 0, 0., 0, 0., 0, 0., 0, 0., 9, 1.5957446808510638, 0, 0., 0, 0., 0, 0., 0, 0., 0, 0., 0, 0., 0, 0., 0, 0., 0, 0., 90, 15.957446808510639, 140, 24.822695035460992, 0, 0., 4, 0.7092198581560284, 0, 0., 0, 0., 0, 0., 401, 365, 766, 564, 0.7362924281984334
, generated\gt\sample_000375.krn, generated\xml_trimmed_homr\sample_000375.xml, 0, 0., 153, 45.26627218934911, 0, 0., 23, 6.804733727810651, 0, 0., 0, 0., 0, 0., 0, 0., 0, 0., 0, 0., 0, 0., 0, 0., 0, 0., 1, 0.2958579881656805, 0, 0., 0, 0., 0, 0., 0, 0., 0, 0., 0, 0., 0, 0., 0, 0., 0, 0., 0, 0., 0, 0., 0, 0., 0, 0., 0, 0., 0, 0., 0, 0., 0, 0., 0, 0., 0, 0., 157, 46.44970414201183, 0, 0., 4, 1.183431952662722, 0, 0., 0, 0., 0, 0., 233, 226, 459, 338, 0.7363834422657952
, generated\gt\sample_000469.krn, generated\xml_trimmed_homr\sample_000469.xml, 0, 0., 147, 22.038980509745127, 0, 0., 28, 4.197901049475262, 0, 0., 0, 0., 0, 0., 0, 0., 0, 0., 0, 0., 0, 0., 0, 0., 0, 0., 1, 0.14992503748125938, 4, 0.5997001499250375, 2, 0.29985007496251875, 0, 0., 0, 0., 0, 0., 0, 0., 0, 0., 0, 0., 11, 1.6491754122938531, 0, 0., 0, 0., 0, 0., 0, 0., 0, 0., 0, 0., 0, 0., 0, 0., 0, 0., 238, 35.68215892053973, 232, 34.78260869565217, 0, 0., 4, 0.5997001499250375, 0, 0., 0, 0., 0, 0., 478, 426, 904, 667, 0.7378318584070797
, generated\gt\sample_000373.krn, generated\xml_trimmed_homr\sample_000373.xml, 0, 0., 167, 57.19178082191781, 0, 0., 7, 2.3972602739726026, 2, 0.684931506849315, 0, 0., 0, 0., 0, 0., 3, 1.0273972602739727, 3, 1.0273972602739727, 0, 0., 2, 0.684931506849315, 0, 0., 2, 0.684931506849315, 2, 0.684931506849315, 0, 0., 0, 0., 2, 0.684931506849315, 0, 0., 0, 0., 0, 0., 0, 0., 6, 2.0547945205479454, 0, 0., 0, 0., 0, 0., 0, 0., 0, 0., 0, 0., 0, 0., 0, 0., 0, 0., 0, 0., 92, 31.506849315068493, 0, 0., 4, 1.36986301369863, 0, 0., 0, 0., 0, 0., 212, 183, 395, 292, 0.739240506329114
, generated\gt\sample_000139.krn, generated\xml_trimmed_homr\sample_000139.xml, 0, 0., 207, 45.796460176991154, 6, 1.3274336283185841, 0, 0., 2, 0.4424778761061947, 0, 0., 2, 0.4424778761061947, 0, 0., 0, 0., 0, 0., 8, 1.7699115044247788, 0, 0., 0, 0., 3, 0.6637168141592921, 8, 1.7699115044247788, 0, 0., 0, 0., 6, 1.3274336283185841, 0, 0., 0, 0., 0, 0., 0, 0., 0, 0., 0, 0., 0, 0., 0, 0., 0, 0., 0, 0., 0, 0., 0, 0., 0, 0., 0, 0., 54, 11.946902654867257, 152, 33.6283185840708, 0, 0., 4, 0.8849557522123894, 0, 0., 0, 0., 0, 0., 299, 311, 610, 452, 0.740983606557377
, generated\gt\sample_000044.krn, generated\xml_trimmed_homr\sample_000044.xml, 0, 0., 246, 71.51162790697674, 8, 2.3255813953488373, 12, 3.488372093023256, 0, 0., 0, 0., 0, 0., 0, 0., 0, 0., 0, 0., 0, 0., 0, 0., 0, 0., 3, 0.872093023255814, 6, 1.744186046511628, 0, 0., 0, 0., 0, 0., 0, 0., 0, 0., 0, 0., 0, 0., 9, 2.616279069767442, 0, 0., 0, 0., 0, 0., 0, 0., 0, 0., 0, 0., 0, 0., 0, 0., 0, 0., 0, 0., 56, 16.27906976744186, 0, 0., 4, 1.1627906976744187, 0, 0., 0, 0., 0, 0., 233, 231, 464, 344, 0.7413793103448276
, generated\gt\sample_000243.krn, generated\xml_trimmed_homr\sample_000243.xml, 0, 0., 212, 52.86783042394015, 0, 0., 18, 4.488778054862843, 0, 0., 0, 0., 4, 0.9975062344139651, 0, 0., 0, 0., 2, 0.49875311720698257, 1, 0.24937655860349128, 1, 0.24937655860349128, 0, 0., 1, 0.24937655860349128, 2, 0.49875311720698257, 0, 0., 0, 0., 0, 0., 0, 0., 0, 0., 0, 0., 0, 0., 6, 1.4962593516209477, 0, 0., 0, 0., 0, 0., 0, 0., 0, 0., 0, 0., 0, 0., 0, 0., 0, 0., 0, 0., 150, 37.406483790523694, 0, 0., 4, 0.9975062344139651, 0, 0., 0, 0., 0, 0., 283, 257, 540, 401, 0.7425925925925926
, generated\gt\sample_000628.krn, generated\xml_trimmed_homr\sample_000628.xml, 0, 0., 354, 41.64705882352941, 0, 0., 16, 1.8823529411764706, 1, 0.11764705882352941, 0, 0., 0, 0., 0, 0., 0, 0., 0, 0., 5, 0.5882352941176471, 1, 0.11764705882352941, 0, 0., 1, 0.11764705882352941, 4, 0.47058823529411764, 1, 0.11764705882352941, 0, 0., 0, 0., 0, 0., 0, 0., 0, 0., 0, 0., 7, 0.8235294117647058, 0, 0., 0, 0., 0, 0., 0, 0., 0, 0., 0, 0., 0, 0., 0, 0., 0, 0., 172, 20.235294117647058, 284, 33.411764705882355, 0, 0., 4, 0.47058823529411764, 0, 0., 0, 0., 0, 0., 590, 551, 1141, 850, 0.7449605609114811
, generated\gt\sample_000348.krn, generated\xml_trimmed_homr\sample_000348.xml, 0, 0., 401, 63.751987281399046, 0, 0., 44, 6.995230524642289, 1, 0.1589825119236884, 0, 0., 2, 0.3179650238473768, 0, 0., 0, 0., 0, 0., 0, 0., 0, 0., 0, 0., 2, 0.3179650238473768, 2, 0.3179650238473768, 0, 0., 0, 0., 0, 0., 0, 0., 0, 0., 0, 0., 0, 0., 7, 1.1128775834658187, 0, 0., 0, 0., 0, 0., 0, 0., 0, 0., 0, 0., 0, 0., 0, 0., 0, 0., 0, 0., 166, 26.391096979332275, 0, 0., 4, 0.6359300476947536, 0, 0., 0, 0., 0, 0., 434, 409, 843, 629, 0.7461447212336892
, generated\gt\sample_000070.krn, generated\xml_trimmed_homr\sample_000070.xml, 0, 0., 86, 28.19672131147541, 0, 0., 16, 5.245901639344262, 0, 0., 0, 0., 3, 0.9836065573770492, 0, 0., 0, 0., 0, 0., 2, 0.6557377049180327, 0, 0., 0, 0., 1, 0.32786885245901637, 2, 0.6557377049180327, 2, 0.6557377049180327, 0, 0., 0, 0., 0, 0., 0, 0., 0, 0., 0, 0., 2, 0.6557377049180327, 0, 0., 0, 0., 0, 0., 0, 0., 0, 0., 0, 0., 0, 0., 0, 0., 0, 0., 46, 15.081967213114755, 141, 46.22950819672131, 0, 0., 4, 1.3114754098360655, 0, 0., 0, 0., 0, 0., 239, 169, 408, 305, 0.7475490196078431
, generated\gt\sample_000510.krn, generated\xml_trimmed_homr\sample_000510.xml, 0, 0., 48, 16.72473867595819, 0, 0., 0, 0., 0, 0., 0, 0., 2, 0.6968641114982579, 0, 0., 0, 0., 2, 0.6968641114982579, 3, 1.0452961672473868, 0, 0., 0, 0., 3, 1.0452961672473868, 8, 2.7874564459930316, 0, 0., 0, 0., 4, 1.3937282229965158, 0, 0., 0, 0., 0, 0., 0, 0., 0, 0., 0, 0., 0, 0., 0, 0., 0, 0., 0, 0., 0, 0., 0, 0., 0, 0., 0, 0., 103, 35.88850174216028, 110, 38.32752613240418, 0, 0., 4, 1.3937282229965158, 0, 0., 0, 0., 0, 0., 204, 179, 383, 287, 0.7493472584856397
, generated\gt\sample_000246.krn, generated\xml_trimmed_homr\sample_000246.xml, 0, 0., 262, 60.091743119266056, 0, 0., 25, 5.73394495412844, 0, 0., 1, 0.22935779816513763, 5, 1.146788990825688, 0, 0., 0, 0., 0, 0., 1, 0.22935779816513763, 0, 0., 0, 0., 1, 0.22935779816513763, 2, 0.45871559633027525, 0, 0., 0, 0., 0, 0., 0, 0., 0, 0., 0, 0., 0, 0., 3, 0.6880733944954128, 0, 0., 0, 0., 0, 0., 0, 0., 0, 0., 0, 0., 0, 0., 0, 0., 0, 0., 0, 0., 132, 30.275229357798164, 0, 0., 4, 0.9174311926605505, 0, 0., 0, 0., 0, 0., 293, 288, 581, 436, 0.7504302925989673
, generated\gt\sample_000007.krn, generated\xml_trimmed_homr\sample_000007.xml, 0, 0., 335, 52.01863354037267, 0, 0., 64, 9.937888198757763, 0, 0., 0, 0., 12, 1.8633540372670807, 0, 0., 0, 0., 1, 0.15527950310559005, 6, 0.9316770186335404, 0, 0., 0, 0., 1, 0.15527950310559005, 2, 0.3105590062111801, 0, 0., 0, 0., 0, 0., 0, 0., 0, 0., 0, 0., 0, 0., 1, 0.15527950310559005, 0, 0., 0, 0., 0, 0., 0, 0., 0, 0., 0, 0., 0, 0., 0, 0., 0, 0., 0, 0., 218, 33.850931677018636, 0, 0., 4, 0.6211180124223602, 0, 0., 0, 0., 0, 0., 464, 394, 858, 644, 0.7505827505827506
, generated\gt\sample_000238.krn, generated\xml_trimmed_homr\sample_000238.xml, 0, 0., 158, 52.317880794701985, 0, 0., 0, 0., 0, 0., 0, 0., 4, 1.3245033112582782, 0, 0., 0, 0., 1, 0.33112582781456956, 1, 0.33112582781456956, 0, 0., 0, 0., 1, 0.33112582781456956, 2, 0.6622516556291391, 0, 0., 0, 0., 0, 0., 0, 0., 0, 0., 0, 0., 0, 0., 1, 0.33112582781456956, 0, 0., 0, 0., 0, 0., 0, 0., 0, 0., 0, 0., 0, 0., 0, 0., 0, 0., 0, 0., 130, 43.04635761589404, 0, 0., 4, 1.3245033112582782, 0, 0., 0, 0., 0, 0., 213, 189, 402, 302, 0.7512437810945274
, generated\gt\sample_000101.krn, generated\xml_trimmed_homr\sample_000101.xml, 0, 0., 186, 45.0363196125908, 0, 0., 18, 4.358353510895884, 0, 0., 0, 0., 7, 1.694915254237288, 0, 0., 0, 0., 0, 0., 0, 0., 0, 0., 0, 0., 1, 0.24213075060532688, 2, 0.48426150121065376, 0, 0., 0, 0., 0, 0., 0, 0., 0, 0., 0, 0., 0, 0., 3, 0.7263922518159807, 0, 0., 0, 0., 0, 0., 0, 0., 0, 0., 0, 0., 0, 0., 0, 0., 0, 0., 0, 0., 192, 46.48910411622276, 0, 0., 4, 0.9685230024213075, 0, 0., 0, 0., 0, 0., 285, 264, 549, 413, 0.7522768670309654
, generated\gt\sample_000255.krn, generated\xml_trimmed_homr\sample_000255.xml, 0, 0., 139, 51.6728624535316, 0, 0., 8, 2.973977695167286, 0, 0., 0, 0., 0, 0., 0, 0., 0, 0., 0, 0., 0, 0., 0, 0., 0, 0., 1, 0.37174721189591076, 2, 0.7434944237918215, 0, 0., 0, 0., 0, 0., 0, 0., 0, 0., 0, 0., 0, 0., 5, 1.858736059479554, 0, 0., 0, 0., 0, 0., 0, 0., 0, 0., 0, 0., 0, 0., 0, 0., 0, 0., 0, 0., 110, 40.89219330855018, 0, 0., 4, 1.486988847583643, 0, 0., 0, 0., 0, 0., 185, 172, 357, 269, 0.7535014005602241
, generated\gt\sample_000599.krn, generated\xml_trimmed_homr\sample_000599.xml, 0, 0., 159, 55.208333333333336, 0, 0., 13, 4.513888888888889, 0, 0., 4, 1.3888888888888888, 1, 0.3472222222222222, 0, 0., 0, 0., 1, 0.3472222222222222, 1, 0.3472222222222222, 0, 0., 0, 0., 1, 0.3472222222222222, 0, 0., 0, 0., 0, 0., 0, 0., 0, 0., 0, 0., 0, 0., 0, 0., 5, 1.7361111111111112, 0, 0., 0, 0., 0, 0., 0, 0., 0, 0., 0, 0., 0, 0., 0, 0., 0, 0., 0, 0., 99, 34.375, 0, 0., 4, 1.3888888888888888, 0, 0., 0, 0., 0, 0., 209, 173, 382, 288, 0.7539267015706806
, generated\gt\sample_000137.krn, generated\xml_trimmed_homr\sample_000137.xml, 0, 0., 163, 49.244712990936556, 0, 0., 10, 3.0211480362537766, 0, 0., 0, 0., 0, 0., 0, 0., 0, 0., 1, 0.3021148036253776, 2, 0.6042296072507553, 3, 0.9063444108761329, 0, 0., 1, 0.3021148036253776, 2, 0.6042296072507553, 0, 0., 0, 0., 0, 0., 0, 0., 0, 0., 0, 0., 0, 0., 6, 1.8126888217522659, 0, 0., 0, 0., 0, 0., 0, 0., 0, 0., 0, 0., 0, 0., 0, 0., 0, 0., 0, 0., 139, 41.99395770392749, 0, 0., 4, 1.2084592145015105, 0, 0., 0, 0., 0, 0., 226, 211, 437, 331, 0.7574370709382151
, generated\gt\sample_000617.krn, generated\xml_trimmed_homr\sample_000617.xml, 0, 0., 252, 52.06611570247934, 0, 0., 8, 1.6528925619834711, 0, 0., 0, 0., 3, 0.6198347107438017, 0, 0., 0, 0., 0, 0., 1, 0.2066115702479339, 0, 0., 0, 0., 1, 0.2066115702479339, 2, 0.4132231404958678, 0, 0., 0, 0., 0, 0., 0, 0., 0, 0., 0, 0., 0, 0., 5, 1.0330578512396693, 0, 0., 0, 0., 0, 0., 0, 0., 0, 0., 0, 0., 0, 0., 0, 0., 0, 0., 0, 0., 208, 42.97520661157025, 0, 0., 4, 0.8264462809917356, 0, 0., 0, 0., 0, 0., 327, 311, 638, 484, 0.7586206896551724
, generated\gt\sample_000414.krn, generated\xml_trimmed_homr\sample_000414.xml, 0, 0., 212, 49.88235294117647, 0, 0., 11, 2.588235294117647, 0, 0., 2, 0.47058823529411764, 4, 0.9411764705882353, 0, 0., 0, 0., 2, 0.47058823529411764, 0, 0., 1, 0.23529411764705882, 0, 0., 1, 0.23529411764705882, 2, 0.47058823529411764, 0, 0., 0, 0., 0, 0., 0, 0., 0, 0., 0, 0., 0, 0., 7, 1.6470588235294117, 0, 0., 0, 0., 0, 0., 0, 0., 0, 0., 0, 0., 0, 0., 0, 0., 0, 0., 0, 0., 179, 42.11764705882353, 0, 0., 4, 0.9411764705882353, 0, 0., 0, 0., 0, 0., 300, 258, 558, 425, 0.7616487455197133
, generated\gt\sample_000005.krn, generated\xml_trimmed_homr\sample_000005.xml, 0, 0., 255, 52.36139630390144, 0, 0., 42, 8.624229979466119, 0, 0., 0, 0., 8, 1.6427104722792607, 0, 0., 0, 0., 0, 0., 4, 0.8213552361396304, 0, 0., 0, 0., 1, 0.2053388090349076, 2, 0.4106776180698152, 0, 0., 0, 0., 0, 0., 0, 0., 0, 0., 0, 0., 0, 0., 2, 0.4106776180698152, 0, 0., 0, 0., 0, 0., 0, 0., 0, 0., 0, 0., 0, 0., 0, 0., 0, 0., 0, 0., 169, 34.70225872689939, 0, 0., 4, 0.8213552361396304, 0, 0., 0, 0., 0, 0., 347, 292, 639, 487, 0.7621283255086072
, generated\gt\sample_000456.krn, generated\xml_trimmed_homr\sample_000456.xml, 0, 0., 192, 42.761692650334076, 0, 0., 15, 3.34075723830735, 0, 0., 0, 0., 0, 0., 0, 0., 0, 0., 0, 0., 6, 1.3363028953229399, 1, 0.22271714922049, 0, 0., 1, 0.22271714922049, 0, 0., 0, 0., 0, 0., 0, 0., 0, 0., 0, 0., 0, 0., 0, 0., 3, 0.6681514476614699, 0, 0., 0, 0., 0, 0., 0, 0., 0, 0., 0, 0., 0, 0., 0, 0., 0, 0., 0, 0., 227, 50.55679287305122, 0, 0., 4, 0.89086859688196, 0, 0., 0, 0., 0, 0., 314, 275, 589, 449, 0.7623089983022071
, generated\gt\sample_000192.krn, generated\xml_trimmed_homr\sample_000192.xml, 0, 0., 106, 54.92227979274612, 0, 0., 5, 2.5906735751295336, 1, 0.5181347150259067, 0, 0., 0, 0., 0, 0., 0, 0., 0, 0., 1, 0.5181347150259067, 0, 0., 0, 0., 1, 0.5181347150259067, 0, 0., 0, 0., 0, 0., 0, 0., 0, 0., 0, 0., 0, 0., 0, 0., 3, 1.5544041450777202, 0, 0., 0, 0., 0, 0., 0, 0., 0, 0., 0, 0., 0, 0., 0, 0., 0, 0., 0, 0., 72, 37.30569948186528, 0, 0., 4, 2.0725388601036268, 0, 0., 0, 0., 0, 0., 133, 120, 253, 193, 0.7628458498023716
, generated\gt\sample_000468.krn, generated\xml_trimmed_homr\sample_000468.xml, 0, 0., 161, 33.264462809917354, 0, 0., 12, 2.479338842975207, 0, 0., 0, 0., 3, 0.6198347107438017, 0, 0., 0, 0., 3, 0.6198347107438017, 0, 0., 0, 0., 0, 0., 3, 0.6198347107438017, 4, 0.8264462809917356, 0, 0., 0, 0., 0, 0., 0, 0., 0, 0., 0, 0., 0, 0., 8, 1.6528925619834711, 0, 0., 0, 0., 0, 0., 0, 0., 0, 0., 0, 0., 0, 0., 0, 0., 0, 0., 137, 28.305785123966942, 149, 30.785123966942148, 0, 0., 4, 0.8264462809917356, 0, 0., 0, 0., 0, 0., 337, 297, 634, 484, 0.7634069400630915
, generated\gt\sample_000014.krn, generated\xml_trimmed_homr\sample_000014.xml, 0, 0., 354, 55.05443234836703, 0, 0., 3, 0.4665629860031104, 1, 0.15552099533437014, 0, 0., 3, 0.4665629860031104, 0, 0., 0, 0., 0, 0., 15, 2.332814930015552, 4, 0.6220839813374806, 0, 0., 3, 0.4665629860031104, 4, 0.6220839813374806, 0, 0., 0, 0., 0, 0., 0, 0., 0, 0., 0, 0., 0, 0., 0, 0., 0, 0., 0, 0., 0, 0., 0, 0., 0, 0., 0, 0., 0, 0., 0, 0., 0, 0., 64, 9.953343701399689, 188, 29.237947122861588, 0, 0., 4, 0.6220839813374806, 0, 0., 0, 0., 0, 0., 390, 451, 841, 643, 0.7645659928656362
, generated\gt\sample_000623.krn, generated\xml_trimmed_homr\sample_000623.xml, 0, 0., 365, 42.49126891734575, 0, 0., 55, 6.40279394644936, 0, 0., 0, 0., 1, 0.11641443538998836, 0, 0., 0, 0., 3, 0.3492433061699651, 0, 0., 2, 0.23282887077997672, 0, 0., 3, 0.3492433061699651, 4, 0.46565774155995343, 0, 0., 0, 0., 0, 0., 0, 0., 0, 0., 0, 0., 0, 0., 4, 0.46565774155995343, 0, 0., 0, 0., 0, 0., 0, 0., 0, 0., 0, 0., 0, 0., 0, 0., 0, 0., 218, 25.378346915017463, 200, 23.28288707799767, 0, 0., 4, 0.46565774155995343, 0, 0., 0, 0., 0, 0., 583, 540, 1123, 859, 0.7649154051647373
, generated\gt\sample_000305.krn, generated\xml_trimmed_homr\sample_000305.xml, 0, 0., 311, 70.04504504504504, 0, 0., 17, 3.828828828828829, 0, 0., 0, 0., 3, 0.6756756756756757, 0, 0., 0, 0., 0, 0., 1, 0.22522522522522523, 0, 0., 0, 0., 1, 0.22522522522522523, 2, 0.45045045045045046, 0, 0., 0, 0., 0, 0., 0, 0., 0, 0., 0, 0., 0, 0., 6, 1.3513513513513513, 0, 0., 0, 0., 0, 0., 0, 0., 0, 0., 0, 0., 0, 0., 0, 0., 0, 0., 0, 0., 99, 22.2972972972973, 0, 0., 4, 0.9009009009009009, 0, 0., 0, 0., 0, 0., 301, 278, 579, 444, 0.7668393782383419
, generated\gt\sample_000603.krn, generated\xml_trimmed_homr\sample_000603.xml, 0, 0., 240, 68.18181818181819, 0, 0., 13, 3.6931818181818183, 0, 0., 2, 0.5681818181818182, 1, 0.2840909090909091, 0, 0., 0, 0., 0, 0., 1, 0.2840909090909091, 1, 0.2840909090909091, 0, 0., 1, 0.2840909090909091, 0, 0., 0, 0., 0, 0., 0, 0., 0, 0., 0, 0., 0, 0., 0, 0., 10, 2.840909090909091, 0, 0., 0, 0., 0, 0., 0, 0., 0, 0., 0, 0., 0, 0., 0, 0., 0, 0., 0, 0., 79, 22.443181818181817, 0, 0., 4, 1.1363636363636365, 0, 0., 0, 0., 0, 0., 221, 238, 459, 352, 0.7668845315904139
, generated\gt\sample_000217.krn, generated\xml_trimmed_homr\sample_000217.xml, 0, 0., 134, 65.68627450980392, 0, 0., 5, 2.450980392156863, 0, 0., 5, 2.450980392156863, 0, 0., 0, 0., 0, 0., 0, 0., 1, 0.49019607843137253, 1, 0.49019607843137253, 0, 0., 1, 0.49019607843137253, 0, 0., 0, 0., 0, 0., 0, 0., 0, 0., 0, 0., 0, 0., 0, 0., 3, 1.4705882352941178, 0, 0., 0, 0., 0, 0., 0, 0., 0, 0., 0, 0., 0, 0., 0, 0., 0, 0., 0, 0., 50, 24.50980392156863, 0, 0., 4, 1.9607843137254901, 0, 0., 0, 0., 0, 0., 127, 139, 266, 204, 0.7669172932330827
, generated\gt\sample_000434.krn, generated\xml_trimmed_homr\sample_000434.xml, 0, 0., 164, 48.23529411764706, 0, 0., 20, 5.882352941176471, 0, 0., 0, 0., 2, 0.5882352941176471, 0, 0., 0, 0., 0, 0., 0, 0., 1, 0.29411764705882354, 0, 0., 2, 0.5882352941176471, 1, 0.29411764705882354, 0, 0., 0, 0., 0, 0., 0, 0., 0, 0., 0, 0., 0, 0., 5, 1.4705882352941178, 0, 0., 0, 0., 0, 0., 0, 0., 0, 0., 0, 0., 0, 0., 0, 0., 0, 0., 0, 0., 141, 41.470588235294116, 0, 0., 4, 1.1764705882352942, 0, 0., 0, 0., 0, 0., 243, 200, 443, 340, 0.7674943566591422
, generated\gt\sample_000509.krn, generated\xml_trimmed_homr\sample_000509.xml, 0, 0., 125, 32.05128205128205, 2, 0.5128205128205128, 2, 0.5128205128205128, 1, 0.2564102564102564, 0, 0., 0, 0., 0, 0., 0, 0., 0, 0., 17, 4.358974358974359, 0, 0., 0, 0., 3, 0.7692307692307693, 4, 1.0256410256410255, 0, 0., 0, 0., 0, 0., 0, 0., 0, 0., 0, 0., 0, 0., 0, 0., 0, 0., 0, 0., 0, 0., 0, 0., 0, 0., 0, 0., 0, 0., 0, 0., 0, 0., 106, 27.17948717948718, 126, 32.30769230769231, 0, 0., 4, 1.0256410256410255, 0, 0., 0, 0., 0, 0., 240, 268, 508, 390, 0.7677165354330708
, generated\gt\sample_000464.krn, generated\xml_trimmed_homr\sample_000464.xml, 0, 0., 163, 28.39721254355401, 0, 0., 30, 5.2264808362369335, 0, 0., 0, 0., 4, 0.6968641114982579, 0, 0., 0, 0., 0, 0., 0, 0., 0, 0., 0, 0., 3, 0.5226480836236934, 4, 0.6968641114982579, 0, 0., 0, 0., 0, 0., 0, 0., 0, 0., 0, 0., 0, 0., 4, 0.6968641114982579, 0, 0., 0, 0., 0, 0., 0, 0., 0, 0., 0, 0., 0, 0., 0, 0., 0, 0., 209, 36.41114982578397, 153, 26.65505226480836, 0, 0., 4, 0.6968641114982579, 0, 0., 0, 0., 0, 0., 390, 356, 746, 574, 0.7694369973190348
, generated\gt\sample_000140.krn, generated\xml_trimmed_homr\sample_000140.xml, 0, 0., 134, 33.333333333333336, 0, 0., 0, 0., 0, 0., 0, 0., 2, 0.4975124378109453, 0, 0., 0, 0., 1, 0.24875621890547264, 18, 4.477611940298507, 0, 0., 0, 0., 3, 0.746268656716418, 4, 0.9950248756218906, 0, 0., 0, 0., 0, 0., 0, 0., 0, 0., 0, 0., 0, 0., 0, 0., 0, 0., 0, 0., 0, 0., 0, 0., 0, 0., 0, 0., 0, 0., 0, 0., 0, 0., 114, 28.35820895522388, 122, 30.34825870646766, 0, 0., 4, 0.9950248756218906, 0, 0., 0, 0., 0, 0., 237, 285, 522, 402, 0.7701149425287356
, generated\gt\sample_000381.krn, generated\xml_trimmed_homr\sample_000381.xml, 0, 0., 234, 56.79611650485437, 0, 0., 17, 4.12621359223301, 0, 0., 3, 0.7281553398058253, 2, 0.4854368932038835, 0, 0., 0, 0., 0, 0., 0, 0., 1, 0.24271844660194175, 0, 0., 2, 0.4854368932038835, 1, 0.24271844660194175, 0, 0., 0, 0., 0, 0., 0, 0., 0, 0., 0, 0., 0, 0., 8, 1.941747572815534, 0, 0., 0, 0., 0, 0., 0, 0., 0, 0., 0, 0., 0, 0., 0, 0., 0, 0., 0, 0., 140, 33.980582524271846, 0, 0., 4, 0.970873786407767, 0, 0., 0, 0., 0, 0., 314, 220, 534, 412, 0.7715355805243446
, generated\gt\sample_000655.krn, generated\xml_trimmed_homr\sample_000655.xml, 0, 0., 251, 68.02168021680217, 0, 0., 8, 2.168021680216802, 0, 0., 0, 0., 0, 0., 0, 0., 0, 0., 0, 0., 0, 0., 3, 0.8130081300813008, 0, 0., 1, 0.27100271002710025, 0, 0., 0, 0., 0, 0., 0, 0., 0, 0., 0, 0., 0, 0., 0, 0., 5, 1.3550135501355014, 0, 0., 0, 0., 0, 0., 0, 0., 0, 0., 0, 0., 0, 0., 0, 0., 0, 0., 0, 0., 97, 26.287262872628727, 0, 0., 4, 1.084010840108401, 0, 0., 0, 0., 0, 0., 240, 236, 476, 369, 0.7752100840336135
, generated\gt\sample_000341.krn, generated\xml_trimmed_homr\sample_000341.xml, 0, 0., 255, 70.05494505494505, 0, 0., 22, 6.043956043956044, 1, 0.27472527472527475, 0, 0., 0, 0., 0, 0., 0, 0., 0, 0., 0, 0., 0, 0., 0, 0., 2, 0.5494505494505495, 2, 0.5494505494505495, 0, 0., 0, 0., 0, 0., 0, 0., 0, 0., 0, 0., 0, 0., 6, 1.6483516483516483, 0, 0., 0, 0., 0, 0., 0, 0., 0, 0., 0, 0., 0, 0., 0, 0., 0, 0., 0, 0., 72, 19.78021978021978, 0, 0., 4, 1.098901098901099, 0, 0., 0, 0., 0, 0., 245, 223, 468, 364, 0.7777777777777778
, generated\gt\sample_000202.krn, generated\xml_trimmed_homr\sample_000202.xml, 0, 0., 189, 52.646239554317546, 0, 0., 13, 3.6211699164345403, 0, 0., 2, 0.5571030640668524, 1, 0.2785515320334262, 0, 0., 0, 0., 0, 0., 1, 0.2785515320334262, 0, 0., 0, 0., 1, 0.2785515320334262, 0, 0., 0, 0., 0, 0., 4, 1.1142061281337048, 0, 0., 0, 0., 0, 0., 0, 0., 3, 0.8356545961002786, 0, 0., 0, 0., 0, 0., 0, 0., 0, 0., 0, 0., 0, 0., 0, 0., 0, 0., 0, 0., 141, 39.27576601671309, 0, 0., 4, 1.1142061281337048, 0, 0., 0, 0., 0, 0., 226, 232, 458, 359, 0.7838427947598253
, generated\gt\sample_000470.krn, generated\xml_trimmed_homr\sample_000470.xml, 0, 0., 431, 59.284731774415405, 0, 0., 6, 0.8253094910591472, 0, 0., 0, 0., 2, 0.2751031636863824, 0, 0., 0, 0., 1, 0.1375515818431912, 0, 0., 0, 0., 0, 0., 1, 0.1375515818431912, 4, 0.5502063273727648, 0, 0., 0, 0., 0, 0., 0, 0., 0, 0., 0, 0., 0, 0., 8, 1.1004126547455295, 0, 0., 0, 0., 0, 0., 0, 0., 0, 0., 0, 0., 0, 0., 0, 0., 0, 0., 85, 11.691884456671252, 185, 25.44704264099037, 0, 0., 4, 0.5502063273727648, 0, 0., 0, 0., 0, 0., 479, 446, 925, 727, 0.7859459459459459
, generated\gt\sample_000624.krn, generated\xml_trimmed_homr\sample_000624.xml, 0, 0., 322, 40.503144654088054, 0, 0., 26, 3.270440251572327, 1, 0.12578616352201258, 0, 0., 2, 0.25157232704402516, 0, 0., 0, 0., 0, 0., 5, 0.6289308176100629, 1, 0.12578616352201258, 0, 0., 3, 0.37735849056603776, 4, 0.5031446540880503, 0, 0., 0, 0., 0, 0., 0, 0., 0, 0., 0, 0., 0, 0., 10, 1.2578616352201257, 0, 0., 0, 0., 0, 0., 0, 0., 0, 0., 0, 0., 0, 0., 0, 0., 0, 0., 200, 25.157232704402517, 217, 27.29559748427673, 0, 0., 4, 0.5031446540880503, 0, 0., 0, 0., 0, 0., 526, 484, 1010, 795, 0.7871287128712872
, generated\gt\sample_000078.krn, generated\xml_trimmed_homr\sample_000078.xml, 0, 0., 128, 48.669201520912544, 0, 0., 0, 0., 0, 0., 0, 0., 0, 0., 0, 0., 0, 0., 1, 0.38022813688212925, 0, 0., 0, 0., 0, 0., 1, 0.38022813688212925, 2, 0.7604562737642585, 0, 0., 0, 0., 0, 0., 0, 0., 0, 0., 0, 0., 0, 0., 1, 0.38022813688212925, 0, 0., 0, 0., 0, 0., 0, 0., 0, 0., 0, 0., 0, 0., 0, 0., 0, 0., 0, 0., 126, 47.90874524714829, 0, 0., 4, 1.520912547528517, 0, 0., 0, 0., 0, 0., 174, 159, 333, 263, 0.7897897897897898
, generated\gt\sample_000439.krn, generated\xml_trimmed_homr\sample_000439.xml, 0, 0., 258, 61.13744075829384, 0, 0., 22, 5.213270142180095, 0, 0., 0, 0., 0, 0., 0, 0., 0, 0., 1, 0.23696682464454977, 1, 0.23696682464454977, 0, 0., 0, 0., 1, 0.23696682464454977, 3, 0.7109004739336493, 0, 0., 0, 0., 0, 0., 0, 0., 0, 0., 0, 0., 0, 0., 9, 2.132701421800948, 0, 0., 0, 0., 0, 0., 0, 0., 0, 0., 0, 0., 0, 0., 0, 0., 0, 0., 0, 0., 123, 29.14691943127962, 0, 0., 4, 0.9478672985781991, 0, 0., 0, 0., 0, 0., 276, 258, 534, 422, 0.7902621722846442
, generated\gt\sample_000015.krn, generated\xml_trimmed_homr\sample_000015.xml, 0, 0., 329, 48.45360824742268, 4, 0.5891016200294551, 4, 0.5891016200294551, 0, 0., 0, 0., 1, 0.14727540500736377, 0, 0., 0, 0., 0, 0., 14, 2.0618556701030926, 0, 0., 0, 0., 3, 0.4418262150220913, 4, 0.5891016200294551, 0, 0., 0, 0., 0, 0., 0, 0., 0, 0., 0, 0., 0, 0., 0, 0., 0, 0., 0, 0., 0, 0., 0, 0., 0, 0., 0, 0., 0, 0., 0, 0., 0, 0., 116, 17.083946980854197, 200, 29.455081001472752, 0, 0., 4, 0.5891016200294551, 0, 0., 0, 0., 0, 0., 397, 462, 859, 679, 0.7904540162980209
, generated\gt\sample_000073.krn, generated\xml_trimmed_homr\sample_000073.xml, 0, 0., 192, 45.283018867924525, 0, 0., 24, 5.660377358490566, 0, 0., 0, 0., 1, 0.2358490566037736, 0, 0., 0, 0., 0, 0., 0, 0., 0, 0., 0, 0., 1, 0.2358490566037736, 2, 0.4716981132075472, 0, 0., 0, 0., 0, 0., 0, 0., 0, 0., 0, 0., 0, 0., 2, 0.4716981132075472, 0, 0., 0, 0., 0, 0., 0, 0., 0, 0., 0, 0., 0, 0., 0, 0., 0, 0., 0, 0., 198, 46.698113207547166, 0, 0., 4, 0.9433962264150944, 0, 0., 0, 0., 0, 0., 275, 261, 536, 424, 0.7910447761194029
, generated\gt\sample_000340.krn, generated\xml_trimmed_homr\sample_000340.xml, 0, 0., 262, 51.47347740667976, 0, 0., 36, 7.072691552062868, 0, 0., 0, 0., 4, 0.7858546168958742, 0, 0., 0, 0., 1, 0.19646365422396855, 0, 0., 2, 0.3929273084479371, 0, 0., 2, 0.3929273084479371, 2, 0.3929273084479371, 0, 0., 0, 0., 0, 0., 0, 0., 0, 0., 0, 0., 0, 0., 5, 0.9823182711198428, 0, 0., 0, 0., 0, 0., 0, 0., 0, 0., 0, 0., 0, 0., 0, 0., 0, 0., 0, 0., 191, 37.524557956778, 0, 0., 4, 0.7858546168958742, 0, 0., 0, 0., 0, 0., 334, 309, 643, 509, 0.7916018662519441
, generated\gt\sample_000048.krn, generated\xml_trimmed_homr\sample_000048.xml, 0, 0., 240, 50.10438413361169, 2, 0.4175365344467641, 13, 2.7139874739039667, 1, 0.20876826722338204, 0, 0., 2, 0.4175365344467641, 0, 0., 0, 0., 0, 0., 0, 0., 0, 0., 0, 0., 3, 0.6263048016701461, 2, 0.4175365344467641, 0, 0., 0, 0., 0, 0., 0, 0., 0, 0., 0, 0., 0, 0., 6, 1.2526096033402923, 0, 0., 0, 0., 0, 0., 0, 0., 0, 0., 0, 0., 0, 0., 0, 0., 0, 0., 107, 22.338204592901878, 99, 20.668058455114824, 0, 0., 4, 0.8350730688935282, 0, 0., 0, 0., 0, 0., 324, 281, 605, 479, 0.7917355371900826
, generated\gt\sample_000397.krn, generated\xml_trimmed_homr\sample_000397.xml, 0, 0., 258, 51.39442231075697, 0, 0., 24, 4.780876494023905, 0, 0., 0, 0., 0, 0., 0, 0., 0, 0., 0, 0., 1, 0.199203187250996, 0, 0., 0, 0., 3, 0.5976095617529881, 3, 0.5976095617529881, 0, 0., 0, 0., 0, 0., 0, 0., 0, 0., 0, 0., 0, 0., 9, 1.792828685258964, 0, 0., 0, 0., 0, 0., 0, 0., 0, 0., 0, 0., 0, 0., 0, 0., 0, 0., 0, 0., 200, 39.8406374501992, 0, 0., 4, 0.796812749003984, 0, 0., 0, 0., 0, 0., 322, 310, 632, 502, 0.7943037974683544
, generated\gt\sample_000589.krn, generated\xml_trimmed_homr\sample_000589.xml, 0, 0., 297, 48.68852459016394, 0, 0., 38, 6.229508196721311, 0, 0., 2, 0.32786885245901637, 2, 0.32786885245901637, 0, 0., 0, 0., 1, 0.16393442622950818, 0, 0., 0, 0., 0, 0., 1, 0.16393442622950818, 2, 0.32786885245901637, 0, 0., 0, 0., 0, 0., 0, 0., 0, 0., 0, 0., 0, 0., 3, 0.4918032786885246, 0, 0., 0, 0., 0, 0., 0, 0., 0, 0., 0, 0., 0, 0., 0, 0., 0, 0., 0, 0., 260, 42.622950819672134, 0, 0., 4, 0.6557377049180327, 0, 0., 0, 0., 0, 0., 387, 379, 766, 610, 0.7963446475195822
, generated\gt\sample_000031.krn, generated\xml_trimmed_homr\sample_000031.xml, 0, 0., 142, 72.44897959183673, 2, 1.0204081632653061, 6, 3.061224489795918, 0, 0., 0, 0., 0, 0., 0, 0., 0, 0., 0, 0., 0, 0., 0, 0., 0, 0., 1, 0.5102040816326531, 1, 0.5102040816326531, 0, 0., 0, 0., 0, 0., 0, 0., 0, 0., 0, 0., 0, 0., 3, 1.530612244897959, 0, 0., 0, 0., 0, 0., 0, 0., 0, 0., 0, 0., 0, 0., 0, 0., 0, 0., 0, 0., 37, 18.877551020408163, 0, 0., 4, 2.0408163265306123, 0, 0., 0, 0., 0, 0., 128, 117, 245, 196, 0.8
, generated\gt\sample_000104.krn, generated\xml_trimmed_homr\sample_000104.xml, 0, 0., 86, 44.791666666666664, 0, 0., 0, 0., 0, 0., 0, 0., 0, 0., 0, 0., 0, 0., 9, 4.6875, 1, 0.5208333333333334, 0, 0., 0, 0., 3, 1.5625, 2, 1.0416666666666667, 0, 0., 0, 0., 0, 0., 0, 0., 0, 0., 0, 0., 0, 0., 0, 0., 0, 0., 0, 0., 0, 0., 0, 0., 0, 0., 0, 0., 0, 0., 0, 0., 0, 0., 0, 0., 87, 45.3125, 0, 0., 4, 2.0833333333333335, 0, 0., 0, 0., 0, 0., 127, 113, 240, 192, 0.8
, generated\gt\sample_000653.krn, generated\xml_trimmed_homr\sample_000653.xml, 0, 0., 128, 32.6530612244898, 0, 0., 22, 5.612244897959184, 0, 0., 0, 0., 1, 0.25510204081632654, 0, 0., 0, 0., 0, 0., 0, 0., 0, 0., 0, 0., 1, 0.25510204081632654, 1, 0.25510204081632654, 0, 0., 0, 0., 0, 0., 0, 0., 0, 0., 0, 0., 0, 0., 2, 0.5102040816326531, 0, 0., 0, 0., 0, 0., 0, 0., 0, 0., 0, 0., 0, 0., 0, 0., 0, 0., 116, 29.591836734693878, 117, 29.846938775510203, 0, 0., 4, 1.0204081632653061, 0, 0., 0, 0., 0, 0., 261, 229, 490, 392, 0.8
, generated\gt\sample_000640.krn, generated\xml_trimmed_homr\sample_000640.xml, 0, 0., 162, 36.080178173719375, 2, 0.44543429844098, 20, 4.4543429844097995, 0, 0., 0, 0., 5, 1.1135857461024499, 0, 0., 0, 0., 0, 0., 3, 0.6681514476614699, 0, 0., 0, 0., 1, 0.22271714922049, 2, 0.44543429844098, 0, 0., 0, 0., 0, 0., 0, 0., 0, 0., 0, 0., 0, 0., 0, 0., 0, 0., 0, 0., 0, 0., 0, 0., 0, 0., 0, 0., 0, 0., 0, 0., 0, 0., 81, 18.040089086859687, 169, 37.639198218262806, 0, 0., 4, 0.89086859688196, 0, 0., 0, 0., 0, 0., 288, 273, 561, 449, 0.8003565062388592
, generated\gt\sample_000536.krn, generated\xml_trimmed_homr\sample_000536.xml, 0, 0., 99, 23.185011709601874, 4, 0.936768149882904, 0, 0., 0, 0., 0, 0., 2, 0.468384074941452, 0, 0., 0, 0., 0, 0., 7, 1.639344262295082, 0, 0., 0, 0., 3, 0.702576112412178, 0, 0., 0, 0., 0, 0., 2, 0.468384074941452, 0, 0., 0, 0., 0, 0., 0, 0., 0, 0., 0, 0., 0, 0., 0, 0., 0, 0., 0, 0., 0, 0., 0, 0., 0, 0., 0, 0., 178, 41.686182669789225, 128, 29.97658079625293, 0, 0., 4, 0.936768149882904, 0, 0., 0, 0., 0, 0., 262, 269, 531, 427, 0.8041431261770244
, generated\gt\sample_000450.krn, generated\xml_trimmed_homr\sample_000450.xml, 0, 0., 330, 91.16022099447514, 0, 0., 4, 1.1049723756906078, 0, 0., 10, 2.7624309392265194, 1, 0.27624309392265195, 0, 0., 0, 0., 0, 0., 0, 0., 0, 0., 0, 0., 0, 0., 2, 0.5524861878453039, 0, 0., 0, 0., 0, 0., 0, 0., 0, 0., 0, 0., 0, 0., 15, 4.143646408839779, 0, 0., 0, 0., 0, 0., 0, 0., 0, 0., 0, 0., 0, 0., 0, 0., 0, 0., 0, 0., 0, 0., 0, 0., 0, 0., 0, 0., 0, 0., 0, 0., 277, 173, 450, 362, 0.8044444444444444
, generated\gt\sample_000396.krn, generated\xml_trimmed_homr\sample_000396.xml, 0, 0., 257, 52.88065843621399, 0, 0., 4, 0.823045267489712, 0, 0., 2, 0.411522633744856, 0, 0., 0, 0., 0, 0., 0, 0., 0, 0., 0, 0., 0, 0., 1, 0.205761316872428, 2, 0.411522633744856, 0, 0., 0, 0., 0, 0., 0, 0., 0, 0., 0, 0., 0, 0., 3, 0.6172839506172839, 0, 0., 0, 0., 0, 0., 0, 0., 0, 0., 0, 0., 0, 0., 0, 0., 0, 0., 0, 0., 213, 43.82716049382716, 0, 0., 4, 0.823045267489712, 0, 0., 0, 0., 0, 0., 332, 272, 604, 486, 0.804635761589404
, generated\gt\sample_000592.krn, generated\xml_trimmed_homr\sample_000592.xml, 0, 0., 524, 60.93023255813954, 0, 0., 34, 3.953488372093023, 0, 0., 0, 0., 6, 0.6976744186046512, 0, 0., 0, 0., 0, 0., 0, 0., 0, 0., 0, 0., 5, 0.5813953488372093, 2, 0.23255813953488372, 0, 0., 0, 0., 0, 0., 0, 0., 0, 0., 0, 0., 0, 0., 3, 0.3488372093023256, 0, 0., 0, 0., 0, 0., 0, 0., 0, 0., 0, 0., 0, 0., 0, 0., 0, 0., 0, 0., 282, 32.7906976744186, 0, 0., 4, 0.46511627906976744, 0, 0., 0, 0., 0, 0., 450, 618, 1068, 860, 0.8052434456928839
, generated\gt\sample_000290.krn, generated\xml_trimmed_homr\sample_000290.xml, 0, 0., 136, 24.682395644283122, 4, 0.7259528130671506, 0, 0., 2, 0.3629764065335753, 0, 0., 1, 0.18148820326678766, 0, 0., 0, 0., 0, 0., 12, 2.1778584392014517, 0, 0., 0, 0., 3, 0.5444646098003629, 4, 0.7259528130671506, 0, 0., 0, 0., 0, 0., 0, 0., 0, 0., 0, 0., 0, 0., 0, 0., 0, 0., 0, 0., 0, 0., 0, 0., 0, 0., 0, 0., 0, 0., 0, 0., 0, 0., 227, 41.1978221415608, 158, 28.67513611615245, 0, 0., 4, 0.7259528130671506, 0, 0., 0, 0., 0, 0., 335, 348, 683, 551, 0.8067349926793558
, generated\gt\sample_000160.krn, generated\xml_trimmed_homr\sample_000160.xml, 0, 0., 186, 70.45454545454545, 0, 0., 5, 1.893939393939394, 0, 0., 0, 0., 1, 0.3787878787878788, 0, 0., 0, 0., 0, 0., 0, 0., 0, 0., 0, 0., 1, 0.3787878787878788, 1, 0.3787878787878788, 0, 0., 0, 0., 0, 0., 0, 0., 0, 0., 0, 0., 0, 0., 3, 1.1363636363636365, 0, 0., 0, 0., 0, 0., 0, 0., 0, 0., 0, 0., 0, 0., 0, 0., 0, 0., 0, 0., 63, 23.863636363636363, 0, 0., 4, 1.5151515151515151, 0, 0., 0, 0., 0, 0., 187, 140, 327, 264, 0.8073394495412844
, generated\gt\sample_000245.krn, generated\xml_trimmed_homr\sample_000245.xml, 0, 0., 290, 67.44186046511628, 0, 0., 13, 3.0232558139534884, 0, 0., 15, 3.488372093023256, 3, 0.6976744186046512, 0, 0., 0, 0., 0, 0., 0, 0., 0, 0., 0, 0., 1, 0.23255813953488372, 2, 0.46511627906976744, 0, 0., 0, 0., 0, 0., 0, 0., 0, 0., 0, 0., 0, 0., 0, 0., 0, 0., 0, 0., 0, 0., 0, 0., 0, 0., 0, 0., 0, 0., 0, 0., 0, 0., 0, 0., 102, 23.72093023255814, 0, 0., 4, 0.9302325581395349, 0, 0., 0, 0., 0, 0., 304, 228, 532, 430, 0.8082706766917294
, generated\gt\sample_000047.krn, generated\xml_trimmed_homr\sample_000047.xml, 0, 0., 180, 41.00227790432802, 4, 0.9111617312072893, 8, 1.8223234624145785, 0, 0., 0, 0., 2, 0.45558086560364464, 0, 0., 0, 0., 0, 0., 0, 0., 0, 0., 0, 0., 3, 0.683371298405467, 2, 0.45558086560364464, 0, 0., 0, 0., 0, 0., 0, 0., 0, 0., 0, 0., 0, 0., 6, 1.366742596810934, 0, 0., 0, 0., 0, 0., 0, 0., 0, 0., 0, 0., 0, 0., 0, 0., 0, 0., 91, 20.72892938496583, 139, 31.662870159453302, 0, 0., 4, 0.9111617312072893, 0, 0., 0, 0., 0, 0., 280, 263, 543, 439, 0.8084714548802947
, generated\gt\sample_000394.krn, generated\xml_trimmed_homr\sample_000394.xml, 0, 0., 150, 47.3186119873817, 0, 0., 0, 0., 0, 0., 0, 0., 0, 0., 0, 0., 0, 0., 0, 0., 0, 0., 1, 0.31545741324921134, 0, 0., 1, 0.31545741324921134, 2, 0.6309148264984227, 0, 0., 0, 0., 0, 0., 0, 0., 0, 0., 0, 0., 0, 0., 4, 1.2618296529968454, 0, 0., 0, 0., 0, 0., 0, 0., 0, 0., 0, 0., 0, 0., 0, 0., 0, 0., 0, 0., 155, 48.89589905362776, 0, 0., 4, 1.2618296529968454, 0, 0., 0, 0., 0, 0., 210, 181, 391, 317, 0.8107416879795396
, generated\gt\sample_000663.krn, generated\xml_trimmed_homr\sample_000663.xml, 0, 0., 80, 44.19889502762431, 0, 0., 0, 0., 0, 0., 0, 0., 3, 1.6574585635359116, 0, 0., 0, 0., 0, 0., 0, 0., 0, 0., 0, 0., 1, 0.5524861878453039, 1, 0.5524861878453039, 0, 0., 0, 0., 0, 0., 0, 0., 0, 0., 0, 0., 0, 0., 1, 0.5524861878453039, 0, 0., 0, 0., 0, 0., 0, 0., 0, 0., 0, 0., 0, 0., 0, 0., 0, 0., 0, 0., 91, 50.27624309392265, 0, 0., 4, 2.2099447513812156, 0, 0., 0, 0., 0, 0., 121, 102, 223, 181, 0.8116591928251121
, generated\gt\sample_000615.krn, generated\xml_trimmed_homr\sample_000615.xml, 0, 0., 273, 53.11284046692607, 0, 0., 4, 0.7782101167315175, 0, 0., 0, 0., 1, 0.19455252918287938, 0, 0., 0, 0., 0, 0., 0, 0., 0, 0., 0, 0., 1, 0.19455252918287938, 0, 0., 0, 0., 0, 0., 0, 0., 0, 0., 0, 0., 0, 0., 0, 0., 3, 0.5836575875486382, 0, 0., 0, 0., 0, 0., 0, 0., 0, 0., 0, 0., 0, 0., 0, 0., 0, 0., 0, 0., 228, 44.3579766536965, 0, 0., 4, 0.7782101167315175, 0, 0., 0, 0., 0, 0., 321, 311, 632, 514, 0.8132911392405063
, generated\gt\sample_000526.krn, generated\xml_trimmed_homr\sample_000526.xml, 0, 0., 392, 64.90066225165563, 0, 0., 27, 4.470198675496689, 0, 0., 10, 1.6556291390728477, 0, 0., 0, 0., 0, 0., 2, 0.33112582781456956, 0, 0., 0, 0., 0, 0., 1, 0.16556291390728478, 2, 0.33112582781456956, 0, 0., 0, 0., 0, 0., 0, 0., 0, 0., 0, 0., 0, 0., 2, 0.33112582781456956, 0, 0., 0, 0., 0, 0., 0, 0., 0, 0., 0, 0., 0, 0., 0, 0., 0, 0., 0, 0., 164, 27.1523178807947, 0, 0., 4, 0.6622516556291391, 0, 0., 0, 0., 0, 0., 427, 315, 742, 604, 0.8140161725067385
, generated\gt\sample_000121.krn, generated\xml_trimmed_homr\sample_000121.xml, 0, 0., 31, 10.915492957746478, 0, 0., 14, 4.929577464788732, 0, 0., 0, 0., 2, 0.704225352112676, 0, 0., 0, 0., 0, 0., 0, 0., 0, 0., 0, 0., 2, 0.704225352112676, 3, 1.056338028169014, 0, 0., 0, 0., 0, 0., 0, 0., 0, 0., 0, 0., 0, 0., 1, 0.352112676056338, 0, 0., 0, 0., 0, 0., 0, 0., 0, 0., 0, 0., 0, 0., 0, 0., 0, 0., 168, 59.15492957746479, 59, 20.774647887323944, 0, 0., 4, 1.408450704225352, 0, 0., 0, 0., 0, 0., 203, 143, 346, 284, 0.8208092485549133
, generated\gt\sample_000111.krn, generated\xml_trimmed_homr\sample_000111.xml, 0, 0., 165, 29.464285714285715, 0, 0., 33, 5.892857142857143, 0, 0., 0, 0., 3, 0.5357142857142857, 0, 0., 0, 0., 0, 0., 0, 0., 0, 0., 0, 0., 1, 0.17857142857142858, 2, 0.35714285714285715, 0, 0., 0, 0., 0, 0., 0, 0., 0, 0., 0, 0., 0, 0., 3, 0.5357142857142857, 0, 0., 0, 0., 0, 0., 0, 0., 0, 0., 0, 0., 0, 0., 0, 0., 0, 0., 117, 20.892857142857142, 232, 41.42857142857143, 0, 0., 4, 0.7142857142857143, 0, 0., 0, 0., 0, 0., 341, 340, 681, 560, 0.8223201174743024
, generated\gt\sample_000065.krn, generated\xml_trimmed_homr\sample_000065.xml, 0, 0., 435, 61.18143459915612, 0, 0., 37, 5.20393811533052, 0, 0., 2, 0.2812939521800281, 7, 0.9845288326300985, 0, 0., 0, 0., 1, 0.14064697609001406, 0, 0., 1, 0.14064697609001406, 0, 0., 1, 0.14064697609001406, 1, 0.14064697609001406, 0, 0., 0, 0., 0, 0., 0, 0., 0, 0., 0, 0., 0, 0., 7, 0.9845288326300985, 0, 0., 0, 0., 0, 0., 0, 0., 0, 0., 0, 0., 0, 0., 0, 0., 0, 0., 0, 0., 215, 30.239099859353026, 0, 0., 4, 0.5625879043600562, 0, 0., 0, 0., 0, 0., 449, 415, 864, 711, 0.8229166666666666
, generated\gt\sample_000641.krn, generated\xml_trimmed_homr\sample_000641.xml, 0, 0., 276, 52.27272727272727, 0, 0., 25, 4.734848484848484, 0, 0., 0, 0., 5, 0.946969696969697, 0, 0., 0, 0., 0, 0., 0, 0., 1, 0.1893939393939394, 0, 0., 1, 0.1893939393939394, 2, 0.3787878787878788, 0, 0., 0, 0., 0, 0., 0, 0., 0, 0., 0, 0., 0, 0., 0, 0., 0, 0., 0, 0., 0, 0., 0, 0., 0, 0., 0, 0., 0, 0., 0, 0., 0, 0., 94, 17.803030303030305, 120, 22.727272727272727, 0, 0., 4, 0.7575757575757576, 0, 0., 0, 0., 0, 0., 335, 305, 640, 528, 0.825
, generated\gt\sample_000597.krn, generated\xml_trimmed_homr\sample_000597.xml, 0, 0., 329, 61.495327102803735, 0, 0., 32, 5.981308411214953, 0, 0., 0, 0., 3, 0.5607476635514018, 0, 0., 0, 0., 0, 0., 0, 0., 0, 0., 0, 0., 1, 0.18691588785046728, 2, 0.37383177570093457, 0, 0., 0, 0., 0, 0., 0, 0., 0, 0., 0, 0., 0, 0., 6, 1.1214953271028036, 0, 0., 0, 0., 0, 0., 0, 0., 0, 0., 0, 0., 0, 0., 0, 0., 0, 0., 91, 17.009345794392523, 67, 12.523364485981308, 0, 0., 4, 0.7476635514018691, 0, 0., 0, 0., 0, 0., 366, 281, 647, 535, 0.8268933539412674
, generated\gt\sample_000051.krn, generated\xml_trimmed_homr\sample_000051.xml, 0, 0., 159, 33.686440677966104, 2, 0.423728813559322, 8, 1.694915254237288, 0, 0., 0, 0., 3, 0.635593220338983, 0, 0., 0, 0., 0, 0., 0, 0., 0, 0., 0, 0., 3, 0.635593220338983, 2, 0.423728813559322, 0, 0., 0, 0., 0, 0., 0, 0., 0, 0., 0, 0., 0, 0., 1, 0.211864406779661, 0, 0., 0, 0., 0, 0., 0, 0., 0, 0., 0, 0., 0, 0., 0, 0., 0, 0., 116, 24.576271186440678, 174, 36.86440677966102, 0, 0., 4, 0.847457627118644, 0, 0., 0, 0., 0, 0., 302, 268, 570, 472, 0.8280701754385965
, generated\gt\sample_000030.krn, generated\xml_trimmed_homr\sample_000030.xml, 0, 0., 211, 66.35220125786164, 0, 0., 8, 2.5157232704402515, 0, 0., 0, 0., 1, 0.31446540880503143, 0, 0., 0, 0., 0, 0., 0, 0., 2, 0.6289308176100629, 0, 0., 1, 0.31446540880503143, 1, 0.31446540880503143, 0, 0., 0, 0., 0, 0., 0, 0., 0, 0., 0, 0., 0, 0., 4, 1.2578616352201257, 0, 0., 0, 0., 0, 0., 0, 0., 0, 0., 0, 0., 0, 0., 0, 0., 0, 0., 0, 0., 86, 27.044025157232703, 0, 0., 4, 1.2578616352201257, 0, 0., 0, 0., 0, 0., 201, 183, 384, 318, 0.828125
, generated\gt\sample_000424.krn, generated\xml_trimmed_homr\sample_000424.xml, 0, 0., 407, 65.96434359805511, 0, 0., 37, 5.996758508914101, 0, 0., 0, 0., 1, 0.1620745542949757, 0, 0., 3, 0.4862236628849271, 0, 0., 2, 0.3241491085899514, 0, 0., 0, 0., 1, 0.1620745542949757, 2, 0.3241491085899514, 0, 0., 0, 0., 0, 0., 0, 0., 0, 0., 0, 0., 0, 0., 15, 2.4311183144246353, 0, 0., 0, 0., 0, 0., 0, 0., 0, 0., 0, 0., 0, 0., 0, 0., 0, 0., 0, 0., 145, 23.500810372771475, 0, 0., 4, 0.6482982171799028, 0, 0., 0, 0., 0, 0., 396, 348, 744, 617, 0.8293010752688172
, generated\gt\sample_000011.krn, generated\xml_trimmed_homr\sample_000011.xml, 0, 0., 226, 50.110864745011085, 0, 0., 26, 5.764966740576496, 0, 0., 0, 0., 6, 1.3303769401330376, 0, 0., 0, 0., 0, 0., 9, 1.9955654101995566, 0, 0., 0, 0., 0, 0., 2, 0.4434589800443459, 0, 0., 0, 0., 0, 0., 0, 0., 0, 0., 0, 0., 0, 0., 3, 0.6651884700665188, 0, 0., 0, 0., 0, 0., 0, 0., 0, 0., 0, 0., 0, 0., 0, 0., 0, 0., 0, 0., 175, 38.80266075388027, 0, 0., 4, 0.8869179600886918, 0, 0., 0, 0., 0, 0., 301, 242, 543, 451, 0.8305709023941068
, generated\gt\sample_000462.krn, generated\xml_trimmed_homr\sample_000462.xml, 0, 0., 284, 45.151033386327505, 0, 0., 6, 0.9538950715421304, 0, 0., 0, 0., 6, 0.9538950715421304, 0, 0., 0, 0., 2, 0.3179650238473768, 0, 0., 1, 0.1589825119236884, 0, 0., 3, 0.4769475357710652, 4, 0.6359300476947536, 0, 0., 0, 0., 0, 0., 0, 0., 0, 0., 0, 0., 0, 0., 6, 0.9538950715421304, 0, 0., 0, 0., 0, 0., 0, 0., 0, 0., 0, 0., 0, 0., 0, 0., 0, 0., 107, 17.01112877583466, 206, 32.750397456279806, 0, 0., 4, 0.6359300476947536, 0, 0., 0, 0., 0, 0., 401, 356, 757, 629, 0.8309114927344782
, generated\gt\sample_000516.krn, generated\xml_trimmed_homr\sample_000516.xml, 0, 0., 293, 46.360759493670884, 0, 0., 16, 2.5316455696202533, 0, 0., 0, 0., 0, 0., 0, 0., 0, 0., 0, 0., 0, 0., 0, 0., 0, 0., 3, 0.47468354430379744, 4, 0.6329113924050633, 0, 0., 0, 0., 0, 0., 0, 0., 0, 0., 0, 0., 0, 0., 4, 0.6329113924050633, 0, 0., 0, 0., 0, 0., 0, 0., 0, 0., 0, 0., 0, 0., 0, 0., 0, 0., 178, 28.164556962025316, 130, 20.569620253164558, 0, 0., 4, 0.6329113924050633, 0, 0., 0, 0., 0, 0., 399, 361, 760, 632, 0.8315789473684211
, generated\gt\sample_000171.krn, generated\xml_trimmed_homr\sample_000171.xml, 0, 0., 104, 37.410071942446045, 0, 0., 0, 0., 0, 0., 0, 0., 2, 0.7194244604316546, 0, 0., 0, 0., 0, 0., 0, 0., 0, 0., 0, 0., 1, 0.3597122302158273, 0, 0., 0, 0., 0, 0., 0, 0., 0, 0., 0, 0., 0, 0., 0, 0., 3, 1.079136690647482, 0, 0., 0, 0., 0, 0., 0, 0., 0, 0., 0, 0., 0, 0., 0, 0., 0, 0., 60, 21.58273381294964, 104, 37.410071942446045, 0, 0., 4, 1.4388489208633093, 0, 0., 0, 0., 0, 0., 176, 158, 334, 278, 0.8323353293413174
, generated\gt\sample_000161.krn, generated\xml_trimmed_homr\sample_000161.xml, 0, 0., 155, 73.45971563981043, 0, 0., 2, 0.9478672985781991, 0, 0., 0, 0., 3, 1.4218009478672986, 0, 0., 0, 0., 1, 0.47393364928909953, 0, 0., 1, 0.47393364928909953, 0, 0., 1, 0.47393364928909953, 1, 0.47393364928909953, 0, 0., 0, 0., 0, 0., 0, 0., 0, 0., 0, 0., 0, 0., 4, 1.8957345971563981, 0, 0., 0, 0., 0, 0., 0, 0., 0, 0., 0, 0., 0, 0., 0, 0., 0, 0., 0, 0., 39, 18.48341232227488, 0, 0., 4, 1.8957345971563981, 0, 0., 0, 0., 0, 0., 136, 117, 253, 211, 0.83399209486166
, generated\gt\sample_000294.krn, generated\xml_trimmed_homr\sample_000294.xml, 0, 0., 216, 54.82233502538071, 2, 0.5076142131979695, 0, 0., 1, 0.25380710659898476, 0, 0., 4, 1.015228426395939, 0, 0., 0, 0., 0, 0., 5, 1.2690355329949239, 0, 0., 0, 0., 3, 0.7614213197969543, 4, 1.015228426395939, 0, 0., 0, 0., 2, 0.5076142131979695, 0, 0., 0, 0., 0, 0., 0, 0., 0, 0., 0, 0., 0, 0., 0, 0., 0, 0., 0, 0., 0, 0., 0, 0., 0, 0., 0, 0., 29, 7.3604060913705585, 124, 31.472081218274113, 0, 0., 4, 1.015228426395939, 0, 0., 0, 0., 0, 0., 225, 247, 472, 394, 0.8347457627118644
, generated\gt\sample_000583.krn, generated\xml_trimmed_homr\sample_000583.xml, 0, 0., 325, 58.45323741007194, 0, 0., 13, 2.338129496402878, 0, 0., 11, 1.9784172661870503, 5, 0.8992805755395683, 0, 0., 0, 0., 0, 0., 1, 0.17985611510791366, 0, 0., 0, 0., 3, 0.539568345323741, 2, 0.3597122302158273, 0, 0., 0, 0., 0, 0., 0, 0., 0, 0., 0, 0., 0, 0., 2, 0.3597122302158273, 0, 0., 0, 0., 0, 0., 0, 0., 0, 0., 0, 0., 0, 0., 0, 0., 0, 0., 140, 25.179856115107913, 50, 8.992805755395683, 0, 0., 4, 0.7194244604316546, 0, 0., 0, 0., 0, 0., 344, 322, 666, 556, 0.8348348348348348
, generated\gt\sample_000228.krn, generated\xml_trimmed_homr\sample_000228.xml, 0, 0., 218, 68.125, 0, 0., 7, 2.1875, 0, 0., 0, 0., 0, 0., 0, 0., 0, 0., 0, 0., 0, 0., 0, 0., 0, 0., 1, 0.3125, 1, 0.3125, 0, 0., 0, 0., 0, 0., 0, 0., 0, 0., 0, 0., 0, 0., 0, 0., 0, 0., 0, 0., 0, 0., 0, 0., 0, 0., 0, 0., 0, 0., 0, 0., 0, 0., 0, 0., 89, 27.8125, 0, 0., 4, 1.25, 0, 0., 0, 0., 0, 0., 196, 187, 383, 320, 0.835509138381201
, generated\gt\sample_000654.krn, generated\xml_trimmed_homr\sample_000654.xml, 0, 0., 177, 48.228882833787466, 0, 0., 0, 0., 0, 0., 0, 0., 1, 0.2724795640326976, 0, 0., 0, 0., 0, 0., 0, 0., 0, 0., 0, 0., 1, 0.2724795640326976, 1, 0.2724795640326976, 0, 0., 0, 0., 0, 0., 0, 0., 0, 0., 0, 0., 0, 0., 0, 0., 0, 0., 0, 0., 0, 0., 0, 0., 0, 0., 0, 0., 0, 0., 0, 0., 0, 0., 0, 0., 183, 49.86376021798365, 0, 0., 4, 1.0899182561307903, 0, 0., 0, 0., 0, 0., 225, 214, 439, 367, 0.835990888382688
, generated\gt\sample_000151.krn, generated\xml_trimmed_homr\sample_000151.xml, 0, 0., 294, 43.684992570579496, 0, 0., 26, 3.863298662704309, 0, 0., 6, 0.8915304606240714, 3, 0.4457652303120357, 0, 0., 0, 0., 0, 0., 1, 0.1485884101040119, 0, 0., 0, 0., 4, 0.5943536404160475, 2, 0.2971768202080238, 0, 0., 0, 0., 0, 0., 0, 0., 0, 0., 0, 0., 0, 0., 2, 0.2971768202080238, 0, 0., 0, 0., 0, 0., 0, 0., 0, 0., 0, 0., 0, 0., 0, 0., 0, 0., 113, 16.790490341753344, 218, 32.39227340267459, 0, 0., 4, 0.5943536404160475, 0, 0., 0, 0., 0, 0., 410, 393, 803, 673, 0.838107098381071
, generated\gt\sample_000177.krn, generated\xml_trimmed_homr\sample_000177.xml, 0, 0., 242, 64.70588235294117, 0, 0., 7, 1.8716577540106951, 1, 0.26737967914438504, 0, 0., 0, 0., 0, 0., 0, 0., 0, 0., 0, 0., 0, 0., 0, 0., 1, 0.26737967914438504, 2, 0.5347593582887701, 0, 0., 0, 0., 0, 0., 0, 0., 0, 0., 0, 0., 0, 0., 3, 0.8021390374331551, 0, 0., 0, 0., 0, 0., 0, 0., 0, 0., 0, 0., 0, 0., 0, 0., 0, 0., 0, 0., 114, 30.481283422459892, 0, 0., 4, 1.0695187165775402, 0, 0., 0, 0., 0, 0., 232, 214, 446, 374, 0.8385650224215246
, generated\gt\sample_000585.krn, generated\xml_trimmed_homr\sample_000585.xml, 0, 0., 289, 55.57692307692308, 0, 0., 10, 1.9230769230769231, 0, 0., 2, 0.38461538461538464, 2, 0.38461538461538464, 0, 0., 0, 0., 1, 0.19230769230769232, 0, 0., 0, 0., 0, 0., 6, 1.1538461538461537, 2, 0.38461538461538464, 0, 0., 0, 0., 0, 0., 0, 0., 0, 0., 0, 0., 0, 0., 6, 1.1538461538461537, 0, 0., 0, 0., 0, 0., 0, 0., 0, 0., 0, 0., 0, 0., 0, 0., 0, 0., 0, 0., 198, 38.07692307692308, 0, 0., 4, 0.7692307692307693, 0, 0., 0, 0., 0, 0., 319, 301, 620, 520, 0.8387096774193549
, generated\gt\sample_000336.krn, generated\xml_trimmed_homr\sample_000336.xml, 0, 0., 290, 48.65771812080537, 0, 0., 34, 5.704697986577181, 0, 0., 0, 0., 3, 0.5033557046979866, 0, 0., 0, 0., 0, 0., 0, 0., 2, 0.33557046979865773, 0, 0., 1, 0.16778523489932887, 2, 0.33557046979865773, 0, 0., 0, 0., 0, 0., 0, 0., 0, 0., 0, 0., 0, 0., 8, 1.342281879194631, 0, 0., 0, 0., 0, 0., 0, 0., 0, 0., 0, 0., 0, 0., 0, 0., 0, 0., 0, 0., 252, 42.281879194630875, 0, 0., 4, 0.6711409395973155, 0, 0., 0, 0., 0, 0., 393, 316, 709, 596, 0.840620592383639
, generated\gt\sample_000149.krn, generated\xml_trimmed_homr\sample_000149.xml, 0, 0., 229, 50.440528634361236, 0, 0., 12, 2.643171806167401, 0, 0., 4, 0.8810572687224669, 2, 0.44052863436123346, 0, 0., 0, 0., 0, 0., 0, 0., 0, 0., 0, 0., 2, 0.44052863436123346, 2, 0.44052863436123346, 0, 0., 0, 0., 0, 0., 0, 0., 0, 0., 0, 0., 0, 0., 4, 0.8810572687224669, 0, 0., 0, 0., 0, 0., 0, 0., 0, 0., 0, 0., 0, 0., 0, 0., 0, 0., 97, 21.365638766519822, 98, 21.58590308370044, 0, 0., 4, 0.8810572687224669, 0, 0., 0, 0., 0, 0., 278, 262, 540, 454, 0.8407407407407408
, generated\gt\sample_000422.krn, generated\xml_trimmed_homr\sample_000422.xml, 0, 0., 380, 72.38095238095238, 0, 0., 21, 4.0, 0, 0., 10, 1.9047619047619047, 2, 0.38095238095238093, 0, 0., 0, 0., 0, 0., 0, 0., 0, 0., 0, 0., 1, 0.19047619047619047, 2, 0.38095238095238093, 0, 0., 0, 0., 0, 0., 0, 0., 0, 0., 0, 0., 0, 0., 2, 0.38095238095238093, 0, 0., 0, 0., 0, 0., 0, 0., 0, 0., 0, 0., 0, 0., 0, 0., 0, 0., 0, 0., 103, 19.61904761904762, 0, 0., 4, 0.7619047619047619, 0, 0., 0, 0., 0, 0., 341, 283, 624, 525, 0.8413461538461539
, generated\gt\sample_000616.krn, generated\xml_trimmed_homr\sample_000616.xml, 0, 0., 272, 64.60807600950119, 0, 0., 15, 3.5629453681710213, 0, 0., 8, 1.9002375296912113, 2, 0.4750593824228028, 0, 0., 0, 0., 0, 0., 0, 0., 0, 0., 0, 0., 3, 0.7125890736342043, 2, 0.4750593824228028, 0, 0., 0, 0., 0, 0., 0, 0., 0, 0., 0, 0., 0, 0., 5, 1.187648456057007, 0, 0., 0, 0., 0, 0., 0, 0., 0, 0., 0, 0., 0, 0., 0, 0., 0, 0., 0, 0., 110, 26.128266033254157, 0, 0., 4, 0.9501187648456056, 0, 0., 0, 0., 0, 0., 309, 191, 500, 421, 0.842
, generated\gt\sample_000658.krn, generated\xml_trimmed_homr\sample_000658.xml, 0, 0., 296, 58.153241650294696, 0, 0., 34, 6.679764243614931, 0, 0., 2, 0.3929273084479371, 6, 1.1787819253438114, 0, 0., 0, 0., 0, 0., 0, 0., 0, 0., 0, 0., 1, 0.19646365422396855, 2, 0.3929273084479371, 4, 0.7858546168958742, 0, 0., 0, 0., 0, 0., 0, 0., 0, 0., 0, 0., 2, 0.3929273084479371, 0, 0., 0, 0., 0, 0., 0, 0., 0, 0., 0, 0., 0, 0., 0, 0., 0, 0., 0, 0., 158, 31.041257367387033, 0, 0., 4, 0.7858546168958742, 0, 0., 0, 0., 0, 0., 314, 290, 604, 509, 0.8427152317880795
, generated\gt\sample_000154.krn, generated\xml_trimmed_homr\sample_000154.xml, 0, 0., 157, 41.09947643979058, 0, 0., 0, 0., 1, 0.2617801047120419, 0, 0., 1, 0.2617801047120419, 0, 0., 0, 0., 0, 0., 0, 0., 0, 0., 0, 0., 1, 0.2617801047120419, 2, 0.5235602094240838, 0, 0., 0, 0., 0, 0., 0, 0., 0, 0., 0, 0., 0, 0., 1, 0.2617801047120419, 0, 0., 0, 0., 0, 0., 0, 0., 0, 0., 0, 0., 0, 0., 0, 0., 0, 0., 41, 10.732984293193716, 174, 45.54973821989529, 0, 0., 4, 1.0471204188481675, 0, 0., 0, 0., 0, 0., 237, 215, 452, 382, 0.8451327433628318
, generated\gt\sample_000627.krn, generated\xml_trimmed_homr\sample_000627.xml, 0, 0., 501, 45.339366515837106, 0, 0., 27, 2.4434389140271495, 1, 0.09049773755656108, 1, 0.09049773755656108, 2, 0.18099547511312217, 0, 0., 0, 0., 0, 0., 4, 0.36199095022624433, 0, 0., 0, 0., 2, 0.18099547511312217, 2, 0.18099547511312217, 1, 0.09049773755656108, 0, 0., 0, 0., 0, 0., 0, 0., 0, 0., 0, 0., 5, 0.45248868778280543, 0, 0., 0, 0., 0, 0., 0, 0., 0, 0., 0, 0., 0, 0., 0, 0., 0, 0., 187, 16.923076923076923, 368, 33.30316742081448, 0, 0., 4, 0.36199095022624433, 0, 0., 0, 0., 0, 0., 663, 644, 1307, 1105, 0.8454475899005356
, generated\gt\sample_000657.krn, generated\xml_trimmed_homr\sample_000657.xml, 0, 0., 289, 47.14518760195759, 0, 0., 4, 0.6525285481239804, 0, 0., 2, 0.3262642740619902, 8, 1.3050570962479608, 0, 0., 0, 0., 0, 0., 0, 0., 2, 0.3262642740619902, 0, 0., 1, 0.1631321370309951, 2, 0.3262642740619902, 4, 0.6525285481239804, 0, 0., 0, 0., 0, 0., 0, 0., 0, 0., 0, 0., 4, 0.6525285481239804, 0, 0., 0, 0., 0, 0., 0, 0., 0, 0., 0, 0., 0, 0., 0, 0., 0, 0., 0, 0., 293, 47.79771615008156, 0, 0., 4, 0.6525285481239804, 0, 0., 0, 0., 0, 0., 381, 344, 725, 613, 0.8455172413793104
, generated\gt\sample_000494.krn, generated\xml_trimmed_homr\sample_000494.xml, 0, 0., 198, 47.48201438848921, 0, 0., 0, 0., 0, 0., 0, 0., 0, 0., 0, 0., 0, 0., 0, 0., 0, 0., 1, 0.23980815347721823, 0, 0., 1, 0.23980815347721823, 0, 0., 0, 0., 0, 0., 0, 0., 0, 0., 0, 0., 0, 0., 0, 0., 0, 0., 0, 0., 0, 0., 0, 0., 0, 0., 0, 0., 0, 0., 0, 0., 0, 0., 0, 0., 0, 0., 213, 51.07913669064748, 0, 0., 4, 0.9592326139088729, 0, 0., 0, 0., 0, 0., 263, 230, 493, 417, 0.845841784989858
, generated\gt\sample_000198.krn, generated\xml_trimmed_homr\sample_000198.xml, 0, 0., 395, 63.60708534621578, 0, 0., 13, 2.0933977455716586, 0, 0., 17, 2.737520128824477, 7, 1.1272141706924315, 0, 0., 0, 0., 0, 0., 1, 0.1610305958132045, 0, 0., 0, 0., 1, 0.1610305958132045, 2, 0.322061191626409, 0, 0., 0, 0., 0, 0., 0, 0., 0, 0., 0, 0., 0, 0., 4, 0.644122383252818, 0, 0., 0, 0., 0, 0., 0, 0., 0, 0., 0, 0., 0, 0., 0, 0., 0, 0., 0, 0., 177, 28.502415458937197, 0, 0., 4, 0.644122383252818, 0, 0., 0, 0., 0, 0., 414, 320, 734, 621, 0.8460490463215259
, generated\gt\sample_000529.krn, generated\xml_trimmed_homr\sample_000529.xml, 0, 0., 285, 50.711743772241995, 2, 0.35587188612099646, 1, 0.17793594306049823, 0, 0., 0, 0., 1, 0.17793594306049823, 0, 0., 0, 0., 0, 0., 0, 0., 0, 0., 0, 0., 3, 0.5338078291814946, 4, 0.7117437722419929, 0, 0., 0, 0., 0, 0., 0, 0., 0, 0., 0, 0., 0, 0., 0, 0., 0, 0., 0, 0., 0, 0., 0, 0., 0, 0., 0, 0., 0, 0., 0, 0., 0, 0., 167, 29.715302491103202, 95, 16.90391459074733, 0, 0., 4, 0.7117437722419929, 0, 0., 0, 0., 0, 0., 332, 330, 662, 562, 0.8489425981873112
, generated\gt\sample_000249.krn, generated\xml_trimmed_homr\sample_000249.xml, 0, 0., 77, 26.643598615916954, 0, 0., 0, 0., 0, 0., 0, 0., 4, 1.3840830449826989, 0, 0., 0, 0., 0, 0., 2, 0.6920415224913494, 0, 0., 0, 0., 1, 0.3460207612456747, 2, 0.6920415224913494, 0, 0., 0, 0., 0, 0., 0, 0., 0, 0., 0, 0., 0, 0., 3, 1.0380622837370241, 0, 0., 0, 0., 0, 0., 0, 0., 0, 0., 0, 0., 0, 0., 0, 0., 0, 0., 115, 39.792387543252595, 81, 28.027681660899653, 0, 0., 4, 1.3840830449826989, 0, 0., 0, 0., 0, 0., 186, 153, 339, 289, 0.8525073746312685
, generated\gt\sample_000392.krn, generated\xml_trimmed_homr\sample_000392.xml, 0, 0., 240, 47.524752475247524, 0, 0., 0, 0., 0, 0., 0, 0., 2, 0.39603960396039606, 0, 0., 0, 0., 0, 0., 0, 0., 1, 0.19801980198019803, 0, 0., 1, 0.19801980198019803, 2, 0.39603960396039606, 0, 0., 0, 0., 0, 0., 0, 0., 0, 0., 0, 0., 0, 0., 4, 0.7920792079207921, 0, 0., 0, 0., 0, 0., 0, 0., 0, 0., 0, 0., 0, 0., 0, 0., 0, 0., 0, 0., 251, 49.7029702970297, 0, 0., 4, 0.7920792079207921, 0, 0., 0, 0., 0, 0., 326, 265, 591, 505, 0.8544839255499154
, generated\gt\sample_000237.krn, generated\xml_trimmed_homr\sample_000237.xml, 0, 0., 279, 74.20212765957447, 0, 0., 4, 1.0638297872340425, 0, 0., 0, 0., 0, 0., 0, 0., 0, 0., 0, 0., 0, 0., 0, 0., 0, 0., 1, 0.26595744680851063, 2, 0.5319148936170213, 0, 0., 0, 0., 0, 0., 0, 0., 0, 0., 0, 0., 0, 0., 1, 0.26595744680851063, 0, 0., 0, 0., 0, 0., 0, 0., 0, 0., 0, 0., 0, 0., 0, 0., 0, 0., 0, 0., 85, 22.606382978723403, 0, 0., 4, 1.0638297872340425, 0, 0., 0, 0., 0, 0., 242, 198, 440, 376, 0.8545454545454545
, generated\gt\sample_000147.krn, generated\xml_trimmed_homr\sample_000147.xml, 0, 0., 438, 67.17791411042944, 0, 0., 32, 4.9079754601226995, 0, 0., 16, 2.4539877300613497, 2, 0.3067484662576687, 0, 0., 0, 0., 0, 0., 0, 0., 0, 0., 0, 0., 0, 0., 2, 0.3067484662576687, 0, 0., 0, 0., 0, 0., 0, 0., 0, 0., 0, 0., 0, 0., 0, 0., 0, 0., 0, 0., 0, 0., 0, 0., 0, 0., 0, 0., 0, 0., 0, 0., 0, 0., 0, 0., 158, 24.233128834355828, 0, 0., 4, 0.6134969325153374, 0, 0., 0, 0., 0, 0., 335, 423, 758, 652, 0.8601583113456465
, generated\gt\sample_000027.krn, generated\xml_trimmed_homr\sample_000027.xml, 0, 0., 118, 41.54929577464789, 0, 0., 0, 0., 0, 0., 0, 0., 0, 0., 0, 0., 3, 1.056338028169014, 1, 0.352112676056338, 0, 0., 1, 0.352112676056338, 0, 0., 1, 0.352112676056338, 1, 0.352112676056338, 0, 0., 0, 0., 0, 0., 0, 0., 0, 0., 0, 0., 0, 0., 1, 0.352112676056338, 0, 0., 0, 0., 0, 0., 0, 0., 0, 0., 0, 0., 0, 0., 0, 0., 0, 0., 58, 20.422535211267604, 96, 33.80281690140845, 0, 0., 4, 1.408450704225352, 0, 0., 0, 0., 0, 0., 167, 163, 330, 284, 0.8606060606060606
, generated\gt\sample_000218.krn, generated\xml_trimmed_homr\sample_000218.xml, 0, 0., 149, 66.22222222222223, 0, 0., 3, 1.3333333333333333, 1, 0.4444444444444444, 6, 2.6666666666666665, 0, 0., 0, 0., 0, 0., 0, 0., 0, 0., 1, 0.4444444444444444, 0, 0., 1, 0.4444444444444444, 0, 0., 0, 0., 0, 0., 2, 0.8888888888888888, 0, 0., 0, 0., 0, 0., 0, 0., 3, 1.3333333333333333, 0, 0., 0, 0., 0, 0., 0, 0., 0, 0., 0, 0., 0, 0., 0, 0., 0, 0., 0, 0., 55, 24.444444444444443, 0, 0., 4, 1.7777777777777777, 0, 0., 0, 0., 0, 0., 141, 119, 260, 225, 0.8653846153846154
, generated\gt\sample_000026.krn, generated\xml_trimmed_homr\sample_000026.xml, 0, 0., 52, 44.067796610169495, 0, 0., 0, 0., 0, 0., 0, 0., 0, 0., 0, 0., 0, 0., 0, 0., 0, 0., 0, 0., 0, 0., 1, 0.847457627118644, 3, 2.542372881355932, 0, 0., 0, 0., 0, 0., 0, 0., 0, 0., 0, 0., 0, 0., 0, 0., 0, 0., 0, 0., 0, 0., 0, 0., 0, 0., 0, 0., 0, 0., 0, 0., 0, 0., 0, 0., 58, 49.152542372881356, 0, 0., 4, 3.389830508474576, 0, 0., 0, 0., 0, 0., 72, 64, 136, 118, 0.8676470588235294
, generated\gt\sample_000593.krn, generated\xml_trimmed_homr\sample_000593.xml, 0, 0., 414, 70.05076142131979, 0, 0., 26, 4.399323181049069, 0, 0., 0, 0., 2, 0.338409475465313, 0, 0., 0, 0., 0, 0., 0, 0., 0, 0., 0, 0., 0, 0., 2, 0.338409475465313, 0, 0., 0, 0., 0, 0., 0, 0., 0, 0., 0, 0., 0, 0., 0, 0., 0, 0., 0, 0., 0, 0., 0, 0., 0, 0., 0, 0., 0, 0., 0, 0., 0, 0., 0, 0., 143, 24.19627749576988, 0, 0., 4, 0.676818950930626, 0, 0., 0, 0., 0, 0., 354, 327, 681, 591, 0.8678414096916299
, generated\gt\sample_000036.krn, generated\xml_trimmed_homr\sample_000036.xml, 0, 0., 145, 30.526315789473685, 4, 0.8421052631578947, 2, 0.42105263157894735, 3, 0.631578947368421, 0, 0., 0, 0., 0, 0., 0, 0., 0, 0., 1, 0.21052631578947367, 0, 0., 0, 0., 1, 0.21052631578947367, 4, 0.8421052631578947, 1, 0.21052631578947367, 0, 0., 0, 0., 0, 0., 0, 0., 0, 0., 0, 0., 0, 0., 0, 0., 0, 0., 0, 0., 0, 0., 0, 0., 0, 0., 0, 0., 0, 0., 0, 0., 219, 46.10526315789474, 91, 19.157894736842106, 0, 0., 4, 0.8421052631578947, 0, 0., 0, 0., 0, 0., 275, 272, 547, 475, 0.8683729433272395
, generated\gt\sample_000163.krn, generated\xml_trimmed_homr\sample_000163.xml, 0, 0., 185, 76.13168724279835, 0, 0., 2, 0.823045267489712, 0, 0., 4, 1.646090534979424, 0, 0., 0, 0., 0, 0., 0, 0., 0, 0., 2, 0.823045267489712, 0, 0., 1, 0.411522633744856, 1, 0.411522633744856, 0, 0., 0, 0., 0, 0., 0, 0., 0, 0., 0, 0., 0, 0., 2, 0.823045267489712, 0, 0., 0, 0., 0, 0., 0, 0., 0, 0., 0, 0., 0, 0., 0, 0., 0, 0., 0, 0., 42, 17.28395061728395, 0, 0., 4, 1.646090534979424, 0, 0., 0, 0., 0, 0., 162, 115, 277, 243, 0.8772563176895307
, generated\gt\sample_000004.krn, generated\xml_trimmed_homr\sample_000004.xml, 0, 0., 304, 59.49119373776908, 0, 0., 19, 3.7181996086105675, 0, 0., 4, 0.7827788649706457, 3, 0.5870841487279843, 0, 0., 0, 0., 0, 0., 0, 0., 0, 0., 0, 0., 0, 0., 2, 0.3913894324853229, 0, 0., 0, 0., 0, 0., 0, 0., 0, 0., 0, 0., 0, 0., 4, 0.7827788649706457, 0, 0., 0, 0., 0, 0., 0, 0., 0, 0., 0, 0., 0, 0., 0, 0., 0, 0., 0, 0., 171, 33.46379647749511, 0, 0., 4, 0.7827788649706457, 0, 0., 0, 0., 0, 0., 295, 285, 580, 511, 0.8810344827586207
, generated\gt\sample_000326.krn, generated\xml_trimmed_homr\sample_000326.xml, 0, 0., 277, 73.08707124010554, 0, 0., 0, 0., 0, 0., 8, 2.1108179419525066, 0, 0., 0, 0., 0, 0., 0, 0., 0, 0., 0, 0., 0, 0., 3, 0.7915567282321899, 2, 0.5277044854881267, 0, 0., 0, 0., 0, 0., 0, 0., 0, 0., 0, 0., 0, 0., 3, 0.7915567282321899, 0, 0., 0, 0., 0, 0., 0, 0., 0, 0., 0, 0., 0, 0., 0, 0., 0, 0., 0, 0., 82, 21.63588390501319, 0, 0., 4, 1.0554089709762533, 0, 0., 0, 0., 0, 0., 178, 251, 429, 379, 0.8834498834498834
, generated\gt\sample_000674.krn, generated\xml_trimmed_homr\sample_000674.xml, 0, 0., 421, 68.90343698854338, 0, 0., 4, 0.6546644844517185, 0, 0., 4, 0.6546644844517185, 3, 0.4909983633387889, 0, 0., 0, 0., 0, 0., 2, 0.32733224222585927, 1, 0.16366612111292964, 0, 0., 2, 0.32733224222585927, 2, 0.32733224222585927, 0, 0., 0, 0., 0, 0., 0, 0., 0, 0., 0, 0., 0, 0., 2, 0.32733224222585927, 0, 0., 0, 0., 0, 0., 0, 0., 0, 0., 0, 0., 0, 0., 0, 0., 0, 0., 0, 0., 166, 27.168576104746318, 0, 0., 4, 0.6546644844517185, 0, 0., 0, 0., 0, 0., 316, 374, 690, 611, 0.8855072463768116
, generated\gt\sample_000647.krn, generated\xml_trimmed_homr\sample_000647.xml, 0, 0., 464, 71.05666156202145, 0, 0., 26, 3.9816232771822357, 0, 0., 10, 1.5313935681470139, 5, 0.7656967840735069, 0, 0., 0, 0., 0, 0., 1, 0.15313935681470137, 0, 0., 0, 0., 3, 0.45941807044410415, 2, 0.30627871362940273, 0, 0., 0, 0., 0, 0., 0, 0., 0, 0., 0, 0., 0, 0., 0, 0., 0, 0., 0, 0., 0, 0., 0, 0., 0, 0., 0, 0., 0, 0., 0, 0., 0, 0., 0, 0., 138, 21.133231240428792, 0, 0., 4, 0.6125574272588055, 0, 0., 0, 0., 0, 0., 318, 417, 735, 653, 0.8884353741496599
, generated\gt\sample_000134.krn, generated\xml_trimmed_homr\sample_000134.xml, 0, 0., 277, 64.2691415313225, 0, 0., 5, 1.160092807424594, 0, 0., 0, 0., 0, 0., 0, 0., 0, 0., 1, 0.23201856148491878, 0, 0., 1, 0.23201856148491878, 0, 0., 1, 0.23201856148491878, 2, 0.46403712296983757, 0, 0., 0, 0., 0, 0., 0, 0., 0, 0., 0, 0., 0, 0., 7, 1.6241299303944317, 0, 0., 0, 0., 0, 0., 0, 0., 0, 0., 0, 0., 0, 0., 0, 0., 0, 0., 0, 0., 133, 30.858468677494198, 0, 0., 4, 0.9280742459396751, 0, 0., 0, 0., 0, 0., 217, 267, 484, 431, 0.890495867768595
, generated\gt\sample_000260.krn, generated\xml_trimmed_homr\sample_000260.xml, 0, 0., 344, 94.50549450549451, 0, 0., 6, 1.6483516483516483, 0, 0., 12, 3.2967032967032965, 0, 0., 0, 0., 0, 0., 0, 0., 0, 0., 0, 0., 0, 0., 0, 0., 2, 0.5494505494505495, 0, 0., 0, 0., 0, 0., 0, 0., 0, 0., 0, 0., 0, 0., 0, 0., 0, 0., 0, 0., 0, 0., 0, 0., 0, 0., 0, 0., 0, 0., 0, 0., 0, 0., 0, 0., 0, 0., 0, 0., 0, 0., 0, 0., 0, 0., 0, 0., 252, 156, 408, 364, 0.8921568627450981
, generated\gt\sample_000096.krn, generated\xml_trimmed_homr\sample_000096.xml, 0, 0., 334, 74.55357142857143, 0, 0., 8, 1.7857142857142858, 0, 0., 0, 0., 1, 0.22321428571428573, 0, 0., 0, 0., 0, 0., 0, 0., 0, 0., 0, 0., 1, 0.22321428571428573, 1, 0.22321428571428573, 0, 0., 0, 0., 0, 0., 0, 0., 0, 0., 0, 0., 0, 0., 2, 0.44642857142857145, 0, 0., 0, 0., 0, 0., 0, 0., 0, 0., 0, 0., 0, 0., 0, 0., 0, 0., 0, 0., 97, 21.651785714285715, 0, 0., 4, 0.8928571428571429, 0, 0., 0, 0., 0, 0., 253, 248, 501, 448, 0.8942115768463074
, generated\gt\sample_000591.krn, generated\xml_trimmed_homr\sample_000591.xml, 0, 0., 300, 39.63011889035667, 0, 0., 12, 1.5852047556142668, 0, 0., 0, 0., 1, 0.13210039630118892, 0, 0., 0, 0., 0, 0., 4, 0.5284015852047557, 0, 0., 0, 0., 1, 0.13210039630118892, 2, 0.26420079260237783, 0, 0., 0, 0., 0, 0., 0, 0., 0, 0., 0, 0., 0, 0., 0, 0., 0, 0., 0, 0., 0, 0., 0, 0., 0, 0., 0, 0., 0, 0., 0, 0., 0, 0., 207, 27.344782034346103, 226, 29.854689564068693, 0, 0., 4, 0.5284015852047557, 0, 0., 0, 0., 0, 0., 422, 407, 829, 757, 0.9131483715319663
, generated\gt\sample_000110.krn, generated\xml_trimmed_homr\sample_000110.xml, 0, 0., 427, 91.63090128755364, 0, 0., 4, 0.8583690987124464, 1, 0.2145922746781116, 0, 0., 1, 0.2145922746781116, 0, 0., 0, 0., 0, 0., 0, 0., 0, 0., 0, 0., 1, 0.2145922746781116, 2, 0.4291845493562232, 0, 0., 0, 0., 0, 0., 0, 0., 0, 0., 0, 0., 0, 0., 1, 0.2145922746781116, 0, 0., 0, 0., 0, 0., 0, 0., 0, 0., 0, 0., 0, 0., 0, 0., 0, 0., 0, 0., 25, 5.364806866952789, 0, 0., 4, 0.8583690987124464, 0, 0., 0, 0., 0, 0., 268, 242, 510, 466, 0.9137254901960784
, generated\gt\sample_000467.krn, generated\xml_trimmed_homr\sample_000467.xml, 0, 0., 346, 48.732394366197184, 8, 1.1267605633802817, 4, 0.5633802816901409, 4, 0.5633802816901409, 0, 0., 0, 0., 0, 0., 0, 0., 0, 0., 1, 0.14084507042253522, 0, 0., 0, 0., 1, 0.14084507042253522, 4, 0.5633802816901409, 0, 0., 0, 0., 0, 0., 0, 0., 0, 0., 0, 0., 0, 0., 5, 0.704225352112676, 0, 0., 0, 0., 0, 0., 0, 0., 0, 0., 0, 0., 0, 0., 0, 0., 0, 0., 176, 24.788732394366196, 157, 22.112676056338028, 0, 0., 4, 0.5633802816901409, 0, 0., 0, 0., 0, 0., 413, 363, 776, 710, 0.9149484536082474
, generated\gt\sample_000012.krn, generated\xml_trimmed_homr\sample_000012.xml, 0, 0., 662, 74.2152466367713, 0, 0., 18, 2.0179372197309418, 0, 0., 10, 1.1210762331838564, 3, 0.336322869955157, 0, 0., 0, 0., 0, 0., 0, 0., 0, 0., 0, 0., 1, 0.11210762331838565, 2, 0.2242152466367713, 0, 0., 0, 0., 0, 0., 0, 0., 0, 0., 0, 0., 0, 0., 1, 0.11210762331838565, 0, 0., 0, 0., 0, 0., 0, 0., 0, 0., 0, 0., 0, 0., 0, 0., 0, 0., 0, 0., 191, 21.41255605381166, 0, 0., 4, 0.4484304932735426, 0, 0., 0, 0., 0, 0., 565, 407, 972, 892, 0.9176954732510288
, generated\gt\sample_000118.krn, generated\xml_trimmed_homr\sample_000118.xml, 0, 0., 261, 33.984375, 0, 0., 9, 1.171875, 0, 0., 0, 0., 0, 0., 0, 0., 0, 0., 0, 0., 1, 0.13020833333333334, 1, 0.13020833333333334, 0, 0., 0, 0., 2, 0.2604166666666667, 0, 0., 0, 0., 0, 0., 0, 0., 0, 0., 0, 0., 0, 0., 0, 0., 0, 0., 0, 0., 0, 0., 0, 0., 0, 0., 0, 0., 0, 0., 0, 0., 0, 0., 332, 43.229166666666664, 158, 20.572916666666668, 0, 0., 4, 0.5208333333333334, 0, 0., 0, 0., 0, 0., 430, 403, 833, 768, 0.921968787515006
, generated\gt\sample_000162.krn, generated\xml_trimmed_homr\sample_000162.xml, 0, 0., 349, 81.92488262910798, 0, 0., 2, 0.4694835680751174, 1, 0.2347417840375587, 2, 0.4694835680751174, 0, 0., 0, 0., 3, 0.704225352112676, 1, 0.2347417840375587, 0, 0., 3, 0.704225352112676, 0, 0., 1, 0.2347417840375587, 1, 0.2347417840375587, 0, 0., 0, 0., 0, 0., 0, 0., 0, 0., 0, 0., 0, 0., 5, 1.1737089201877935, 0, 0., 0, 0., 0, 0., 0, 0., 0, 0., 0, 0., 0, 0., 0, 0., 0, 0., 0, 0., 54, 12.67605633802817, 0, 0., 4, 0.9389671361502347, 0, 0., 0, 0., 0, 0., 261, 201, 462, 426, 0.922077922077922
, generated\gt\sample_000066.krn, generated\xml_trimmed_homr\sample_000066.xml, 0, 0., 216, 32.38380809595203, 0, 0., 8, 1.199400299850075, 0, 0., 0, 0., 0, 0., 0, 0., 0, 0., 0, 0., 2, 0.29985007496251875, 0, 0., 0, 0., 2, 0.29985007496251875, 0, 0., 3, 0.4497751124437781, 0, 0., 1, 0.14992503748125938, 0, 0., 0, 0., 0, 0., 0, 0., 4, 0.5997001499250375, 0, 0., 0, 0., 0, 0., 0, 0., 0, 0., 0, 0., 0, 0., 0, 0., 0, 0., 230, 34.48275862068966, 197, 29.535232383808097, 0, 0., 4, 0.5997001499250375, 0, 0., 0, 0., 0, 0., 374, 345, 719, 667, 0.9276773296244785
, generated\gt\sample_000587.krn, generated\xml_trimmed_homr\sample_000587.xml, 0, 0., 448, 61.202185792349724, 0, 0., 7, 0.9562841530054644, 0, 0., 11, 1.5027322404371584, 1, 0.1366120218579235, 0, 0., 0, 0., 0, 0., 0, 0., 0, 0., 0, 0., 1, 0.1366120218579235, 2, 0.273224043715847, 0, 0., 0, 0., 0, 0., 0, 0., 0, 0., 0, 0., 0, 0., 0, 0., 0, 0., 0, 0., 0, 0., 0, 0., 0, 0., 0, 0., 0, 0., 0, 0., 0, 0., 0, 0., 258, 35.24590163934426, 0, 0., 4, 0.546448087431694, 0, 0., 0, 0., 0, 0., 484, 302, 786, 732, 0.9312977099236641
, generated\gt\sample_000098.krn, generated\xml_trimmed_homr\sample_000098.xml, 0, 0., 274, 62.131519274376416, 0, 0., 4, 0.9070294784580499, 0, 0., 8, 1.8140589569160999, 0, 0., 0, 0., 0, 0., 0, 0., 0, 0., 0, 0., 0, 0., 1, 0.22675736961451248, 2, 0.45351473922902497, 0, 0., 0, 0., 0, 0., 0, 0., 0, 0., 0, 0., 0, 0., 0, 0., 0, 0., 0, 0., 0, 0., 0, 0., 0, 0., 0, 0., 0, 0., 0, 0., 0, 0., 0, 0., 148, 33.560090702947846, 0, 0., 4, 0.9070294784580499, 0, 0., 0, 0., 0, 0., 291, 182, 473, 441, 0.9323467230443975
, generated\gt\sample_000618.krn, generated\xml_trimmed_homr\sample_000618.xml, 0, 0., 343, 72.97872340425532, 0, 0., 0, 0., 0, 0., 10, 2.127659574468085, 0, 0., 0, 0., 0, 0., 0, 0., 0, 0., 0, 0., 0, 0., 1, 0.2127659574468085, 2, 0.425531914893617, 0, 0., 0, 0., 0, 0., 0, 0., 0, 0., 0, 0., 0, 0., 3, 0.6382978723404256, 0, 0., 0, 0., 0, 0., 0, 0., 0, 0., 0, 0., 0, 0., 0, 0., 0, 0., 0, 0., 107, 22.76595744680851, 0, 0., 4, 0.851063829787234, 0, 0., 0, 0., 0, 0., 322, 182, 504, 470, 0.9325396825396826
, generated\gt\sample_000391.krn, generated\xml_trimmed_homr\sample_000391.xml, 0, 0., 414, 71.01200686106347, 0, 0., 4, 0.6861063464837049, 0, 0., 10, 1.7152658662092624, 0, 0., 0, 0., 0, 0., 0, 0., 0, 0., 0, 0., 0, 0., 1, 0.17152658662092624, 2, 0.34305317324185247, 0, 0., 0, 0., 0, 0., 0, 0., 0, 0., 0, 0., 0, 0., 0, 0., 0, 0., 0, 0., 0, 0., 0, 0., 0, 0., 0, 0., 0, 0., 0, 0., 0, 0., 0, 0., 148, 25.385934819897084, 0, 0., 4, 0.6861063464837049, 0, 0., 0, 0., 0, 0., 390, 233, 623, 583, 0.9357945425361156
, generated\gt\sample_000684.krn, generated\xml_trimmed_homr\sample_000684.xml, 0, 0., 207, 41.64989939637827, 0, 0., 2, 0.4024144869215292, 0, 0., 0, 0., 0, 0., 0, 0., 0, 0., 0, 0., 1, 0.2012072434607646, 0, 0., 0, 0., 5, 1.0060362173038229, 2, 0.4024144869215292, 0, 0., 0, 0., 0, 0., 0, 0., 0, 0., 0, 0., 0, 0., 2, 0.4024144869215292, 0, 0., 0, 0., 0, 0., 0, 0., 0, 0., 0, 0., 0, 0., 0, 0., 0, 0., 0, 0., 274, 55.1307847082495, 0, 0., 4, 0.8048289738430584, 0, 0., 0, 0., 0, 0., 315, 215, 530, 497, 0.9377358490566038
, generated\gt\sample_000538.krn, generated\xml_trimmed_homr\sample_000538.xml, 0, 0., 58, 11.262135922330097, 2, 0.3883495145631068, 0, 0., 0, 0., 0, 0., 1, 0.1941747572815534, 0, 0., 0, 0., 0, 0., 0, 0., 0, 0., 0, 0., 0, 0., 2, 0.3883495145631068, 1, 0.1941747572815534, 0, 0., 1, 0.1941747572815534, 0, 0., 0, 0., 0, 0., 0, 0., 0, 0., 0, 0., 0, 0., 0, 0., 0, 0., 0, 0., 0, 0., 0, 0., 0, 0., 0, 0., 328, 63.689320388349515, 118, 22.9126213592233, 0, 0., 4, 0.7766990291262136, 0, 0., 0, 0., 0, 0., 318, 231, 549, 515, 0.9380692167577414
, generated\gt\sample_000263.krn, generated\xml_trimmed_homr\sample_000263.xml, 0, 0., 192, 47.524752475247524, 2, 0.49504950495049505, 0, 0., 1, 0.24752475247524752, 0, 0., 0, 0., 0, 0., 0, 0., 0, 0., 0, 0., 0, 0., 0, 0., 1, 0.24752475247524752, 4, 0.9900990099009901, 0, 0., 0, 0., 0, 0., 0, 0., 0, 0., 0, 0., 0, 0., 0, 0., 0, 0., 0, 0., 0, 0., 0, 0., 0, 0., 0, 0., 0, 0., 0, 0., 0, 0., 0, 0., 200, 49.504950495049506, 0, 0., 4, 0.9900990099009901, 0, 0., 0, 0., 0, 0., 221, 209, 430, 404, 0.9395348837209302
, generated\gt\sample_000646.krn, generated\xml_trimmed_homr\sample_000646.xml, 0, 0., 356, 67.296786389414, 4, 0.7561436672967864, 4, 0.7561436672967864, 0, 0., 4, 0.7561436672967864, 0, 0., 0, 0., 0, 0., 0, 0., 0, 0., 0, 0., 0, 0., 2, 0.3780718336483932, 2, 0.3780718336483932, 0, 0., 0, 0., 0, 0., 0, 0., 0, 0., 0, 0., 0, 0., 2, 0.3780718336483932, 0, 0., 0, 0., 0, 0., 0, 0., 0, 0., 0, 0., 0, 0., 0, 0., 0, 0., 0, 0., 151, 28.544423440453688, 0, 0., 4, 0.7561436672967864, 0, 0., 0, 0., 0, 0., 246, 317, 563, 529, 0.9396092362344582
, generated\gt\sample_000433.krn, generated\xml_trimmed_homr\sample_000433.xml, 0, 0., 286, 63.839285714285715, 0, 0., 1, 0.22321428571428573, 0, 0., 2, 0.44642857142857145, 5, 1.1160714285714286, 0, 0., 0, 0., 2, 0.44642857142857145, 0, 0., 0, 0., 0, 0., 1, 0.22321428571428573, 1, 0.22321428571428573, 0, 0., 0, 0., 0, 0., 0, 0., 0, 0., 0, 0., 0, 0., 0, 0., 0, 0., 0, 0., 0, 0., 0, 0., 0, 0., 0, 0., 0, 0., 0, 0., 0, 0., 0, 0., 146, 32.589285714285715, 0, 0., 4, 0.8928571428571429, 0, 0., 0, 0., 0, 0., 301, 174, 475, 448, 0.9431578947368421
, generated\gt\sample_000197.krn, generated\xml_trimmed_homr\sample_000197.xml, 0, 0., 738, 65.42553191489361, 0, 0., 12, 1.0638297872340425, 0, 0., 24, 2.127659574468085, 2, 0.1773049645390071, 0, 0., 0, 0., 0, 0., 0, 0., 0, 0., 0, 0., 1, 0.08865248226950355, 2, 0.1773049645390071, 0, 0., 0, 0., 0, 0., 0, 0., 0, 0., 0, 0., 0, 0., 0, 0., 0, 0., 0, 0., 0, 0., 0, 0., 0, 0., 0, 0., 0, 0., 0, 0., 0, 0., 0, 0., 345, 30.585106382978722, 0, 0., 4, 0.3546099290780142, 0, 0., 0, 0., 0, 0., 721, 473, 1194, 1128, 0.9447236180904522
, generated\gt\sample_000371.krn, generated\xml_trimmed_homr\sample_000371.xml, 0, 0., 10, 1.876172607879925, 0, 0., 3, 0.5628517823639775, 0, 0., 0, 0., 2, 0.37523452157598497, 0, 0., 0, 0., 0, 0., 1, 0.18761726078799248, 0, 0., 0, 0., 1, 0.18761726078799248, 2, 0.37523452157598497, 0, 0., 0, 0., 0, 0., 0, 0., 0, 0., 0, 0., 0, 0., 1, 0.18761726078799248, 0, 0., 0, 0., 0, 0., 0, 0., 0, 0., 0, 0., 0, 0., 0, 0., 0, 0., 360, 67.54221388367729, 149, 27.954971857410882, 0, 0., 4, 0.7504690431519699, 0, 0., 0, 0., 0, 0., 308, 256, 564, 533, 0.9450354609929078
, generated\gt\sample_000043.krn, generated\xml_trimmed_homr\sample_000043.xml, 0, 0., 111, 46.058091286307054, 4, 1.6597510373443984, 3, 1.2448132780082988, 0, 0., 0, 0., 1, 0.4149377593360996, 0, 0., 0, 0., 0, 0., 1, 0.4149377593360996, 0, 0., 0, 0., 1, 0.4149377593360996, 2, 0.8298755186721992, 0, 0., 0, 0., 0, 0., 0, 0., 0, 0., 0, 0., 0, 0., 1, 0.4149377593360996, 0, 0., 0, 0., 0, 0., 0, 0., 0, 0., 0, 0., 0, 0., 0, 0., 0, 0., 42, 17.42738589211618, 71, 29.46058091286307, 0, 0., 4, 1.6597510373443984, 0, 0., 0, 0., 0, 0., 129, 126, 255, 241, 0.9450980392156862
, generated\gt\sample_000431.krn, generated\xml_trimmed_homr\sample_000431.xml, 0, 0., 402, 60.816944024205746, 0, 0., 0, 0., 0, 0., 0, 0., 2, 0.30257186081694404, 0, 0., 0, 0., 4, 0.6051437216338881, 0, 0., 0, 0., 0, 0., 1, 0.15128593040847202, 1, 0.15128593040847202, 0, 0., 0, 0., 0, 0., 0, 0., 0, 0., 0, 0., 0, 0., 2, 0.30257186081694404, 0, 0., 0, 0., 0, 0., 0, 0., 0, 0., 0, 0., 0, 0., 0, 0., 0, 0., 0, 0., 245, 37.065052950075646, 0, 0., 4, 0.6051437216338881, 0, 0., 0, 0., 0, 0., 429, 270, 699, 661, 0.9456366237482118
, generated\gt\sample_000135.krn, generated\xml_trimmed_homr\sample_000135.xml, 0, 0., 146, 32.80898876404494, 0, 0., 3, 0.6741573033707865, 0, 0., 0, 0., 0, 0., 0, 0., 0, 0., 0, 0., 0, 0., 0, 0., 0, 0., 1, 0.2247191011235955, 2, 0.449438202247191, 0, 0., 0, 0., 0, 0., 0, 0., 0, 0., 0, 0., 0, 0., 4, 0.898876404494382, 0, 0., 0, 0., 0, 0., 0, 0., 0, 0., 0, 0., 0, 0., 0, 0., 0, 0., 137, 30.786516853932586, 148, 33.258426966292134, 0, 0., 4, 0.898876404494382, 0, 0., 0, 0., 0, 0., 234, 236, 470, 445, 0.9468085106382979
, generated\gt\sample_000600.krn, generated\xml_trimmed_homr\sample_000600.xml, 0, 0., 118, 47.01195219123506, 0, 0., 1, 0.398406374501992, 0, 0., 0, 0., 1, 0.398406374501992, 0, 0., 0, 0., 0, 0., 0, 0., 0, 0., 0, 0., 1, 0.398406374501992, 2, 0.796812749003984, 0, 0., 0, 0., 0, 0., 0, 0., 0, 0., 0, 0., 0, 0., 0, 0., 0, 0., 0, 0., 0, 0., 0, 0., 0, 0., 0, 0., 0, 0., 0, 0., 0, 0., 61, 24.302788844621514, 63, 25.099601593625497, 0, 0., 4, 1.593625498007968, 0, 0., 0, 0., 0, 0., 143, 122, 265, 251, 0.9471698113207547
, generated\gt\sample_000490.krn, generated\xml_trimmed_homr\sample_000490.xml, 0, 0., 543, 79.27007299270073, 0, 0., 8, 1.167883211678832, 0, 0., 8, 1.167883211678832, 0, 0., 0, 0., 0, 0., 0, 0., 1, 0.145985401459854, 0, 0., 0, 0., 1, 0.145985401459854, 2, 0.291970802919708, 0, 0., 0, 0., 0, 0., 0, 0., 0, 0., 0, 0., 0, 0., 5, 0.7299270072992701, 0, 0., 0, 0., 0, 0., 0, 0., 0, 0., 0, 0., 0, 0., 0, 0., 0, 0., 0, 0., 113, 16.496350364963504, 0, 0., 4, 0.583941605839416, 0, 0., 0, 0., 0, 0., 428, 295, 723, 685, 0.9474412171507607
, generated\gt\sample_000541.krn, generated\xml_trimmed_homr\sample_000541.xml, 0, 0., 183, 32.62032085561497, 0, 0., 8, 1.4260249554367201, 0, 0., 0, 0., 0, 0., 0, 0., 0, 0., 0, 0., 0, 0., 0, 0., 0, 0., 2, 0.35650623885918004, 0, 0., 0, 0., 0, 0., 2, 0.35650623885918004, 0, 0., 0, 0., 0, 0., 0, 0., 0, 0., 0, 0., 0, 0., 0, 0., 0, 0., 0, 0., 0, 0., 0, 0., 0, 0., 0, 0., 210, 37.4331550802139, 152, 27.094474153297682, 0, 0., 4, 0.7130124777183601, 0, 0., 0, 0., 0, 0., 281, 311, 592, 561, 0.9476351351351351
, generated\gt\sample_000586.krn, generated\xml_trimmed_homr\sample_000586.xml, 0, 0., 410, 56.629834254143645, 0, 0., 6, 0.8287292817679558, 0, 0., 6, 0.8287292817679558, 0, 0., 0, 0., 0, 0., 0, 0., 2, 0.27624309392265195, 0, 0., 0, 0., 1, 0.13812154696132597, 2, 0.27624309392265195, 0, 0., 0, 0., 0, 0., 0, 0., 0, 0., 0, 0., 0, 0., 4, 0.5524861878453039, 0, 0., 0, 0., 0, 0., 0, 0., 0, 0., 0, 0., 0, 0., 0, 0., 0, 0., 0, 0., 289, 39.9171270718232, 0, 0., 4, 0.5524861878453039, 0, 0., 0, 0., 0, 0., 466, 298, 764, 724, 0.9476439790575916
, generated\gt\sample_000489.krn, generated\xml_trimmed_homr\sample_000489.xml, 0, 0., 423, 57.00808625336927, 0, 0., 8, 1.0781671159029649, 0, 0., 8, 1.0781671159029649, 0, 0., 0, 0., 0, 0., 0, 0., 0, 0., 0, 0., 0, 0., 1, 0.1347708894878706, 2, 0.2695417789757412, 0, 0., 0, 0., 0, 0., 0, 0., 0, 0., 0, 0., 0, 0., 1, 0.1347708894878706, 0, 0., 0, 0., 0, 0., 0, 0., 0, 0., 0, 0., 0, 0., 0, 0., 0, 0., 150, 20.21563342318059, 145, 19.54177897574124, 0, 0., 4, 0.5390835579514824, 0, 0., 0, 0., 0, 0., 447, 335, 782, 742, 0.948849104859335
, generated\gt\sample_000410.krn, generated\xml_trimmed_homr\sample_000410.xml, 0, 0., 203, 34.060402684563755, 0, 0., 5, 0.8389261744966443, 0, 0., 0, 0., 4, 0.6711409395973155, 0, 0., 0, 0., 0, 0., 5, 0.8389261744966443, 0, 0., 0, 0., 1, 0.16778523489932887, 2, 0.33557046979865773, 0, 0., 0, 0., 0, 0., 0, 0., 0, 0., 0, 0., 0, 0., 0, 0., 0, 0., 0, 0., 0, 0., 0, 0., 0, 0., 0, 0., 0, 0., 0, 0., 0, 0., 75, 12.583892617449665, 297, 49.83221476510067, 0, 0., 4, 0.6711409395973155, 0, 0., 0, 0., 0, 0., 330, 298, 628, 596, 0.9490445859872612
, generated\gt\sample_000626.krn, generated\xml_trimmed_homr\sample_000626.xml, 0, 0., 467, 40.18932874354561, 0, 0., 7, 0.6024096385542169, 0, 0., 0, 0., 0, 0., 0, 0., 0, 0., 0, 0., 0, 0., 0, 0., 0, 0., 1, 0.08605851979345955, 4, 0.3442340791738382, 0, 0., 0, 0., 0, 0., 0, 0., 0, 0., 0, 0., 0, 0., 3, 0.25817555938037867, 0, 0., 0, 0., 0, 0., 0, 0., 0, 0., 0, 0., 0, 0., 0, 0., 0, 0., 522, 44.922547332185886, 154, 13.25301204819277, 0, 0., 4, 0.3442340791738382, 0, 0., 0, 0., 0, 0., 615, 609, 1224, 1162, 0.9493464052287581
, generated\gt\sample_000300.krn, generated\xml_trimmed_homr\sample_000300.xml, 0, 0., 254, 36.38968481375358, 2, 0.28653295128939826, 2, 0.28653295128939826, 0, 0., 0, 0., 0, 0., 0, 0., 0, 0., 0, 0., 6, 0.8595988538681948, 0, 0., 0, 0., 1, 0.14326647564469913, 4, 0.5730659025787965, 1, 0.14326647564469913, 0, 0., 1, 0.14326647564469913, 0, 0., 0, 0., 0, 0., 0, 0., 0, 0., 0, 0., 0, 0., 0, 0., 0, 0., 0, 0., 0, 0., 0, 0., 0, 0., 0, 0., 267, 38.25214899713467, 156, 22.349570200573066, 0, 0., 4, 0.5730659025787965, 0, 0., 0, 0., 0, 0., 330, 404, 734, 698, 0.9509536784741145
, generated\gt\sample_000564.krn, generated\xml_trimmed_homr\sample_000564.xml, 0, 0., 194, 37.16475095785441, 0, 0., 6, 1.1494252873563218, 0, 0., 0, 0., 0, 0., 0, 0., 0, 0., 0, 0., 0, 0., 0, 0., 0, 0., 0, 0., 2, 0.3831417624521073, 0, 0., 0, 0., 0, 0., 0, 0., 0, 0., 0, 0., 0, 0., 4, 0.7662835249042146, 0, 0., 0, 0., 0, 0., 0, 0., 0, 0., 0, 0., 0, 0., 0, 0., 0, 0., 222, 42.52873563218391, 90, 17.24137931034483, 0, 0., 4, 0.7662835249042146, 0, 0., 0, 0., 0, 0., 292, 256, 548, 522, 0.9525547445255474
, generated\gt\sample_000681.krn, generated\xml_trimmed_homr\sample_000681.xml, 0, 0., 234, 46.98795180722892, 0, 0., 2, 0.40160642570281124, 0, 0., 0, 0., 2, 0.40160642570281124, 0, 0., 0, 0., 0, 0., 1, 0.20080321285140562, 0, 0., 0, 0., 1, 0.20080321285140562, 2, 0.40160642570281124, 0, 0., 0, 0., 0, 0., 0, 0., 0, 0., 0, 0., 0, 0., 5, 1.0040160642570282, 0, 0., 0, 0., 0, 0., 0, 0., 0, 0., 0, 0., 0, 0., 0, 0., 0, 0., 78, 15.662650602409638, 169, 33.93574297188755, 0, 0., 4, 0.8032128514056225, 0, 0., 0, 0., 0, 0., 256, 266, 522, 498, 0.9540229885057471
, generated\gt\sample_000299.krn, generated\xml_trimmed_homr\sample_000299.xml, 0, 0., 153, 25.542570951585976, 0, 0., 1, 0.1669449081803005, 0, 0., 0, 0., 0, 0., 0, 0., 0, 0., 0, 0., 0, 0., 0, 0., 0, 0., 1, 0.1669449081803005, 2, 0.333889816360601, 2, 0.333889816360601, 0, 0., 0, 0., 0, 0., 0, 0., 0, 0., 0, 0., 0, 0., 0, 0., 0, 0., 0, 0., 0, 0., 0, 0., 0, 0., 0, 0., 0, 0., 0, 0., 265, 44.24040066777963, 171, 28.547579298831387, 0, 0., 4, 0.667779632721202, 0, 0., 0, 0., 0, 0., 366, 259, 625, 599, 0.9584
, generated\gt\sample_000491.krn, generated\xml_trimmed_homr\sample_000491.xml, 0, 0., 432, 57.9088471849866, 0, 0., 6, 0.8042895442359249, 0, 0., 6, 0.8042895442359249, 0, 0., 0, 0., 0, 0., 0, 0., 0, 0., 0, 0., 0, 0., 0, 0., 2, 0.2680965147453083, 0, 0., 0, 0., 0, 0., 0, 0., 0, 0., 0, 0., 0, 0., 0, 0., 0, 0., 0, 0., 0, 0., 0, 0., 0, 0., 0, 0., 0, 0., 0, 0., 0, 0., 151, 20.241286863270776, 145, 19.43699731903485, 0, 0., 4, 0.5361930294906166, 0, 0., 0, 0., 0, 0., 446, 332, 778, 746, 0.9588688946015425
, generated\gt\sample_000409.krn, generated\xml_trimmed_homr\sample_000409.xml, 0, 0., 310, 61.26482213438735, 2, 0.3952569169960474, 3, 0.5928853754940712, 0, 0., 2, 0.3952569169960474, 0, 0., 0, 0., 0, 0., 0, 0., 0, 0., 0, 0., 0, 0., 3, 0.5928853754940712, 2, 0.3952569169960474, 0, 0., 0, 0., 0, 0., 0, 0., 0, 0., 0, 0., 0, 0., 0, 0., 0, 0., 0, 0., 0, 0., 0, 0., 0, 0., 0, 0., 0, 0., 0, 0., 0, 0., 147, 29.051383399209485, 33, 6.521739130434782, 0, 0., 4, 0.7905138339920948, 0, 0., 0, 0., 0, 0., 312, 215, 527, 506, 0.9601518026565465
, generated\gt\sample_000611.krn, generated\xml_trimmed_homr\sample_000611.xml, 0, 0., 99, 27.197802197802197, 0, 0., 1, 0.27472527472527475, 0, 0., 0, 0., 0, 0., 0, 0., 0, 0., 0, 0., 1, 0.27472527472527475, 0, 0., 0, 0., 0, 0., 0, 0., 0, 0., 0, 0., 0, 0., 0, 0., 0, 0., 0, 0., 0, 0., 1, 0.27472527472527475, 0, 0., 0, 0., 0, 0., 0, 0., 0, 0., 0, 0., 0, 0., 0, 0., 0, 0., 166, 45.604395604395606, 92, 25.274725274725274, 0, 0., 4, 1.098901098901099, 0, 0., 0, 0., 0, 0., 194, 185, 379, 364, 0.9604221635883905
, generated\gt\sample_000508.krn, generated\xml_trimmed_homr\sample_000508.xml, 0, 0., 50, 8.143322475570033, 0, 0., 0, 0., 0, 0., 0, 0., 0, 0., 0, 0., 0, 0., 0, 0., 0, 0., 0, 0., 0, 0., 4, 0.6514657980456026, 4, 0.6514657980456026, 2, 0.3257328990228013, 0, 0., 0, 0., 0, 0., 0, 0., 0, 0., 0, 0., 0, 0., 0, 0., 0, 0., 0, 0., 0, 0., 0, 0., 0, 0., 0, 0., 0, 0., 0, 0., 378, 61.56351791530945, 172, 28.01302931596091, 0, 0., 4, 0.6514657980456026, 0, 0., 0, 0., 0, 0., 365, 273, 638, 614, 0.9623824451410659
, generated\gt\sample_000297.krn, generated\xml_trimmed_homr\sample_000297.xml, 0, 0., 59, 13.947990543735225, 0, 0., 3, 0.7092198581560284, 0, 0., 0, 0., 0, 0., 0, 0., 0, 0., 0, 0., 0, 0., 0, 0., 0, 0., 3, 0.7092198581560284, 4, 0.9456264775413712, 0, 0., 0, 0., 0, 0., 0, 0., 0, 0., 0, 0., 0, 0., 0, 0., 0, 0., 0, 0., 0, 0., 0, 0., 0, 0., 0, 0., 0, 0., 0, 0., 0, 0., 250, 59.1016548463357, 100, 23.64066193853428, 0, 0., 4, 0.9456264775413712, 0, 0., 0, 0., 0, 0., 198, 241, 439, 423, 0.9635535307517085
, generated\gt\sample_000492.krn, generated\xml_trimmed_homr\sample_000492.xml, 0, 0., 279, 40.08620689655172, 0, 0., 4, 0.5747126436781609, 0, 0., 4, 0.5747126436781609, 0, 0., 0, 0., 0, 0., 0, 0., 0, 0., 0, 0., 0, 0., 1, 0.14367816091954022, 2, 0.28735632183908044, 0, 0., 0, 0., 0, 0., 0, 0., 0, 0., 0, 0., 0, 0., 0, 0., 0, 0., 0, 0., 0, 0., 0, 0., 0, 0., 0, 0., 0, 0., 0, 0., 0, 0., 288, 41.37931034482759, 114, 16.379310344827587, 0, 0., 4, 0.5747126436781609, 0, 0., 0, 0., 0, 0., 415, 307, 722, 696, 0.96398891966759
, generated\gt\sample_000298.krn, generated\xml_trimmed_homr\sample_000298.xml, 0, 0., 108, 27.1356783919598, 0, 0., 2, 0.5025125628140703, 0, 0., 0, 0., 0, 0., 0, 0., 0, 0., 0, 0., 1, 0.25125628140703515, 0, 0., 0, 0., 2, 0.5025125628140703, 4, 1.0050251256281406, 1, 0.25125628140703515, 0, 0., 0, 0., 0, 0., 0, 0., 0, 0., 0, 0., 0, 0., 0, 0., 0, 0., 0, 0., 0, 0., 0, 0., 0, 0., 0, 0., 0, 0., 0, 0., 164, 41.20603015075377, 112, 28.14070351758794, 0, 0., 4, 1.0050251256281406, 0, 0., 0, 0., 0, 0., 245, 167, 412, 398, 0.9660194174757282
, generated\gt\sample_000201.krn, generated\xml_trimmed_homr\sample_000201.xml, 0, 0., 632, 81.44329896907216, 0, 0., 7, 0.9020618556701031, 0, 0., 6, 0.7731958762886598, 1, 0.12886597938144329, 0, 0., 0, 0., 0, 0., 0, 0., 1, 0.12886597938144329, 0, 0., 1, 0.12886597938144329, 2, 0.25773195876288657, 0, 0., 0, 0., 0, 0., 0, 0., 0, 0., 0, 0., 0, 0., 6, 0.7731958762886598, 0, 0., 0, 0., 0, 0., 0, 0., 0, 0., 0, 0., 0, 0., 0, 0., 0, 0., 0, 0., 116, 14.948453608247423, 0, 0., 4, 0.5154639175257731, 0, 0., 0, 0., 0, 0., 448, 355, 803, 776, 0.9663760896637609
, generated\gt\sample_000675.krn, generated\xml_trimmed_homr\sample_000675.xml, 0, 0., 611, 74.24058323207777, 0, 0., 0, 0., 0, 0., 0, 0., 1, 0.12150668286755771, 0, 0., 0, 0., 0, 0., 0, 0., 0, 0., 0, 0., 2, 0.24301336573511542, 2, 0.24301336573511542, 0, 0., 0, 0., 0, 0., 0, 0., 0, 0., 0, 0., 0, 0., 7, 0.850546780072904, 0, 0., 0, 0., 0, 0., 0, 0., 0, 0., 0, 0., 0, 0., 0, 0., 0, 0., 0, 0., 196, 23.815309842041312, 0, 0., 4, 0.48602673147023084, 0, 0., 0, 0., 0, 0., 557, 292, 849, 823, 0.9693757361601885
, generated\gt\sample_000338.krn, generated\xml_trimmed_homr\sample_000338.xml, 0, 0., 222, 37.56345177664975, 0, 0., 0, 0., 0, 0., 0, 0., 0, 0., 0, 0., 0, 0., 1, 0.1692047377326565, 0, 0., 1, 0.1692047377326565, 0, 0., 3, 0.5076142131979695, 2, 0.338409475465313, 0, 0., 0, 0., 0, 0., 0, 0., 0, 0., 0, 0., 0, 0., 1, 0.1692047377326565, 0, 0., 0, 0., 0, 0., 0, 0., 0, 0., 0, 0., 0, 0., 0, 0., 0, 0., 142, 24.027072758037225, 215, 36.37901861252115, 0, 0., 4, 0.676818950930626, 0, 0., 0, 0., 0, 0., 301, 308, 609, 591, 0.9704433497536946
, generated\gt\sample_000604.krn, generated\xml_trimmed_homr\sample_000604.xml, 0, 0., 233, 41.3854351687389, 0, 0., 2, 0.3552397868561279, 0, 0., 0, 0., 0, 0., 0, 0., 0, 0., 0, 0., 0, 0., 0, 0., 0, 0., 1, 0.17761989342806395, 2, 0.3552397868561279, 0, 0., 0, 0., 0, 0., 0, 0., 0, 0., 0, 0., 0, 0., 0, 0., 0, 0., 0, 0., 0, 0., 0, 0., 0, 0., 0, 0., 0, 0., 0, 0., 0, 0., 202, 35.879218472468914, 119, 21.136767317939608, 0, 0., 4, 0.7104795737122558, 0, 0., 0, 0., 0, 0., 233, 344, 577, 563, 0.975736568457539
, generated\gt\sample_000074.krn, generated\xml_trimmed_homr\sample_000074.xml, 0, 0., 162, 35.526315789473685, 0, 0., 2, 0.43859649122807015, 0, 0., 0, 0., 0, 0., 0, 0., 0, 0., 0, 0., 0, 0., 0, 0., 0, 0., 0, 0., 2, 0.43859649122807015, 0, 0., 0, 0., 0, 0., 0, 0., 0, 0., 0, 0., 0, 0., 1, 0.21929824561403508, 0, 0., 0, 0., 0, 0., 0, 0., 0, 0., 0, 0., 0, 0., 0, 0., 0, 0., 88, 19.29824561403509, 197, 43.20175438596491, 0, 0., 4, 0.8771929824561403, 0, 0., 0, 0., 0, 0., 239, 227, 466, 456, 0.9785407725321889
, generated\gt\sample_000362.krn, generated\xml_trimmed_homr\sample_000362.xml, 0, 0., 50, 7.564296520423601, 0, 0., 0, 0., 0, 0., 0, 0., 0, 0., 0, 0., 0, 0., 0, 0., 0, 0., 0, 0., 0, 0., 1, 0.15128593040847202, 0, 0., 0, 0., 0, 0., 0, 0., 0, 0., 0, 0., 0, 0., 0, 0., 0, 0., 0, 0., 0, 0., 0, 0., 0, 0., 0, 0., 0, 0., 0, 0., 0, 0., 0, 0., 283, 42.81391830559758, 323, 48.86535552193646, 0, 0., 4, 0.6051437216338881, 0, 0., 0, 0., 0, 0., 344, 331, 675, 661, 0.9792592592592593
, generated\gt\sample_000264.krn, generated\xml_trimmed_homr\sample_000264.xml, 0, 0., 386, 95.78163771712158, 0, 0., 0, 0., 0, 0., 0, 0., 0, 0., 0, 0., 0, 0., 0, 0., 0, 0., 0, 0., 0, 0., 0, 0., 3, 0.7444168734491315, 0, 0., 0, 0., 0, 0., 0, 0., 0, 0., 0, 0., 0, 0., 4, 0.9925558312655087, 0, 0., 0, 0., 0, 0., 0, 0., 0, 0., 0, 0., 0, 0., 0, 0., 0, 0., 0, 0., 6, 1.488833746898263, 0, 0., 4, 0.9925558312655087, 0, 0., 0, 0., 0, 0., 237, 170, 407, 403, 0.9901719901719902
Total:, , , 0, 0., 91382, 44.698251826924015, 174, 0.08510971326831082, 20342, 9.950010271861947, 81, 0.03962003893524814, 545, 0.2665792743174103, 2034, 0.9949031999295643, 0, 0., 144, 0.07043562477377446, 476, 0.23282887077997672, 857, 0.4191897946605883, 267, 0.1305993876013735, 0, 0., 846, 0.413809295545925, 1115, 0.545386955713601, 97, 0.04744621946566752, 0, 0., 226, 0.11054479999217381, 0, 0., 0, 0., 0, 0., 0, 0., 2356, 1.1524050831042545, 0, 0., 4, 0.0019565451326048464, 16, 0.007826180530419386, 0, 0., 0, 0., 0, 0., 0, 0., 0, 0., 0, 0., 15470, 7.566938300349244, 65746, 32.15875407205956, 0, 0., 2264, 1.107404545054343, 0, 0., 0, 0., 0, 0., 173376, 158048, 331424, 204442, 0.6168593704740755
, gtpath, predpath, bad kern syntax OMR-ED, bad kern syntax % contribution to OMR-NED, wrong note OMR-ED, wrong note % contribution to OMR-NED, wrong note head OMR-ED, wrong note head % contribution to OMR-NED, wrong flag/beam OMR-ED, wrong flag/beam % contribution to OMR-NED, wrong dot OMR-ED, wrong dot % contribution to OMR-NED, wrong tuplet OMR-ED, wrong tuplet % contribution to OMR-NED, wrong accidental OMR-ED, wrong accidental % contribution to OMR-NED, wrong note stem OMR-ED, wrong note stem % contribution to OMR-NED, wrong graceness OMR-ED, wrong graceness % contribution to OMR-NED, wrong tie OMR-ED, wrong tie % contribution to OMR-NED, wrong articulation OMR-ED, wrong articulation % contribution to OMR-NED, wrong ornament OMR-ED, wrong ornament % contribution to OMR-NED, wrong lyric OMR-ED, wrong lyric % contribution to OMR-NED, wrong clef OMR-ED, wrong clef % contribution to OMR-NED, wrong timesig OMR-ED, wrong timesig % contribution to OMR-NED, wrong keysig OMR-ED, wrong keysig % contribution to OMR-NED, wrong tempo OMR-ED, wrong tempo % contribution to OMR-NED, wrong barline OMR-ED, wrong barline % contribution to OMR-NED, wrong direction OMR-ED, wrong direction % contribution to OMR-NED, wrong dynamic OMR-ED, wrong dynamic % contribution to OMR-NED, wrong crescendo OMR-ED, wrong crescendo % contribution to OMR-NED, wrong diminuendo OMR-ED, wrong diminuendo % contribution to OMR-NED, wrong slur OMR-ED, wrong slur % contribution to OMR-NED, wrong ottava OMR-ED, wrong ottava % contribution to OMR-NED, wrong multi-staff arpeggio OMR-ED, wrong multi-staff arpeggio % contribution to OMR-NED, wrong fingered tremolo OMR-ED, wrong fingered tremolo % contribution to OMR-NED, wrong chord symbol OMR-ED, wrong chord symbol % contribution to OMR-NED, wrong ending OMR-ED, wrong ending % contribution to OMR-NED, wrong staff info OMR-ED, wrong staff info % contribution to OMR-NED, wrong system break OMR-ED, wrong system break % contribution to OMR-NED, wrong page break OMR-ED, wrong page break % contribution to OMR-NED, wrong other object OMR-ED, wrong other object % contribution to OMR-NED, entire measure insert/delete OMR-ED, entire measure insert/delete % contribution to OMR-NED, entire staff insert/delete OMR-ED, entire staff insert/delete % contribution to OMR-NED, wrong metadata OMR-ED, wrong metadata % contribution to OMR-NED, wrong staff group OMR-ED, wrong staff group % contribution to OMR-NED, wrong staff group name/abbrev OMR-ED, wrong staff group name/abbrev % contribution to OMR-NED, wrong staff group brace OMR-ED, wrong staff group brace % contribution to OMR-NED, wrong staff group barline OMR-ED, wrong staff group barline % contribution to OMR-NED, gt numsyms, pred numsyms, total numsyms (in both scores), OMR-ED (OMR Edit Distance), OMR-NED (OMR-ED / total numsyms)
