, gtpath, predpath, bad kern syntax OMR-ED, bad kern syntax % contribution to OMR-NED, wrong note OMR-ED, wrong note % contribution to OMR-NED, wrong note head OMR-ED, wrong note head % contribution to OMR-NED, wrong flag/beam OMR-ED, wrong flag/beam % contribution to OMR-NED, wrong dot OMR-ED, wrong dot % contribution to OMR-NED, wrong tuplet OMR-ED, wrong tuplet % contribution to OMR-NED, wrong accidental OMR-ED, wrong accidental % contribution to OMR-NED, wrong note stem OMR-ED, wrong note stem % contribution to OMR-NED, wrong graceness OMR-ED, wrong graceness % contribution to OMR-NED, wrong tie OMR-ED, wrong tie % contribution to OMR-NED, wrong articulation OMR-ED, wrong articulation % contribution to OMR-NED, wrong ornament OMR-ED, wrong ornament % contribution to OMR-NED, wrong lyric OMR-ED, wrong lyric % contribution to OMR-NED, wrong clef OMR-ED, wrong clef % contribution to OMR-NED, wrong timesig OMR-ED, wrong timesig % contribution to OMR-NED, wrong keysig OMR-ED, wrong keysig % contribution to OMR-NED, wrong tempo OMR-ED, wrong tempo % contribution to OMR-NED, wrong barline OMR-ED, wrong barline % contribution to OMR-NED, wrong direction OMR-ED, wrong direction % contribution to OMR-NED, wrong dynamic OMR-ED, wrong dynamic % contribution to OMR-NED, wrong crescendo OMR-ED, wrong crescendo % contribution to OMR-NED, wrong diminuendo OMR-ED, wrong diminuendo % contribution to OMR-NED, wrong slur OMR-ED, wrong slur % contribution to OMR-NED, wrong ottava OMR-ED, wrong ottava % contribution to OMR-NED, wrong multi-staff arpeggio OMR-ED, wrong multi-staff arpeggio % contribution to OMR-NED, wrong fingered tremolo OMR-ED, wrong fingered tremolo % contribution to OMR-NED, wrong chord symbol OMR-ED, wrong chord symbol % contribution to OMR-NED, wrong ending OMR-ED, wrong ending % contribution to OMR-NED, wrong staff info OMR-ED, wrong staff info % contribution to OMR-NED, wrong system break OMR-ED, wrong system break % contribution to OMR-NED, wrong page break OMR-ED, wrong page break % contribution to OMR-NED, wrong other object OMR-ED, wrong other object % contribution to OMR-NED, entire measure insert/delete OMR-ED, entire measure insert/delete % contribution to OMR-NED, entire staff insert/delete OMR-ED, entire staff insert/delete % contribution to OMR-NED, wrong metadata OMR-ED, wrong metadata % contribution to OMR-NED, wrong staff group OMR-ED, wrong staff group % contribution to OMR-NED, wrong staff group name/abbrev OMR-ED, wrong staff group name/abbrev % contribution to OMR-NED, wrong staff group brace OMR-ED, wrong staff group brace % contribution to OMR-NED, wrong staff group barline OMR-ED, wrong staff group barline % contribution to OMR-NED, gt numsyms, pred numsyms, total numsyms (in both scores), OMR-ED (OMR Edit Distance), OMR-NED (OMR-ED / total numsyms)
, generated\gt\sample_000676.krn, generated\xml_trimmed_oemer\sample_000676.xml, 0, 0., 24, 24.742268041237114, 6, 6.185567010309279, 40, 41.23711340206186, 0, 0., 0, 0., 0, 0., 0, 0., 0, 0., 0, 0., 6, 6.185567010309279, 1, 1.0309278350515463, 0, 0., 0, 0., 4, 4.123711340206185, 0, 0., 0, 0., 0, 0., 0, 0., 0, 0., 0, 0., 0, 0., 11, 11.34020618556701, 0, 0., 0, 0., 0, 0., 0, 0., 0, 0., 0, 0., 0, 0., 0, 0., 0, 0., 0, 0., 0, 0., 0, 0., 0, 0., 5, 5.154639175257732, 0, 0., 0, 0., 213, 196, 409, 97, 0.2371638141809291
, generated\gt\sample_000344.krn, generated\xml_trimmed_oemer\sample_000344.xml, 0, 0., 0, 0., 16, 37.2093023255814, 7, 16.27906976744186, 0, 0., 0, 0., 0, 0., 0, 0., 0, 0., 0, 0., 14, 32.55813953488372, 0, 0., 0, 0., 0, 0., 2, 4.651162790697675, 0, 0., 0, 0., 4, 9.30232558139535, 0, 0., 0, 0., 0, 0., 0, 0., 0, 0., 0, 0., 0, 0., 0, 0., 0, 0., 0, 0., 0, 0., 0, 0., 0, 0., 0, 0., 0, 0., 0, 0., 0, 0., 0, 0., 0, 0., 0, 0., 0, 0., 101, 74, 175, 43, 0.24571428571428572
, generated\gt\sample_000112.krn, generated\xml_trimmed_oemer\sample_000112.xml, 0, 0., 41, 27.891156462585034, 8, 5.442176870748299, 48, 32.6530612244898, 2, 1.3605442176870748, 0, 0., 3, 2.0408163265306123, 0, 0., 0, 0., 0, 0., 32, 21.768707482993197, 0, 0., 0, 0., 4, 2.7210884353741496, 4, 2.7210884353741496, 0, 0., 0, 0., 0, 0., 0, 0., 0, 0., 0, 0., 0, 0., 0, 0., 0, 0., 0, 0., 0, 0., 0, 0., 0, 0., 0, 0., 0, 0., 0, 0., 0, 0., 0, 0., 0, 0., 0, 0., 0, 0., 5, 3.401360544217687, 0, 0., 0, 0., 311, 283, 594, 147, 0.2474747474747475
, generated\gt\sample_000283.krn, generated\xml_trimmed_oemer\sample_000283.xml, 0, 0., 4, 4.545454545454546, 4, 4.545454545454546, 40, 45.45454545454545, 1, 1.1363636363636365, 0, 0., 4, 4.545454545454546, 0, 0., 0, 0., 0, 0., 2, 2.272727272727273, 0, 0., 0, 0., 0, 0., 2, 2.272727272727273, 10, 11.363636363636363, 0, 0., 0, 0., 0, 0., 0, 0., 0, 0., 0, 0., 16, 18.181818181818183, 0, 0., 0, 0., 0, 0., 0, 0., 0, 0., 0, 0., 0, 0., 0, 0., 0, 0., 0, 0., 0, 0., 0, 0., 0, 0., 5, 5.681818181818182, 0, 0., 0, 0., 186, 168, 354, 88, 0.24858757062146894
, generated\gt\sample_000393.krn, generated\xml_trimmed_oemer\sample_000393.xml, 0, 0., 72, 64.86486486486487, 12, 10.81081081081081, 11, 9.90990990990991, 0, 0., 0, 0., 2, 1.8018018018018018, 0, 0., 0, 0., 0, 0., 0, 0., 1, 0.9009009009009009, 0, 0., 1, 0.9009009009009009, 4, 3.6036036036036037, 0, 0., 0, 0., 0, 0., 0, 0., 0, 0., 0, 0., 0, 0., 3, 2.7027027027027026, 0, 0., 0, 0., 0, 0., 0, 0., 0, 0., 0, 0., 0, 0., 0, 0., 0, 0., 0, 0., 0, 0., 0, 0., 0, 0., 5, 4.504504504504505, 0, 0., 0, 0., 223, 220, 443, 111, 0.2505643340857788
, generated\gt\sample_000130.krn, generated\xml_trimmed_oemer\sample_000130.xml, 0, 0., 23, 28.395061728395063, 14, 17.28395061728395, 34, 41.97530864197531, 1, 1.2345679012345678, 0, 0., 0, 0., 0, 0., 0, 0., 2, 2.4691358024691357, 0, 0., 0, 0., 0, 0., 2, 2.4691358024691357, 2, 2.4691358024691357, 0, 0., 0, 0., 0, 0., 0, 0., 0, 0., 0, 0., 0, 0., 3, 3.7037037037037037, 0, 0., 0, 0., 0, 0., 0, 0., 0, 0., 0, 0., 0, 0., 0, 0., 0, 0., 0, 0., 0, 0., 0, 0., 0, 0., 0, 0., 0, 0., 0, 0., 161, 147, 308, 81, 0.262987012987013
, generated\gt\sample_000078.krn, generated\xml_trimmed_oemer\sample_000078.xml, 0, 0., 12, 13.043478260869565, 0, 0., 0, 0., 0, 0., 0, 0., 0, 0., 0, 0., 0, 0., 0, 0., 0, 0., 0, 0., 0, 0., 1, 1.0869565217391304, 4, 4.3478260869565215, 12, 13.043478260869565, 0, 0., 0, 0., 0, 0., 0, 0., 0, 0., 0, 0., 0, 0., 0, 0., 0, 0., 0, 0., 0, 0., 0, 0., 0, 0., 0, 0., 0, 0., 0, 0., 58, 63.04347826086956, 0, 0., 0, 0., 0, 0., 5, 5.434782608695652, 0, 0., 0, 0., 174, 166, 340, 92, 0.27058823529411763
, generated\gt\sample_000263.krn, generated\xml_trimmed_oemer\sample_000263.xml, 0, 0., 108, 85.71428571428571, 0, 0., 2, 1.5873015873015872, 4, 3.1746031746031744, 0, 0., 3, 2.380952380952381, 0, 0., 0, 0., 0, 0., 0, 0., 0, 0., 0, 0., 0, 0., 4, 3.1746031746031744, 0, 0., 0, 0., 0, 0., 0, 0., 0, 0., 0, 0., 0, 0., 0, 0., 0, 0., 0, 0., 0, 0., 0, 0., 0, 0., 0, 0., 0, 0., 0, 0., 0, 0., 0, 0., 0, 0., 0, 0., 0, 0., 5, 3.9682539682539684, 0, 0., 0, 0., 221, 233, 454, 126, 0.2775330396475771
, generated\gt\sample_000281.krn, generated\xml_trimmed_oemer\sample_000281.xml, 0, 0., 42, 43.75, 2, 2.0833333333333335, 25, 26.041666666666668, 3, 3.125, 0, 0., 0, 0., 0, 0., 0, 0., 0, 0., 0, 0., 0, 0., 0, 0., 5, 5.208333333333333, 2, 2.0833333333333335, 0, 0., 0, 0., 0, 0., 0, 0., 0, 0., 0, 0., 0, 0., 12, 12.5, 0, 0., 0, 0., 0, 0., 0, 0., 0, 0., 0, 0., 0, 0., 0, 0., 0, 0., 0, 0., 0, 0., 0, 0., 0, 0., 5, 5.208333333333333, 0, 0., 0, 0., 163, 163, 326, 96, 0.294478527607362
, generated\gt\sample_000351.krn, generated\xml_trimmed_oemer\sample_000351.xml, 0, 0., 24, 70.58823529411765, 6, 17.647058823529413, 0, 0., 0, 0., 0, 0., 0, 0., 0, 0., 0, 0., 1, 2.9411764705882355, 0, 0., 0, 0., 0, 0., 0, 0., 1, 2.9411764705882355, 0, 0., 0, 0., 0, 0., 0, 0., 0, 0., 0, 0., 0, 0., 2, 5.882352941176471, 0, 0., 0, 0., 0, 0., 0, 0., 0, 0., 0, 0., 0, 0., 0, 0., 0, 0., 0, 0., 0, 0., 0, 0., 0, 0., 0, 0., 0, 0., 0, 0., 59, 55, 114, 34, 0.2982456140350877
, generated\gt\sample_000106.krn, generated\xml_trimmed_oemer\sample_000106.xml, 0, 0., 17, 18.47826086956522, 2, 2.1739130434782608, 21, 22.82608695652174, 11, 11.956521739130435, 0, 0., 4, 4.3478260869565215, 0, 0., 0, 0., 0, 0., 21, 22.82608695652174, 0, 0., 0, 0., 0, 0., 4, 4.3478260869565215, 0, 0., 0, 0., 0, 0., 5, 5.434782608695652, 0, 0., 0, 0., 0, 0., 2, 2.1739130434782608, 0, 0., 0, 0., 0, 0., 0, 0., 0, 0., 0, 0., 0, 0., 0, 0., 0, 0., 0, 0., 0, 0., 0, 0., 0, 0., 5, 5.434782608695652, 0, 0., 0, 0., 144, 119, 263, 92, 0.34980988593155893
, generated\gt\sample_000057.krn, generated\xml_trimmed_oemer\sample_000057.xml, 0, 0., 51, 37.22627737226277, 0, 0., 82, 59.85401459854015, 0, 0., 0, 0., 0, 0., 0, 0., 0, 0., 0, 0., 0, 0., 0, 0., 0, 0., 2, 1.4598540145985401, 2, 1.4598540145985401, 0, 0., 0, 0., 0, 0., 0, 0., 0, 0., 0, 0., 0, 0., 0, 0., 0, 0., 0, 0., 0, 0., 0, 0., 0, 0., 0, 0., 0, 0., 0, 0., 0, 0., 0, 0., 0, 0., 0, 0., 0, 0., 0, 0., 0, 0., 0, 0., 198, 187, 385, 137, 0.35584415584415585
, generated\gt\sample_000089.krn, generated\xml_trimmed_oemer\sample_000089.xml, 0, 0., 50, 44.24778761061947, 10, 8.849557522123893, 27, 23.893805309734514, 6, 5.3097345132743365, 0, 0., 0, 0., 0, 0., 0, 0., 0, 0., 0, 0., 0, 0., 0, 0., 0, 0., 4, 3.5398230088495577, 0, 0., 0, 0., 0, 0., 0, 0., 0, 0., 0, 0., 0, 0., 11, 9.734513274336283, 0, 0., 0, 0., 0, 0., 0, 0., 0, 0., 0, 0., 0, 0., 0, 0., 0, 0., 0, 0., 0, 0., 0, 0., 0, 0., 5, 4.424778761061947, 0, 0., 0, 0., 160, 155, 315, 113, 0.35873015873015873
, generated\gt\sample_000609.krn, generated\xml_trimmed_oemer\sample_000609.xml, 0, 0., 50, 51.54639175257732, 8, 8.24742268041237, 10, 10.309278350515465, 0, 0., 0, 0., 10, 10.309278350515465, 0, 0., 0, 0., 2, 2.0618556701030926, 0, 0., 2, 2.0618556701030926, 0, 0., 0, 0., 4, 4.123711340206185, 4, 4.123711340206185, 0, 0., 2, 2.0618556701030926, 0, 0., 0, 0., 0, 0., 0, 0., 0, 0., 0, 0., 0, 0., 0, 0., 0, 0., 0, 0., 0, 0., 0, 0., 0, 0., 0, 0., 0, 0., 0, 0., 0, 0., 0, 0., 5, 5.154639175257732, 0, 0., 0, 0., 138, 129, 267, 97, 0.36329588014981273
, generated\gt\sample_000020.krn, generated\xml_trimmed_oemer\sample_000020.xml, 0, 0., 18, 14.0625, 4, 3.125, 40, 31.25, 0, 0., 0, 0., 0, 0., 0, 0., 0, 0., 0, 0., 19, 14.84375, 0, 0., 0, 0., 0, 0., 2, 1.5625, 0, 0., 0, 0., 4, 3.125, 0, 0., 0, 0., 0, 0., 0, 0., 3, 2.34375, 0, 0., 0, 0., 0, 0., 0, 0., 0, 0., 0, 0., 0, 0., 0, 0., 0, 0., 38, 29.6875, 0, 0., 0, 0., 0, 0., 0, 0., 0, 0., 0, 0., 178, 162, 340, 128, 0.3764705882352941
, generated\gt\sample_000581.krn, generated\xml_trimmed_oemer\sample_000581.xml, 0, 0., 105, 40.0763358778626, 2, 0.7633587786259542, 84, 32.06106870229008, 2, 0.7633587786259542, 0, 0., 0, 0., 0, 0., 0, 0., 0, 0., 0, 0., 0, 0., 0, 0., 2, 0.7633587786259542, 4, 1.5267175572519085, 0, 0., 0, 0., 4, 1.5267175572519085, 0, 0., 0, 0., 0, 0., 0, 0., 1, 0.3816793893129771, 0, 0., 0, 0., 0, 0., 0, 0., 0, 0., 0, 0., 0, 0., 0, 0., 0, 0., 53, 20.229007633587788, 0, 0., 0, 0., 0, 0., 5, 1.9083969465648856, 0, 0., 0, 0., 358, 332, 690, 262, 0.37971014492753624
, generated\gt\sample_000171.krn, generated\xml_trimmed_oemer\sample_000171.xml, 0, 0., 81, 62.7906976744186, 12, 9.30232558139535, 7, 5.426356589147287, 5, 3.875968992248062, 0, 0., 3, 2.3255813953488373, 0, 0., 0, 0., 1, 0.7751937984496124, 6, 4.651162790697675, 0, 0., 0, 0., 0, 0., 4, 3.10077519379845, 0, 0., 0, 0., 0, 0., 0, 0., 0, 0., 0, 0., 0, 0., 5, 3.875968992248062, 0, 0., 0, 0., 0, 0., 0, 0., 0, 0., 0, 0., 0, 0., 0, 0., 0, 0., 0, 0., 0, 0., 0, 0., 0, 0., 5, 3.875968992248062, 0, 0., 0, 0., 176, 163, 339, 129, 0.3805309734513274
, generated\gt\sample_000535.krn, generated\xml_trimmed_oemer\sample_000535.xml, 0, 0., 102, 70.34482758620689, 0, 0., 27, 18.620689655172413, 1, 0.6896551724137931, 0, 0., 4, 2.7586206896551726, 0, 0., 0, 0., 7, 4.827586206896552, 0, 0., 1, 0.6896551724137931, 0, 0., 0, 0., 2, 1.3793103448275863, 0, 0., 0, 0., 0, 0., 0, 0., 0, 0., 0, 0., 0, 0., 1, 0.6896551724137931, 0, 0., 0, 0., 0, 0., 0, 0., 0, 0., 0, 0., 0, 0., 0, 0., 0, 0., 0, 0., 0, 0., 0, 0., 0, 0., 0, 0., 0, 0., 0, 0., 192, 173, 365, 145, 0.3972602739726027
, generated\gt\sample_000610.krn, generated\xml_trimmed_oemer\sample_000610.xml, 0, 0., 59, 49.57983193277311, 4, 3.361344537815126, 18, 15.126050420168067, 0, 0., 0, 0., 17, 14.285714285714286, 0, 0., 0, 0., 0, 0., 0, 0., 0, 0., 0, 0., 0, 0., 4, 3.361344537815126, 0, 0., 0, 0., 0, 0., 9, 7.563025210084033, 0, 0., 0, 0., 0, 0., 3, 2.5210084033613445, 0, 0., 0, 0., 0, 0., 0, 0., 0, 0., 0, 0., 0, 0., 0, 0., 0, 0., 0, 0., 0, 0., 0, 0., 0, 0., 5, 4.201680672268908, 0, 0., 0, 0., 161, 138, 299, 119, 0.3979933110367893
, generated\gt\sample_000405.krn, generated\xml_trimmed_oemer\sample_000405.xml, 0, 0., 56, 50.90909090909091, 24, 21.818181818181817, 0, 0., 0, 0., 0, 0., 2, 1.8181818181818181, 0, 0., 0, 0., 0, 0., 16, 14.545454545454545, 0, 0., 0, 0., 3, 2.727272727272727, 4, 3.6363636363636362, 0, 0., 0, 0., 0, 0., 0, 0., 0, 0., 0, 0., 0, 0., 0, 0., 0, 0., 0, 0., 0, 0., 0, 0., 0, 0., 0, 0., 0, 0., 0, 0., 0, 0., 0, 0., 0, 0., 0, 0., 0, 0., 5, 4.545454545454546, 0, 0., 0, 0., 146, 128, 274, 110, 0.40145985401459855
, generated\gt\sample_000558.krn, generated\xml_trimmed_oemer\sample_000558.xml, 0, 0., 62, 41.05960264900662, 32, 21.192052980132452, 10, 6.622516556291391, 15, 9.933774834437086, 0, 0., 0, 0., 0, 0., 0, 0., 0, 0., 13, 8.609271523178808, 0, 0., 0, 0., 0, 0., 4, 2.6490066225165565, 6, 3.9735099337748343, 0, 0., 0, 0., 0, 0., 0, 0., 0, 0., 0, 0., 4, 2.6490066225165565, 0, 0., 0, 0., 0, 0., 0, 0., 0, 0., 0, 0., 0, 0., 0, 0., 0, 0., 0, 0., 0, 0., 0, 0., 0, 0., 5, 3.3112582781456954, 0, 0., 0, 0., 203, 172, 375, 151, 0.4026666666666667
, generated\gt\sample_000557.krn, generated\xml_trimmed_oemer\sample_000557.xml, 0, 0., 28, 23.931623931623932, 12, 10.256410256410257, 10, 8.547008547008547, 1, 0.8547008547008547, 0, 0., 0, 0., 0, 0., 0, 0., 0, 0., 11, 9.401709401709402, 0, 0., 0, 0., 0, 0., 4, 3.4188034188034186, 2, 1.7094017094017093, 0, 0., 0, 0., 0, 0., 0, 0., 0, 0., 0, 0., 4, 3.4188034188034186, 0, 0., 0, 0., 0, 0., 0, 0., 0, 0., 0, 0., 0, 0., 0, 0., 0, 0., 40, 34.18803418803419, 0, 0., 0, 0., 0, 0., 5, 4.273504273504273, 0, 0., 0, 0., 153, 136, 289, 117, 0.40484429065743943
, generated\gt\sample_000080.krn, generated\xml_trimmed_oemer\sample_000080.xml, 0, 0., 69, 34.84848484848485, 4, 2.0202020202020203, 52, 26.262626262626263, 2, 1.0101010101010102, 0, 0., 1, 0.5050505050505051, 0, 0., 0, 0., 0, 0., 0, 0., 0, 0., 0, 0., 3, 1.5151515151515151, 2, 1.0101010101010102, 8, 4.040404040404041, 0, 0., 0, 0., 0, 0., 0, 0., 0, 0., 0, 0., 3, 1.5151515151515151, 0, 0., 0, 0., 0, 0., 0, 0., 0, 0., 0, 0., 0, 0., 0, 0., 0, 0., 49, 24.747474747474747, 0, 0., 0, 0., 0, 0., 5, 2.525252525252525, 0, 0., 0, 0., 247, 242, 489, 198, 0.4049079754601227
, generated\gt\sample_000617.krn, generated\xml_trimmed_oemer\sample_000617.xml, 0, 0., 163, 62.213740458015266, 18, 6.870229007633588, 56, 21.374045801526716, 0, 0., 0, 0., 6, 2.2900763358778624, 0, 0., 0, 0., 0, 0., 4, 1.5267175572519085, 1, 0.3816793893129771, 0, 0., 0, 0., 4, 1.5267175572519085, 0, 0., 0, 0., 0, 0., 0, 0., 0, 0., 0, 0., 0, 0., 5, 1.9083969465648856, 0, 0., 0, 0., 0, 0., 0, 0., 0, 0., 0, 0., 0, 0., 0, 0., 0, 0., 0, 0., 0, 0., 0, 0., 0, 0., 5, 1.9083969465648856, 0, 0., 0, 0., 327, 318, 645, 262, 0.4062015503875969
, generated\gt\sample_000638.krn, generated\xml_trimmed_oemer\sample_000638.xml, 0, 0., 87, 46.524064171122994, 26, 13.903743315508022, 27, 14.438502673796792, 3, 1.6042780748663101, 0, 0., 8, 4.278074866310161, 0, 0., 0, 0., 0, 0., 12, 6.4171122994652405, 6, 3.2085561497326203, 0, 0., 0, 0., 4, 2.1390374331550803, 2, 1.0695187165775402, 0, 0., 2, 1.0695187165775402, 0, 0., 0, 0., 0, 0., 0, 0., 5, 2.6737967914438503, 0, 0., 0, 0., 0, 0., 0, 0., 0, 0., 0, 0., 0, 0., 0, 0., 0, 0., 0, 0., 0, 0., 0, 0., 0, 0., 5, 2.6737967914438503, 0, 0., 0, 0., 250, 208, 458, 187, 0.40829694323144106
, generated\gt\sample_000673.krn, generated\xml_trimmed_oemer\sample_000673.xml, 0, 0., 140, 66.66666666666667, 12, 5.714285714285714, 23, 10.952380952380953, 0, 0., 0, 0., 4, 1.9047619047619047, 0, 0., 0, 0., 3, 1.4285714285714286, 9, 4.285714285714286, 0, 0., 0, 0., 0, 0., 4, 1.9047619047619047, 0, 0., 0, 0., 0, 0., 0, 0., 0, 0., 0, 0., 0, 0., 10, 4.761904761904762, 0, 0., 0, 0., 0, 0., 0, 0., 0, 0., 0, 0., 0, 0., 0, 0., 0, 0., 0, 0., 0, 0., 0, 0., 0, 0., 5, 2.380952380952381, 0, 0., 0, 0., 269, 242, 511, 210, 0.410958904109589
, generated\gt\sample_000103.krn, generated\xml_trimmed_oemer\sample_000103.xml, 0, 0., 81, 45.25139664804469, 34, 18.99441340782123, 6, 3.35195530726257, 5, 2.793296089385475, 0, 0., 12, 6.70391061452514, 0, 0., 0, 0., 15, 8.379888268156424, 10, 5.58659217877095, 0, 0., 0, 0., 0, 0., 4, 2.2346368715083798, 0, 0., 0, 0., 0, 0., 0, 0., 0, 0., 0, 0., 0, 0., 7, 3.910614525139665, 0, 0., 0, 0., 0, 0., 0, 0., 0, 0., 0, 0., 0, 0., 0, 0., 0, 0., 0, 0., 0, 0., 0, 0., 0, 0., 5, 2.793296089385475, 0, 0., 0, 0., 238, 193, 431, 179, 0.41531322505800466
, generated\gt\sample_000054.krn, generated\xml_trimmed_oemer\sample_000054.xml, 0, 0., 44, 44.89795918367347, 12, 12.244897959183673, 16, 16.3265306122449, 6, 6.122448979591836, 0, 0., 0, 0., 0, 0., 0, 0., 4, 4.081632653061225, 0, 0., 0, 0., 0, 0., 0, 0., 4, 4.081632653061225, 0, 0., 0, 0., 0, 0., 6, 6.122448979591836, 0, 0., 0, 0., 0, 0., 1, 1.0204081632653061, 0, 0., 0, 0., 0, 0., 0, 0., 0, 0., 0, 0., 0, 0., 0, 0., 0, 0., 0, 0., 0, 0., 0, 0., 0, 0., 5, 5.1020408163265305, 0, 0., 0, 0., 121, 111, 232, 98, 0.4224137931034483
, generated\gt\sample_000329.krn, generated\xml_trimmed_oemer\sample_000329.xml, 0, 0., 128, 52.892561983471076, 0, 0., 108, 44.62809917355372, 1, 0.4132231404958678, 0, 0., 1, 0.4132231404958678, 0, 0., 0, 0., 0, 0., 0, 0., 0, 0., 0, 0., 0, 0., 2, 0.8264462809917356, 0, 0., 0, 0., 0, 0., 0, 0., 0, 0., 0, 0., 0, 0., 2, 0.8264462809917356, 0, 0., 0, 0., 0, 0., 0, 0., 0, 0., 0, 0., 0, 0., 0, 0., 0, 0., 0, 0., 0, 0., 0, 0., 0, 0., 0, 0., 0, 0., 0, 0., 289, 283, 572, 242, 0.4230769230769231
, generated\gt\sample_000437.krn, generated\xml_trimmed_oemer\sample_000437.xml, 0, 0., 33, 26.612903225806452, 6, 4.838709677419355, 25, 20.161290322580644, 2, 1.6129032258064515, 0, 0., 1, 0.8064516129032258, 0, 0., 0, 0., 0, 0., 0, 0., 0, 0., 0, 0., 1, 0.8064516129032258, 2, 1.6129032258064515, 1, 0.8064516129032258, 0, 0., 0, 0., 0, 0., 0, 0., 0, 0., 0, 0., 3, 2.4193548387096775, 0, 0., 0, 0., 0, 0., 0, 0., 0, 0., 0, 0., 0, 0., 0, 0., 0, 0., 50, 40.32258064516129, 0, 0., 0, 0., 0, 0., 0, 0., 0, 0., 0, 0., 124, 166, 290, 124, 0.42758620689655175
, generated\gt\sample_000208.krn, generated\xml_trimmed_oemer\sample_000208.xml, 0, 0., 40, 33.333333333333336, 8, 6.666666666666667, 2, 1.6666666666666667, 4, 3.3333333333333335, 0, 0., 0, 0., 0, 0., 0, 0., 0, 0., 19, 15.833333333333334, 0, 0., 0, 0., 2, 1.6666666666666667, 4, 3.3333333333333335, 10, 8.333333333333334, 0, 0., 0, 0., 0, 0., 0, 0., 0, 0., 0, 0., 1, 0.8333333333333334, 0, 0., 0, 0., 0, 0., 0, 0., 0, 0., 0, 0., 0, 0., 0, 0., 0, 0., 25, 20.833333333333332, 0, 0., 0, 0., 0, 0., 5, 4.166666666666667, 0, 0., 0, 0., 153, 125, 278, 120, 0.4316546762589928
, generated\gt\sample_000630.krn, generated\xml_trimmed_oemer\sample_000630.xml, 0, 0., 18, 34.61538461538461, 4, 7.6923076923076925, 0, 0., 0, 0., 0, 0., 0, 0., 0, 0., 0, 0., 0, 0., 7, 13.461538461538462, 0, 0., 0, 0., 1, 1.9230769230769231, 2, 3.8461538461538463, 1, 1.9230769230769231, 0, 0., 2, 3.8461538461538463, 0, 0., 0, 0., 0, 0., 0, 0., 0, 0., 0, 0., 0, 0., 0, 0., 0, 0., 0, 0., 0, 0., 0, 0., 0, 0., 0, 0., 17, 32.69230769230769, 0, 0., 0, 0., 0, 0., 0, 0., 0, 0., 0, 0., 65, 55, 120, 52, 0.43333333333333335
, generated\gt\sample_000087.krn, generated\xml_trimmed_oemer\sample_000087.xml, 0, 0., 5, 6.25, 4, 5.0, 0, 0., 0, 0., 0, 0., 1, 1.25, 0, 0., 0, 0., 0, 0., 0, 0., 0, 0., 0, 0., 0, 0., 2, 2.5, 0, 0., 0, 0., 0, 0., 0, 0., 0, 0., 0, 0., 0, 0., 0, 0., 0, 0., 0, 0., 0, 0., 0, 0., 0, 0., 0, 0., 0, 0., 0, 0., 0, 0., 0, 0., 64, 80.0, 0, 0., 4, 5.0, 0, 0., 0, 0., 0, 0., 128, 56, 184, 80, 0.43478260869565216
, generated\gt\sample_000552.krn, generated\xml_trimmed_oemer\sample_000552.xml, 0, 0., 38, 48.717948717948715, 8, 10.256410256410257, 9, 11.538461538461538, 5, 6.410256410256411, 0, 0., 0, 0., 0, 0., 0, 0., 0, 0., 5, 6.410256410256411, 2, 2.5641025641025643, 0, 0., 0, 0., 4, 5.128205128205129, 0, 0., 0, 0., 0, 0., 0, 0., 0, 0., 0, 0., 0, 0., 2, 2.5641025641025643, 0, 0., 0, 0., 0, 0., 0, 0., 0, 0., 0, 0., 0, 0., 0, 0., 0, 0., 0, 0., 0, 0., 0, 0., 0, 0., 5, 6.410256410256411, 0, 0., 0, 0., 89, 90, 179, 78, 0.43575418994413406
, generated\gt\sample_000308.krn, generated\xml_trimmed_oemer\sample_000308.xml, 0, 0., 36, 42.35294117647059, 6, 7.0588235294117645, 9, 10.588235294117647, 0, 0., 0, 0., 0, 0., 0, 0., 0, 0., 2, 2.3529411764705883, 0, 0., 0, 0., 0, 0., 0, 0., 2, 2.3529411764705883, 0, 0., 0, 0., 0, 0., 0, 0., 0, 0., 0, 0., 0, 0., 3, 3.5294117647058822, 0, 0., 0, 0., 0, 0., 0, 0., 0, 0., 0, 0., 0, 0., 0, 0., 0, 0., 27, 31.764705882352942, 0, 0., 0, 0., 0, 0., 0, 0., 0, 0., 0, 0., 96, 99, 195, 85, 0.4358974358974359
, generated\gt\sample_000395.krn, generated\xml_trimmed_oemer\sample_000395.xml, 0, 0., 116, 64.80446927374301, 6, 3.35195530726257, 20, 11.1731843575419, 1, 0.5586592178770949, 0, 0., 3, 1.675977653631285, 0, 0., 0, 0., 0, 0., 6, 3.35195530726257, 2, 1.1173184357541899, 0, 0., 2, 1.1173184357541899, 4, 2.2346368715083798, 0, 0., 0, 0., 0, 0., 0, 0., 0, 0., 0, 0., 0, 0., 14, 7.82122905027933, 0, 0., 0, 0., 0, 0., 0, 0., 0, 0., 0, 0., 0, 0., 0, 0., 0, 0., 0, 0., 0, 0., 0, 0., 0, 0., 5, 2.793296089385475, 0, 0., 0, 0., 219, 191, 410, 179, 0.43658536585365854
, generated\gt\sample_000250.krn, generated\xml_trimmed_oemer\sample_000250.xml, 0, 0., 70, 47.945205479452056, 22, 15.068493150684931, 1, 0.684931506849315, 4, 2.73972602739726, 0, 0., 3, 2.0547945205479454, 0, 0., 0, 0., 3, 2.0547945205479454, 0, 0., 0, 0., 0, 0., 2, 1.36986301369863, 4, 2.73972602739726, 2, 1.36986301369863, 0, 0., 0, 0., 0, 0., 0, 0., 0, 0., 0, 0., 2, 1.36986301369863, 0, 0., 0, 0., 0, 0., 0, 0., 0, 0., 0, 0., 0, 0., 0, 0., 0, 0., 28, 19.17808219178082, 0, 0., 0, 0., 0, 0., 5, 3.4246575342465753, 0, 0., 0, 0., 167, 167, 334, 146, 0.437125748502994
, generated\gt\sample_000041.krn, generated\xml_trimmed_oemer\sample_000041.xml, 0, 0., 87, 60.83916083916084, 10, 6.993006993006993, 3, 2.097902097902098, 5, 3.4965034965034967, 0, 0., 13, 9.090909090909092, 0, 0., 0, 0., 0, 0., 3, 2.097902097902098, 0, 0., 0, 0., 0, 0., 4, 2.797202797202797, 4, 2.797202797202797, 0, 0., 0, 0., 9, 6.293706293706293, 0, 0., 0, 0., 0, 0., 0, 0., 0, 0., 0, 0., 0, 0., 0, 0., 0, 0., 0, 0., 0, 0., 0, 0., 0, 0., 0, 0., 0, 0., 0, 0., 0, 0., 5, 3.4965034965034967, 0, 0., 0, 0., 182, 145, 327, 143, 0.43730886850152906
, generated\gt\sample_000182.krn, generated\xml_trimmed_oemer\sample_000182.xml, 0, 0., 77, 62.60162601626016, 0, 0., 23, 18.69918699186992, 0, 0., 0, 0., 1, 0.8130081300813008, 0, 0., 0, 0., 1, 0.8130081300813008, 4, 3.252032520325203, 0, 0., 0, 0., 0, 0., 2, 1.6260162601626016, 0, 0., 0, 0., 0, 0., 0, 0., 0, 0., 0, 0., 0, 0., 2, 1.6260162601626016, 0, 0., 0, 0., 0, 0., 0, 0., 0, 0., 0, 0., 0, 0., 0, 0., 0, 0., 8, 6.504065040650406, 0, 0., 0, 0., 0, 0., 5, 4.065040650406504, 0, 0., 0, 0., 136, 138, 274, 123, 0.4489051094890511
, generated\gt\sample_000572.krn, generated\xml_trimmed_oemer\sample_000572.xml, 0, 0., 61, 49.59349593495935, 8, 6.504065040650406, 6, 4.878048780487805, 1, 0.8130081300813008, 0, 0., 0, 0., 0, 0., 0, 0., 1, 0.8130081300813008, 0, 0., 0, 0., 0, 0., 0, 0., 2, 1.6260162601626016, 0, 0., 0, 0., 0, 0., 0, 0., 0, 0., 0, 0., 0, 0., 7, 5.691056910569106, 0, 0., 0, 0., 0, 0., 0, 0., 0, 0., 0, 0., 0, 0., 0, 0., 0, 0., 37, 30.08130081300813, 0, 0., 0, 0., 0, 0., 0, 0., 0, 0., 0, 0., 139, 134, 273, 123, 0.45054945054945056
, generated\gt\sample_000407.krn, generated\xml_trimmed_oemer\sample_000407.xml, 0, 0., 139, 62.89592760180995, 4, 1.8099547511312217, 35, 15.83710407239819, 1, 0.45248868778280543, 2, 0.9049773755656109, 0, 0., 0, 0., 0, 0., 0, 0., 18, 8.144796380090497, 0, 0., 0, 0., 0, 0., 4, 1.8099547511312217, 8, 3.6199095022624435, 0, 0., 0, 0., 0, 0., 0, 0., 0, 0., 0, 0., 5, 2.262443438914027, 0, 0., 0, 0., 0, 0., 0, 0., 0, 0., 0, 0., 0, 0., 0, 0., 0, 0., 0, 0., 0, 0., 0, 0., 0, 0., 5, 2.262443438914027, 0, 0., 0, 0., 261, 228, 489, 221, 0.45194274028629855
, generated\gt\sample_000026.krn, generated\xml_trimmed_oemer\sample_000026.xml, 0, 0., 45, 68.18181818181819, 0, 0., 8, 12.121212121212121, 1, 1.5151515151515151, 0, 0., 2, 3.0303030303030303, 0, 0., 0, 0., 0, 0., 0, 0., 0, 0., 0, 0., 0, 0., 2, 3.0303030303030303, 0, 0., 0, 0., 0, 0., 0, 0., 0, 0., 0, 0., 0, 0., 3, 4.545454545454546, 0, 0., 0, 0., 0, 0., 0, 0., 0, 0., 0, 0., 0, 0., 0, 0., 0, 0., 0, 0., 0, 0., 0, 0., 0, 0., 5, 7.575757575757576, 0, 0., 0, 0., 72, 74, 146, 66, 0.4520547945205479
, generated\gt\sample_000077.krn, generated\xml_trimmed_oemer\sample_000077.xml, 0, 0., 75, 44.91017964071856, 0, 0., 16, 9.580838323353293, 0, 0., 0, 0., 0, 0., 0, 0., 0, 0., 0, 0., 0, 0., 0, 0., 0, 0., 2, 1.1976047904191616, 4, 2.395209580838323, 2, 1.1976047904191616, 0, 0., 4, 2.395209580838323, 0, 0., 0, 0., 0, 0., 0, 0., 0, 0., 0, 0., 0, 0., 0, 0., 0, 0., 0, 0., 0, 0., 0, 0., 0, 0., 0, 0., 59, 35.32934131736527, 0, 0., 0, 0., 0, 0., 5, 2.9940119760479043, 0, 0., 0, 0., 213, 154, 367, 167, 0.4550408719346049
, generated\gt\sample_000615.krn, generated\xml_trimmed_oemer\sample_000615.xml, 0, 0., 228, 76.0, 2, 0.6666666666666666, 52, 17.333333333333332, 3, 1.0, 0, 0., 0, 0., 0, 0., 0, 0., 0, 0., 2, 0.6666666666666666, 1, 0.3333333333333333, 0, 0., 0, 0., 4, 1.3333333333333333, 0, 0., 0, 0., 0, 0., 0, 0., 0, 0., 0, 0., 0, 0., 3, 1.0, 0, 0., 0, 0., 0, 0., 0, 0., 0, 0., 0, 0., 0, 0., 0, 0., 0, 0., 0, 0., 0, 0., 0, 0., 0, 0., 5, 1.6666666666666667, 0, 0., 0, 0., 321, 329, 650, 300, 0.46153846153846156
, generated\gt\sample_000636.krn, generated\xml_trimmed_oemer\sample_000636.xml, 0, 0., 104, 58.100558659217874, 10, 5.58659217877095, 20, 11.1731843575419, 4, 2.2346368715083798, 0, 0., 0, 0., 0, 0., 0, 0., 8, 4.4692737430167595, 6, 3.35195530726257, 1, 0.5586592178770949, 0, 0., 5, 2.793296089385475, 4, 2.2346368715083798, 2, 1.1173184357541899, 0, 0., 4, 2.2346368715083798, 0, 0., 0, 0., 0, 0., 0, 0., 0, 0., 0, 0., 0, 0., 0, 0., 0, 0., 0, 0., 0, 0., 0, 0., 0, 0., 0, 0., 6, 3.35195530726257, 0, 0., 0, 0., 0, 0., 5, 2.793296089385475, 0, 0., 0, 0., 207, 177, 384, 179, 0.4661458333333333
, generated\gt\sample_000525.krn, generated\xml_trimmed_oemer\sample_000525.xml, 0, 0., 191, 58.40978593272171, 12, 3.669724770642202, 61, 18.654434250764528, 8, 2.4464831804281344, 0, 0., 0, 0., 0, 0., 0, 0., 2, 0.6116207951070336, 0, 0., 4, 1.2232415902140672, 0, 0., 0, 0., 4, 1.2232415902140672, 0, 0., 0, 0., 0, 0., 0, 0., 0, 0., 0, 0., 0, 0., 9, 2.7522935779816513, 0, 0., 0, 0., 0, 0., 0, 0., 0, 0., 0, 0., 0, 0., 0, 0., 0, 0., 31, 9.480122324159021, 0, 0., 0, 0., 0, 0., 5, 1.529051987767584, 0, 0., 0, 0., 354, 344, 698, 327, 0.4684813753581662
, generated\gt\sample_000118.krn, generated\xml_trimmed_oemer\sample_000118.xml, 0, 0., 203, 56.86274509803921, 0, 0., 78, 21.84873949579832, 3, 0.8403361344537815, 0, 0., 12, 3.361344537815126, 0, 0., 0, 0., 0, 0., 52, 14.565826330532213, 0, 0., 0, 0., 0, 0., 4, 1.1204481792717087, 0, 0., 0, 0., 0, 0., 0, 0., 0, 0., 0, 0., 0, 0., 0, 0., 0, 0., 0, 0., 0, 0., 0, 0., 0, 0., 0, 0., 0, 0., 0, 0., 0, 0., 0, 0., 0, 0., 0, 0., 0, 0., 5, 1.4005602240896358, 0, 0., 0, 0., 430, 330, 760, 357, 0.4697368421052632
, generated\gt\sample_000340.krn, generated\xml_trimmed_oemer\sample_000340.xml, 0, 0., 167, 54.93421052631579, 2, 0.6578947368421053, 99, 32.56578947368421, 6, 1.9736842105263157, 0, 0., 4, 1.3157894736842106, 0, 0., 0, 0., 1, 0.32894736842105265, 0, 0., 3, 0.9868421052631579, 0, 0., 0, 0., 4, 1.3157894736842106, 4, 1.3157894736842106, 0, 0., 0, 0., 0, 0., 0, 0., 0, 0., 0, 0., 9, 2.960526315789474, 0, 0., 0, 0., 0, 0., 0, 0., 0, 0., 0, 0., 0, 0., 0, 0., 0, 0., 0, 0., 0, 0., 0, 0., 0, 0., 5, 1.644736842105263, 0, 0., 0, 0., 334, 312, 646, 304, 0.47058823529411764
, generated\gt\sample_000007.krn, generated\xml_trimmed_oemer\sample_000007.xml, 0, 0., 236, 58.56079404466501, 2, 0.49627791563275436, 133, 33.002481389578165, 6, 1.488833746898263, 0, 0., 12, 2.977667493796526, 0, 0., 0, 0., 2, 0.49627791563275436, 0, 0., 0, 0., 0, 0., 0, 0., 4, 0.9925558312655087, 0, 0., 0, 0., 0, 0., 0, 0., 0, 0., 0, 0., 0, 0., 3, 0.7444168734491315, 0, 0., 0, 0., 0, 0., 0, 0., 0, 0., 0, 0., 0, 0., 0, 0., 0, 0., 0, 0., 0, 0., 0, 0., 0, 0., 5, 1.2406947890818858, 0, 0., 0, 0., 464, 387, 851, 403, 0.4735605170387779
, generated\gt\sample_000124.krn, generated\xml_trimmed_oemer\sample_000124.xml, 0, 0., 64, 38.095238095238095, 6, 3.5714285714285716, 9, 5.357142857142857, 8, 4.761904761904762, 0, 0., 7, 4.166666666666667, 0, 0., 0, 0., 3, 1.7857142857142858, 1, 0.5952380952380952, 0, 0., 0, 0., 0, 0., 4, 2.380952380952381, 0, 0., 0, 0., 0, 0., 0, 0., 0, 0., 0, 0., 0, 0., 1, 0.5952380952380952, 0, 0., 0, 0., 0, 0., 0, 0., 0, 0., 0, 0., 0, 0., 0, 0., 0, 0., 60, 35.714285714285715, 0, 0., 0, 0., 0, 0., 5, 2.9761904761904763, 0, 0., 0, 0., 186, 168, 354, 168, 0.4745762711864407
, generated\gt\sample_000379.krn, generated\xml_trimmed_oemer\sample_000379.xml, 0, 0., 62, 33.513513513513516, 16, 8.64864864864865, 16, 8.64864864864865, 0, 0., 0, 0., 0, 0., 0, 0., 0, 0., 0, 0., 9, 4.864864864864865, 0, 0., 0, 0., 0, 0., 4, 2.1621621621621623, 2, 1.0810810810810811, 0, 0., 0, 0., 0, 0., 0, 0., 0, 0., 0, 0., 13, 7.027027027027027, 0, 0., 0, 0., 0, 0., 0, 0., 0, 0., 0, 0., 0, 0., 0, 0., 0, 0., 58, 31.35135135135135, 0, 0., 0, 0., 0, 0., 5, 2.7027027027027026, 0, 0., 0, 0., 209, 180, 389, 185, 0.4755784061696658
, generated\gt\sample_000135.krn, generated\xml_trimmed_oemer\sample_000135.xml, 0, 0., 145, 63.87665198237885, 14, 6.167400881057269, 45, 19.823788546255507, 6, 2.643171806167401, 0, 0., 0, 0., 0, 0., 0, 0., 1, 0.44052863436123346, 0, 0., 0, 0., 0, 0., 0, 0., 4, 1.7621145374449338, 0, 0., 0, 0., 0, 0., 0, 0., 0, 0., 0, 0., 0, 0., 7, 3.0837004405286343, 0, 0., 0, 0., 0, 0., 0, 0., 0, 0., 0, 0., 0, 0., 0, 0., 0, 0., 0, 0., 0, 0., 0, 0., 0, 0., 5, 2.202643171806167, 0, 0., 0, 0., 234, 242, 476, 227, 0.47689075630252103
, generated\gt\sample_000137.krn, generated\xml_trimmed_oemer\sample_000137.xml, 0, 0., 149, 69.62616822429906, 6, 2.803738317757009, 40, 18.69158878504673, 0, 0., 0, 0., 1, 0.4672897196261682, 0, 0., 0, 0., 1, 0.4672897196261682, 0, 0., 0, 0., 0, 0., 0, 0., 4, 1.8691588785046729, 0, 0., 0, 0., 0, 0., 0, 0., 0, 0., 0, 0., 0, 0., 8, 3.7383177570093458, 0, 0., 0, 0., 0, 0., 0, 0., 0, 0., 0, 0., 0, 0., 0, 0., 0, 0., 0, 0., 0, 0., 0, 0., 0, 0., 5, 2.336448598130841, 0, 0., 0, 0., 226, 221, 447, 214, 0.47874720357941836
, generated\gt\sample_000192.krn, generated\xml_trimmed_oemer\sample_000192.xml, 0, 0., 93, 75.0, 4, 3.225806451612903, 7, 5.645161290322581, 0, 0., 0, 0., 0, 0., 0, 0., 0, 0., 0, 0., 0, 0., 0, 0., 0, 0., 0, 0., 4, 3.225806451612903, 0, 0., 0, 0., 0, 0., 8, 6.451612903225806, 0, 0., 0, 0., 0, 0., 3, 2.4193548387096775, 0, 0., 0, 0., 0, 0., 0, 0., 0, 0., 0, 0., 0, 0., 0, 0., 0, 0., 0, 0., 0, 0., 0, 0., 0, 0., 5, 4.032258064516129, 0, 0., 0, 0., 133, 124, 257, 124, 0.48249027237354086
, generated\gt\sample_000394.krn, generated\xml_trimmed_oemer\sample_000394.xml, 0, 0., 156, 82.97872340425532, 10, 5.319148936170213, 2, 1.0638297872340425, 0, 0., 4, 2.127659574468085, 1, 0.5319148936170213, 0, 0., 0, 0., 0, 0., 1, 0.5319148936170213, 1, 0.5319148936170213, 0, 0., 0, 0., 4, 2.127659574468085, 0, 0., 0, 0., 0, 0., 0, 0., 0, 0., 0, 0., 0, 0., 4, 2.127659574468085, 0, 0., 0, 0., 0, 0., 0, 0., 0, 0., 0, 0., 0, 0., 0, 0., 0, 0., 0, 0., 0, 0., 0, 0., 0, 0., 5, 2.6595744680851063, 0, 0., 0, 0., 210, 178, 388, 188, 0.4845360824742268
, generated\gt\sample_000142.krn, generated\xml_trimmed_oemer\sample_000142.xml, 0, 0., 107, 73.28767123287672, 8, 5.47945205479452, 21, 14.383561643835616, 0, 0., 0, 0., 0, 0., 0, 0., 0, 0., 0, 0., 6, 4.109589041095891, 1, 0.684931506849315, 0, 0., 0, 0., 1, 0.684931506849315, 0, 0., 0, 0., 0, 0., 0, 0., 0, 0., 0, 0., 0, 0., 2, 1.36986301369863, 0, 0., 0, 0., 0, 0., 0, 0., 0, 0., 0, 0., 0, 0., 0, 0., 0, 0., 0, 0., 0, 0., 0, 0., 0, 0., 0, 0., 0, 0., 0, 0., 156, 144, 300, 146, 0.4866666666666667
, generated\gt\sample_000485.krn, generated\xml_trimmed_oemer\sample_000485.xml, 0, 0., 55, 45.45454545454545, 6, 4.958677685950414, 15, 12.396694214876034, 0, 0., 0, 0., 0, 0., 0, 0., 0, 0., 0, 0., 5, 4.132231404958677, 3, 2.479338842975207, 0, 0., 4, 3.3057851239669422, 4, 3.3057851239669422, 0, 0., 0, 0., 0, 0., 0, 0., 0, 0., 0, 0., 0, 0., 1, 0.8264462809917356, 0, 0., 0, 0., 0, 0., 0, 0., 0, 0., 0, 0., 0, 0., 0, 0., 0, 0., 23, 19.00826446280992, 0, 0., 0, 0., 0, 0., 5, 4.132231404958677, 0, 0., 0, 0., 134, 114, 248, 121, 0.4879032258064516
, generated\gt\sample_000038.krn, generated\xml_trimmed_oemer\sample_000038.xml, 0, 0., 107, 63.31360946745562, 12, 7.100591715976331, 25, 14.792899408284024, 0, 0., 0, 0., 2, 1.183431952662722, 0, 0., 0, 0., 0, 0., 6, 3.5502958579881656, 0, 0., 0, 0., 0, 0., 4, 2.366863905325444, 0, 0., 0, 0., 4, 2.366863905325444, 0, 0., 0, 0., 0, 0., 0, 0., 4, 2.366863905325444, 0, 0., 0, 0., 0, 0., 0, 0., 0, 0., 0, 0., 0, 0., 0, 0., 0, 0., 0, 0., 0, 0., 0, 0., 0, 0., 5, 2.9585798816568047, 0, 0., 0, 0., 188, 157, 345, 169, 0.48985507246376814
, generated\gt\sample_000238.krn, generated\xml_trimmed_oemer\sample_000238.xml, 0, 0., 108, 52.94117647058823, 4, 1.9607843137254901, 37, 18.137254901960784, 2, 0.9803921568627451, 0, 0., 4, 1.9607843137254901, 0, 0., 0, 0., 0, 0., 0, 0., 0, 0., 0, 0., 1, 0.49019607843137253, 4, 1.9607843137254901, 8, 3.9215686274509802, 0, 0., 0, 0., 0, 0., 0, 0., 0, 0., 0, 0., 0, 0., 0, 0., 0, 0., 0, 0., 0, 0., 0, 0., 0, 0., 0, 0., 0, 0., 0, 0., 31, 15.196078431372548, 0, 0., 0, 0., 0, 0., 5, 2.450980392156863, 0, 0., 0, 0., 213, 203, 416, 204, 0.49038461538461536
, generated\gt\sample_000441.krn, generated\xml_trimmed_oemer\sample_000441.xml, 0, 0., 94, 69.62962962962963, 4, 2.962962962962963, 7, 5.185185185185185, 3, 2.2222222222222223, 4, 2.962962962962963, 3, 2.2222222222222223, 0, 0., 0, 0., 0, 0., 3, 2.2222222222222223, 0, 0., 0, 0., 0, 0., 4, 2.962962962962963, 0, 0., 0, 0., 0, 0., 6, 4.444444444444445, 0, 0., 0, 0., 0, 0., 2, 1.4814814814814814, 0, 0., 0, 0., 0, 0., 0, 0., 0, 0., 0, 0., 0, 0., 0, 0., 0, 0., 0, 0., 0, 0., 0, 0., 0, 0., 5, 3.7037037037037037, 0, 0., 0, 0., 146, 128, 274, 135, 0.4927007299270073
, generated\gt\sample_000342.krn, generated\xml_trimmed_oemer\sample_000342.xml, 0, 0., 102, 61.81818181818182, 10, 6.0606060606060606, 21, 12.727272727272727, 3, 1.8181818181818181, 0, 0., 0, 0., 0, 0., 0, 0., 1, 0.6060606060606061, 3, 1.8181818181818181, 0, 0., 0, 0., 2, 1.2121212121212122, 4, 2.4242424242424243, 6, 3.6363636363636362, 0, 0., 0, 0., 0, 0., 0, 0., 0, 0., 0, 0., 8, 4.848484848484849, 0, 0., 0, 0., 0, 0., 0, 0., 0, 0., 0, 0., 0, 0., 0, 0., 0, 0., 0, 0., 0, 0., 0, 0., 0, 0., 5, 3.0303030303030303, 0, 0., 0, 0., 170, 164, 334, 165, 0.4940119760479042
, generated\gt\sample_000287.krn, generated\xml_trimmed_oemer\sample_000287.xml, 0, 0., 50, 46.2962962962963, 4, 3.7037037037037037, 8, 7.407407407407407, 2, 1.8518518518518519, 0, 0., 0, 0., 0, 0., 0, 0., 1, 0.9259259259259259, 0, 0., 0, 0., 0, 0., 2, 1.8518518518518519, 2, 1.8518518518518519, 0, 0., 0, 0., 0, 0., 0, 0., 0, 0., 0, 0., 0, 0., 3, 2.7777777777777777, 0, 0., 0, 0., 0, 0., 0, 0., 0, 0., 0, 0., 0, 0., 0, 0., 0, 0., 36, 33.333333333333336, 0, 0., 0, 0., 0, 0., 0, 0., 0, 0., 0, 0., 113, 105, 218, 108, 0.4954128440366973
, generated\gt\sample_000114.krn, generated\xml_trimmed_oemer\sample_000114.xml, 0, 0., 110, 45.08196721311475, 8, 3.278688524590164, 18, 7.377049180327869, 23, 9.426229508196721, 0, 0., 7, 2.8688524590163933, 0, 0., 0, 0., 0, 0., 0, 0., 0, 0., 0, 0., 0, 0., 4, 1.639344262295082, 0, 0., 0, 0., 0, 0., 0, 0., 0, 0., 0, 0., 0, 0., 12, 4.918032786885246, 0, 0., 0, 0., 0, 0., 0, 0., 0, 0., 0, 0., 0, 0., 0, 0., 0, 0., 57, 23.360655737704917, 0, 0., 0, 0., 0, 0., 5, 2.0491803278688523, 0, 0., 0, 0., 246, 246, 492, 244, 0.4959349593495935
, generated\gt\sample_000357.krn, generated\xml_trimmed_oemer\sample_000357.xml, 0, 0., 76, 50.33112582781457, 4, 2.6490066225165565, 21, 13.907284768211921, 10, 6.622516556291391, 0, 0., 1, 0.6622516556291391, 0, 0., 0, 0., 2, 1.3245033112582782, 0, 0., 1, 0.6622516556291391, 0, 0., 0, 0., 4, 2.6490066225165565, 0, 0., 0, 0., 4, 2.6490066225165565, 0, 0., 0, 0., 0, 0., 0, 0., 5, 3.3112582781456954, 0, 0., 0, 0., 0, 0., 0, 0., 0, 0., 0, 0., 0, 0., 0, 0., 0, 0., 18, 11.920529801324504, 0, 0., 0, 0., 0, 0., 5, 3.3112582781456954, 0, 0., 0, 0., 152, 150, 302, 151, 0.5
, generated\gt\sample_000482.krn, generated\xml_trimmed_oemer\sample_000482.xml, 0, 0., 126, 69.61325966850829, 8, 4.419889502762431, 19, 10.497237569060774, 1, 0.5524861878453039, 0, 0., 14, 7.734806629834254, 0, 0., 0, 0., 0, 0., 0, 0., 0, 0., 0, 0., 2, 1.1049723756906078, 4, 2.2099447513812156, 0, 0., 0, 0., 0, 0., 0, 0., 0, 0., 0, 0., 0, 0., 2, 1.1049723756906078, 0, 0., 0, 0., 0, 0., 0, 0., 0, 0., 0, 0., 0, 0., 0, 0., 0, 0., 0, 0., 0, 0., 0, 0., 0, 0., 5, 2.7624309392265194, 0, 0., 0, 0., 186, 175, 361, 181, 0.5013850415512465
, generated\gt\sample_000521.krn, generated\xml_trimmed_oemer\sample_000521.xml, 0, 0., 103, 63.975155279503106, 4, 2.484472049689441, 7, 4.3478260869565215, 0, 0., 0, 0., 0, 0., 0, 0., 0, 0., 0, 0., 4, 2.484472049689441, 1, 0.6211180124223602, 0, 0., 2, 1.2422360248447204, 4, 2.484472049689441, 0, 0., 0, 0., 0, 0., 5, 3.1055900621118013, 0, 0., 0, 0., 0, 0., 4, 2.484472049689441, 0, 0., 0, 0., 0, 0., 0, 0., 0, 0., 0, 0., 0, 0., 0, 0., 0, 0., 22, 13.664596273291925, 0, 0., 0, 0., 0, 0., 5, 3.1055900621118013, 0, 0., 0, 0., 176, 145, 321, 161, 0.5015576323987538
, generated\gt\sample_000411.krn, generated\xml_trimmed_oemer\sample_000411.xml, 0, 0., 181, 71.82539682539682, 8, 3.1746031746031744, 35, 13.88888888888889, 2, 0.7936507936507936, 0, 0., 3, 1.1904761904761905, 0, 0., 0, 0., 0, 0., 7, 2.7777777777777777, 0, 0., 0, 0., 0, 0., 4, 1.5873015873015872, 0, 0., 0, 0., 0, 0., 0, 0., 0, 0., 0, 0., 0, 0., 7, 2.7777777777777777, 0, 0., 0, 0., 0, 0., 0, 0., 0, 0., 0, 0., 0, 0., 0, 0., 0, 0., 0, 0., 0, 0., 0, 0., 0, 0., 5, 1.9841269841269842, 0, 0., 0, 0., 282, 220, 502, 252, 0.50199203187251
, generated\gt\sample_000145.krn, generated\xml_trimmed_oemer\sample_000145.xml, 0, 0., 116, 60.73298429319372, 14, 7.329842931937173, 37, 19.3717277486911, 5, 2.6178010471204187, 0, 0., 7, 3.6649214659685865, 0, 0., 0, 0., 0, 0., 1, 0.5235602094240838, 2, 1.0471204188481675, 0, 0., 0, 0., 4, 2.094240837696335, 0, 0., 0, 0., 0, 0., 0, 0., 0, 0., 0, 0., 0, 0., 0, 0., 0, 0., 0, 0., 0, 0., 0, 0., 0, 0., 0, 0., 0, 0., 0, 0., 0, 0., 0, 0., 0, 0., 0, 0., 0, 0., 5, 2.6178010471204187, 0, 0., 0, 0., 193, 186, 379, 191, 0.503957783641161
, generated\gt\sample_000249.krn, generated\xml_trimmed_oemer\sample_000249.xml, 0, 0., 54, 32.33532934131737, 44, 26.347305389221557, 0, 0., 15, 8.982035928143713, 0, 0., 8, 4.790419161676646, 0, 0., 0, 0., 3, 1.7964071856287425, 1, 0.5988023952095808, 2, 1.1976047904191616, 0, 0., 2, 1.1976047904191616, 4, 2.395209580838323, 0, 0., 0, 0., 0, 0., 0, 0., 0, 0., 0, 0., 0, 0., 8, 4.790419161676646, 0, 0., 0, 0., 0, 0., 0, 0., 0, 0., 0, 0., 0, 0., 0, 0., 0, 0., 21, 12.574850299401197, 0, 0., 0, 0., 0, 0., 5, 2.9940119760479043, 0, 0., 0, 0., 186, 145, 331, 167, 0.5045317220543807
, generated\gt\sample_000111.krn, generated\xml_trimmed_oemer\sample_000111.xml, 0, 0., 219, 65.17857142857143, 2, 0.5952380952380952, 96, 28.571428571428573, 2, 0.5952380952380952, 0, 0., 3, 0.8928571428571429, 0, 0., 0, 0., 2, 0.5952380952380952, 0, 0., 0, 0., 0, 0., 0, 0., 4, 1.1904761904761905, 0, 0., 0, 0., 0, 0., 0, 0., 0, 0., 0, 0., 0, 0., 3, 0.8928571428571429, 0, 0., 0, 0., 0, 0., 0, 0., 0, 0., 0, 0., 0, 0., 0, 0., 0, 0., 0, 0., 0, 0., 0, 0., 0, 0., 5, 1.4880952380952381, 0, 0., 0, 0., 341, 322, 663, 336, 0.5067873303167421
, generated\gt\sample_000378.krn, generated\xml_trimmed_oemer\sample_000378.xml, 0, 0., 45, 26.162790697674417, 4, 2.3255813953488373, 8, 4.651162790697675, 3, 1.744186046511628, 0, 0., 5, 2.9069767441860463, 0, 0., 0, 0., 0, 0., 8, 4.651162790697675, 0, 0., 0, 0., 0, 0., 4, 2.3255813953488373, 0, 0., 0, 0., 0, 0., 0, 0., 0, 0., 0, 0., 0, 0., 7, 4.069767441860465, 0, 0., 0, 0., 0, 0., 0, 0., 0, 0., 0, 0., 0, 0., 0, 0., 0, 0., 83, 48.25581395348837, 0, 0., 0, 0., 0, 0., 5, 2.9069767441860463, 0, 0., 0, 0., 167, 172, 339, 172, 0.5073746312684366
, generated\gt\sample_000385.krn, generated\xml_trimmed_oemer\sample_000385.xml, 0, 0., 76, 43.42857142857143, 0, 0., 33, 18.857142857142858, 2, 1.1428571428571428, 0, 0., 2, 1.1428571428571428, 0, 0., 0, 0., 0, 0., 0, 0., 0, 0., 0, 0., 0, 0., 2, 1.1428571428571428, 0, 0., 0, 0., 0, 0., 0, 0., 0, 0., 0, 0., 0, 0., 0, 0., 0, 0., 0, 0., 0, 0., 0, 0., 0, 0., 0, 0., 0, 0., 0, 0., 0, 0., 60, 34.285714285714285, 0, 0., 0, 0., 0, 0., 0, 0., 0, 0., 0, 0., 150, 194, 344, 175, 0.5087209302325582
, generated\gt\sample_000239.krn, generated\xml_trimmed_oemer\sample_000239.xml, 0, 0., 61, 44.85294117647059, 0, 0., 26, 19.11764705882353, 0, 0., 0, 0., 0, 0., 0, 0., 0, 0., 0, 0., 2, 1.4705882352941178, 0, 0., 0, 0., 0, 0., 2, 1.4705882352941178, 0, 0., 0, 0., 0, 0., 0, 0., 0, 0., 0, 0., 0, 0., 5, 3.676470588235294, 0, 0., 0, 0., 0, 0., 0, 0., 0, 0., 0, 0., 0, 0., 0, 0., 0, 0., 40, 29.41176470588235, 0, 0., 0, 0., 0, 0., 0, 0., 0, 0., 0, 0., 132, 135, 267, 136, 0.5093632958801498
, generated\gt\sample_000522.krn, generated\xml_trimmed_oemer\sample_000522.xml, 0, 0., 127, 55.21739130434783, 0, 0., 12, 5.217391304347826, 0, 0., 0, 0., 4, 1.7391304347826086, 0, 0., 0, 0., 4, 1.7391304347826086, 1, 0.43478260869565216, 0, 0., 0, 0., 0, 0., 4, 1.7391304347826086, 0, 0., 0, 0., 0, 0., 0, 0., 0, 0., 0, 0., 0, 0., 2, 0.8695652173913043, 0, 0., 0, 0., 0, 0., 0, 0., 0, 0., 0, 0., 0, 0., 0, 0., 0, 0., 71, 30.869565217391305, 0, 0., 0, 0., 0, 0., 5, 2.1739130434782608, 0, 0., 0, 0., 235, 216, 451, 230, 0.5099778270509978
, generated\gt\sample_000279.krn, generated\xml_trimmed_oemer\sample_000279.xml, 0, 0., 16, 11.03448275862069, 4, 2.7586206896551726, 18, 12.413793103448276, 0, 0., 0, 0., 2, 1.3793103448275863, 0, 0., 0, 0., 0, 0., 2, 1.3793103448275863, 0, 0., 0, 0., 2, 1.3793103448275863, 2, 1.3793103448275863, 4, 2.7586206896551726, 0, 0., 4, 2.7586206896551726, 0, 0., 0, 0., 0, 0., 0, 0., 3, 2.0689655172413794, 0, 0., 0, 0., 0, 0., 0, 0., 0, 0., 0, 0., 0, 0., 0, 0., 0, 0., 83, 57.241379310344826, 0, 0., 0, 0., 0, 0., 5, 3.4482758620689653, 0, 0., 0, 0., 173, 110, 283, 145, 0.5123674911660777
, generated\gt\sample_000637.krn, generated\xml_trimmed_oemer\sample_000637.xml, 0, 0., 181, 71.54150197628458, 6, 2.3715415019762847, 49, 19.367588932806324, 4, 1.5810276679841897, 0, 0., 1, 0.3952569169960474, 0, 0., 0, 0., 1, 0.3952569169960474, 0, 0., 0, 0., 0, 0., 0, 0., 4, 1.5810276679841897, 2, 0.7905138339920948, 0, 0., 0, 0., 0, 0., 0, 0., 0, 0., 0, 0., 0, 0., 0, 0., 0, 0., 0, 0., 0, 0., 0, 0., 0, 0., 0, 0., 0, 0., 0, 0., 0, 0., 0, 0., 0, 0., 0, 0., 5, 1.976284584980237, 0, 0., 0, 0., 246, 246, 492, 253, 0.5142276422764228
, generated\gt\sample_000228.krn, generated\xml_trimmed_oemer\sample_000228.xml, 0, 0., 153, 74.27184466019418, 2, 0.970873786407767, 40, 19.41747572815534, 2, 0.970873786407767, 0, 0., 0, 0., 0, 0., 0, 0., 0, 0., 0, 0., 0, 0., 0, 0., 2, 0.970873786407767, 2, 0.970873786407767, 0, 0., 0, 0., 0, 0., 0, 0., 0, 0., 0, 0., 0, 0., 0, 0., 0, 0., 0, 0., 0, 0., 0, 0., 0, 0., 0, 0., 0, 0., 0, 0., 0, 0., 0, 0., 0, 0., 0, 0., 0, 0., 5, 2.4271844660194173, 0, 0., 0, 0., 196, 202, 398, 206, 0.5175879396984925
, generated\gt\sample_000354.krn, generated\xml_trimmed_oemer\sample_000354.xml, 0, 0., 55, 29.1005291005291, 2, 1.0582010582010581, 27, 14.285714285714286, 0, 0., 2, 1.0582010582010581, 2, 1.0582010582010581, 0, 0., 0, 0., 0, 0., 0, 0., 0, 0., 0, 0., 0, 0., 1, 0.5291005291005291, 0, 0., 0, 0., 0, 0., 0, 0., 0, 0., 0, 0., 0, 0., 8, 4.232804232804233, 0, 0., 0, 0., 0, 0., 0, 0., 0, 0., 0, 0., 0, 0., 0, 0., 0, 0., 92, 48.67724867724868, 0, 0., 0, 0., 0, 0., 0, 0., 0, 0., 0, 0., 164, 201, 365, 189, 0.5178082191780822
, generated\gt\sample_000662.krn, generated\xml_trimmed_oemer\sample_000662.xml, 0, 0., 81, 64.8, 6, 4.8, 11, 8.8, 3, 2.4, 0, 0., 3, 2.4, 0, 0., 0, 0., 0, 0., 6, 4.8, 1, 0.8, 0, 0., 0, 0., 2, 1.6, 0, 0., 0, 0., 0, 0., 0, 0., 0, 0., 0, 0., 0, 0., 7, 5.6, 0, 0., 0, 0., 0, 0., 0, 0., 0, 0., 0, 0., 0, 0., 0, 0., 0, 0., 0, 0., 0, 0., 0, 0., 0, 0., 5, 4.0, 0, 0., 0, 0., 125, 116, 241, 125, 0.5186721991701245
, generated\gt\sample_000672.krn, generated\xml_trimmed_oemer\sample_000672.xml, 0, 0., 25, 10.0, 14, 5.6, 29, 11.6, 2, 0.8, 0, 0., 6, 2.4, 0, 0., 0, 0., 0, 0., 12, 4.8, 0, 0., 0, 0., 0, 0., 4, 1.6, 0, 0., 0, 0., 0, 0., 0, 0., 0, 0., 0, 0., 0, 0., 2, 0.8, 0, 0., 0, 0., 0, 0., 0, 0., 0, 0., 0, 0., 0, 0., 0, 0., 0, 0., 151, 60.4, 0, 0., 0, 0., 0, 0., 5, 2.0, 0, 0., 0, 0., 257, 223, 480, 250, 0.5208333333333334
, generated\gt\sample_000355.krn, generated\xml_trimmed_oemer\sample_000355.xml, 0, 0., 131, 50.0, 0, 0., 48, 18.3206106870229, 0, 0., 0, 0., 0, 0., 0, 0., 0, 0., 0, 0., 0, 0., 0, 0., 0, 0., 1, 0.3816793893129771, 2, 0.7633587786259542, 1, 0.3816793893129771, 0, 0., 2, 0.7633587786259542, 0, 0., 0, 0., 0, 0., 0, 0., 0, 0., 0, 0., 0, 0., 0, 0., 0, 0., 0, 0., 0, 0., 0, 0., 0, 0., 0, 0., 77, 29.389312977099237, 0, 0., 0, 0., 0, 0., 0, 0., 0, 0., 0, 0., 320, 182, 502, 262, 0.5219123505976095
, generated\gt\sample_000062.krn, generated\xml_trimmed_oemer\sample_000062.xml, 0, 0., 13, 11.607142857142858, 2, 1.7857142857142858, 20, 17.857142857142858, 0, 0., 0, 0., 5, 4.464285714285714, 0, 0., 0, 0., 0, 0., 0, 0., 0, 0., 0, 0., 0, 0., 2, 1.7857142857142858, 0, 0., 0, 0., 0, 0., 0, 0., 0, 0., 0, 0., 0, 0., 1, 0.8928571428571429, 0, 0., 0, 0., 0, 0., 0, 0., 0, 0., 0, 0., 0, 0., 0, 0., 0, 0., 69, 61.607142857142854, 0, 0., 0, 0., 0, 0., 0, 0., 0, 0., 0, 0., 125, 89, 214, 112, 0.5233644859813084
, generated\gt\sample_000116.krn, generated\xml_trimmed_oemer\sample_000116.xml, 0, 0., 129, 41.21405750798722, 6, 1.9169329073482428, 31, 9.904153354632587, 0, 0., 0, 0., 7, 2.236421725239617, 0, 0., 0, 0., 0, 0., 21, 6.7092651757188495, 0, 0., 0, 0., 1, 0.3194888178913738, 4, 1.2779552715654952, 0, 0., 0, 0., 0, 0., 0, 0., 0, 0., 0, 0., 0, 0., 0, 0., 0, 0., 0, 0., 0, 0., 0, 0., 0, 0., 0, 0., 0, 0., 0, 0., 0, 0., 109, 34.82428115015974, 0, 0., 0, 0., 0, 0., 5, 1.597444089456869, 0, 0., 0, 0., 297, 298, 595, 313, 0.5260504201680672
, generated\gt\sample_000113.krn, generated\xml_trimmed_oemer\sample_000113.xml, 0, 0., 91, 50.55555555555556, 4, 2.2222222222222223, 12, 6.666666666666667, 15, 8.333333333333334, 0, 0., 0, 0., 0, 0., 0, 0., 0, 0., 0, 0., 0, 0., 0, 0., 0, 0., 4, 2.2222222222222223, 0, 0., 0, 0., 0, 0., 0, 0., 0, 0., 0, 0., 0, 0., 8, 4.444444444444445, 0, 0., 0, 0., 0, 0., 0, 0., 0, 0., 0, 0., 0, 0., 0, 0., 0, 0., 41, 22.77777777777778, 0, 0., 0, 0., 0, 0., 5, 2.7777777777777777, 0, 0., 0, 0., 206, 136, 342, 180, 0.5263157894736842
, generated\gt\sample_000507.krn, generated\xml_trimmed_oemer\sample_000507.xml, 0, 0., 43, 24.85549132947977, 20, 11.560693641618498, 10, 5.780346820809249, 0, 0., 0, 0., 6, 3.468208092485549, 0, 0., 0, 0., 0, 0., 21, 12.138728323699421, 0, 0., 0, 0., 2, 1.1560693641618498, 4, 2.3121387283236996, 2, 1.1560693641618498, 0, 0., 4, 2.3121387283236996, 0, 0., 0, 0., 0, 0., 0, 0., 3, 1.7341040462427746, 0, 0., 0, 0., 0, 0., 0, 0., 0, 0., 0, 0., 0, 0., 0, 0., 0, 0., 53, 30.63583815028902, 0, 0., 0, 0., 0, 0., 5, 2.8901734104046244, 0, 0., 0, 0., 202, 123, 325, 173, 0.5323076923076923
, generated\gt\sample_000660.krn, generated\xml_trimmed_oemer\sample_000660.xml, 0, 0., 49, 62.0253164556962, 4, 5.063291139240507, 6, 7.594936708860759, 0, 0., 0, 0., 0, 0., 0, 0., 0, 0., 0, 0., 2, 2.5316455696202533, 0, 0., 0, 0., 0, 0., 2, 2.5316455696202533, 0, 0., 0, 0., 0, 0., 0, 0., 0, 0., 0, 0., 0, 0., 3, 3.7974683544303796, 0, 0., 0, 0., 0, 0., 0, 0., 0, 0., 0, 0., 0, 0., 0, 0., 0, 0., 8, 10.126582278481013, 0, 0., 0, 0., 0, 0., 5, 6.329113924050633, 0, 0., 0, 0., 72, 76, 148, 79, 0.5337837837837838
, generated\gt\sample_000099.krn, generated\xml_trimmed_oemer\sample_000099.xml, 0, 0., 132, 55.932203389830505, 14, 5.932203389830509, 8, 3.389830508474576, 5, 2.1186440677966103, 0, 0., 10, 4.237288135593221, 0, 0., 0, 0., 6, 2.542372881355932, 5, 2.1186440677966103, 0, 0., 0, 0., 2, 0.847457627118644, 4, 1.694915254237288, 0, 0., 0, 0., 0, 0., 0, 0., 0, 0., 0, 0., 0, 0., 6, 2.542372881355932, 0, 0., 0, 0., 0, 0., 0, 0., 0, 0., 0, 0., 0, 0., 0, 0., 0, 0., 39, 16.52542372881356, 0, 0., 0, 0., 0, 0., 5, 2.1186440677966103, 0, 0., 0, 0., 227, 215, 442, 236, 0.5339366515837104
, generated\gt\sample_000523.krn, generated\xml_trimmed_oemer\sample_000523.xml, 0, 0., 57, 33.13953488372093, 6, 3.488372093023256, 30, 17.441860465116278, 1, 0.5813953488372093, 0, 0., 0, 0., 0, 0., 0, 0., 0, 0., 3, 1.744186046511628, 0, 0., 0, 0., 0, 0., 2, 1.1627906976744187, 0, 0., 0, 0., 0, 0., 0, 0., 0, 0., 0, 0., 0, 0., 7, 4.069767441860465, 0, 0., 0, 0., 0, 0., 0, 0., 0, 0., 0, 0., 0, 0., 0, 0., 0, 0., 66, 38.372093023255815, 0, 0., 0, 0., 0, 0., 0, 0., 0, 0., 0, 0., 146, 175, 321, 172, 0.5358255451713395
, generated\gt\sample_000282.krn, generated\xml_trimmed_oemer\sample_000282.xml, 0, 0., 137, 56.14754098360656, 2, 0.819672131147541, 28, 11.475409836065573, 0, 0., 0, 0., 7, 2.8688524590163933, 0, 0., 0, 0., 0, 0., 17, 6.967213114754099, 0, 0., 0, 0., 0, 0., 2, 0.819672131147541, 0, 0., 0, 0., 0, 0., 0, 0., 0, 0., 0, 0., 0, 0., 5, 2.0491803278688523, 0, 0., 0, 0., 0, 0., 0, 0., 0, 0., 0, 0., 0, 0., 0, 0., 0, 0., 41, 16.80327868852459, 0, 0., 0, 0., 0, 0., 5, 2.0491803278688523, 0, 0., 0, 0., 228, 225, 453, 244, 0.5386313465783664
, generated\gt\sample_000640.krn, generated\xml_trimmed_oemer\sample_000640.xml, 0, 0., 216, 70.81967213114754, 6, 1.9672131147540983, 43, 14.098360655737705, 4, 1.3114754098360655, 0, 0., 13, 4.262295081967213, 0, 0., 0, 0., 4, 1.3114754098360655, 10, 3.278688524590164, 0, 0., 0, 0., 0, 0., 4, 1.3114754098360655, 0, 0., 0, 0., 0, 0., 0, 0., 0, 0., 0, 0., 0, 0., 0, 0., 0, 0., 0, 0., 0, 0., 0, 0., 0, 0., 0, 0., 0, 0., 0, 0., 0, 0., 0, 0., 0, 0., 0, 0., 0, 0., 5, 1.639344262295082, 0, 0., 0, 0., 288, 273, 561, 305, 0.5436720142602496
, generated\gt\sample_000442.krn, generated\xml_trimmed_oemer\sample_000442.xml, 0, 0., 86, 53.75, 6, 3.75, 23, 14.375, 7, 4.375, 0, 0., 0, 0., 0, 0., 0, 0., 0, 0., 0, 0., 2, 1.25, 0, 0., 0, 0., 4, 2.5, 0, 0., 0, 0., 0, 0., 0, 0., 0, 0., 0, 0., 0, 0., 11, 6.875, 0, 0., 0, 0., 0, 0., 0, 0., 0, 0., 0, 0., 0, 0., 0, 0., 0, 0., 16, 10.0, 0, 0., 0, 0., 0, 0., 5, 3.125, 0, 0., 0, 0., 154, 140, 294, 160, 0.54421768707483
, generated\gt\sample_000248.krn, generated\xml_trimmed_oemer\sample_000248.xml, 0, 0., 153, 68.30357142857143, 18, 8.035714285714286, 1, 0.44642857142857145, 14, 6.25, 0, 0., 9, 4.017857142857143, 0, 0., 0, 0., 3, 1.3392857142857142, 0, 0., 0, 0., 0, 0., 2, 0.8928571428571429, 4, 1.7857142857142858, 4, 1.7857142857142858, 0, 0., 0, 0., 0, 0., 0, 0., 0, 0., 0, 0., 11, 4.910714285714286, 0, 0., 0, 0., 0, 0., 0, 0., 0, 0., 0, 0., 0, 0., 0, 0., 0, 0., 0, 0., 0, 0., 0, 0., 0, 0., 5, 2.232142857142857, 0, 0., 0, 0., 228, 182, 410, 224, 0.5463414634146342
, generated\gt\sample_000107.krn, generated\xml_trimmed_oemer\sample_000107.xml, 0, 0., 87, 41.6267942583732, 0, 0., 43, 20.574162679425836, 1, 0.4784688995215311, 0, 0., 4, 1.9138755980861244, 0, 0., 0, 0., 0, 0., 3, 1.4354066985645932, 0, 0., 0, 0., 3, 1.4354066985645932, 4, 1.9138755980861244, 0, 0., 0, 0., 0, 0., 0, 0., 0, 0., 0, 0., 0, 0., 3, 1.4354066985645932, 0, 0., 0, 0., 0, 0., 0, 0., 0, 0., 0, 0., 0, 0., 0, 0., 0, 0., 56, 26.794258373205743, 0, 0., 0, 0., 0, 0., 5, 2.3923444976076556, 0, 0., 0, 0., 197, 183, 380, 209, 0.55
, generated\gt\sample_000679.krn, generated\xml_trimmed_oemer\sample_000679.xml, 0, 0., 79, 40.101522842639596, 12, 6.091370558375634, 27, 13.705583756345177, 7, 3.553299492385787, 0, 0., 4, 2.030456852791878, 0, 0., 0, 0., 1, 0.5076142131979695, 6, 3.045685279187817, 0, 0., 0, 0., 2, 1.015228426395939, 4, 2.030456852791878, 0, 0., 0, 0., 0, 0., 0, 0., 0, 0., 0, 0., 0, 0., 7, 3.553299492385787, 0, 0., 0, 0., 0, 0., 0, 0., 0, 0., 0, 0., 0, 0., 0, 0., 0, 0., 43, 21.82741116751269, 0, 0., 0, 0., 0, 0., 5, 2.5380710659898478, 0, 0., 0, 0., 200, 156, 356, 197, 0.5533707865168539
, generated\gt\sample_000115.krn, generated\xml_trimmed_oemer\sample_000115.xml, 0, 0., 202, 69.41580756013745, 10, 3.4364261168384878, 40, 13.745704467353951, 1, 0.3436426116838488, 0, 0., 3, 1.0309278350515463, 0, 0., 0, 0., 0, 0., 23, 7.903780068728523, 0, 0., 0, 0., 3, 1.0309278350515463, 4, 1.3745704467353952, 0, 0., 0, 0., 0, 0., 0, 0., 0, 0., 0, 0., 0, 0., 0, 0., 0, 0., 0, 0., 0, 0., 0, 0., 0, 0., 0, 0., 0, 0., 0, 0., 0, 0., 0, 0., 0, 0., 0, 0., 0, 0., 5, 1.7182130584192439, 0, 0., 0, 0., 278, 247, 525, 291, 0.5542857142857143
, generated\gt\sample_000326.krn, generated\xml_trimmed_oemer\sample_000326.xml, 0, 0., 97, 53.591160220994475, 8, 4.419889502762431, 8, 4.419889502762431, 2, 1.1049723756906078, 0, 0., 1, 0.5524861878453039, 0, 0., 0, 0., 1, 0.5524861878453039, 0, 0., 0, 0., 0, 0., 4, 2.2099447513812156, 4, 2.2099447513812156, 0, 0., 0, 0., 0, 0., 0, 0., 0, 0., 0, 0., 0, 0., 4, 2.2099447513812156, 0, 0., 0, 0., 0, 0., 0, 0., 0, 0., 0, 0., 0, 0., 0, 0., 0, 0., 47, 25.96685082872928, 0, 0., 0, 0., 0, 0., 5, 2.7624309392265194, 0, 0., 0, 0., 178, 148, 326, 181, 0.5552147239263804
, generated\gt\sample_000185.krn, generated\xml_trimmed_oemer\sample_000185.xml, 0, 0., 126, 72.41379310344827, 6, 3.4482758620689653, 22, 12.64367816091954, 0, 0., 0, 0., 0, 0., 0, 0., 0, 0., 0, 0., 2, 1.1494252873563218, 3, 1.7241379310344827, 0, 0., 0, 0., 2, 1.1494252873563218, 0, 0., 0, 0., 0, 0., 3, 1.7241379310344827, 0, 0., 0, 0., 0, 0., 5, 2.8735632183908044, 0, 0., 0, 0., 0, 0., 0, 0., 0, 0., 0, 0., 0, 0., 0, 0., 0, 0., 0, 0., 0, 0., 0, 0., 0, 0., 5, 2.8735632183908044, 0, 0., 0, 0., 161, 152, 313, 174, 0.5559105431309904
, generated\gt\sample_000005.krn, generated\xml_trimmed_oemer\sample_000005.xml, 0, 0., 263, 71.27371273712737, 0, 0., 82, 22.22222222222222, 2, 0.5420054200542005, 0, 0., 10, 2.710027100271003, 0, 0., 0, 0., 1, 0.27100271002710025, 0, 0., 0, 0., 0, 0., 0, 0., 4, 1.084010840108401, 0, 0., 0, 0., 0, 0., 0, 0., 0, 0., 0, 0., 0, 0., 2, 0.5420054200542005, 0, 0., 0, 0., 0, 0., 0, 0., 0, 0., 0, 0., 0, 0., 0, 0., 0, 0., 0, 0., 0, 0., 0, 0., 0, 0., 5, 1.3550135501355014, 0, 0., 0, 0., 347, 316, 663, 369, 0.5565610859728507
, generated\gt\sample_000506.krn, generated\xml_trimmed_oemer\sample_000506.xml, 0, 0., 178, 74.16666666666667, 6, 2.5, 25, 10.416666666666666, 3, 1.25, 0, 0., 0, 0., 0, 0., 0, 0., 0, 0., 17, 7.083333333333333, 0, 0., 0, 0., 0, 0., 4, 1.6666666666666667, 0, 0., 0, 0., 0, 0., 0, 0., 0, 0., 0, 0., 0, 0., 2, 0.8333333333333334, 0, 0., 0, 0., 0, 0., 0, 0., 0, 0., 0, 0., 0, 0., 0, 0., 0, 0., 0, 0., 0, 0., 0, 0., 0, 0., 5, 2.0833333333333335, 0, 0., 0, 0., 239, 191, 430, 240, 0.5581395348837209
, generated\gt\sample_000278.krn, generated\xml_trimmed_oemer\sample_000278.xml, 0, 0., 151, 61.1336032388664, 2, 0.8097165991902834, 23, 9.31174089068826, 0, 0., 0, 0., 1, 0.4048582995951417, 0, 0., 0, 0., 0, 0., 3, 1.214574898785425, 0, 0., 0, 0., 1, 0.4048582995951417, 2, 0.8097165991902834, 0, 0., 0, 0., 0, 0., 0, 0., 0, 0., 0, 0., 0, 0., 9, 3.6437246963562755, 0, 0., 0, 0., 0, 0., 0, 0., 0, 0., 0, 0., 0, 0., 0, 0., 0, 0., 50, 20.242914979757085, 0, 0., 0, 0., 0, 0., 5, 2.0242914979757085, 0, 0., 0, 0., 223, 217, 440, 247, 0.5613636363636364
, generated\gt\sample_000216.krn, generated\xml_trimmed_oemer\sample_000216.xml, 0, 0., 118, 71.08433734939759, 0, 0., 27, 16.265060240963855, 9, 5.421686746987952, 0, 0., 0, 0., 0, 0., 0, 0., 0, 0., 0, 0., 0, 0., 0, 0., 0, 0., 4, 2.4096385542168677, 0, 0., 0, 0., 0, 0., 0, 0., 0, 0., 0, 0., 0, 0., 3, 1.8072289156626506, 0, 0., 0, 0., 0, 0., 0, 0., 0, 0., 0, 0., 0, 0., 0, 0., 0, 0., 0, 0., 0, 0., 0, 0., 0, 0., 5, 3.0120481927710845, 0, 0., 0, 0., 146, 148, 294, 166, 0.564625850340136
, generated\gt\sample_000546.krn, generated\xml_trimmed_oemer\sample_000546.xml, 0, 0., 191, 76.70682730923694, 6, 2.4096385542168677, 38, 15.261044176706827, 0, 0., 2, 0.8032128514056225, 0, 0., 0, 0., 0, 0., 0, 0., 0, 0., 0, 0., 0, 0., 0, 0., 4, 1.606425702811245, 0, 0., 0, 0., 0, 0., 0, 0., 0, 0., 0, 0., 0, 0., 3, 1.2048192771084338, 0, 0., 0, 0., 0, 0., 0, 0., 0, 0., 0, 0., 0, 0., 0, 0., 0, 0., 0, 0., 0, 0., 0, 0., 0, 0., 5, 2.0080321285140563, 0, 0., 0, 0., 237, 202, 439, 249, 0.5671981776765376
, generated\gt\sample_000553.krn, generated\xml_trimmed_oemer\sample_000553.xml, 0, 0., 114, 75.49668874172185, 4, 2.6490066225165565, 11, 7.28476821192053, 4, 2.6490066225165565, 0, 0., 3, 1.9867549668874172, 0, 0., 0, 0., 0, 0., 3, 1.9867549668874172, 0, 0., 0, 0., 0, 0., 4, 2.6490066225165565, 0, 0., 0, 0., 0, 0., 0, 0., 0, 0., 0, 0., 0, 0., 3, 1.9867549668874172, 0, 0., 0, 0., 0, 0., 0, 0., 0, 0., 0, 0., 0, 0., 0, 0., 0, 0., 0, 0., 0, 0., 0, 0., 0, 0., 5, 3.3112582781456954, 0, 0., 0, 0., 132, 132, 264, 151, 0.571969696969697
, generated\gt\sample_000476.krn, generated\xml_trimmed_oemer\sample_000476.xml, 0, 0., 139, 78.08988764044943, 4, 2.247191011235955, 10, 5.617977528089888, 2, 1.1235955056179776, 0, 0., 3, 1.6853932584269662, 0, 0., 0, 0., 1, 0.5617977528089888, 0, 0., 0, 0., 0, 0., 5, 2.808988764044944, 2, 1.1235955056179776, 0, 0., 0, 0., 0, 0., 0, 0., 0, 0., 0, 0., 0, 0., 7, 3.932584269662921, 0, 0., 0, 0., 0, 0., 0, 0., 0, 0., 0, 0., 0, 0., 0, 0., 0, 0., 0, 0., 0, 0., 0, 0., 0, 0., 5, 2.808988764044944, 0, 0., 0, 0., 159, 152, 311, 178, 0.572347266881029
, generated\gt\sample_000352.krn, generated\xml_trimmed_oemer\sample_000352.xml, 0, 0., 107, 73.28767123287672, 4, 2.73972602739726, 27, 18.493150684931507, 0, 0., 0, 0., 2, 1.36986301369863, 0, 0., 0, 0., 0, 0., 0, 0., 1, 0.684931506849315, 0, 0., 0, 0., 1, 0.684931506849315, 0, 0., 0, 0., 0, 0., 0, 0., 0, 0., 0, 0., 0, 0., 4, 2.73972602739726, 0, 0., 0, 0., 0, 0., 0, 0., 0, 0., 0, 0., 0, 0., 0, 0., 0, 0., 0, 0., 0, 0., 0, 0., 0, 0., 0, 0., 0, 0., 0, 0., 138, 117, 255, 146, 0.5725490196078431
, generated\gt\sample_000105.krn, generated\xml_trimmed_oemer\sample_000105.xml, 0, 0., 119, 67.61363636363636, 0, 0., 32, 18.181818181818183, 4, 2.272727272727273, 0, 0., 0, 0., 0, 0., 0, 0., 0, 0., 0, 0., 2, 1.1363636363636365, 0, 0., 0, 0., 4, 2.272727272727273, 0, 0., 0, 0., 0, 0., 0, 0., 0, 0., 0, 0., 0, 0., 5, 2.840909090909091, 0, 0., 0, 0., 0, 0., 0, 0., 0, 0., 0, 0., 0, 0., 0, 0., 0, 0., 5, 2.840909090909091, 0, 0., 0, 0., 0, 0., 5, 2.840909090909091, 0, 0., 0, 0., 158, 149, 307, 176, 0.5732899022801303
, generated\gt\sample_000030.krn, generated\xml_trimmed_oemer\sample_000030.xml, 0, 0., 154, 72.30046948356808, 6, 2.816901408450704, 25, 11.737089201877934, 2, 0.9389671361502347, 0, 0., 10, 4.694835680751174, 0, 0., 0, 0., 0, 0., 2, 0.9389671361502347, 1, 0.4694835680751174, 0, 0., 2, 0.9389671361502347, 2, 0.9389671361502347, 0, 0., 0, 0., 0, 0., 0, 0., 0, 0., 0, 0., 0, 0., 4, 1.8779342723004695, 0, 0., 0, 0., 0, 0., 0, 0., 0, 0., 0, 0., 0, 0., 0, 0., 0, 0., 0, 0., 0, 0., 0, 0., 0, 0., 5, 2.347417840375587, 0, 0., 0, 0., 201, 170, 371, 213, 0.5741239892183289
, generated\gt\sample_000417.krn, generated\xml_trimmed_oemer\sample_000417.xml, 0, 0., 178, 64.4927536231884, 12, 4.3478260869565215, 35, 12.681159420289855, 0, 0., 0, 0., 0, 0., 0, 0., 0, 0., 0, 0., 0, 0., 0, 0., 0, 0., 0, 0., 4, 1.4492753623188406, 0, 0., 0, 0., 0, 0., 0, 0., 0, 0., 0, 0., 0, 0., 0, 0., 0, 0., 0, 0., 0, 0., 0, 0., 0, 0., 0, 0., 0, 0., 0, 0., 0, 0., 0, 0., 41, 14.855072463768115, 0, 0., 1, 0.36231884057971014, 5, 1.8115942028985508, 0, 0., 0, 0., 274, 206, 480, 276, 0.575
, generated\gt\sample_000222.krn, generated\xml_trimmed_oemer\sample_000222.xml, 0, 0., 129, 70.49180327868852, 18, 9.836065573770492, 6, 3.278688524590164, 5, 2.73224043715847, 2, 1.092896174863388, 9, 4.918032786885246, 0, 0., 0, 0., 0, 0., 3, 1.639344262295082, 0, 0., 0, 0., 0, 0., 4, 2.185792349726776, 0, 0., 0, 0., 0, 0., 0, 0., 0, 0., 0, 0., 0, 0., 2, 1.092896174863388, 0, 0., 0, 0., 0, 0., 0, 0., 0, 0., 0, 0., 0, 0., 0, 0., 0, 0., 0, 0., 0, 0., 0, 0., 0, 0., 5, 2.73224043715847, 0, 0., 0, 0., 164, 154, 318, 183, 0.5754716981132075
, generated\gt\sample_000383.krn, generated\xml_trimmed_oemer\sample_000383.xml, 0, 0., 184, 61.95286195286195, 8, 2.6936026936026938, 36, 12.121212121212121, 1, 0.3367003367003367, 2, 0.6734006734006734, 2, 0.6734006734006734, 0, 0., 0, 0., 0, 0., 2, 0.6734006734006734, 1, 0.3367003367003367, 0, 0., 0, 0., 2, 0.6734006734006734, 0, 0., 0, 0., 0, 0., 0, 0., 0, 0., 0, 0., 0, 0., 7, 2.356902356902357, 0, 0., 0, 0., 0, 0., 0, 0., 0, 0., 0, 0., 0, 0., 0, 0., 0, 0., 47, 15.824915824915825, 0, 0., 0, 0., 0, 0., 5, 1.6835016835016836, 0, 0., 0, 0., 271, 244, 515, 297, 0.5766990291262136
, generated\gt\sample_000259.krn, generated\xml_trimmed_oemer\sample_000259.xml, 0, 0., 100, 39.37007874015748, 2, 0.7874015748031497, 59, 23.228346456692915, 0, 0., 0, 0., 1, 0.3937007874015748, 0, 0., 0, 0., 0, 0., 4, 1.5748031496062993, 0, 0., 0, 0., 0, 0., 2, 0.7874015748031497, 0, 0., 0, 0., 0, 0., 0, 0., 0, 0., 0, 0., 0, 0., 3, 1.1811023622047243, 0, 0., 0, 0., 0, 0., 0, 0., 0, 0., 0, 0., 0, 0., 0, 0., 0, 0., 83, 32.67716535433071, 0, 0., 0, 0., 0, 0., 0, 0., 0, 0., 0, 0., 183, 257, 440, 254, 0.5772727272727273
, generated\gt\sample_000353.krn, generated\xml_trimmed_oemer\sample_000353.xml, 0, 0., 168, 75.0, 0, 0., 54, 24.107142857142858, 0, 0., 0, 0., 0, 0., 0, 0., 0, 0., 0, 0., 0, 0., 0, 0., 0, 0., 0, 0., 1, 0.44642857142857145, 1, 0.44642857142857145, 0, 0., 0, 0., 0, 0., 0, 0., 0, 0., 0, 0., 0, 0., 0, 0., 0, 0., 0, 0., 0, 0., 0, 0., 0, 0., 0, 0., 0, 0., 0, 0., 0, 0., 0, 0., 0, 0., 0, 0., 0, 0., 0, 0., 0, 0., 198, 190, 388, 224, 0.5773195876288659
, generated\gt\sample_000256.krn, generated\xml_trimmed_oemer\sample_000256.xml, 0, 0., 115, 53.24074074074074, 10, 4.62962962962963, 19, 8.796296296296296, 0, 0., 0, 0., 6, 2.7777777777777777, 0, 0., 0, 0., 0, 0., 0, 0., 0, 0., 0, 0., 1, 0.46296296296296297, 2, 0.9259259259259259, 0, 0., 0, 0., 0, 0., 0, 0., 0, 0., 0, 0., 0, 0., 6, 2.7777777777777777, 0, 0., 0, 0., 0, 0., 0, 0., 0, 0., 0, 0., 0, 0., 0, 0., 0, 0., 57, 26.38888888888889, 0, 0., 0, 0., 0, 0., 0, 0., 0, 0., 0, 0., 182, 192, 374, 216, 0.5775401069518716
, generated\gt\sample_000175.krn, generated\xml_trimmed_oemer\sample_000175.xml, 0, 0., 126, 76.36363636363636, 2, 1.2121212121212122, 23, 13.93939393939394, 1, 0.6060606060606061, 0, 0., 0, 0., 0, 0., 0, 0., 1, 0.6060606060606061, 1, 0.6060606060606061, 0, 0., 0, 0., 0, 0., 4, 2.4242424242424243, 0, 0., 0, 0., 0, 0., 0, 0., 0, 0., 0, 0., 0, 0., 2, 1.2121212121212122, 0, 0., 0, 0., 0, 0., 0, 0., 0, 0., 0, 0., 0, 0., 0, 0., 0, 0., 0, 0., 0, 0., 0, 0., 0, 0., 5, 3.0303030303030303, 0, 0., 0, 0., 166, 119, 285, 165, 0.5789473684210527
, generated\gt\sample_000169.krn, generated\xml_trimmed_oemer\sample_000169.xml, 0, 0., 86, 44.329896907216494, 4, 2.0618556701030926, 26, 13.402061855670103, 0, 0., 0, 0., 3, 1.5463917525773196, 0, 0., 0, 0., 0, 0., 1, 0.5154639175257731, 0, 0., 0, 0., 0, 0., 2, 1.0309278350515463, 0, 0., 0, 0., 0, 0., 0, 0., 0, 0., 0, 0., 0, 0., 2, 1.0309278350515463, 0, 0., 0, 0., 0, 0., 0, 0., 0, 0., 0, 0., 0, 0., 0, 0., 0, 0., 70, 36.08247422680412, 0, 0., 0, 0., 0, 0., 0, 0., 0, 0., 0, 0., 155, 178, 333, 194, 0.5825825825825826
, generated\gt\sample_000645.krn, generated\xml_trimmed_oemer\sample_000645.xml, 0, 0., 41, 20.297029702970296, 6, 2.9702970297029703, 24, 11.881188118811881, 2, 0.9900990099009901, 0, 0., 2, 0.9900990099009901, 0, 0., 0, 0., 0, 0., 0, 0., 0, 0., 0, 0., 3, 1.4851485148514851, 2, 0.9900990099009901, 0, 0., 0, 0., 0, 0., 0, 0., 0, 0., 0, 0., 0, 0., 3, 1.4851485148514851, 0, 0., 0, 0., 0, 0., 0, 0., 0, 0., 0, 0., 0, 0., 0, 0., 0, 0., 119, 58.91089108910891, 0, 0., 0, 0., 0, 0., 0, 0., 0, 0., 0, 0., 129, 217, 346, 202, 0.5838150289017341
, generated\gt\sample_000184.krn, generated\xml_trimmed_oemer\sample_000184.xml, 0, 0., 110, 69.62025316455696, 4, 2.5316455696202533, 10, 6.329113924050633, 2, 1.2658227848101267, 0, 0., 0, 0., 0, 0., 0, 0., 0, 0., 7, 4.430379746835443, 0, 0., 0, 0., 0, 0., 2, 1.2658227848101267, 0, 0., 0, 0., 0, 0., 3, 1.8987341772151898, 0, 0., 0, 0., 0, 0., 4, 2.5316455696202533, 0, 0., 0, 0., 0, 0., 0, 0., 0, 0., 0, 0., 0, 0., 0, 0., 0, 0., 11, 6.962025316455696, 0, 0., 0, 0., 0, 0., 5, 3.1645569620253164, 0, 0., 0, 0., 154, 115, 269, 158, 0.587360594795539
, generated\gt\sample_000224.krn, generated\xml_trimmed_oemer\sample_000224.xml, 0, 0., 185, 80.43478260869566, 12, 5.217391304347826, 12, 5.217391304347826, 4, 1.7391304347826086, 0, 0., 8, 3.4782608695652173, 0, 0., 0, 0., 0, 0., 0, 0., 0, 0., 0, 0., 0, 0., 4, 1.7391304347826086, 0, 0., 0, 0., 0, 0., 0, 0., 0, 0., 0, 0., 0, 0., 0, 0., 0, 0., 0, 0., 0, 0., 0, 0., 0, 0., 0, 0., 0, 0., 0, 0., 0, 0., 0, 0., 0, 0., 0, 0., 0, 0., 5, 2.1739130434782608, 0, 0., 0, 0., 208, 183, 391, 230, 0.5882352941176471
, generated\gt\sample_000092.krn, generated\xml_trimmed_oemer\sample_000092.xml, 0, 0., 206, 76.57992565055763, 8, 2.973977695167286, 31, 11.524163568773234, 2, 0.7434944237918215, 0, 0., 0, 0., 0, 0., 0, 0., 0, 0., 0, 0., 0, 0., 0, 0., 0, 0., 4, 1.486988847583643, 0, 0., 0, 0., 0, 0., 0, 0., 0, 0., 0, 0., 0, 0., 13, 4.83271375464684, 0, 0., 0, 0., 0, 0., 0, 0., 0, 0., 0, 0., 0, 0., 0, 0., 0, 0., 0, 0., 0, 0., 0, 0., 0, 0., 5, 1.858736059479554, 0, 0., 0, 0., 237, 220, 457, 269, 0.5886214442013129
, generated\gt\sample_000602.krn, generated\xml_trimmed_oemer\sample_000602.xml, 0, 0., 98, 54.14364640883978, 4, 2.2099447513812156, 20, 11.049723756906078, 0, 0., 0, 0., 0, 0., 0, 0., 0, 0., 0, 0., 6, 3.314917127071823, 0, 0., 0, 0., 2, 1.1049723756906078, 2, 1.1049723756906078, 0, 0., 0, 0., 0, 0., 0, 0., 0, 0., 0, 0., 0, 0., 4, 2.2099447513812156, 0, 0., 0, 0., 0, 0., 0, 0., 0, 0., 0, 0., 0, 0., 0, 0., 0, 0., 45, 24.861878453038674, 0, 0., 0, 0., 0, 0., 0, 0., 0, 0., 0, 0., 151, 156, 307, 181, 0.5895765472312704
, generated\gt\sample_000235.krn, generated\xml_trimmed_oemer\sample_000235.xml, 0, 0., 147, 65.91928251121077, 2, 0.8968609865470852, 6, 2.690582959641256, 3, 1.345291479820628, 0, 0., 4, 1.7937219730941705, 0, 0., 0, 0., 1, 0.4484304932735426, 5, 2.242152466367713, 0, 0., 0, 0., 2, 0.8968609865470852, 4, 1.7937219730941705, 10, 4.484304932735426, 0, 0., 0, 0., 0, 0., 0, 0., 0, 0., 0, 0., 7, 3.1390134529147984, 0, 0., 0, 0., 0, 0., 0, 0., 0, 0., 0, 0., 0, 0., 0, 0., 0, 0., 27, 12.10762331838565, 0, 0., 0, 0., 0, 0., 5, 2.242152466367713, 0, 0., 0, 0., 206, 172, 378, 223, 0.58994708994709
, generated\gt\sample_000189.krn, generated\xml_trimmed_oemer\sample_000189.xml, 0, 0., 51, 38.059701492537314, 2, 1.492537313432836, 9, 6.7164179104477615, 1, 0.746268656716418, 0, 0., 1, 0.746268656716418, 0, 0., 0, 0., 0, 0., 0, 0., 1, 0.746268656716418, 0, 0., 0, 0., 2, 1.492537313432836, 0, 0., 0, 0., 0, 0., 0, 0., 0, 0., 0, 0., 0, 0., 5, 3.7313432835820897, 0, 0., 0, 0., 0, 0., 0, 0., 0, 0., 0, 0., 0, 0., 0, 0., 0, 0., 62, 46.26865671641791, 0, 0., 0, 0., 0, 0., 0, 0., 0, 0., 0, 0., 101, 126, 227, 134, 0.5903083700440529
, generated\gt\sample_000670.krn, generated\xml_trimmed_oemer\sample_000670.xml, 0, 0., 98, 31.21019108280255, 16, 5.095541401273885, 32, 10.19108280254777, 1, 0.3184713375796178, 0, 0., 9, 2.8662420382165603, 0, 0., 0, 0., 0, 0., 0, 0., 2, 0.6369426751592356, 0, 0., 0, 0., 4, 1.2738853503184713, 0, 0., 0, 0., 0, 0., 0, 0., 0, 0., 0, 0., 0, 0., 8, 2.5477707006369426, 0, 0., 0, 0., 0, 0., 0, 0., 0, 0., 0, 0., 0, 0., 0, 0., 0, 0., 139, 44.267515923566876, 0, 0., 0, 0., 0, 0., 5, 1.5923566878980893, 0, 0., 0, 0., 225, 305, 530, 314, 0.5924528301886792
, generated\gt\sample_000172.krn, generated\xml_trimmed_oemer\sample_000172.xml, 0, 0., 92, 45.09803921568628, 18, 8.823529411764707, 2, 0.9803921568627451, 5, 2.450980392156863, 0, 0., 7, 3.4313725490196076, 0, 0., 0, 0., 1, 0.49019607843137253, 14, 6.862745098039215, 0, 0., 0, 0., 1, 0.49019607843137253, 4, 1.9607843137254901, 1, 0.49019607843137253, 0, 0., 4, 1.9607843137254901, 0, 0., 0, 0., 0, 0., 0, 0., 6, 2.9411764705882355, 0, 0., 0, 0., 0, 0., 0, 0., 0, 0., 0, 0., 0, 0., 0, 0., 0, 0., 44, 21.568627450980394, 0, 0., 0, 0., 0, 0., 5, 2.450980392156863, 0, 0., 0, 0., 208, 136, 344, 204, 0.5930232558139535
, generated\gt\sample_000258.krn, generated\xml_trimmed_oemer\sample_000258.xml, 0, 0., 77, 59.23076923076923, 0, 0., 17, 13.076923076923077, 0, 0., 0, 0., 0, 0., 0, 0., 0, 0., 0, 0., 0, 0., 0, 0., 0, 0., 0, 0., 1, 0.7692307692307693, 0, 0., 0, 0., 0, 0., 0, 0., 0, 0., 0, 0., 0, 0., 0, 0., 0, 0., 0, 0., 0, 0., 0, 0., 0, 0., 0, 0., 0, 0., 0, 0., 0, 0., 35, 26.923076923076923, 0, 0., 0, 0., 0, 0., 0, 0., 0, 0., 0, 0., 102, 116, 218, 130, 0.5963302752293578
, generated\gt\sample_000074.krn, generated\xml_trimmed_oemer\sample_000074.xml, 0, 0., 215, 74.91289198606272, 10, 3.484320557491289, 50, 17.421602787456447, 2, 0.6968641114982579, 0, 0., 0, 0., 0, 0., 0, 0., 0, 0., 0, 0., 0, 0., 0, 0., 0, 0., 4, 1.3937282229965158, 0, 0., 0, 0., 0, 0., 0, 0., 0, 0., 0, 0., 0, 0., 1, 0.34843205574912894, 0, 0., 0, 0., 0, 0., 0, 0., 0, 0., 0, 0., 0, 0., 0, 0., 0, 0., 0, 0., 0, 0., 0, 0., 0, 0., 5, 1.7421602787456445, 0, 0., 0, 0., 239, 240, 479, 287, 0.5991649269311065
, generated\gt\sample_000372.krn, generated\xml_trimmed_oemer\sample_000372.xml, 0, 0., 199, 69.33797909407666, 0, 0., 59, 20.557491289198605, 0, 0., 0, 0., 0, 0., 0, 0., 0, 0., 4, 1.3937282229965158, 6, 2.0905923344947737, 4, 1.3937282229965158, 0, 0., 0, 0., 4, 1.3937282229965158, 0, 0., 0, 0., 0, 0., 0, 0., 0, 0., 0, 0., 0, 0., 6, 2.0905923344947737, 0, 0., 0, 0., 0, 0., 0, 0., 0, 0., 0, 0., 0, 0., 0, 0., 0, 0., 0, 0., 0, 0., 0, 0., 0, 0., 5, 1.7421602787456445, 0, 0., 0, 0., 252, 227, 479, 287, 0.5991649269311065
, generated\gt\sample_000068.krn, generated\xml_trimmed_oemer\sample_000068.xml, 0, 0., 270, 77.14285714285714, 6, 1.7142857142857142, 58, 16.571428571428573, 1, 0.2857142857142857, 0, 0., 6, 1.7142857142857142, 0, 0., 0, 0., 0, 0., 0, 0., 0, 0., 0, 0., 0, 0., 4, 1.1428571428571428, 0, 0., 0, 0., 0, 0., 0, 0., 0, 0., 0, 0., 0, 0., 0, 0., 0, 0., 0, 0., 0, 0., 0, 0., 0, 0., 0, 0., 0, 0., 0, 0., 0, 0., 0, 0., 0, 0., 0, 0., 0, 0., 5, 1.4285714285714286, 0, 0., 0, 0., 291, 293, 584, 350, 0.5993150684931506
, generated\gt\sample_000191.krn, generated\xml_trimmed_oemer\sample_000191.xml, 0, 0., 110, 37.80068728522337, 0, 0., 11, 3.7800687285223367, 3, 1.0309278350515463, 0, 0., 0, 0., 0, 0., 0, 0., 0, 0., 0, 0., 0, 0., 0, 0., 1, 0.3436426116838488, 2, 0.6872852233676976, 3, 1.0309278350515463, 0, 0., 0, 0., 0, 0., 0, 0., 0, 0., 0, 0., 5, 1.7182130584192439, 0, 0., 0, 0., 0, 0., 0, 0., 0, 0., 0, 0., 0, 0., 0, 0., 0, 0., 156, 53.608247422680414, 0, 0., 0, 0., 0, 0., 0, 0., 0, 0., 0, 0., 191, 294, 485, 291, 0.6
, generated\gt\sample_000550.krn, generated\xml_trimmed_oemer\sample_000550.xml, 0, 0., 100, 71.94244604316546, 8, 5.755395683453237, 19, 13.66906474820144, 1, 0.7194244604316546, 0, 0., 0, 0., 0, 0., 0, 0., 0, 0., 0, 0., 0, 0., 0, 0., 4, 2.8776978417266186, 1, 0.7194244604316546, 3, 2.158273381294964, 0, 0., 0, 0., 0, 0., 0, 0., 0, 0., 0, 0., 3, 2.158273381294964, 0, 0., 0, 0., 0, 0., 0, 0., 0, 0., 0, 0., 0, 0., 0, 0., 0, 0., 0, 0., 0, 0., 0, 0., 0, 0., 0, 0., 0, 0., 0, 0., 108, 123, 231, 139, 0.6017316017316018
, generated\gt\sample_000376.krn, generated\xml_trimmed_oemer\sample_000376.xml, 0, 0., 306, 78.66323907455013, 2, 0.5141388174807198, 55, 14.138817480719794, 8, 2.056555269922879, 0, 0., 8, 2.056555269922879, 0, 0., 0, 0., 1, 0.2570694087403599, 0, 0., 0, 0., 0, 0., 0, 0., 4, 1.0282776349614395, 0, 0., 0, 0., 0, 0., 0, 0., 0, 0., 0, 0., 0, 0., 0, 0., 0, 0., 0, 0., 0, 0., 0, 0., 0, 0., 0, 0., 0, 0., 0, 0., 0, 0., 0, 0., 0, 0., 0, 0., 0, 0., 5, 1.2853470437017995, 0, 0., 0, 0., 340, 306, 646, 389, 0.6021671826625387
, generated\gt\sample_000257.krn, generated\xml_trimmed_oemer\sample_000257.xml, 0, 0., 77, 80.20833333333333, 4, 4.166666666666667, 8, 8.333333333333334, 1, 1.0416666666666667, 0, 0., 0, 0., 0, 0., 0, 0., 0, 0., 0, 0., 0, 0., 0, 0., 0, 0., 1, 1.0416666666666667, 0, 0., 0, 0., 0, 0., 0, 0., 0, 0., 0, 0., 0, 0., 5, 5.208333333333333, 0, 0., 0, 0., 0, 0., 0, 0., 0, 0., 0, 0., 0, 0., 0, 0., 0, 0., 0, 0., 0, 0., 0, 0., 0, 0., 0, 0., 0, 0., 0, 0., 88, 71, 159, 96, 0.6037735849056604
, generated\gt\sample_000040.krn, generated\xml_trimmed_oemer\sample_000040.xml, 0, 0., 103, 50.99009900990099, 4, 1.9801980198019802, 13, 6.435643564356436, 2, 0.9900990099009901, 0, 0., 7, 3.4653465346534653, 0, 0., 0, 0., 0, 0., 10, 4.9504950495049505, 0, 0., 0, 0., 0, 0., 4, 1.9801980198019802, 4, 1.9801980198019802, 0, 0., 0, 0., 6, 2.9702970297029703, 0, 0., 0, 0., 0, 0., 4, 1.9801980198019802, 0, 0., 0, 0., 0, 0., 0, 0., 0, 0., 0, 0., 0, 0., 0, 0., 0, 0., 40, 19.801980198019802, 0, 0., 0, 0., 0, 0., 5, 2.4752475247524752, 0, 0., 0, 0., 194, 139, 333, 202, 0.6066066066066066
, generated\gt\sample_000596.krn, generated\xml_trimmed_oemer\sample_000596.xml, 0, 0., 204, 80.0, 8, 3.1372549019607843, 22, 8.627450980392156, 0, 0., 0, 0., 3, 1.1764705882352942, 0, 0., 0, 0., 1, 0.39215686274509803, 0, 0., 0, 0., 0, 0., 0, 0., 4, 1.5686274509803921, 0, 0., 0, 0., 0, 0., 0, 0., 0, 0., 0, 0., 0, 0., 8, 3.1372549019607843, 0, 0., 0, 0., 0, 0., 0, 0., 0, 0., 0, 0., 0, 0., 0, 0., 0, 0., 0, 0., 0, 0., 0, 0., 0, 0., 5, 1.9607843137254901, 0, 0., 0, 0., 229, 191, 420, 255, 0.6071428571428571
, generated\gt\sample_000420.krn, generated\xml_trimmed_oemer\sample_000420.xml, 0, 0., 73, 45.06172839506173, 10, 6.172839506172839, 21, 12.962962962962964, 0, 0., 0, 0., 1, 0.6172839506172839, 0, 0., 0, 0., 0, 0., 1, 0.6172839506172839, 0, 0., 0, 0., 1, 0.6172839506172839, 2, 1.2345679012345678, 0, 0., 0, 0., 0, 0., 0, 0., 0, 0., 0, 0., 0, 0., 5, 3.0864197530864197, 0, 0., 0, 0., 0, 0., 0, 0., 0, 0., 0, 0., 0, 0., 0, 0., 0, 0., 48, 29.62962962962963, 0, 0., 0, 0., 0, 0., 0, 0., 0, 0., 0, 0., 141, 125, 266, 162, 0.6090225563909775
, generated\gt\sample_000070.krn, generated\xml_trimmed_oemer\sample_000070.xml, 0, 0., 107, 41.47286821705426, 4, 1.550387596899225, 21, 8.13953488372093, 0, 0., 0, 0., 5, 1.937984496124031, 0, 0., 0, 0., 0, 0., 7, 2.7131782945736433, 0, 0., 0, 0., 2, 0.7751937984496124, 4, 1.550387596899225, 4, 1.550387596899225, 0, 0., 0, 0., 0, 0., 0, 0., 0, 0., 0, 0., 5, 1.937984496124031, 0, 0., 0, 0., 0, 0., 0, 0., 0, 0., 0, 0., 0, 0., 0, 0., 0, 0., 94, 36.434108527131784, 0, 0., 0, 0., 0, 0., 5, 1.937984496124031, 0, 0., 0, 0., 239, 183, 422, 258, 0.6113744075829384
, generated\gt\sample_000102.krn, generated\xml_trimmed_oemer\sample_000102.xml, 0, 0., 144, 77.41935483870968, 6, 3.225806451612903, 6, 3.225806451612903, 0, 0., 0, 0., 12, 6.451612903225806, 0, 0., 0, 0., 1, 0.5376344086021505, 1, 0.5376344086021505, 2, 1.075268817204301, 0, 0., 0, 0., 4, 2.150537634408602, 4, 2.150537634408602, 0, 0., 0, 0., 0, 0., 0, 0., 0, 0., 0, 0., 1, 0.5376344086021505, 0, 0., 0, 0., 0, 0., 0, 0., 0, 0., 0, 0., 0, 0., 0, 0., 0, 0., 0, 0., 0, 0., 0, 0., 0, 0., 5, 2.6881720430107525, 0, 0., 0, 0., 155, 148, 303, 186, 0.6138613861386139
, generated\gt\sample_000008.krn, generated\xml_trimmed_oemer\sample_000008.xml, 0, 0., 247, 72.22222222222223, 14, 4.093567251461988, 42, 12.280701754385966, 2, 0.5847953216374269, 0, 0., 11, 3.216374269005848, 0, 0., 0, 0., 3, 0.8771929824561403, 3, 0.8771929824561403, 0, 0., 0, 0., 0, 0., 4, 1.1695906432748537, 0, 0., 0, 0., 0, 0., 0, 0., 0, 0., 0, 0., 0, 0., 11, 3.216374269005848, 0, 0., 0, 0., 0, 0., 0, 0., 0, 0., 0, 0., 0, 0., 0, 0., 0, 0., 0, 0., 0, 0., 0, 0., 0, 0., 5, 1.4619883040935673, 0, 0., 0, 0., 301, 256, 557, 342, 0.6140035906642729
, generated\gt\sample_000519.krn, generated\xml_trimmed_oemer\sample_000519.xml, 0, 0., 62, 27.92792792792793, 6, 2.7027027027027026, 34, 15.315315315315315, 0, 0., 0, 0., 0, 0., 0, 0., 0, 0., 0, 0., 0, 0., 0, 0., 0, 0., 1, 0.45045045045045046, 2, 0.9009009009009009, 0, 0., 0, 0., 0, 0., 0, 0., 0, 0., 0, 0., 0, 0., 2, 0.9009009009009009, 0, 0., 0, 0., 0, 0., 0, 0., 0, 0., 0, 0., 0, 0., 0, 0., 0, 0., 115, 51.8018018018018, 0, 0., 0, 0., 0, 0., 0, 0., 0, 0., 0, 0., 168, 192, 360, 222, 0.6166666666666667
, generated\gt\sample_000136.krn, generated\xml_trimmed_oemer\sample_000136.xml, 0, 0., 225, 80.64516129032258, 8, 2.867383512544803, 18, 6.451612903225806, 6, 2.150537634408602, 0, 0., 4, 1.4336917562724014, 0, 0., 0, 0., 0, 0., 0, 0., 0, 0., 0, 0., 2, 0.7168458781362007, 4, 1.4336917562724014, 0, 0., 0, 0., 0, 0., 0, 0., 0, 0., 0, 0., 0, 0., 7, 2.5089605734767026, 0, 0., 0, 0., 0, 0., 0, 0., 0, 0., 0, 0., 0, 0., 0, 0., 0, 0., 0, 0., 0, 0., 0, 0., 0, 0., 5, 1.7921146953405018, 0, 0., 0, 0., 231, 221, 452, 279, 0.6172566371681416
, generated\gt\sample_000243.krn, generated\xml_trimmed_oemer\sample_000243.xml, 0, 0., 76, 22.352941176470587, 0, 0., 39, 11.470588235294118, 0, 0., 0, 0., 6, 1.7647058823529411, 0, 0., 0, 0., 0, 0., 0, 0., 0, 0., 0, 0., 1, 0.29411764705882354, 4, 1.1764705882352942, 8, 2.3529411764705883, 0, 0., 0, 0., 0, 0., 0, 0., 0, 0., 0, 0., 3, 0.8823529411764706, 0, 0., 0, 0., 0, 0., 0, 0., 0, 0., 0, 0., 0, 0., 0, 0., 0, 0., 198, 58.23529411764706, 0, 0., 0, 0., 0, 0., 5, 1.4705882352941178, 0, 0., 0, 0., 283, 267, 550, 340, 0.6181818181818182
, generated\gt\sample_000611.krn, generated\xml_trimmed_oemer\sample_000611.xml, 0, 0., 159, 72.93577981651376, 4, 1.834862385321101, 30, 13.761467889908257, 0, 0., 0, 0., 0, 0., 0, 0., 0, 0., 0, 0., 13, 5.963302752293578, 0, 0., 0, 0., 0, 0., 4, 1.834862385321101, 0, 0., 0, 0., 0, 0., 0, 0., 0, 0., 0, 0., 0, 0., 3, 1.3761467889908257, 0, 0., 0, 0., 0, 0., 0, 0., 0, 0., 0, 0., 0, 0., 0, 0., 0, 0., 0, 0., 0, 0., 0, 0., 0, 0., 5, 2.293577981651376, 0, 0., 0, 0., 194, 158, 352, 218, 0.6193181818181818
, generated\gt\sample_000579.krn, generated\xml_trimmed_oemer\sample_000579.xml, 0, 0., 172, 81.9047619047619, 4, 1.9047619047619047, 12, 5.714285714285714, 0, 0., 0, 0., 1, 0.47619047619047616, 0, 0., 0, 0., 2, 0.9523809523809523, 1, 0.47619047619047616, 1, 0.47619047619047616, 0, 0., 0, 0., 4, 1.9047619047619047, 2, 0.9523809523809523, 0, 0., 0, 0., 0, 0., 0, 0., 0, 0., 0, 0., 6, 2.857142857142857, 0, 0., 0, 0., 0, 0., 0, 0., 0, 0., 0, 0., 0, 0., 0, 0., 0, 0., 0, 0., 0, 0., 0, 0., 0, 0., 5, 2.380952380952381, 0, 0., 0, 0., 167, 172, 339, 210, 0.6194690265486725
, generated\gt\sample_000681.krn, generated\xml_trimmed_oemer\sample_000681.xml, 0, 0., 226, 73.85620915032679, 0, 0., 49, 16.013071895424837, 3, 0.9803921568627451, 0, 0., 5, 1.6339869281045751, 0, 0., 0, 0., 0, 0., 2, 0.6535947712418301, 0, 0., 0, 0., 0, 0., 4, 1.3071895424836601, 0, 0., 0, 0., 0, 0., 0, 0., 0, 0., 0, 0., 0, 0., 12, 3.9215686274509802, 0, 0., 0, 0., 0, 0., 0, 0., 0, 0., 0, 0., 0, 0., 0, 0., 0, 0., 0, 0., 0, 0., 0, 0., 0, 0., 5, 1.6339869281045751, 0, 0., 0, 0., 256, 235, 491, 306, 0.6232179226069247
, generated\gt\sample_000188.krn, generated\xml_trimmed_oemer\sample_000188.xml, 0, 0., 78, 41.26984126984127, 18, 9.523809523809524, 9, 4.761904761904762, 1, 0.5291005291005291, 0, 0., 0, 0., 0, 0., 0, 0., 0, 0., 0, 0., 0, 0., 0, 0., 4, 2.1164021164021163, 2, 1.0582010582010581, 0, 0., 0, 0., 0, 0., 0, 0., 0, 0., 0, 0., 0, 0., 1, 0.5291005291005291, 0, 0., 0, 0., 0, 0., 0, 0., 0, 0., 0, 0., 0, 0., 0, 0., 0, 0., 76, 40.21164021164021, 0, 0., 0, 0., 0, 0., 0, 0., 0, 0., 0, 0., 141, 162, 303, 189, 0.6237623762376238
, generated\gt\sample_000029.krn, generated\xml_trimmed_oemer\sample_000029.xml, 0, 0., 148, 81.76795580110497, 2, 1.1049723756906078, 16, 8.839779005524862, 1, 0.5524861878453039, 0, 0., 5, 2.7624309392265194, 0, 0., 0, 0., 0, 0., 0, 0., 0, 0., 0, 0., 0, 0., 2, 1.1049723756906078, 0, 0., 0, 0., 0, 0., 0, 0., 0, 0., 0, 0., 0, 0., 2, 1.1049723756906078, 0, 0., 0, 0., 0, 0., 0, 0., 0, 0., 0, 0., 0, 0., 0, 0., 0, 0., 0, 0., 0, 0., 0, 0., 0, 0., 5, 2.7624309392265194, 0, 0., 0, 0., 150, 140, 290, 181, 0.6241379310344828
, generated\gt\sample_000202.krn, generated\xml_trimmed_oemer\sample_000202.xml, 0, 0., 231, 82.20640569395017, 0, 0., 24, 8.540925266903914, 6, 2.1352313167259784, 0, 0., 1, 0.35587188612099646, 0, 0., 0, 0., 0, 0., 3, 1.0676156583629892, 0, 0., 0, 0., 0, 0., 4, 1.4234875444839858, 0, 0., 0, 0., 4, 1.4234875444839858, 0, 0., 0, 0., 0, 0., 0, 0., 3, 1.0676156583629892, 0, 0., 0, 0., 0, 0., 0, 0., 0, 0., 0, 0., 0, 0., 0, 0., 0, 0., 0, 0., 0, 0., 0, 0., 0, 0., 5, 1.7793594306049823, 0, 0., 0, 0., 226, 223, 449, 281, 0.6258351893095768
, generated\gt\sample_000003.krn, generated\xml_trimmed_oemer\sample_000003.xml, 0, 0., 171, 62.637362637362635, 2, 0.7326007326007326, 39, 14.285714285714286, 0, 0., 0, 0., 0, 0., 0, 0., 0, 0., 0, 0., 5, 1.8315018315018314, 1, 0.3663003663003663, 0, 0., 0, 0., 2, 0.7326007326007326, 0, 0., 0, 0., 0, 0., 0, 0., 0, 0., 0, 0., 0, 0., 7, 2.5641025641025643, 0, 0., 0, 0., 0, 0., 0, 0., 0, 0., 0, 0., 0, 0., 0, 0., 0, 0., 46, 16.84981684981685, 0, 0., 0, 0., 0, 0., 0, 0., 0, 0., 0, 0., 232, 204, 436, 273, 0.6261467889908257
, generated\gt\sample_000475.krn, generated\xml_trimmed_oemer\sample_000475.xml, 0, 0., 121, 37.577639751552795, 0, 0., 12, 3.7267080745341614, 1, 0.3105590062111801, 0, 0., 4, 1.2422360248447204, 0, 0., 0, 0., 0, 0., 2, 0.6211180124223602, 0, 0., 0, 0., 0, 0., 2, 0.6211180124223602, 1, 0.3105590062111801, 0, 0., 0, 0., 0, 0., 0, 0., 0, 0., 0, 0., 9, 2.7950310559006213, 0, 0., 0, 0., 0, 0., 0, 0., 0, 0., 0, 0., 0, 0., 0, 0., 0, 0., 170, 52.79503105590062, 0, 0., 0, 0., 0, 0., 0, 0., 0, 0., 0, 0., 223, 291, 514, 322, 0.6264591439688716
, generated\gt\sample_000203.krn, generated\xml_trimmed_oemer\sample_000203.xml, 0, 0., 136, 60.44444444444444, 4, 1.7777777777777777, 15, 6.666666666666667, 3, 1.3333333333333333, 0, 0., 9, 4.0, 0, 0., 0, 0., 0, 0., 3, 1.3333333333333333, 0, 0., 0, 0., 5, 2.2222222222222223, 4, 1.7777777777777777, 0, 0., 0, 0., 0, 0., 3, 1.3333333333333333, 0, 0., 0, 0., 0, 0., 0, 0., 0, 0., 0, 0., 0, 0., 0, 0., 0, 0., 0, 0., 0, 0., 0, 0., 0, 0., 38, 16.88888888888889, 0, 0., 0, 0., 0, 0., 5, 2.2222222222222223, 0, 0., 0, 0., 187, 172, 359, 225, 0.6267409470752089
, generated\gt\sample_000620.krn, generated\xml_trimmed_oemer\sample_000620.xml, 0, 0., 99, 29.11764705882353, 0, 0., 22, 6.470588235294118, 6, 1.7647058823529411, 0, 0., 4, 1.1764705882352942, 0, 0., 0, 0., 6, 1.7647058823529411, 2, 0.5882352941176471, 1, 0.29411764705882354, 0, 0., 1, 0.29411764705882354, 4, 1.1764705882352942, 0, 0., 0, 0., 0, 0., 0, 0., 0, 0., 0, 0., 0, 0., 3, 0.8823529411764706, 0, 0., 0, 0., 0, 0., 0, 0., 0, 0., 0, 0., 0, 0., 0, 0., 0, 0., 187, 55.0, 0, 0., 0, 0., 0, 0., 5, 1.4705882352941178, 0, 0., 0, 0., 282, 260, 542, 340, 0.6273062730627307
, generated\gt\sample_000428.krn, generated\xml_trimmed_oemer\sample_000428.xml, 0, 0., 105, 41.50197628458498, 2, 0.7905138339920948, 35, 13.83399209486166, 2, 0.7905138339920948, 0, 0., 0, 0., 0, 0., 0, 0., 0, 0., 0, 0., 0, 0., 0, 0., 0, 0., 2, 0.7905138339920948, 0, 0., 0, 0., 0, 0., 0, 0., 0, 0., 0, 0., 0, 0., 12, 4.743083003952569, 0, 0., 0, 0., 0, 0., 0, 0., 0, 0., 0, 0., 0, 0., 0, 0., 0, 0., 95, 37.54940711462451, 0, 0., 0, 0., 0, 0., 0, 0., 0, 0., 0, 0., 201, 202, 403, 253, 0.6277915632754343
, generated\gt\sample_000503.krn, generated\xml_trimmed_oemer\sample_000503.xml, 0, 0., 97, 41.99134199134199, 20, 8.658008658008658, 2, 0.8658008658008658, 2, 0.8658008658008658, 0, 0., 3, 1.2987012987012987, 0, 0., 0, 0., 5, 2.1645021645021645, 0, 0., 0, 0., 0, 0., 1, 0.4329004329004329, 4, 1.7316017316017316, 8, 3.463203463203463, 0, 0., 0, 0., 0, 0., 0, 0., 0, 0., 0, 0., 1, 0.4329004329004329, 0, 0., 0, 0., 0, 0., 0, 0., 0, 0., 0, 0., 0, 0., 0, 0., 0, 0., 83, 35.93073593073593, 0, 0., 0, 0., 0, 0., 5, 2.1645021645021645, 0, 0., 0, 0., 184, 183, 367, 231, 0.6294277929155313
, generated\gt\sample_000412.krn, generated\xml_trimmed_oemer\sample_000412.xml, 0, 0., 221, 69.71608832807571, 32, 10.094637223974763, 24, 7.570977917981073, 1, 0.31545741324921134, 0, 0., 8, 2.5236593059936907, 0, 0., 0, 0., 11, 3.470031545741325, 10, 3.1545741324921135, 0, 0., 0, 0., 0, 0., 4, 1.2618296529968454, 0, 0., 0, 0., 0, 0., 0, 0., 0, 0., 0, 0., 0, 0., 1, 0.31545741324921134, 0, 0., 0, 0., 0, 0., 0, 0., 0, 0., 0, 0., 0, 0., 0, 0., 0, 0., 0, 0., 0, 0., 0, 0., 0, 0., 5, 1.5772870662460567, 0, 0., 0, 0., 281, 222, 503, 317, 0.6302186878727635
, generated\gt\sample_000196.krn, generated\xml_trimmed_oemer\sample_000196.xml, 0, 0., 108, 50.943396226415096, 10, 4.716981132075472, 9, 4.245283018867925, 3, 1.4150943396226414, 0, 0., 0, 0., 0, 0., 0, 0., 2, 0.9433962264150944, 0, 0., 0, 0., 0, 0., 6, 2.830188679245283, 4, 1.8867924528301887, 4, 1.8867924528301887, 0, 0., 0, 0., 0, 0., 0, 0., 0, 0., 0, 0., 9, 4.245283018867925, 0, 0., 0, 0., 0, 0., 0, 0., 0, 0., 0, 0., 0, 0., 0, 0., 0, 0., 52, 24.528301886792452, 0, 0., 0, 0., 0, 0., 5, 2.358490566037736, 0, 0., 0, 0., 177, 158, 335, 212, 0.6328358208955224
, generated\gt\sample_000504.krn, generated\xml_trimmed_oemer\sample_000504.xml, 0, 0., 68, 36.36363636363637, 10, 5.347593582887701, 3, 1.6042780748663101, 3, 1.6042780748663101, 0, 0., 3, 1.6042780748663101, 0, 0., 0, 0., 1, 0.5347593582887701, 0, 0., 0, 0., 0, 0., 1, 0.5347593582887701, 4, 2.1390374331550803, 8, 4.278074866310161, 0, 0., 0, 0., 0, 0., 0, 0., 0, 0., 0, 0., 7, 3.7433155080213902, 0, 0., 0, 0., 0, 0., 0, 0., 0, 0., 0, 0., 0, 0., 0, 0., 0, 0., 74, 39.57219251336898, 0, 0., 0, 0., 0, 0., 5, 2.6737967914438503, 0, 0., 0, 0., 161, 134, 295, 187, 0.6338983050847458
, generated\gt\sample_000505.krn, generated\xml_trimmed_oemer\sample_000505.xml, 0, 0., 165, 56.50684931506849, 2, 0.684931506849315, 32, 10.95890410958904, 0, 0., 0, 0., 3, 1.0273972602739727, 0, 0., 0, 0., 0, 0., 0, 0., 0, 0., 0, 0., 1, 0.3424657534246575, 4, 1.36986301369863, 8, 2.73972602739726, 0, 0., 0, 0., 0, 0., 0, 0., 0, 0., 0, 0., 2, 0.684931506849315, 0, 0., 0, 0., 0, 0., 0, 0., 0, 0., 0, 0., 0, 0., 0, 0., 0, 0., 70, 23.972602739726028, 0, 0., 0, 0., 0, 0., 5, 1.7123287671232876, 0, 0., 0, 0., 240, 219, 459, 292, 0.6361655773420479
, generated\gt\sample_000520.krn, generated\xml_trimmed_oemer\sample_000520.xml, 0, 0., 274, 66.02409638554217, 0, 0., 49, 11.80722891566265, 0, 0., 0, 0., 0, 0., 0, 0., 0, 0., 0, 0., 0, 0., 0, 0., 0, 0., 0, 0., 1, 0.24096385542168675, 0, 0., 0, 0., 0, 0., 0, 0., 0, 0., 0, 0., 0, 0., 0, 0., 0, 0., 0, 0., 0, 0., 0, 0., 0, 0., 0, 0., 0, 0., 0, 0., 0, 0., 91, 21.927710843373493, 0, 0., 0, 0., 0, 0., 0, 0., 0, 0., 0, 0., 339, 312, 651, 415, 0.6374807987711214
, generated\gt\sample_000314.krn, generated\xml_trimmed_oemer\sample_000314.xml, 0, 0., 162, 78.64077669902913, 4, 1.941747572815534, 11, 5.339805825242719, 0, 0., 0, 0., 3, 1.4563106796116505, 0, 0., 0, 0., 0, 0., 0, 0., 0, 0., 0, 0., 0, 0., 4, 1.941747572815534, 0, 0., 0, 0., 2, 0.970873786407767, 12, 5.825242718446602, 0, 0., 0, 0., 0, 0., 3, 1.4563106796116505, 0, 0., 0, 0., 0, 0., 0, 0., 0, 0., 0, 0., 0, 0., 0, 0., 0, 0., 0, 0., 0, 0., 0, 0., 0, 0., 5, 2.4271844660194173, 0, 0., 0, 0., 177, 145, 322, 206, 0.639751552795031
, generated\gt\sample_000031.krn, generated\xml_trimmed_oemer\sample_000031.xml, 0, 0., 136, 82.42424242424242, 6, 3.6363636363636362, 12, 7.2727272727272725, 1, 0.6060606060606061, 0, 0., 0, 0., 0, 0., 0, 0., 0, 0., 0, 0., 0, 0., 0, 0., 0, 0., 2, 1.2121212121212122, 0, 0., 0, 0., 0, 0., 0, 0., 0, 0., 0, 0., 0, 0., 3, 1.8181818181818181, 0, 0., 0, 0., 0, 0., 0, 0., 0, 0., 0, 0., 0, 0., 0, 0., 0, 0., 0, 0., 0, 0., 0, 0., 0, 0., 5, 3.0303030303030303, 0, 0., 0, 0., 128, 129, 257, 165, 0.642023346303502
, generated\gt\sample_000518.krn, generated\xml_trimmed_oemer\sample_000518.xml, 0, 0., 61, 27.98165137614679, 4, 1.834862385321101, 17, 7.798165137614679, 1, 0.45871559633027525, 0, 0., 2, 0.9174311926605505, 0, 0., 0, 0., 1, 0.45871559633027525, 0, 0., 0, 0., 0, 0., 0, 0., 1, 0.45871559633027525, 0, 0., 0, 0., 0, 0., 0, 0., 0, 0., 0, 0., 0, 0., 1, 0.45871559633027525, 0, 0., 0, 0., 0, 0., 0, 0., 0, 0., 0, 0., 0, 0., 0, 0., 0, 0., 130, 59.63302752293578, 0, 0., 0, 0., 0, 0., 0, 0., 0, 0., 0, 0., 153, 185, 338, 218, 0.6449704142011834
, generated\gt\sample_000683.krn, generated\xml_trimmed_oemer\sample_000683.xml, 0, 0., 189, 72.41379310344827, 12, 4.597701149425287, 20, 7.662835249042145, 11, 4.21455938697318, 0, 0., 4, 1.5325670498084292, 0, 0., 0, 0., 1, 0.3831417624521073, 3, 1.1494252873563218, 0, 0., 0, 0., 0, 0., 4, 1.5325670498084292, 4, 1.5325670498084292, 0, 0., 0, 0., 0, 0., 0, 0., 0, 0., 0, 0., 8, 3.0651340996168583, 0, 0., 0, 0., 0, 0., 0, 0., 0, 0., 0, 0., 0, 0., 0, 0., 0, 0., 0, 0., 0, 0., 0, 0., 0, 0., 5, 1.9157088122605364, 0, 0., 0, 0., 208, 195, 403, 261, 0.6476426799007444
, generated\gt\sample_000347.krn, generated\xml_trimmed_oemer\sample_000347.xml, 0, 0., 197, 54.120879120879124, 2, 0.5494505494505495, 40, 10.989010989010989, 0, 0., 0, 0., 0, 0., 0, 0., 0, 0., 0, 0., 6, 1.6483516483516483, 0, 0., 0, 0., 0, 0., 4, 1.098901098901099, 0, 0., 0, 0., 0, 0., 0, 0., 0, 0., 0, 0., 0, 0., 7, 1.9230769230769231, 0, 0., 0, 0., 0, 0., 0, 0., 0, 0., 0, 0., 0, 0., 0, 0., 0, 0., 103, 28.296703296703296, 0, 0., 0, 0., 0, 0., 5, 1.3736263736263736, 0, 0., 0, 0., 263, 299, 562, 364, 0.6476868327402135
, generated\gt\sample_000483.krn, generated\xml_trimmed_oemer\sample_000483.xml, 0, 0., 94, 38.05668016194332, 6, 2.42914979757085, 17, 6.882591093117409, 3, 1.214574898785425, 0, 0., 6, 2.42914979757085, 0, 0., 0, 0., 0, 0., 0, 0., 0, 0., 0, 0., 3, 1.214574898785425, 4, 1.6194331983805668, 6, 2.42914979757085, 0, 0., 0, 0., 0, 0., 0, 0., 0, 0., 0, 0., 2, 0.8097165991902834, 0, 0., 0, 0., 0, 0., 0, 0., 0, 0., 0, 0., 0, 0., 0, 0., 0, 0., 101, 40.89068825910931, 0, 0., 0, 0., 0, 0., 5, 2.0242914979757085, 0, 0., 0, 0., 194, 187, 381, 247, 0.6482939632545932
, generated\gt\sample_000643.krn, generated\xml_trimmed_oemer\sample_000643.xml, 0, 0., 295, 65.99552572706935, 0, 0., 52, 11.6331096196868, 14, 3.131991051454139, 0, 0., 0, 0., 0, 0., 0, 0., 3, 0.6711409395973155, 0, 0., 0, 0., 0, 0., 0, 0., 4, 0.8948545861297539, 2, 0.44742729306487694, 0, 0., 0, 0., 0, 0., 0, 0., 0, 0., 0, 0., 0, 0., 0, 0., 0, 0., 0, 0., 0, 0., 0, 0., 0, 0., 0, 0., 0, 0., 0, 0., 72, 16.107382550335572, 0, 0., 0, 0., 0, 0., 5, 1.1185682326621924, 0, 0., 0, 0., 358, 331, 689, 447, 0.648766328011611
, generated\gt\sample_000614.krn, generated\xml_trimmed_oemer\sample_000614.xml, 0, 0., 172, 73.19148936170212, 0, 0., 25, 10.638297872340425, 7, 2.978723404255319, 0, 0., 5, 2.127659574468085, 0, 0., 0, 0., 0, 0., 11, 4.680851063829787, 1, 0.425531914893617, 0, 0., 0, 0., 2, 0.851063829787234, 0, 0., 0, 0., 0, 0., 0, 0., 0, 0., 0, 0., 0, 0., 7, 2.978723404255319, 0, 0., 0, 0., 0, 0., 0, 0., 0, 0., 0, 0., 0, 0., 0, 0., 0, 0., 0, 0., 0, 0., 0, 0., 0, 0., 5, 2.127659574468085, 0, 0., 0, 0., 185, 177, 362, 235, 0.649171270718232
, generated\gt\sample_000028.krn, generated\xml_trimmed_oemer\sample_000028.xml, 0, 0., 115, 63.888888888888886, 6, 3.3333333333333335, 9, 5.0, 0, 0., 0, 0., 2, 1.1111111111111112, 0, 0., 0, 0., 0, 0., 0, 0., 0, 0., 0, 0., 0, 0., 2, 1.1111111111111112, 0, 0., 0, 0., 0, 0., 0, 0., 0, 0., 0, 0., 0, 0., 2, 1.1111111111111112, 0, 0., 0, 0., 0, 0., 0, 0., 0, 0., 0, 0., 0, 0., 0, 0., 0, 0., 39, 21.666666666666668, 0, 0., 0, 0., 0, 0., 5, 2.7777777777777777, 0, 0., 0, 0., 148, 129, 277, 180, 0.6498194945848376
, generated\gt\sample_000539.krn, generated\xml_trimmed_oemer\sample_000539.xml, 0, 0., 214, 83.92156862745098, 16, 6.2745098039215685, 4, 1.5686274509803921, 0, 0., 0, 0., 0, 0., 0, 0., 0, 0., 0, 0., 6, 2.3529411764705883, 0, 0., 0, 0., 0, 0., 4, 1.5686274509803921, 0, 0., 0, 0., 0, 0., 0, 0., 0, 0., 0, 0., 0, 0., 6, 2.3529411764705883, 0, 0., 0, 0., 0, 0., 0, 0., 0, 0., 0, 0., 0, 0., 0, 0., 0, 0., 0, 0., 0, 0., 0, 0., 0, 0., 5, 1.9607843137254901, 0, 0., 0, 0., 200, 191, 391, 255, 0.6521739130434783
, generated\gt\sample_000621.krn, generated\xml_trimmed_oemer\sample_000621.xml, 0, 0., 110, 42.80155642023346, 10, 3.8910505836575875, 19, 7.392996108949417, 1, 0.38910505836575876, 0, 0., 0, 0., 0, 0., 0, 0., 1, 0.38910505836575876, 0, 0., 0, 0., 0, 0., 0, 0., 2, 0.7782101167315175, 0, 0., 0, 0., 0, 0., 0, 0., 0, 0., 0, 0., 0, 0., 4, 1.556420233463035, 0, 0., 0, 0., 0, 0., 0, 0., 0, 0., 0, 0., 0, 0., 0, 0., 0, 0., 110, 42.80155642023346, 0, 0., 0, 0., 0, 0., 0, 0., 0, 0., 0, 0., 188, 206, 394, 257, 0.6522842639593909
, generated\gt\sample_000498.krn, generated\xml_trimmed_oemer\sample_000498.xml, 0, 0., 74, 53.6231884057971, 4, 2.898550724637681, 11, 7.971014492753623, 0, 0., 0, 0., 3, 2.1739130434782608, 0, 0., 0, 0., 0, 0., 1, 0.7246376811594203, 0, 0., 0, 0., 0, 0., 1, 0.7246376811594203, 2, 1.4492753623188406, 0, 0., 0, 0., 0, 0., 0, 0., 0, 0., 0, 0., 3, 2.1739130434782608, 0, 0., 0, 0., 0, 0., 0, 0., 0, 0., 0, 0., 0, 0., 0, 0., 0, 0., 39, 28.26086956521739, 0, 0., 0, 0., 0, 0., 0, 0., 0, 0., 0, 0., 104, 107, 211, 138, 0.6540284360189573
, generated\gt\sample_000480.krn, generated\xml_trimmed_oemer\sample_000480.xml, 0, 0., 139, 46.179401993355484, 4, 1.3289036544850499, 13, 4.318936877076412, 3, 0.9966777408637874, 0, 0., 0, 0., 0, 0., 0, 0., 2, 0.6644518272425249, 0, 0., 0, 0., 0, 0., 3, 0.9966777408637874, 4, 1.3289036544850499, 6, 1.9933554817275747, 0, 0., 0, 0., 0, 0., 0, 0., 0, 0., 0, 0., 6, 1.9933554817275747, 0, 0., 0, 0., 0, 0., 0, 0., 0, 0., 0, 0., 0, 0., 0, 0., 0, 0., 116, 38.538205980066444, 0, 0., 0, 0., 0, 0., 5, 1.6611295681063123, 0, 0., 0, 0., 234, 226, 460, 301, 0.6543478260869565
, generated\gt\sample_000086.krn, generated\xml_trimmed_oemer\sample_000086.xml, 0, 0., 57, 49.56521739130435, 2, 1.7391304347826086, 0, 0., 0, 0., 2, 1.7391304347826086, 1, 0.8695652173913043, 0, 0., 0, 0., 0, 0., 0, 0., 0, 0., 0, 0., 0, 0., 2, 1.7391304347826086, 0, 0., 0, 0., 0, 0., 0, 0., 0, 0., 0, 0., 0, 0., 0, 0., 0, 0., 0, 0., 0, 0., 0, 0., 0, 0., 0, 0., 0, 0., 0, 0., 0, 0., 19, 16.52173913043478, 28, 24.347826086956523, 0, 0., 4, 3.4782608695652173, 0, 0., 0, 0., 0, 0., 108, 67, 175, 115, 0.6571428571428571
, generated\gt\sample_000284.krn, generated\xml_trimmed_oemer\sample_000284.xml, 0, 0., 221, 80.07246376811594, 6, 2.1739130434782608, 19, 6.884057971014493, 0, 0., 0, 0., 2, 0.7246376811594203, 0, 0., 0, 0., 0, 0., 15, 5.434782608695652, 0, 0., 0, 0., 0, 0., 2, 0.7246376811594203, 0, 0., 0, 0., 0, 0., 0, 0., 0, 0., 0, 0., 0, 0., 6, 2.1739130434782608, 0, 0., 0, 0., 0, 0., 0, 0., 0, 0., 0, 0., 0, 0., 0, 0., 0, 0., 0, 0., 0, 0., 0, 0., 0, 0., 5, 1.8115942028985508, 0, 0., 0, 0., 212, 207, 419, 276, 0.6587112171837709
, generated\gt\sample_000084.krn, generated\xml_trimmed_oemer\sample_000084.xml, 0, 0., 328, 80.3921568627451, 6, 1.4705882352941178, 44, 10.784313725490197, 5, 1.2254901960784315, 0, 0., 4, 0.9803921568627451, 0, 0., 0, 0., 0, 0., 2, 0.49019607843137253, 0, 0., 0, 0., 0, 0., 4, 0.9803921568627451, 0, 0., 0, 0., 4, 0.9803921568627451, 0, 0., 0, 0., 0, 0., 0, 0., 6, 1.4705882352941178, 0, 0., 0, 0., 0, 0., 0, 0., 0, 0., 0, 0., 0, 0., 0, 0., 0, 0., 0, 0., 0, 0., 0, 0., 0, 0., 5, 1.2254901960784315, 0, 0., 0, 0., 321, 296, 617, 408, 0.6612641815235009
, generated\gt\sample_000090.krn, generated\xml_trimmed_oemer\sample_000090.xml, 0, 0., 361, 78.64923747276688, 4, 0.8714596949891068, 67, 14.596949891067538, 2, 0.4357298474945534, 0, 0., 2, 0.4357298474945534, 0, 0., 0, 0., 0, 0., 0, 0., 0, 0., 0, 0., 1, 0.2178649237472767, 4, 0.8714596949891068, 0, 0., 0, 0., 0, 0., 0, 0., 0, 0., 0, 0., 0, 0., 13, 2.832244008714597, 0, 0., 0, 0., 0, 0., 0, 0., 0, 0., 0, 0., 0, 0., 0, 0., 0, 0., 0, 0., 0, 0., 0, 0., 0, 0., 5, 1.0893246187363834, 0, 0., 0, 0., 356, 336, 692, 459, 0.6632947976878613
, generated\gt\sample_000371.krn, generated\xml_trimmed_oemer\sample_000371.xml, 0, 0., 59, 15.817694369973191, 0, 0., 35, 9.383378016085791, 2, 0.5361930294906166, 0, 0., 10, 2.680965147453083, 0, 0., 0, 0., 0, 0., 8, 2.1447721179624666, 0, 0., 0, 0., 2, 0.5361930294906166, 4, 1.0723860589812333, 0, 0., 0, 0., 0, 0., 0, 0., 0, 0., 0, 0., 0, 0., 8, 2.1447721179624666, 0, 0., 0, 0., 0, 0., 0, 0., 0, 0., 0, 0., 0, 0., 0, 0., 0, 0., 240, 64.343163538874, 0, 0., 0, 0., 0, 0., 5, 1.3404825737265416, 0, 0., 0, 0., 308, 254, 562, 373, 0.6637010676156584
, generated\gt\sample_000629.krn, generated\xml_trimmed_oemer\sample_000629.xml, 0, 0., 211, 83.39920948616601, 10, 3.952569169960474, 17, 6.719367588932807, 5, 1.976284584980237, 0, 0., 1, 0.3952569169960474, 0, 0., 0, 0., 6, 2.3715415019762847, 0, 0., 0, 0., 0, 0., 0, 0., 2, 0.7905138339920948, 0, 0., 0, 0., 0, 0., 0, 0., 0, 0., 0, 0., 0, 0., 1, 0.3952569169960474, 0, 0., 0, 0., 0, 0., 0, 0., 0, 0., 0, 0., 0, 0., 0, 0., 0, 0., 0, 0., 0, 0., 0, 0., 0, 0., 0, 0., 0, 0., 0, 0., 180, 200, 380, 253, 0.6657894736842105
, generated\gt\sample_000408.krn, generated\xml_trimmed_oemer\sample_000408.xml, 0, 0., 171, 67.05882352941177, 32, 12.549019607843137, 17, 6.666666666666667, 1, 0.39215686274509803, 0, 0., 11, 4.313725490196078, 0, 0., 0, 0., 7, 2.7450980392156863, 0, 0., 0, 0., 0, 0., 0, 0., 4, 1.5686274509803921, 2, 0.7843137254901961, 0, 0., 0, 0., 0, 0., 0, 0., 0, 0., 0, 0., 5, 1.9607843137254901, 0, 0., 0, 0., 0, 0., 0, 0., 0, 0., 0, 0., 0, 0., 0, 0., 0, 0., 0, 0., 0, 0., 0, 0., 0, 0., 5, 1.9607843137254901, 0, 0., 0, 0., 208, 175, 383, 255, 0.6657963446475196
, generated\gt\sample_000067.krn, generated\xml_trimmed_oemer\sample_000067.xml, 0, 0., 209, 78.86792452830188, 6, 2.2641509433962264, 17, 6.415094339622642, 2, 0.7547169811320755, 0, 0., 1, 0.37735849056603776, 0, 0., 0, 0., 0, 0., 11, 4.150943396226415, 0, 0., 0, 0., 0, 0., 4, 1.509433962264151, 8, 3.018867924528302, 0, 0., 0, 0., 0, 0., 0, 0., 0, 0., 0, 0., 2, 0.7547169811320755, 0, 0., 0, 0., 0, 0., 0, 0., 0, 0., 0, 0., 0, 0., 0, 0., 0, 0., 0, 0., 0, 0., 0, 0., 0, 0., 5, 1.8867924528301887, 0, 0., 0, 0., 209, 189, 398, 265, 0.6658291457286433
, generated\gt\sample_000664.krn, generated\xml_trimmed_oemer\sample_000664.xml, 0, 0., 82, 42.708333333333336, 18, 9.375, 7, 3.6458333333333335, 0, 0., 0, 0., 4, 2.0833333333333335, 0, 0., 0, 0., 1, 0.5208333333333334, 5, 2.6041666666666665, 0, 0., 0, 0., 0, 0., 2, 1.0416666666666667, 0, 0., 0, 0., 0, 0., 0, 0., 0, 0., 0, 0., 0, 0., 5, 2.6041666666666665, 0, 0., 0, 0., 0, 0., 0, 0., 0, 0., 0, 0., 0, 0., 0, 0., 0, 0., 63, 32.8125, 0, 0., 0, 0., 0, 0., 5, 2.6041666666666665, 0, 0., 0, 0., 130, 157, 287, 192, 0.6689895470383276
, generated\gt\sample_000011.krn, generated\xml_trimmed_oemer\sample_000011.xml, 0, 0., 281, 79.15492957746478, 2, 0.5633802816901409, 50, 14.084507042253522, 0, 0., 0, 0., 9, 2.535211267605634, 0, 0., 0, 0., 0, 0., 0, 0., 0, 0., 0, 0., 0, 0., 4, 1.1267605633802817, 0, 0., 0, 0., 0, 0., 0, 0., 0, 0., 0, 0., 0, 0., 4, 1.1267605633802817, 0, 0., 0, 0., 0, 0., 0, 0., 0, 0., 0, 0., 0, 0., 0, 0., 0, 0., 0, 0., 0, 0., 0, 0., 0, 0., 5, 1.408450704225352, 0, 0., 0, 0., 301, 229, 530, 355, 0.6698113207547169
, generated\gt\sample_000573.krn, generated\xml_trimmed_oemer\sample_000573.xml, 0, 0., 119, 34.69387755102041, 0, 0., 26, 7.580174927113703, 0, 0., 0, 0., 2, 0.5830903790087464, 0, 0., 0, 0., 0, 0., 0, 0., 2, 0.5830903790087464, 0, 0., 0, 0., 2, 0.5830903790087464, 2, 0.5830903790087464, 0, 0., 0, 0., 0, 0., 0, 0., 0, 0., 0, 0., 2, 0.5830903790087464, 0, 0., 0, 0., 0, 0., 0, 0., 0, 0., 0, 0., 0, 0., 0, 0., 0, 0., 188, 54.81049562682216, 0, 0., 0, 0., 0, 0., 0, 0., 0, 0., 0, 0., 236, 276, 512, 343, 0.669921875
, generated\gt\sample_000543.krn, generated\xml_trimmed_oemer\sample_000543.xml, 0, 0., 161, 79.3103448275862, 2, 0.9852216748768473, 16, 7.8817733990147785, 3, 1.477832512315271, 0, 0., 0, 0., 0, 0., 0, 0., 0, 0., 12, 5.911330049261084, 0, 0., 0, 0., 0, 0., 2, 0.9852216748768473, 0, 0., 0, 0., 0, 0., 0, 0., 0, 0., 0, 0., 0, 0., 2, 0.9852216748768473, 0, 0., 0, 0., 0, 0., 0, 0., 0, 0., 0, 0., 0, 0., 0, 0., 0, 0., 0, 0., 0, 0., 0, 0., 0, 0., 5, 2.4630541871921183, 0, 0., 0, 0., 146, 156, 302, 203, 0.6721854304635762
, generated\gt\sample_000131.krn, generated\xml_trimmed_oemer\sample_000131.xml, 0, 0., 271, 82.6219512195122, 4, 1.2195121951219512, 40, 12.195121951219512, 0, 0., 0, 0., 0, 0., 0, 0., 0, 0., 0, 0., 0, 0., 4, 1.2195121951219512, 0, 0., 0, 0., 1, 0.3048780487804878, 0, 0., 0, 0., 0, 0., 0, 0., 0, 0., 0, 0., 0, 0., 8, 2.4390243902439024, 0, 0., 0, 0., 0, 0., 0, 0., 0, 0., 0, 0., 0, 0., 0, 0., 0, 0., 0, 0., 0, 0., 0, 0., 0, 0., 0, 0., 0, 0., 0, 0., 227, 260, 487, 328, 0.6735112936344969
, generated\gt\sample_000181.krn, generated\xml_trimmed_oemer\sample_000181.xml, 0, 0., 130, 71.42857142857143, 8, 4.395604395604396, 9, 4.945054945054945, 2, 1.098901098901099, 0, 0., 3, 1.6483516483516483, 0, 0., 0, 0., 0, 0., 1, 0.5494505494505495, 1, 0.5494505494505495, 0, 0., 2, 1.098901098901099, 2, 1.098901098901099, 0, 0., 0, 0., 0, 0., 6, 3.2967032967032965, 0, 0., 0, 0., 0, 0., 6, 3.2967032967032965, 0, 0., 0, 0., 0, 0., 0, 0., 0, 0., 0, 0., 0, 0., 0, 0., 0, 0., 7, 3.8461538461538463, 0, 0., 0, 0., 0, 0., 5, 2.7472527472527473, 0, 0., 0, 0., 147, 123, 270, 182, 0.674074074074074
, generated\gt\sample_000481.krn, generated\xml_trimmed_oemer\sample_000481.xml, 0, 0., 106, 34.193548387096776, 2, 0.6451612903225806, 18, 5.806451612903226, 0, 0., 0, 0., 1, 0.3225806451612903, 0, 0., 0, 0., 0, 0., 0, 0., 0, 0., 0, 0., 3, 0.967741935483871, 4, 1.2903225806451613, 6, 1.935483870967742, 0, 0., 0, 0., 0, 0., 0, 0., 0, 0., 0, 0., 0, 0., 0, 0., 0, 0., 0, 0., 0, 0., 0, 0., 0, 0., 0, 0., 0, 0., 0, 0., 165, 53.225806451612904, 0, 0., 0, 0., 0, 0., 5, 1.6129032258064515, 0, 0., 0, 0., 238, 221, 459, 310, 0.6753812636165577
, generated\gt\sample_000190.krn, generated\xml_trimmed_oemer\sample_000190.xml, 0, 0., 50, 29.761904761904763, 6, 3.5714285714285716, 12, 7.142857142857143, 0, 0., 0, 0., 1, 0.5952380952380952, 0, 0., 0, 0., 0, 0., 0, 0., 0, 0., 0, 0., 3, 1.7857142857142858, 1, 0.5952380952380952, 0, 0., 0, 0., 0, 0., 0, 0., 0, 0., 0, 0., 0, 0., 2, 1.1904761904761905, 0, 0., 0, 0., 0, 0., 0, 0., 0, 0., 0, 0., 0, 0., 0, 0., 0, 0., 93, 55.357142857142854, 0, 0., 0, 0., 0, 0., 0, 0., 0, 0., 0, 0., 108, 140, 248, 168, 0.6774193548387096
, generated\gt\sample_000001.krn, generated\xml_trimmed_oemer\sample_000001.xml, 0, 0., 182, 43.23040380047506, 4, 0.9501187648456056, 46, 10.926365795724466, 3, 0.7125890736342043, 0, 0., 1, 0.2375296912114014, 0, 0., 0, 0., 1, 0.2375296912114014, 6, 1.4251781472684086, 0, 0., 0, 0., 8, 1.9002375296912113, 4, 0.9501187648456056, 10, 2.375296912114014, 0, 0., 0, 0., 0, 0., 0, 0., 0, 0., 0, 0., 5, 1.187648456057007, 0, 0., 0, 0., 0, 0., 0, 0., 0, 0., 0, 0., 0, 0., 0, 0., 0, 0., 146, 34.679334916864605, 0, 0., 0, 0., 0, 0., 5, 1.187648456057007, 0, 0., 0, 0., 294, 327, 621, 421, 0.677938808373591
, generated\gt\sample_000010.krn, generated\xml_trimmed_oemer\sample_000010.xml, 0, 0., 183, 43.160377358490564, 4, 0.9433962264150944, 21, 4.952830188679245, 4, 0.9433962264150944, 0, 0., 0, 0., 0, 0., 0, 0., 0, 0., 0, 0., 1, 0.2358490566037736, 0, 0., 0, 0., 4, 0.9433962264150944, 0, 0., 0, 0., 0, 0., 0, 0., 0, 0., 0, 0., 0, 0., 5, 1.179245283018868, 0, 0., 0, 0., 0, 0., 0, 0., 0, 0., 0, 0., 0, 0., 0, 0., 0, 0., 197, 46.4622641509434, 0, 0., 0, 0., 0, 0., 5, 1.179245283018868, 0, 0., 0, 0., 233, 392, 625, 424, 0.6784
, generated\gt\sample_000210.krn, generated\xml_trimmed_oemer\sample_000210.xml, 0, 0., 115, 68.04733727810651, 12, 7.100591715976331, 12, 7.100591715976331, 6, 3.5502958579881656, 0, 0., 0, 0., 0, 0., 0, 0., 0, 0., 14, 8.284023668639053, 0, 0., 0, 0., 0, 0., 4, 2.366863905325444, 0, 0., 0, 0., 0, 0., 0, 0., 0, 0., 0, 0., 0, 0., 1, 0.591715976331361, 0, 0., 0, 0., 0, 0., 0, 0., 0, 0., 0, 0., 0, 0., 0, 0., 0, 0., 0, 0., 0, 0., 0, 0., 0, 0., 5, 2.9585798816568047, 0, 0., 0, 0., 119, 130, 249, 169, 0.678714859437751
, generated\gt\sample_000447.krn, generated\xml_trimmed_oemer\sample_000447.xml, 0, 0., 212, 80.3030303030303, 2, 0.7575757575757576, 42, 15.909090909090908, 0, 0., 0, 0., 3, 1.1363636363636365, 0, 0., 0, 0., 0, 0., 0, 0., 0, 0., 0, 0., 0, 0., 2, 0.7575757575757576, 3, 1.1363636363636365, 0, 0., 0, 0., 0, 0., 0, 0., 0, 0., 0, 0., 0, 0., 0, 0., 0, 0., 0, 0., 0, 0., 0, 0., 0, 0., 0, 0., 0, 0., 0, 0., 0, 0., 0, 0., 0, 0., 0, 0., 0, 0., 0, 0., 0, 0., 204, 183, 387, 264, 0.6821705426356589
, generated\gt\sample_000319.krn, generated\xml_trimmed_oemer\sample_000319.xml, 0, 0., 111, 52.60663507109005, 6, 2.843601895734597, 14, 6.6350710900473935, 2, 0.9478672985781991, 0, 0., 2, 0.9478672985781991, 0, 0., 0, 0., 0, 0., 0, 0., 0, 0., 0, 0., 0, 0., 2, 0.9478672985781991, 0, 0., 0, 0., 0, 0., 0, 0., 0, 0., 0, 0., 0, 0., 7, 3.3175355450236967, 0, 0., 0, 0., 0, 0., 0, 0., 0, 0., 0, 0., 0, 0., 0, 0., 0, 0., 67, 31.753554502369667, 0, 0., 0, 0., 0, 0., 0, 0., 0, 0., 0, 0., 175, 134, 309, 211, 0.6828478964401294
, generated\gt\sample_000094.krn, generated\xml_trimmed_oemer\sample_000094.xml, 0, 0., 251, 69.14600550964187, 4, 1.1019283746556474, 34, 9.366391184573002, 1, 0.27548209366391185, 0, 0., 14, 3.8567493112947657, 0, 0., 0, 0., 0, 0., 0, 0., 0, 0., 0, 0., 0, 0., 2, 0.5509641873278237, 0, 0., 0, 0., 0, 0., 0, 0., 0, 0., 0, 0., 0, 0., 6, 1.6528925619834711, 0, 0., 0, 0., 0, 0., 0, 0., 0, 0., 0, 0., 0, 0., 0, 0., 0, 0., 46, 12.672176308539944, 0, 0., 0, 0., 0, 0., 5, 1.3774104683195592, 0, 0., 0, 0., 250, 280, 530, 363, 0.6849056603773584
, generated\gt\sample_000082.krn, generated\xml_trimmed_oemer\sample_000082.xml, 0, 0., 285, 67.53554502369668, 8, 1.8957345971563981, 30, 7.109004739336493, 1, 0.23696682464454977, 0, 0., 2, 0.47393364928909953, 0, 0., 0, 0., 0, 0., 11, 2.6066350710900474, 0, 0., 0, 0., 2, 0.47393364928909953, 2, 0.47393364928909953, 0, 0., 0, 0., 0, 0., 0, 0., 0, 0., 0, 0., 0, 0., 15, 3.5545023696682465, 0, 0., 0, 0., 0, 0., 0, 0., 0, 0., 0, 0., 0, 0., 0, 0., 0, 0., 61, 14.454976303317535, 0, 0., 0, 0., 0, 0., 5, 1.1848341232227488, 0, 0., 0, 0., 320, 296, 616, 422, 0.685064935064935
, generated\gt\sample_000223.krn, generated\xml_trimmed_oemer\sample_000223.xml, 0, 0., 177, 69.41176470588235, 6, 2.3529411764705883, 12, 4.705882352941177, 0, 0., 2, 0.7843137254901961, 5, 1.9607843137254901, 0, 0., 0, 0., 0, 0., 1, 0.39215686274509803, 0, 0., 0, 0., 0, 0., 4, 1.5686274509803921, 2, 0.7843137254901961, 0, 0., 0, 0., 0, 0., 0, 0., 0, 0., 0, 0., 1, 0.39215686274509803, 0, 0., 0, 0., 0, 0., 0, 0., 0, 0., 0, 0., 0, 0., 0, 0., 0, 0., 40, 15.686274509803921, 0, 0., 0, 0., 0, 0., 5, 1.9607843137254901, 0, 0., 0, 0., 206, 166, 372, 255, 0.6854838709677419
, generated\gt\sample_000199.krn, generated\xml_trimmed_oemer\sample_000199.xml, 0, 0., 185, 40.57017543859649, 4, 0.8771929824561403, 23, 5.043859649122807, 6, 1.3157894736842106, 0, 0., 4, 0.8771929824561403, 0, 0., 0, 0., 7, 1.5350877192982457, 0, 0., 0, 0., 0, 0., 1, 0.21929824561403508, 4, 0.8771929824561403, 0, 0., 0, 0., 0, 0., 0, 0., 0, 0., 0, 0., 0, 0., 2, 0.43859649122807015, 0, 0., 0, 0., 0, 0., 0, 0., 0, 0., 0, 0., 0, 0., 0, 0., 0, 0., 215, 47.14912280701754, 0, 0., 0, 0., 0, 0., 5, 1.0964912280701755, 0, 0., 0, 0., 315, 350, 665, 456, 0.6857142857142857
, generated\gt\sample_000346.krn, generated\xml_trimmed_oemer\sample_000346.xml, 0, 0., 180, 53.57142857142857, 0, 0., 39, 11.607142857142858, 1, 0.2976190476190476, 0, 0., 1, 0.2976190476190476, 0, 0., 0, 0., 0, 0., 2, 0.5952380952380952, 1, 0.2976190476190476, 0, 0., 0, 0., 2, 0.5952380952380952, 0, 0., 0, 0., 0, 0., 0, 0., 0, 0., 0, 0., 0, 0., 7, 2.0833333333333335, 0, 0., 0, 0., 0, 0., 0, 0., 0, 0., 0, 0., 0, 0., 0, 0., 0, 0., 103, 30.654761904761905, 0, 0., 0, 0., 0, 0., 0, 0., 0, 0., 0, 0., 234, 255, 489, 336, 0.6871165644171779
, generated\gt\sample_000644.krn, generated\xml_trimmed_oemer\sample_000644.xml, 0, 0., 220, 51.76470588235294, 2, 0.47058823529411764, 26, 6.117647058823529, 4, 0.9411764705882353, 0, 0., 1, 0.23529411764705882, 0, 0., 0, 0., 0, 0., 1, 0.23529411764705882, 0, 0., 0, 0., 1, 0.23529411764705882, 4, 0.9411764705882353, 4, 0.9411764705882353, 0, 0., 0, 0., 0, 0., 0, 0., 0, 0., 0, 0., 8, 1.8823529411764706, 0, 0., 0, 0., 0, 0., 0, 0., 0, 0., 0, 0., 0, 0., 0, 0., 0, 0., 149, 35.05882352941177, 0, 0., 0, 0., 0, 0., 5, 1.1764705882352942, 0, 0., 0, 0., 325, 290, 615, 425, 0.6910569105691057
, generated\gt\sample_000370.krn, generated\xml_trimmed_oemer\sample_000370.xml, 0, 0., 112, 50.0, 4, 1.7857142857142858, 17, 7.589285714285714, 2, 0.8928571428571429, 0, 0., 0, 0., 0, 0., 0, 0., 0, 0., 12, 5.357142857142857, 0, 0., 0, 0., 0, 0., 4, 1.7857142857142858, 0, 0., 0, 0., 0, 0., 0, 0., 0, 0., 0, 0., 0, 0., 0, 0., 0, 0., 0, 0., 0, 0., 0, 0., 0, 0., 0, 0., 0, 0., 0, 0., 0, 0., 68, 30.357142857142858, 0, 0., 0, 0., 0, 0., 5, 2.232142857142857, 0, 0., 0, 0., 165, 159, 324, 224, 0.691358024691358
, generated\gt\sample_000042.krn, generated\xml_trimmed_oemer\sample_000042.xml, 0, 0., 133, 76.0, 4, 2.2857142857142856, 11, 6.285714285714286, 1, 0.5714285714285714, 0, 0., 1, 0.5714285714285714, 0, 0., 0, 0., 0, 0., 6, 3.4285714285714284, 0, 0., 0, 0., 0, 0., 4, 2.2857142857142856, 0, 0., 0, 0., 0, 0., 6, 3.4285714285714284, 0, 0., 0, 0., 0, 0., 4, 2.2857142857142856, 0, 0., 0, 0., 0, 0., 0, 0., 0, 0., 0, 0., 0, 0., 0, 0., 0, 0., 0, 0., 0, 0., 0, 0., 0, 0., 5, 2.857142857142857, 0, 0., 0, 0., 144, 109, 253, 175, 0.691699604743083
, generated\gt\sample_000479.krn, generated\xml_trimmed_oemer\sample_000479.xml, 0, 0., 92, 35.11450381679389, 6, 2.2900763358778624, 18, 6.870229007633588, 2, 0.7633587786259542, 0, 0., 3, 1.1450381679389312, 0, 0., 0, 0., 0, 0., 1, 0.3816793893129771, 0, 0., 0, 0., 0, 0., 2, 0.7633587786259542, 0, 0., 0, 0., 0, 0., 0, 0., 0, 0., 0, 0., 0, 0., 6, 2.2900763358778624, 0, 0., 0, 0., 0, 0., 0, 0., 0, 0., 0, 0., 0, 0., 0, 0., 0, 0., 132, 50.38167938931298, 0, 0., 0, 0., 0, 0., 0, 0., 0, 0., 0, 0., 163, 215, 378, 262, 0.6931216931216931
, generated\gt\sample_000419.krn, generated\xml_trimmed_oemer\sample_000419.xml, 0, 0., 158, 50.80385852090032, 0, 0., 26, 8.360128617363344, 2, 0.6430868167202572, 0, 0., 1, 0.3215434083601286, 0, 0., 0, 0., 0, 0., 0, 0., 0, 0., 0, 0., 0, 0., 2, 0.6430868167202572, 0, 0., 0, 0., 0, 0., 0, 0., 0, 0., 0, 0., 0, 0., 5, 1.607717041800643, 0, 0., 0, 0., 0, 0., 0, 0., 0, 0., 0, 0., 0, 0., 0, 0., 0, 0., 117, 37.62057877813505, 0, 0., 0, 0., 0, 0., 0, 0., 0, 0., 0, 0., 213, 234, 447, 311, 0.6957494407158836
, generated\gt\sample_000180.krn, generated\xml_trimmed_oemer\sample_000180.xml, 0, 0., 69, 32.54716981132076, 4, 1.8867924528301887, 0, 0., 6, 2.830188679245283, 0, 0., 0, 0., 0, 0., 0, 0., 0, 0., 1, 0.4716981132075472, 0, 0., 0, 0., 0, 0., 2, 0.9433962264150944, 0, 0., 0, 0., 0, 0., 0, 0., 0, 0., 0, 0., 0, 0., 7, 3.30188679245283, 0, 0., 0, 0., 0, 0., 0, 0., 0, 0., 0, 0., 0, 0., 0, 0., 0, 0., 118, 55.660377358490564, 0, 0., 0, 0., 0, 0., 5, 2.358490566037736, 0, 0., 0, 0., 151, 153, 304, 212, 0.6973684210526315
, generated\gt\sample_000219.krn, generated\xml_trimmed_oemer\sample_000219.xml, 0, 0., 63, 36.8421052631579, 2, 1.1695906432748537, 10, 5.847953216374269, 1, 0.5847953216374269, 0, 0., 3, 1.7543859649122806, 0, 0., 0, 0., 1, 0.5847953216374269, 0, 0., 0, 0., 0, 0., 1, 0.5847953216374269, 4, 2.3391812865497075, 6, 3.508771929824561, 0, 0., 0, 0., 0, 0., 0, 0., 0, 0., 0, 0., 5, 2.9239766081871346, 0, 0., 0, 0., 0, 0., 0, 0., 0, 0., 0, 0., 0, 0., 0, 0., 0, 0., 70, 40.93567251461988, 0, 0., 0, 0., 0, 0., 5, 2.9239766081871346, 0, 0., 0, 0., 114, 131, 245, 171, 0.6979591836734694
, generated\gt\sample_000458.krn, generated\xml_trimmed_oemer\sample_000458.xml, 0, 0., 290, 78.80434782608695, 6, 1.6304347826086956, 39, 10.597826086956522, 0, 0., 0, 0., 1, 0.2717391304347826, 0, 0., 0, 0., 0, 0., 0, 0., 0, 0., 0, 0., 0, 0., 4, 1.0869565217391304, 0, 0., 0, 0., 0, 0., 18, 4.891304347826087, 0, 0., 0, 0., 0, 0., 5, 1.358695652173913, 0, 0., 0, 0., 0, 0., 0, 0., 0, 0., 0, 0., 0, 0., 0, 0., 0, 0., 0, 0., 0, 0., 0, 0., 0, 0., 5, 1.358695652173913, 0, 0., 0, 0., 290, 237, 527, 368, 0.698292220113852
, generated\gt\sample_000555.krn, generated\xml_trimmed_oemer\sample_000555.xml, 0, 0., 118, 55.39906103286385, 14, 6.572769953051643, 11, 5.164319248826291, 7, 3.2863849765258215, 0, 0., 1, 0.4694835680751174, 0, 0., 0, 0., 0, 0., 1, 0.4694835680751174, 0, 0., 0, 0., 0, 0., 4, 1.8779342723004695, 0, 0., 0, 0., 0, 0., 0, 0., 0, 0., 0, 0., 0, 0., 4, 1.8779342723004695, 0, 0., 0, 0., 0, 0., 0, 0., 0, 0., 0, 0., 0, 0., 0, 0., 0, 0., 48, 22.535211267605632, 0, 0., 0, 0., 0, 0., 5, 2.347417840375587, 0, 0., 0, 0., 151, 154, 305, 213, 0.6983606557377049
, generated\gt\sample_000341.krn, generated\xml_trimmed_oemer\sample_000341.xml, 0, 0., 288, 85.71428571428571, 2, 0.5952380952380952, 23, 6.845238095238095, 2, 0.5952380952380952, 0, 0., 1, 0.2976190476190476, 0, 0., 0, 0., 0, 0., 0, 0., 0, 0., 0, 0., 2, 0.5952380952380952, 4, 1.1904761904761905, 0, 0., 0, 0., 0, 0., 0, 0., 0, 0., 0, 0., 0, 0., 9, 2.6785714285714284, 0, 0., 0, 0., 0, 0., 0, 0., 0, 0., 0, 0., 0, 0., 0, 0., 0, 0., 0, 0., 0, 0., 0, 0., 0, 0., 5, 1.4880952380952381, 0, 0., 0, 0., 245, 236, 481, 336, 0.6985446985446986
, generated\gt\sample_000563.krn, generated\xml_trimmed_oemer\sample_000563.xml, 0, 0., 112, 51.141552511415526, 4, 1.82648401826484, 25, 11.415525114155251, 1, 0.45662100456621, 0, 0., 1, 0.45662100456621, 0, 0., 0, 0., 0, 0., 1, 0.45662100456621, 0, 0., 0, 0., 1, 0.45662100456621, 4, 1.82648401826484, 3, 1.36986301369863, 0, 0., 4, 1.82648401826484, 0, 0., 0, 0., 0, 0., 0, 0., 2, 0.91324200913242, 0, 0., 0, 0., 0, 0., 0, 0., 0, 0., 0, 0., 0, 0., 0, 0., 0, 0., 56, 25.570776255707763, 0, 0., 0, 0., 0, 0., 5, 2.2831050228310503, 0, 0., 0, 0., 182, 131, 313, 219, 0.6996805111821086
, generated\gt\sample_000566.krn, generated\xml_trimmed_oemer\sample_000566.xml, 0, 0., 108, 46.753246753246756, 14, 6.0606060606060606, 21, 9.090909090909092, 5, 2.1645021645021645, 0, 0., 0, 0., 0, 0., 0, 0., 0, 0., 0, 0., 0, 0., 0, 0., 0, 0., 2, 0.8658008658008658, 0, 0., 0, 0., 0, 0., 0, 0., 0, 0., 0, 0., 0, 0., 8, 3.463203463203463, 0, 0., 0, 0., 0, 0., 0, 0., 0, 0., 0, 0., 0, 0., 0, 0., 0, 0., 73, 31.6017316017316, 0, 0., 0, 0., 0, 0., 0, 0., 0, 0., 0, 0., 179, 151, 330, 231, 0.7
, generated\gt\sample_000613.krn, generated\xml_trimmed_oemer\sample_000613.xml, 0, 0., 155, 54.3859649122807, 2, 0.7017543859649122, 21, 7.368421052631579, 2, 0.7017543859649122, 0, 0., 7, 2.456140350877193, 0, 0., 0, 0., 1, 0.3508771929824561, 5, 1.7543859649122806, 0, 0., 0, 0., 0, 0., 2, 0.7017543859649122, 0, 0., 0, 0., 0, 0., 0, 0., 0, 0., 0, 0., 0, 0., 6, 2.1052631578947367, 0, 0., 0, 0., 0, 0., 0, 0., 0, 0., 0, 0., 0, 0., 0, 0., 0, 0., 79, 27.719298245614034, 0, 0., 0, 0., 0, 0., 5, 1.7543859649122806, 0, 0., 0, 0., 205, 202, 407, 285, 0.7002457002457002
, generated\gt\sample_000158.krn, generated\xml_trimmed_oemer\sample_000158.xml, 0, 0., 119, 72.5609756097561, 4, 2.4390243902439024, 6, 3.658536585365854, 2, 1.2195121951219512, 0, 0., 0, 0., 0, 0., 0, 0., 0, 0., 0, 0., 0, 0., 0, 0., 0, 0., 2, 1.2195121951219512, 0, 0., 0, 0., 0, 0., 0, 0., 0, 0., 0, 0., 0, 0., 5, 3.048780487804878, 0, 0., 0, 0., 0, 0., 0, 0., 0, 0., 0, 0., 0, 0., 0, 0., 0, 0., 21, 12.804878048780488, 0, 0., 0, 0., 0, 0., 5, 3.048780487804878, 0, 0., 0, 0., 108, 126, 234, 164, 0.7008547008547008
, generated\gt\sample_000639.krn, generated\xml_trimmed_oemer\sample_000639.xml, 0, 0., 316, 84.04255319148936, 4, 1.0638297872340425, 36, 9.574468085106384, 3, 0.7978723404255319, 0, 0., 3, 0.7978723404255319, 0, 0., 0, 0., 4, 1.0638297872340425, 1, 0.26595744680851063, 0, 0., 0, 0., 0, 0., 4, 1.0638297872340425, 0, 0., 0, 0., 0, 0., 0, 0., 0, 0., 0, 0., 0, 0., 0, 0., 0, 0., 0, 0., 0, 0., 0, 0., 0, 0., 0, 0., 0, 0., 0, 0., 0, 0., 0, 0., 0, 0., 0, 0., 0, 0., 5, 1.3297872340425532, 0, 0., 0, 0., 267, 269, 536, 376, 0.7014925373134329
, generated\gt\sample_000053.krn, generated\xml_trimmed_oemer\sample_000053.xml, 0, 0., 107, 51.690821256038646, 0, 0., 28, 13.526570048309178, 0, 0., 0, 0., 0, 0., 0, 0., 0, 0., 0, 0., 0, 0., 0, 0., 0, 0., 0, 0., 2, 0.966183574879227, 0, 0., 0, 0., 0, 0., 0, 0., 0, 0., 0, 0., 0, 0., 0, 0., 0, 0., 0, 0., 0, 0., 0, 0., 0, 0., 0, 0., 0, 0., 0, 0., 0, 0., 70, 33.81642512077295, 0, 0., 0, 0., 0, 0., 0, 0., 0, 0., 0, 0., 198, 97, 295, 207, 0.7016949152542373
, generated\gt\sample_000129.krn, generated\xml_trimmed_oemer\sample_000129.xml, 0, 0., 121, 48.4, 0, 0., 14, 5.6, 0, 0., 0, 0., 0, 0., 0, 0., 0, 0., 0, 0., 0, 0., 0, 0., 0, 0., 0, 0., 1, 0.4, 0, 0., 0, 0., 0, 0., 0, 0., 0, 0., 0, 0., 0, 0., 8, 3.2, 0, 0., 0, 0., 0, 0., 0, 0., 0, 0., 0, 0., 0, 0., 0, 0., 0, 0., 106, 42.4, 0, 0., 0, 0., 0, 0., 0, 0., 0, 0., 0, 0., 143, 213, 356, 250, 0.702247191011236
, generated\gt\sample_000680.krn, generated\xml_trimmed_oemer\sample_000680.xml, 0, 0., 122, 49.193548387096776, 10, 4.032258064516129, 16, 6.451612903225806, 7, 2.8225806451612905, 0, 0., 1, 0.4032258064516129, 0, 0., 0, 0., 1, 0.4032258064516129, 2, 0.8064516129032258, 0, 0., 0, 0., 4, 1.6129032258064515, 4, 1.6129032258064515, 0, 0., 0, 0., 0, 0., 0, 0., 0, 0., 0, 0., 0, 0., 6, 2.4193548387096775, 0, 0., 0, 0., 0, 0., 0, 0., 0, 0., 0, 0., 0, 0., 0, 0., 0, 0., 70, 28.225806451612904, 0, 0., 0, 0., 0, 0., 5, 2.0161290322580645, 0, 0., 0, 0., 176, 177, 353, 248, 0.7025495750708215
, generated\gt\sample_000478.krn, generated\xml_trimmed_oemer\sample_000478.xml, 0, 0., 394, 81.23711340206185, 4, 0.8247422680412371, 59, 12.164948453608247, 0, 0., 0, 0., 2, 0.41237113402061853, 0, 0., 0, 0., 0, 0., 0, 0., 0, 0., 0, 0., 0, 0., 2, 0.41237113402061853, 12, 2.4742268041237114, 0, 0., 0, 0., 0, 0., 0, 0., 0, 0., 0, 0., 7, 1.443298969072165, 0, 0., 0, 0., 0, 0., 0, 0., 0, 0., 0, 0., 0, 0., 0, 0., 0, 0., 0, 0., 0, 0., 0, 0., 0, 0., 5, 1.0309278350515463, 0, 0., 0, 0., 363, 326, 689, 485, 0.7039187227866474
, generated\gt\sample_000059.krn, generated\xml_trimmed_oemer\sample_000059.xml, 0, 0., 76, 27.536231884057973, 6, 2.1739130434782608, 9, 3.260869565217391, 1, 0.36231884057971014, 0, 0., 0, 0., 0, 0., 0, 0., 0, 0., 0, 0., 0, 0., 0, 0., 1, 0.36231884057971014, 4, 1.4492753623188406, 2, 0.7246376811594203, 0, 0., 4, 1.4492753623188406, 0, 0., 0, 0., 0, 0., 0, 0., 2, 0.7246376811594203, 0, 0., 0, 0., 0, 0., 0, 0., 0, 0., 0, 0., 0, 0., 0, 0., 0, 0., 166, 60.14492753623188, 0, 0., 0, 0., 0, 0., 5, 1.8115942028985508, 0, 0., 0, 0., 249, 142, 391, 276, 0.7058823529411765
, generated\gt\sample_000165.krn, generated\xml_trimmed_oemer\sample_000165.xml, 0, 0., 301, 74.13793103448276, 0, 0., 25, 6.157635467980295, 7, 1.7241379310344827, 0, 0., 0, 0., 0, 0., 0, 0., 0, 0., 0, 0., 0, 0., 0, 0., 2, 0.49261083743842365, 4, 0.9852216748768473, 2, 0.49261083743842365, 0, 0., 4, 0.9852216748768473, 0, 0., 0, 0., 0, 0., 0, 0., 0, 0., 0, 0., 0, 0., 0, 0., 0, 0., 0, 0., 0, 0., 0, 0., 0, 0., 0, 0., 56, 13.793103448275861, 0, 0., 0, 0., 0, 0., 5, 1.2315270935960592, 0, 0., 0, 0., 310, 265, 575, 406, 0.7060869565217391
, generated\gt\sample_000240.krn, generated\xml_trimmed_oemer\sample_000240.xml, 0, 0., 110, 43.30708661417323, 8, 3.1496062992125986, 1, 0.3937007874015748, 0, 0., 0, 0., 0, 0., 0, 0., 0, 0., 2, 0.7874015748031497, 0, 0., 0, 0., 0, 0., 0, 0., 2, 0.7874015748031497, 0, 0., 0, 0., 0, 0., 0, 0., 0, 0., 0, 0., 0, 0., 7, 2.7559055118110236, 0, 0., 0, 0., 0, 0., 0, 0., 0, 0., 0, 0., 0, 0., 0, 0., 0, 0., 124, 48.818897637795274, 0, 0., 0, 0., 0, 0., 0, 0., 0, 0., 0, 0., 151, 208, 359, 254, 0.7075208913649025
, generated\gt\sample_000588.krn, generated\xml_trimmed_oemer\sample_000588.xml, 0, 0., 357, 66.97936210131333, 0, 0., 41, 7.6923076923076925, 0, 0., 0, 0., 0, 0., 0, 0., 0, 0., 0, 0., 0, 0., 0, 0., 0, 0., 0, 0., 4, 0.7504690431519699, 0, 0., 0, 0., 0, 0., 0, 0., 0, 0., 0, 0., 0, 0., 0, 0., 0, 0., 0, 0., 0, 0., 0, 0., 0, 0., 0, 0., 0, 0., 0, 0., 0, 0., 126, 23.639774859287055, 0, 0., 0, 0., 0, 0., 5, 0.9380863039399625, 0, 0., 0, 0., 391, 361, 752, 533, 0.7087765957446809
, generated\gt\sample_000108.krn, generated\xml_trimmed_oemer\sample_000108.xml, 0, 0., 149, 50.50847457627118, 0, 0., 23, 7.796610169491525, 2, 0.6779661016949152, 0, 0., 12, 4.067796610169491, 0, 0., 0, 0., 0, 0., 5, 1.694915254237288, 2, 0.6779661016949152, 0, 0., 1, 0.3389830508474576, 4, 1.3559322033898304, 0, 0., 0, 0., 0, 0., 0, 0., 0, 0., 0, 0., 0, 0., 6, 2.0338983050847457, 0, 0., 0, 0., 0, 0., 0, 0., 0, 0., 0, 0., 0, 0., 0, 0., 0, 0., 86, 29.152542372881356, 0, 0., 0, 0., 0, 0., 5, 1.694915254237288, 0, 0., 0, 0., 236, 180, 416, 295, 0.7091346153846154
, generated\gt\sample_000117.krn, generated\xml_trimmed_oemer\sample_000117.xml, 0, 0., 189, 62.171052631578945, 0, 0., 20, 6.578947368421052, 0, 0., 0, 0., 8, 2.6315789473684212, 0, 0., 0, 0., 0, 0., 0, 0., 0, 0., 0, 0., 0, 0., 4, 1.3157894736842106, 0, 0., 0, 0., 0, 0., 0, 0., 0, 0., 0, 0., 0, 0., 0, 0., 0, 0., 0, 0., 0, 0., 0, 0., 0, 0., 0, 0., 0, 0., 0, 0., 0, 0., 78, 25.657894736842106, 0, 0., 0, 0., 0, 0., 5, 1.644736842105263, 0, 0., 0, 0., 245, 183, 428, 304, 0.7102803738317757
, generated\gt\sample_000322.krn, generated\xml_trimmed_oemer\sample_000322.xml, 0, 0., 279, 84.80243161094225, 10, 3.0395136778115504, 13, 3.951367781155015, 6, 1.8237082066869301, 0, 0., 2, 0.60790273556231, 0, 0., 0, 0., 5, 1.5197568389057752, 0, 0., 0, 0., 0, 0., 0, 0., 4, 1.21580547112462, 0, 0., 0, 0., 0, 0., 0, 0., 0, 0., 0, 0., 0, 0., 5, 1.5197568389057752, 0, 0., 0, 0., 0, 0., 0, 0., 0, 0., 0, 0., 0, 0., 0, 0., 0, 0., 0, 0., 0, 0., 0, 0., 0, 0., 5, 1.5197568389057752, 0, 0., 0, 0., 243, 220, 463, 329, 0.7105831533477321
, generated\gt\sample_000669.krn, generated\xml_trimmed_oemer\sample_000669.xml, 0, 0., 337, 86.18925831202046, 4, 1.0230179028132993, 27, 6.90537084398977, 1, 0.2557544757033248, 0, 0., 3, 0.7672634271099744, 0, 0., 0, 0., 0, 0., 2, 0.5115089514066496, 1, 0.2557544757033248, 0, 0., 0, 0., 4, 1.0230179028132993, 0, 0., 0, 0., 0, 0., 0, 0., 0, 0., 0, 0., 0, 0., 7, 1.7902813299232736, 0, 0., 0, 0., 0, 0., 0, 0., 0, 0., 0, 0., 0, 0., 0, 0., 0, 0., 0, 0., 0, 0., 0, 0., 0, 0., 5, 1.278772378516624, 0, 0., 0, 0., 283, 267, 550, 391, 0.7109090909090909
, generated\gt\sample_000668.krn, generated\xml_trimmed_oemer\sample_000668.xml, 0, 0., 321, 88.18681318681318, 10, 2.7472527472527473, 10, 2.7472527472527473, 0, 0., 0, 0., 1, 0.27472527472527475, 0, 0., 0, 0., 1, 0.27472527472527475, 6, 1.6483516483516483, 0, 0., 0, 0., 0, 0., 4, 1.098901098901099, 0, 0., 0, 0., 0, 0., 0, 0., 0, 0., 0, 0., 0, 0., 6, 1.6483516483516483, 0, 0., 0, 0., 0, 0., 0, 0., 0, 0., 0, 0., 0, 0., 0, 0., 0, 0., 0, 0., 0, 0., 0, 0., 0, 0., 5, 1.3736263736263736, 0, 0., 0, 0., 265, 247, 512, 364, 0.7109375
, generated\gt\sample_000183.krn, generated\xml_trimmed_oemer\sample_000183.xml, 0, 0., 94, 47.71573604060914, 16, 8.121827411167512, 4, 2.030456852791878, 7, 3.553299492385787, 0, 0., 4, 2.030456852791878, 0, 0., 0, 0., 0, 0., 0, 0., 0, 0., 0, 0., 0, 0., 2, 1.015228426395939, 0, 0., 0, 0., 0, 0., 0, 0., 0, 0., 0, 0., 0, 0., 5, 2.5380710659898478, 0, 0., 0, 0., 0, 0., 0, 0., 0, 0., 0, 0., 0, 0., 0, 0., 0, 0., 60, 30.456852791878173, 0, 0., 0, 0., 0, 0., 5, 2.5380710659898478, 0, 0., 0, 0., 132, 145, 277, 197, 0.7111913357400722
, generated\gt\sample_000097.krn, generated\xml_trimmed_oemer\sample_000097.xml, 0, 0., 204, 66.23376623376623, 6, 1.948051948051948, 9, 2.9220779220779223, 4, 1.2987012987012987, 0, 0., 1, 0.3246753246753247, 0, 0., 0, 0., 3, 0.974025974025974, 4, 1.2987012987012987, 3, 0.974025974025974, 0, 0., 0, 0., 4, 1.2987012987012987, 2, 0.6493506493506493, 0, 0., 0, 0., 3, 0.974025974025974, 0, 0., 0, 0., 0, 0., 10, 3.2467532467532467, 0, 0., 0, 0., 0, 0., 0, 0., 0, 0., 0, 0., 0, 0., 0, 0., 0, 0., 50, 16.233766233766232, 0, 0., 0, 0., 0, 0., 5, 1.6233766233766234, 0, 0., 0, 0., 216, 217, 433, 308, 0.7113163972286374
, generated\gt\sample_000524.krn, generated\xml_trimmed_oemer\sample_000524.xml, 0, 0., 267, 85.57692307692308, 4, 1.2820512820512822, 28, 8.974358974358974, 2, 0.6410256410256411, 0, 0., 1, 0.32051282051282054, 0, 0., 0, 0., 0, 0., 0, 0., 0, 0., 0, 0., 0, 0., 2, 0.6410256410256411, 0, 0., 0, 0., 0, 0., 0, 0., 0, 0., 0, 0., 0, 0., 8, 2.5641025641025643, 0, 0., 0, 0., 0, 0., 0, 0., 0, 0., 0, 0., 0, 0., 0, 0., 0, 0., 0, 0., 0, 0., 0, 0., 0, 0., 0, 0., 0, 0., 0, 0., 196, 242, 438, 312, 0.7123287671232876
, generated\gt\sample_000445.krn, generated\xml_trimmed_oemer\sample_000445.xml, 0, 0., 250, 74.6268656716418, 0, 0., 33, 9.850746268656716, 4, 1.1940298507462686, 0, 0., 5, 1.492537313432836, 0, 0., 0, 0., 0, 0., 9, 2.6865671641791047, 0, 0., 0, 0., 0, 0., 4, 1.1940298507462686, 0, 0., 0, 0., 0, 0., 15, 4.477611940298507, 0, 0., 0, 0., 0, 0., 10, 2.985074626865672, 0, 0., 0, 0., 0, 0., 0, 0., 0, 0., 0, 0., 0, 0., 0, 0., 0, 0., 0, 0., 0, 0., 0, 0., 0, 0., 5, 1.492537313432836, 0, 0., 0, 0., 274, 196, 470, 335, 0.7127659574468085
, generated\gt\sample_000163.krn, generated\xml_trimmed_oemer\sample_000163.xml, 0, 0., 184, 87.20379146919431, 4, 1.8957345971563981, 2, 0.9478672985781991, 3, 1.4218009478672986, 2, 0.9478672985781991, 0, 0., 0, 0., 0, 0., 0, 0., 2, 0.9478672985781991, 3, 1.4218009478672986, 0, 0., 1, 0.47393364928909953, 2, 0.9478672985781991, 0, 0., 0, 0., 0, 0., 0, 0., 0, 0., 0, 0., 0, 0., 3, 1.4218009478672986, 0, 0., 0, 0., 0, 0., 0, 0., 0, 0., 0, 0., 0, 0., 0, 0., 0, 0., 0, 0., 0, 0., 0, 0., 0, 0., 5, 2.3696682464454977, 0, 0., 0, 0., 162, 134, 296, 211, 0.7128378378378378
, generated\gt\sample_000488.krn, generated\xml_trimmed_oemer\sample_000488.xml, 0, 0., 162, 73.63636363636364, 0, 0., 22, 10.0, 2, 0.9090909090909091, 0, 0., 0, 0., 0, 0., 0, 0., 0, 0., 1, 0.45454545454545453, 0, 0., 0, 0., 0, 0., 4, 1.8181818181818181, 0, 0., 0, 0., 0, 0., 6, 2.727272727272727, 0, 0., 0, 0., 0, 0., 3, 1.3636363636363635, 0, 0., 0, 0., 0, 0., 0, 0., 0, 0., 0, 0., 0, 0., 0, 0., 0, 0., 15, 6.818181818181818, 0, 0., 0, 0., 0, 0., 5, 2.272727272727273, 0, 0., 0, 0., 166, 142, 308, 220, 0.7142857142857143
, generated\gt\sample_000493.krn, generated\xml_trimmed_oemer\sample_000493.xml, 0, 0., 153, 52.04081632653061, 6, 2.0408163265306123, 28, 9.523809523809524, 2, 0.6802721088435374, 2, 0.6802721088435374, 5, 1.7006802721088434, 0, 0., 0, 0., 0, 0., 4, 1.3605442176870748, 0, 0., 0, 0., 0, 0., 1, 0.3401360544217687, 1, 0.3401360544217687, 0, 0., 0, 0., 0, 0., 0, 0., 0, 0., 0, 0., 6, 2.0408163265306123, 0, 0., 0, 0., 0, 0., 0, 0., 0, 0., 0, 0., 0, 0., 0, 0., 0, 0., 86, 29.25170068027211, 0, 0., 0, 0., 0, 0., 0, 0., 0, 0., 0, 0., 174, 237, 411, 294, 0.7153284671532847
, generated\gt\sample_000497.krn, generated\xml_trimmed_oemer\sample_000497.xml, 0, 0., 185, 67.51824817518248, 4, 1.4598540145985401, 10, 3.6496350364963503, 1, 0.36496350364963503, 0, 0., 1, 0.36496350364963503, 0, 0., 0, 0., 0, 0., 0, 0., 1, 0.36496350364963503, 0, 0., 0, 0., 2, 0.7299270072992701, 0, 0., 0, 0., 0, 0., 0, 0., 0, 0., 0, 0., 0, 0., 5, 1.8248175182481752, 0, 0., 0, 0., 0, 0., 0, 0., 0, 0., 0, 0., 0, 0., 0, 0., 0, 0., 65, 23.722627737226276, 0, 0., 0, 0., 0, 0., 0, 0., 0, 0., 0, 0., 162, 221, 383, 274, 0.7154046997389034
, generated\gt\sample_000682.krn, generated\xml_trimmed_oemer\sample_000682.xml, 0, 0., 195, 52.27882037533512, 4, 1.0723860589812333, 24, 6.434316353887399, 4, 1.0723860589812333, 0, 0., 5, 1.3404825737265416, 0, 0., 0, 0., 1, 0.2680965147453083, 5, 1.3404825737265416, 0, 0., 0, 0., 2, 0.5361930294906166, 4, 1.0723860589812333, 0, 0., 0, 0., 0, 0., 0, 0., 0, 0., 0, 0., 0, 0., 9, 2.4128686327077746, 0, 0., 0, 0., 0, 0., 0, 0., 0, 0., 0, 0., 0, 0., 0, 0., 0, 0., 115, 30.831099195710454, 0, 0., 0, 0., 0, 0., 5, 1.3404825737265416, 0, 0., 0, 0., 231, 290, 521, 373, 0.7159309021113244
, generated\gt\sample_000039.krn, generated\xml_trimmed_oemer\sample_000039.xml, 0, 0., 166, 57.638888888888886, 0, 0., 1, 0.3472222222222222, 1, 0.3472222222222222, 0, 0., 8, 2.7777777777777777, 0, 0., 0, 0., 0, 0., 0, 0., 0, 0., 0, 0., 1, 0.3472222222222222, 4, 1.3888888888888888, 4, 1.3888888888888888, 0, 0., 0, 0., 12, 4.166666666666667, 0, 0., 0, 0., 0, 0., 2, 0.6944444444444444, 0, 0., 0, 0., 0, 0., 0, 0., 0, 0., 0, 0., 0, 0., 0, 0., 0, 0., 84, 29.166666666666668, 0, 0., 0, 0., 0, 0., 5, 1.7361111111111112, 0, 0., 0, 0., 225, 177, 402, 288, 0.7164179104477612
, generated\gt\sample_000502.krn, generated\xml_trimmed_oemer\sample_000502.xml, 0, 0., 181, 66.3003663003663, 10, 3.663003663003663, 7, 2.5641025641025643, 11, 4.029304029304029, 0, 0., 5, 1.8315018315018314, 0, 0., 0, 0., 0, 0., 1, 0.3663003663003663, 0, 0., 0, 0., 1, 0.3663003663003663, 4, 1.465201465201465, 8, 2.93040293040293, 0, 0., 0, 0., 0, 0., 0, 0., 0, 0., 0, 0., 3, 1.098901098901099, 0, 0., 0, 0., 0, 0., 0, 0., 0, 0., 0, 0., 0, 0., 0, 0., 0, 0., 37, 13.553113553113553, 0, 0., 0, 0., 0, 0., 5, 1.8315018315018314, 0, 0., 0, 0., 207, 174, 381, 273, 0.7165354330708661
, generated\gt\sample_000577.krn, generated\xml_trimmed_oemer\sample_000577.xml, 0, 0., 138, 47.58620689655172, 6, 2.0689655172413794, 11, 3.793103448275862, 0, 0., 0, 0., 0, 0., 0, 0., 0, 0., 0, 0., 6, 2.0689655172413794, 0, 0., 0, 0., 2, 0.6896551724137931, 4, 1.3793103448275863, 0, 0., 0, 0., 0, 0., 0, 0., 0, 0., 0, 0., 0, 0., 2, 0.6896551724137931, 0, 0., 0, 0., 0, 0., 0, 0., 0, 0., 0, 0., 0, 0., 0, 0., 0, 0., 116, 40.0, 0, 0., 0, 0., 0, 0., 5, 1.7241379310344827, 0, 0., 0, 0., 205, 199, 404, 290, 0.7178217821782178
, generated\gt\sample_000549.krn, generated\xml_trimmed_oemer\sample_000549.xml, 0, 0., 348, 79.45205479452055, 4, 0.91324200913242, 62, 14.155251141552512, 2, 0.45662100456621, 0, 0., 4, 0.91324200913242, 0, 0., 0, 0., 0, 0., 0, 0., 0, 0., 0, 0., 0, 0., 4, 0.91324200913242, 8, 1.82648401826484, 0, 0., 0, 0., 0, 0., 0, 0., 0, 0., 0, 0., 1, 0.228310502283105, 0, 0., 0, 0., 0, 0., 0, 0., 0, 0., 0, 0., 0, 0., 0, 0., 0, 0., 0, 0., 0, 0., 0, 0., 0, 0., 5, 1.1415525114155252, 0, 0., 0, 0., 304, 306, 610, 438, 0.7180327868852459
, generated\gt\sample_000267.krn, generated\xml_trimmed_oemer\sample_000267.xml, 0, 0., 161, 66.80497925311204, 6, 2.4896265560165975, 4, 1.6597510373443984, 3, 1.2448132780082988, 0, 0., 0, 0., 0, 0., 0, 0., 0, 0., 0, 0., 0, 0., 0, 0., 0, 0., 4, 1.6597510373443984, 0, 0., 0, 0., 2, 0.8298755186721992, 0, 0., 0, 0., 0, 0., 0, 0., 10, 4.149377593360996, 0, 0., 0, 0., 0, 0., 0, 0., 0, 0., 0, 0., 0, 0., 0, 0., 0, 0., 46, 19.08713692946058, 0, 0., 0, 0., 0, 0., 5, 2.074688796680498, 0, 0., 0, 0., 178, 157, 335, 241, 0.7194029850746269
, generated\gt\sample_000401.krn, generated\xml_trimmed_oemer\sample_000401.xml, 0, 0., 234, 69.85074626865672, 6, 1.791044776119403, 5, 1.492537313432836, 2, 0.5970149253731343, 0, 0., 0, 0., 0, 0., 0, 0., 2, 0.5970149253731343, 0, 0., 0, 0., 0, 0., 1, 0.29850746268656714, 4, 1.1940298507462686, 1, 0.29850746268656714, 0, 0., 4, 1.1940298507462686, 0, 0., 0, 0., 0, 0., 0, 0., 0, 0., 0, 0., 0, 0., 0, 0., 0, 0., 0, 0., 0, 0., 0, 0., 0, 0., 0, 0., 71, 21.19402985074627, 0, 0., 0, 0., 0, 0., 5, 1.492537313432836, 0, 0., 0, 0., 294, 171, 465, 335, 0.7204301075268817
, generated\gt\sample_000156.krn, generated\xml_trimmed_oemer\sample_000156.xml, 0, 0., 349, 70.64777327935222, 8, 1.6194331983805668, 42, 8.502024291497976, 2, 0.4048582995951417, 0, 0., 6, 1.214574898785425, 0, 0., 0, 0., 0, 0., 0, 0., 0, 0., 0, 0., 0, 0., 4, 0.8097165991902834, 10, 2.0242914979757085, 0, 0., 4, 0.8097165991902834, 0, 0., 0, 0., 0, 0., 0, 0., 0, 0., 0, 0., 0, 0., 0, 0., 0, 0., 0, 0., 0, 0., 0, 0., 0, 0., 0, 0., 64, 12.955465587044534, 0, 0., 0, 0., 0, 0., 5, 1.0121457489878543, 0, 0., 0, 0., 359, 325, 684, 494, 0.7222222222222222
, generated\gt\sample_000211.krn, generated\xml_trimmed_oemer\sample_000211.xml, 0, 0., 166, 63.11787072243346, 0, 0., 14, 5.32319391634981, 2, 0.7604562737642585, 0, 0., 2, 0.7604562737642585, 0, 0., 0, 0., 0, 0., 16, 6.083650190114068, 1, 0.38022813688212925, 0, 0., 0, 0., 4, 1.520912547528517, 0, 0., 0, 0., 8, 3.041825095057034, 0, 0., 0, 0., 0, 0., 0, 0., 6, 2.2813688212927756, 0, 0., 0, 0., 0, 0., 0, 0., 0, 0., 0, 0., 0, 0., 0, 0., 0, 0., 39, 14.828897338403042, 0, 0., 0, 0., 0, 0., 5, 1.9011406844106464, 0, 0., 0, 0., 197, 167, 364, 263, 0.7225274725274725
, generated\gt\sample_000205.krn, generated\xml_trimmed_oemer\sample_000205.xml, 0, 0., 120, 35.92814371257485, 12, 3.592814371257485, 1, 0.2994011976047904, 2, 0.5988023952095808, 0, 0., 1, 0.2994011976047904, 0, 0., 0, 0., 0, 0., 2, 0.5988023952095808, 0, 0., 0, 0., 1, 0.2994011976047904, 4, 1.1976047904191616, 4, 1.1976047904191616, 0, 0., 0, 0., 0, 0., 0, 0., 0, 0., 0, 0., 0, 0., 0, 0., 0, 0., 0, 0., 0, 0., 0, 0., 0, 0., 0, 0., 0, 0., 0, 0., 182, 54.49101796407186, 0, 0., 0, 0., 0, 0., 5, 1.4970059880239521, 0, 0., 0, 0., 226, 236, 462, 334, 0.7229437229437229
, generated\gt\sample_000484.krn, generated\xml_trimmed_oemer\sample_000484.xml, 0, 0., 249, 85.56701030927834, 4, 1.3745704467353952, 24, 8.24742268041237, 2, 0.6872852233676976, 0, 0., 1, 0.3436426116838488, 0, 0., 0, 0., 0, 0., 0, 0., 0, 0., 0, 0., 2, 0.6872852233676976, 4, 1.3745704467353952, 0, 0., 0, 0., 0, 0., 0, 0., 0, 0., 0, 0., 0, 0., 0, 0., 0, 0., 0, 0., 0, 0., 0, 0., 0, 0., 0, 0., 0, 0., 0, 0., 0, 0., 0, 0., 0, 0., 0, 0., 0, 0., 5, 1.7182130584192439, 0, 0., 0, 0., 202, 200, 402, 291, 0.7238805970149254
, generated\gt\sample_000576.krn, generated\xml_trimmed_oemer\sample_000576.xml, 0, 0., 105, 55.55555555555556, 14, 7.407407407407407, 6, 3.1746031746031744, 1, 0.5291005291005291, 0, 0., 0, 0., 0, 0., 0, 0., 0, 0., 0, 0., 0, 0., 0, 0., 3, 1.5873015873015872, 2, 1.0582010582010581, 1, 0.5291005291005291, 0, 0., 0, 0., 0, 0., 0, 0., 0, 0., 0, 0., 0, 0., 0, 0., 0, 0., 0, 0., 0, 0., 0, 0., 0, 0., 0, 0., 0, 0., 0, 0., 57, 30.158730158730158, 0, 0., 0, 0., 0, 0., 0, 0., 0, 0., 0, 0., 108, 153, 261, 189, 0.7241379310344828
, generated\gt\sample_000486.krn, generated\xml_trimmed_oemer\sample_000486.xml, 0, 0., 133, 62.44131455399061, 2, 0.9389671361502347, 18, 8.450704225352112, 6, 2.816901408450704, 0, 0., 2, 0.9389671361502347, 0, 0., 0, 0., 0, 0., 4, 1.8779342723004695, 1, 0.4694835680751174, 0, 0., 0, 0., 4, 1.8779342723004695, 0, 0., 0, 0., 0, 0., 0, 0., 0, 0., 0, 0., 0, 0., 3, 1.408450704225352, 0, 0., 0, 0., 0, 0., 0, 0., 0, 0., 0, 0., 0, 0., 0, 0., 0, 0., 35, 16.431924882629108, 0, 0., 0, 0., 0, 0., 5, 2.347417840375587, 0, 0., 0, 0., 154, 140, 294, 213, 0.7244897959183674
, generated\gt\sample_000406.krn, generated\xml_trimmed_oemer\sample_000406.xml, 0, 0., 76, 41.08108108108108, 14, 7.5675675675675675, 3, 1.6216216216216217, 0, 0., 0, 0., 6, 3.2432432432432434, 0, 0., 0, 0., 0, 0., 11, 5.945945945945946, 0, 0., 0, 0., 1, 0.5405405405405406, 4, 2.1621621621621623, 2, 1.0810810810810811, 0, 0., 0, 0., 0, 0., 0, 0., 0, 0., 0, 0., 0, 0., 0, 0., 0, 0., 0, 0., 0, 0., 0, 0., 0, 0., 0, 0., 0, 0., 0, 0., 63, 34.054054054054056, 0, 0., 0, 0., 0, 0., 5, 2.7027027027027026, 0, 0., 0, 0., 154, 101, 255, 185, 0.7254901960784313
, generated\gt\sample_000585.krn, generated\xml_trimmed_oemer\sample_000585.xml, 0, 0., 385, 86.71171171171171, 2, 0.45045045045045046, 33, 7.4324324324324325, 2, 0.45045045045045046, 0, 0., 1, 0.22522522522522523, 0, 0., 0, 0., 0, 0., 0, 0., 0, 0., 0, 0., 6, 1.3513513513513513, 4, 0.9009009009009009, 0, 0., 0, 0., 0, 0., 0, 0., 0, 0., 0, 0., 0, 0., 6, 1.3513513513513513, 0, 0., 0, 0., 0, 0., 0, 0., 0, 0., 0, 0., 0, 0., 0, 0., 0, 0., 0, 0., 0, 0., 0, 0., 0, 0., 5, 1.1261261261261262, 0, 0., 0, 0., 319, 293, 612, 444, 0.7254901960784313
, generated\gt\sample_000109.krn, generated\xml_trimmed_oemer\sample_000109.xml, 0, 0., 319, 83.50785340314137, 8, 2.094240837696335, 21, 5.49738219895288, 13, 3.4031413612565444, 0, 0., 1, 0.2617801047120419, 0, 0., 0, 0., 0, 0., 8, 2.094240837696335, 0, 0., 0, 0., 3, 0.7853403141361257, 4, 1.0471204188481675, 0, 0., 0, 0., 0, 0., 0, 0., 0, 0., 0, 0., 0, 0., 0, 0., 0, 0., 0, 0., 0, 0., 0, 0., 0, 0., 0, 0., 0, 0., 0, 0., 0, 0., 0, 0., 0, 0., 0, 0., 0, 0., 5, 1.3089005235602094, 0, 0., 0, 0., 297, 229, 526, 382, 0.7262357414448669
, generated\gt\sample_000241.krn, generated\xml_trimmed_oemer\sample_000241.xml, 0, 0., 118, 40.41095890410959, 2, 0.684931506849315, 21, 7.191780821917808, 0, 0., 0, 0., 2, 0.684931506849315, 0, 0., 0, 0., 0, 0., 0, 0., 0, 0., 0, 0., 1, 0.3424657534246575, 4, 1.36986301369863, 8, 2.73972602739726, 0, 0., 0, 0., 0, 0., 0, 0., 0, 0., 0, 0., 5, 1.7123287671232876, 0, 0., 0, 0., 0, 0., 0, 0., 0, 0., 0, 0., 0, 0., 0, 0., 0, 0., 126, 43.15068493150685, 0, 0., 0, 0., 0, 0., 5, 1.7123287671232876, 0, 0., 0, 0., 215, 187, 402, 292, 0.7263681592039801
, generated\gt\sample_000345.krn, generated\xml_trimmed_oemer\sample_000345.xml, 0, 0., 165, 51.083591331269346, 4, 1.238390092879257, 26, 8.04953560371517, 3, 0.9287925696594427, 0, 0., 2, 0.6191950464396285, 0, 0., 0, 0., 0, 0., 0, 0., 0, 0., 0, 0., 0, 0., 2, 0.6191950464396285, 0, 0., 0, 0., 0, 0., 0, 0., 0, 0., 0, 0., 0, 0., 2, 0.6191950464396285, 0, 0., 0, 0., 0, 0., 0, 0., 0, 0., 0, 0., 0, 0., 0, 0., 0, 0., 119, 36.8421052631579, 0, 0., 0, 0., 0, 0., 0, 0., 0, 0., 0, 0., 185, 259, 444, 323, 0.7274774774774775
, generated\gt\sample_000404.krn, generated\xml_trimmed_oemer\sample_000404.xml, 0, 0., 194, 58.610271903323266, 6, 1.8126888217522659, 18, 5.438066465256798, 0, 0., 0, 0., 1, 0.3021148036253776, 0, 0., 0, 0., 0, 0., 3, 0.9063444108761329, 0, 0., 0, 0., 0, 0., 1, 0.3021148036253776, 0, 0., 0, 0., 0, 0., 0, 0., 0, 0., 0, 0., 0, 0., 4, 1.2084592145015105, 0, 0., 0, 0., 0, 0., 0, 0., 0, 0., 0, 0., 0, 0., 0, 0., 0, 0., 104, 31.419939577039276, 0, 0., 0, 0., 0, 0., 0, 0., 0, 0., 0, 0., 230, 224, 454, 331, 0.7290748898678414
, generated\gt\sample_000209.krn, generated\xml_trimmed_oemer\sample_000209.xml, 0, 0., 131, 57.20524017467249, 2, 0.8733624454148472, 5, 2.183406113537118, 0, 0., 0, 0., 1, 0.4366812227074236, 0, 0., 0, 0., 0, 0., 7, 3.056768558951965, 0, 0., 0, 0., 0, 0., 4, 1.7467248908296944, 10, 4.366812227074236, 0, 0., 0, 0., 0, 0., 0, 0., 0, 0., 0, 0., 3, 1.3100436681222707, 0, 0., 0, 0., 0, 0., 0, 0., 0, 0., 0, 0., 0, 0., 0, 0., 0, 0., 61, 26.637554585152838, 0, 0., 0, 0., 0, 0., 5, 2.183406113537118, 0, 0., 0, 0., 156, 158, 314, 229, 0.7292993630573248
, generated\gt\sample_000548.krn, generated\xml_trimmed_oemer\sample_000548.xml, 0, 0., 345, 84.76658476658477, 6, 1.4742014742014742, 34, 8.353808353808354, 0, 0., 0, 0., 0, 0., 0, 0., 0, 0., 0, 0., 0, 0., 0, 0., 0, 0., 0, 0., 4, 0.9828009828009828, 8, 1.9656019656019657, 0, 0., 0, 0., 0, 0., 0, 0., 0, 0., 0, 0., 5, 1.2285012285012284, 0, 0., 0, 0., 0, 0., 0, 0., 0, 0., 0, 0., 0, 0., 0, 0., 0, 0., 0, 0., 0, 0., 0, 0., 0, 0., 5, 1.2285012285012284, 0, 0., 0, 0., 285, 272, 557, 407, 0.7307001795332136
, generated\gt\sample_000083.krn, generated\xml_trimmed_oemer\sample_000083.xml, 0, 0., 245, 63.802083333333336, 6, 1.5625, 19, 4.947916666666667, 0, 0., 2, 0.5208333333333334, 6, 1.5625, 0, 0., 0, 0., 0, 0., 0, 0., 0, 0., 0, 0., 1, 0.2604166666666667, 2, 0.5208333333333334, 0, 0., 0, 0., 0, 0., 0, 0., 0, 0., 0, 0., 0, 0., 4, 1.0416666666666667, 0, 0., 0, 0., 0, 0., 0, 0., 0, 0., 0, 0., 0, 0., 0, 0., 0, 0., 94, 24.479166666666668, 0, 0., 0, 0., 0, 0., 5, 1.3020833333333333, 0, 0., 0, 0., 289, 236, 525, 384, 0.7314285714285714
, generated\gt\sample_000374.krn, generated\xml_trimmed_oemer\sample_000374.xml, 0, 0., 339, 88.7434554973822, 0, 0., 26, 6.806282722513089, 0, 0., 0, 0., 0, 0., 0, 0., 0, 0., 0, 0., 0, 0., 0, 0., 0, 0., 0, 0., 2, 0.5235602094240838, 2, 0.5235602094240838, 0, 0., 0, 0., 0, 0., 0, 0., 0, 0., 0, 0., 0, 0., 0, 0., 0, 0., 0, 0., 0, 0., 0, 0., 0, 0., 0, 0., 0, 0., 0, 0., 13, 3.4031413612565444, 0, 0., 0, 0., 0, 0., 0, 0., 0, 0., 0, 0., 239, 283, 522, 382, 0.7318007662835249
, generated\gt\sample_000666.krn, generated\xml_trimmed_oemer\sample_000666.xml, 0, 0., 253, 92.67399267399267, 2, 0.7326007326007326, 5, 1.8315018315018314, 0, 0., 0, 0., 0, 0., 0, 0., 0, 0., 0, 0., 0, 0., 2, 0.7326007326007326, 0, 0., 0, 0., 4, 1.465201465201465, 2, 0.7326007326007326, 0, 0., 0, 0., 0, 0., 0, 0., 0, 0., 0, 0., 0, 0., 0, 0., 0, 0., 0, 0., 0, 0., 0, 0., 0, 0., 0, 0., 0, 0., 0, 0., 0, 0., 0, 0., 0, 0., 0, 0., 5, 1.8315018315018314, 0, 0., 0, 0., 190, 183, 373, 273, 0.7319034852546917
, generated\gt\sample_000221.krn, generated\xml_trimmed_oemer\sample_000221.xml, 0, 0., 106, 56.08465608465608, 2, 1.0582010582010581, 7, 3.7037037037037037, 3, 1.5873015873015872, 0, 0., 1, 0.5291005291005291, 0, 0., 0, 0., 3, 1.5873015873015872, 0, 0., 0, 0., 0, 0., 1, 0.5291005291005291, 4, 2.1164021164021163, 10, 5.291005291005291, 0, 0., 0, 0., 0, 0., 0, 0., 0, 0., 0, 0., 2, 1.0582010582010581, 0, 0., 0, 0., 0, 0., 0, 0., 0, 0., 0, 0., 0, 0., 0, 0., 0, 0., 45, 23.80952380952381, 0, 0., 0, 0., 0, 0., 5, 2.6455026455026456, 0, 0., 0, 0., 137, 121, 258, 189, 0.7325581395348837
, generated\gt\sample_000110.krn, generated\xml_trimmed_oemer\sample_000110.xml, 0, 0., 227, 65.60693641618496, 2, 0.5780346820809249, 27, 7.803468208092486, 4, 1.1560693641618498, 0, 0., 1, 0.28901734104046245, 0, 0., 0, 0., 1, 0.28901734104046245, 0, 0., 0, 0., 0, 0., 2, 0.5780346820809249, 4, 1.1560693641618498, 2, 0.5780346820809249, 0, 0., 0, 0., 0, 0., 0, 0., 0, 0., 0, 0., 1, 0.28901734104046245, 0, 0., 0, 0., 0, 0., 0, 0., 0, 0., 0, 0., 0, 0., 0, 0., 0, 0., 70, 20.23121387283237, 0, 0., 0, 0., 0, 0., 5, 1.4450867052023122, 0, 0., 0, 0., 268, 204, 472, 346, 0.7330508474576272
, generated\gt\sample_000214.krn, generated\xml_trimmed_oemer\sample_000214.xml, 0, 0., 29, 15.934065934065934, 0, 0., 11, 6.043956043956044, 4, 2.197802197802198, 0, 0., 0, 0., 0, 0., 0, 0., 0, 0., 0, 0., 0, 0., 0, 0., 1, 0.5494505494505495, 4, 2.197802197802198, 1, 0.5494505494505495, 0, 0., 0, 0., 0, 0., 0, 0., 0, 0., 0, 0., 3, 1.6483516483516483, 0, 0., 0, 0., 0, 0., 0, 0., 0, 0., 0, 0., 0, 0., 0, 0., 0, 0., 124, 68.13186813186813, 0, 0., 0, 0., 0, 0., 5, 2.7472527472527473, 0, 0., 0, 0., 98, 150, 248, 182, 0.7338709677419355
, generated\gt\sample_000356.krn, generated\xml_trimmed_oemer\sample_000356.xml, 0, 0., 161, 63.38582677165354, 4, 1.5748031496062993, 13, 5.118110236220472, 6, 2.3622047244094486, 0, 0., 3, 1.1811023622047243, 0, 0., 0, 0., 0, 0., 0, 0., 1, 0.3937007874015748, 0, 0., 0, 0., 4, 1.5748031496062993, 0, 0., 0, 0., 0, 0., 0, 0., 0, 0., 0, 0., 0, 0., 5, 1.968503937007874, 0, 0., 0, 0., 0, 0., 0, 0., 0, 0., 0, 0., 0, 0., 0, 0., 0, 0., 52, 20.47244094488189, 0, 0., 0, 0., 0, 0., 5, 1.968503937007874, 0, 0., 0, 0., 172, 174, 346, 254, 0.7341040462427746
, generated\gt\sample_000377.krn, generated\xml_trimmed_oemer\sample_000377.xml, 0, 0., 324, 85.03937007874016, 2, 0.5249343832020997, 37, 9.711286089238845, 8, 2.099737532808399, 0, 0., 1, 0.26246719160104987, 0, 0., 0, 0., 0, 0., 0, 0., 0, 0., 0, 0., 0, 0., 4, 1.0498687664041995, 0, 0., 0, 0., 0, 0., 0, 0., 0, 0., 0, 0., 0, 0., 0, 0., 0, 0., 0, 0., 0, 0., 0, 0., 0, 0., 0, 0., 0, 0., 0, 0., 0, 0., 0, 0., 0, 0., 0, 0., 0, 0., 5, 1.3123359580052494, 0, 0., 0, 0., 274, 245, 519, 381, 0.7341040462427746
, generated\gt\sample_000540.krn, generated\xml_trimmed_oemer\sample_000540.xml, 0, 0., 278, 66.0332541567696, 16, 3.8004750593824226, 15, 3.5629453681710213, 0, 0., 0, 0., 0, 0., 0, 0., 0, 0., 0, 0., 2, 0.4750593824228028, 0, 0., 0, 0., 1, 0.2375296912114014, 4, 0.9501187648456056, 8, 1.9002375296912113, 0, 0., 0, 0., 0, 0., 0, 0., 0, 0., 0, 0., 5, 1.187648456057007, 0, 0., 0, 0., 0, 0., 0, 0., 0, 0., 0, 0., 0, 0., 0, 0., 0, 0., 87, 20.665083135391924, 0, 0., 0, 0., 0, 0., 5, 1.187648456057007, 0, 0., 0, 0., 297, 276, 573, 421, 0.7347294938917975
, generated\gt\sample_000403.krn, generated\xml_trimmed_oemer\sample_000403.xml, 0, 0., 293, 75.12820512820512, 2, 0.5128205128205128, 42, 10.76923076923077, 0, 0., 0, 0., 2, 0.5128205128205128, 0, 0., 0, 0., 0, 0., 0, 0., 0, 0., 0, 0., 0, 0., 2, 0.5128205128205128, 0, 0., 0, 0., 0, 0., 0, 0., 0, 0., 0, 0., 0, 0., 1, 0.2564102564102564, 0, 0., 0, 0., 0, 0., 0, 0., 0, 0., 0, 0., 0, 0., 0, 0., 0, 0., 48, 12.307692307692308, 0, 0., 0, 0., 0, 0., 0, 0., 0, 0., 0, 0., 181, 349, 530, 390, 0.7358490566037735
, generated\gt\sample_000655.krn, generated\xml_trimmed_oemer\sample_000655.xml, 0, 0., 89, 26.80722891566265, 6, 1.8072289156626506, 12, 3.6144578313253013, 6, 1.8072289156626506, 0, 0., 0, 0., 0, 0., 0, 0., 0, 0., 2, 0.6024096385542169, 2, 0.6024096385542169, 0, 0., 2, 0.6024096385542169, 4, 1.2048192771084338, 10, 3.0120481927710845, 0, 0., 0, 0., 0, 0., 0, 0., 0, 0., 0, 0., 5, 1.5060240963855422, 0, 0., 0, 0., 0, 0., 0, 0., 0, 0., 0, 0., 0, 0., 0, 0., 0, 0., 189, 56.9277108433735, 0, 0., 0, 0., 0, 0., 5, 1.5060240963855422, 0, 0., 0, 0., 240, 209, 449, 332, 0.7394209354120267
, generated\gt\sample_000642.krn, generated\xml_trimmed_oemer\sample_000642.xml, 0, 0., 286, 70.96774193548387, 6, 1.488833746898263, 34, 8.436724565756824, 1, 0.24813895781637718, 0, 0., 4, 0.9925558312655087, 0, 0., 0, 0., 0, 0., 0, 0., 0, 0., 0, 0., 0, 0., 4, 0.9925558312655087, 8, 1.9851116625310175, 0, 0., 0, 0., 0, 0., 0, 0., 0, 0., 0, 0., 1, 0.24813895781637718, 0, 0., 0, 0., 0, 0., 0, 0., 0, 0., 0, 0., 0, 0., 0, 0., 0, 0., 54, 13.399503722084367, 0, 0., 0, 0., 0, 0., 5, 1.2406947890818858, 0, 0., 0, 0., 284, 261, 545, 403, 0.7394495412844037
, generated\gt\sample_000270.krn, generated\xml_trimmed_oemer\sample_000270.xml, 0, 0., 253, 76.43504531722054, 12, 3.6253776435045317, 12, 3.6253776435045317, 2, 0.6042296072507553, 0, 0., 2, 0.6042296072507553, 0, 0., 0, 0., 0, 0., 0, 0., 0, 0., 0, 0., 0, 0., 4, 1.2084592145015105, 4, 1.2084592145015105, 0, 0., 0, 0., 0, 0., 0, 0., 0, 0., 0, 0., 9, 2.719033232628399, 0, 0., 0, 0., 0, 0., 0, 0., 0, 0., 0, 0., 0, 0., 0, 0., 0, 0., 28, 8.459214501510575, 0, 0., 0, 0., 0, 0., 5, 1.5105740181268883, 0, 0., 0, 0., 246, 200, 446, 331, 0.742152466367713
, generated\gt\sample_000448.krn, generated\xml_trimmed_oemer\sample_000448.xml, 0, 0., 178, 71.2, 8, 3.2, 14, 5.6, 1, 0.4, 0, 0., 0, 0., 0, 0., 0, 0., 0, 0., 4, 1.6, 1, 0.4, 0, 0., 0, 0., 1, 0.4, 0, 0., 0, 0., 0, 0., 0, 0., 0, 0., 0, 0., 0, 0., 4, 1.6, 0, 0., 0, 0., 0, 0., 0, 0., 0, 0., 0, 0., 0, 0., 0, 0., 0, 0., 39, 15.6, 0, 0., 0, 0., 0, 0., 0, 0., 0, 0., 0, 0., 196, 140, 336, 250, 0.7440476190476191
, generated\gt\sample_000612.krn, generated\xml_trimmed_oemer\sample_000612.xml, 0, 0., 180, 60.810810810810814, 0, 0., 19, 6.418918918918919, 1, 0.33783783783783783, 0, 0., 4, 1.3513513513513513, 0, 0., 0, 0., 0, 0., 2, 0.6756756756756757, 1, 0.33783783783783783, 0, 0., 0, 0., 2, 0.6756756756756757, 0, 0., 0, 0., 0, 0., 0, 0., 0, 0., 0, 0., 0, 0., 9, 3.0405405405405403, 0, 0., 0, 0., 0, 0., 0, 0., 0, 0., 0, 0., 0, 0., 0, 0., 0, 0., 73, 24.66216216216216, 0, 0., 0, 0., 0, 0., 5, 1.6891891891891893, 0, 0., 0, 0., 224, 173, 397, 296, 0.7455919395465995
, generated\gt\sample_000101.krn, generated\xml_trimmed_oemer\sample_000101.xml, 0, 0., 333, 84.73282442748092, 4, 1.0178117048346056, 18, 4.580152671755725, 6, 1.5267175572519085, 8, 2.035623409669211, 8, 2.035623409669211, 0, 0., 0, 0., 0, 0., 1, 0.2544529262086514, 0, 0., 0, 0., 0, 0., 4, 1.0178117048346056, 0, 0., 0, 0., 0, 0., 0, 0., 0, 0., 0, 0., 0, 0., 6, 1.5267175572519085, 0, 0., 0, 0., 0, 0., 0, 0., 0, 0., 0, 0., 0, 0., 0, 0., 0, 0., 0, 0., 0, 0., 0, 0., 0, 0., 5, 1.272264631043257, 0, 0., 0, 0., 285, 242, 527, 393, 0.74573055028463
, generated\gt\sample_000096.krn, generated\xml_trimmed_oemer\sample_000096.xml, 0, 0., 319, 91.14285714285714, 0, 0., 14, 4.0, 3, 0.8571428571428571, 0, 0., 3, 0.8571428571428571, 0, 0., 0, 0., 1, 0.2857142857142857, 0, 0., 0, 0., 0, 0., 0, 0., 2, 0.5714285714285714, 0, 0., 0, 0., 0, 0., 0, 0., 0, 0., 0, 0., 0, 0., 3, 0.8571428571428571, 0, 0., 0, 0., 0, 0., 0, 0., 0, 0., 0, 0., 0, 0., 0, 0., 0, 0., 0, 0., 0, 0., 0, 0., 0, 0., 5, 1.4285714285714286, 0, 0., 0, 0., 253, 216, 469, 350, 0.746268656716418
, generated\gt\sample_000373.krn, generated\xml_trimmed_oemer\sample_000373.xml, 0, 0., 150, 59.523809523809526, 2, 0.7936507936507936, 11, 4.365079365079365, 5, 1.9841269841269842, 0, 0., 0, 0., 0, 0., 0, 0., 2, 0.7936507936507936, 3, 1.1904761904761905, 2, 0.7936507936507936, 0, 0., 1, 0.3968253968253968, 4, 1.5873015873015872, 0, 0., 0, 0., 4, 1.5873015873015872, 0, 0., 0, 0., 0, 0., 0, 0., 9, 3.5714285714285716, 0, 0., 0, 0., 0, 0., 0, 0., 0, 0., 0, 0., 0, 0., 0, 0., 0, 0., 54, 21.428571428571427, 0, 0., 0, 0., 0, 0., 5, 1.9841269841269842, 0, 0., 0, 0., 212, 125, 337, 252, 0.7477744807121661
, generated\gt\sample_000043.krn, generated\xml_trimmed_oemer\sample_000043.xml, 0, 0., 127, 60.76555023923445, 2, 0.9569377990430622, 3, 1.4354066985645932, 0, 0., 0, 0., 1, 0.4784688995215311, 0, 0., 0, 0., 0, 0., 0, 0., 0, 0., 0, 0., 0, 0., 4, 1.9138755980861244, 0, 0., 0, 0., 0, 0., 0, 0., 0, 0., 0, 0., 0, 0., 1, 0.4784688995215311, 0, 0., 0, 0., 0, 0., 0, 0., 0, 0., 0, 0., 0, 0., 0, 0., 0, 0., 66, 31.57894736842105, 0, 0., 0, 0., 0, 0., 5, 2.3923444976076556, 0, 0., 0, 0., 129, 150, 279, 209, 0.7491039426523297
, generated\gt\sample_000400.krn, generated\xml_trimmed_oemer\sample_000400.xml, 0, 0., 219, 83.9080459770115, 2, 0.7662835249042146, 15, 5.747126436781609, 1, 0.3831417624521073, 0, 0., 7, 2.681992337164751, 0, 0., 0, 0., 0, 0., 0, 0., 0, 0., 0, 0., 0, 0., 4, 1.5325670498084292, 0, 0., 0, 0., 2, 0.7662835249042146, 0, 0., 0, 0., 0, 0., 0, 0., 6, 2.2988505747126435, 0, 0., 0, 0., 0, 0., 0, 0., 0, 0., 0, 0., 0, 0., 0, 0., 0, 0., 0, 0., 0, 0., 0, 0., 0, 0., 5, 1.9157088122605364, 0, 0., 0, 0., 192, 156, 348, 261, 0.75
, generated\gt\sample_000440.krn, generated\xml_trimmed_oemer\sample_000440.xml, 0, 0., 232, 61.21372031662269, 0, 0., 13, 3.430079155672823, 0, 0., 0, 0., 5, 1.3192612137203166, 0, 0., 0, 0., 1, 0.2638522427440633, 0, 0., 0, 0., 0, 0., 2, 0.5277044854881267, 2, 0.5277044854881267, 6, 1.5831134564643798, 0, 0., 4, 1.0554089709762533, 0, 0., 0, 0., 0, 0., 0, 0., 9, 2.37467018469657, 0, 0., 0, 0., 0, 0., 0, 0., 0, 0., 0, 0., 0, 0., 0, 0., 0, 0., 100, 26.385224274406333, 0, 0., 0, 0., 0, 0., 5, 1.3192612137203166, 0, 0., 0, 0., 300, 205, 505, 379, 0.7504950495049505
, generated\gt\sample_000217.krn, generated\xml_trimmed_oemer\sample_000217.xml, 0, 0., 143, 77.71739130434783, 18, 9.782608695652174, 3, 1.6304347826086956, 0, 0., 6, 3.260869565217391, 0, 0., 0, 0., 0, 0., 0, 0., 1, 0.5434782608695652, 1, 0.5434782608695652, 0, 0., 0, 0., 4, 2.1739130434782608, 0, 0., 0, 0., 0, 0., 0, 0., 0, 0., 0, 0., 0, 0., 3, 1.6304347826086956, 0, 0., 0, 0., 0, 0., 0, 0., 0, 0., 0, 0., 0, 0., 0, 0., 0, 0., 0, 0., 0, 0., 0, 0., 0, 0., 5, 2.717391304347826, 0, 0., 0, 0., 127, 118, 245, 184, 0.7510204081632653
, generated\gt\sample_000339.krn, generated\xml_trimmed_oemer\sample_000339.xml, 0, 0., 257, 83.1715210355987, 6, 1.941747572815534, 9, 2.912621359223301, 11, 3.559870550161812, 0, 0., 0, 0., 0, 0., 0, 0., 0, 0., 0, 0., 1, 0.32362459546925565, 0, 0., 1, 0.32362459546925565, 4, 1.2944983818770226, 4, 1.2944983818770226, 0, 0., 0, 0., 0, 0., 0, 0., 0, 0., 0, 0., 11, 3.559870550161812, 0, 0., 0, 0., 0, 0., 0, 0., 0, 0., 0, 0., 0, 0., 0, 0., 0, 0., 0, 0., 0, 0., 0, 0., 0, 0., 5, 1.6181229773462784, 0, 0., 0, 0., 208, 203, 411, 309, 0.7518248175182481
, generated\gt\sample_000055.krn, generated\xml_trimmed_oemer\sample_000055.xml, 0, 0., 149, 49.666666666666664, 0, 0., 13, 4.333333333333333, 3, 1.0, 0, 0., 1, 0.3333333333333333, 0, 0., 0, 0., 0, 0., 2, 0.6666666666666666, 0, 0., 0, 0., 0, 0., 4, 1.3333333333333333, 0, 0., 0, 0., 0, 0., 3, 1.0, 0, 0., 0, 0., 0, 0., 2, 0.6666666666666666, 0, 0., 0, 0., 0, 0., 0, 0., 0, 0., 0, 0., 0, 0., 0, 0., 0, 0., 118, 39.333333333333336, 0, 0., 0, 0., 0, 0., 5, 1.6666666666666667, 0, 0., 0, 0., 174, 225, 399, 300, 0.7518796992481203
, generated\gt\sample_000225.krn, generated\xml_trimmed_oemer\sample_000225.xml, 0, 0., 66, 28.448275862068964, 4, 1.7241379310344827, 5, 2.1551724137931036, 0, 0., 0, 0., 0, 0., 0, 0., 0, 0., 0, 0., 0, 0., 1, 0.43103448275862066, 0, 0., 2, 0.8620689655172413, 2, 0.8620689655172413, 0, 0., 0, 0., 0, 0., 0, 0., 0, 0., 0, 0., 0, 0., 2, 0.8620689655172413, 0, 0., 0, 0., 0, 0., 0, 0., 0, 0., 0, 0., 0, 0., 0, 0., 0, 0., 145, 62.5, 0, 0., 0, 0., 0, 0., 5, 2.1551724137931036, 0, 0., 0, 0., 153, 155, 308, 232, 0.7532467532467533
, generated\gt\sample_000369.krn, generated\xml_trimmed_oemer\sample_000369.xml, 0, 0., 348, 87.6574307304786, 8, 2.0151133501259446, 21, 5.289672544080605, 1, 0.2518891687657431, 0, 0., 0, 0., 0, 0., 0, 0., 0, 0., 4, 1.0075566750629723, 1, 0.2518891687657431, 0, 0., 0, 0., 4, 1.0075566750629723, 0, 0., 0, 0., 0, 0., 0, 0., 0, 0., 0, 0., 0, 0., 5, 1.2594458438287153, 0, 0., 0, 0., 0, 0., 0, 0., 0, 0., 0, 0., 0, 0., 0, 0., 0, 0., 0, 0., 0, 0., 0, 0., 0, 0., 5, 1.2594458438287153, 0, 0., 0, 0., 275, 252, 527, 397, 0.7533206831119544
, generated\gt\sample_000561.krn, generated\xml_trimmed_oemer\sample_000561.xml, 0, 0., 233, 87.26591760299625, 6, 2.247191011235955, 18, 6.741573033707865, 0, 0., 0, 0., 0, 0., 0, 0., 0, 0., 0, 0., 0, 0., 0, 0., 0, 0., 0, 0., 4, 1.4981273408239701, 0, 0., 0, 0., 0, 0., 0, 0., 0, 0., 0, 0., 0, 0., 1, 0.37453183520599254, 0, 0., 0, 0., 0, 0., 0, 0., 0, 0., 0, 0., 0, 0., 0, 0., 0, 0., 0, 0., 0, 0., 0, 0., 0, 0., 5, 1.8726591760299625, 0, 0., 0, 0., 164, 190, 354, 267, 0.7542372881355932
, generated\gt\sample_000327.krn, generated\xml_trimmed_oemer\sample_000327.xml, 0, 0., 422, 74.5583038869258, 6, 1.0600706713780919, 5, 0.8833922261484098, 2, 0.35335689045936397, 0, 0., 5, 0.8833922261484098, 0, 0., 0, 0., 0, 0., 0, 0., 0, 0., 0, 0., 3, 0.5300353356890459, 4, 0.7067137809187279, 2, 0.35335689045936397, 0, 0., 4, 0.7067137809187279, 0, 0., 0, 0., 0, 0., 0, 0., 1, 0.17667844522968199, 0, 0., 0, 0., 0, 0., 0, 0., 0, 0., 0, 0., 0, 0., 0, 0., 0, 0., 107, 18.90459363957597, 0, 0., 0, 0., 0, 0., 5, 0.8833922261484098, 0, 0., 0, 0., 438, 312, 750, 566, 0.7546666666666667
, generated\gt\sample_000285.krn, generated\xml_trimmed_oemer\sample_000285.xml, 0, 0., 44, 37.60683760683761, 4, 3.4188034188034186, 0, 0., 0, 0., 0, 0., 0, 0., 0, 0., 0, 0., 0, 0., 0, 0., 0, 0., 0, 0., 4, 3.4188034188034186, 1, 0.8547008547008547, 0, 0., 0, 0., 0, 0., 0, 0., 0, 0., 0, 0., 0, 0., 0, 0., 0, 0., 0, 0., 0, 0., 0, 0., 0, 0., 0, 0., 0, 0., 0, 0., 0, 0., 64, 54.7008547008547, 0, 0., 0, 0., 0, 0., 0, 0., 0, 0., 0, 0., 79, 76, 155, 117, 0.7548387096774194
, generated\gt\sample_000002.krn, generated\xml_trimmed_oemer\sample_000002.xml, 0, 0., 176, 88.44221105527639, 0, 0., 20, 10.050251256281408, 0, 0., 0, 0., 0, 0., 0, 0., 0, 0., 0, 0., 0, 0., 0, 0., 0, 0., 0, 0., 1, 0.5025125628140703, 0, 0., 0, 0., 2, 1.0050251256281406, 0, 0., 0, 0., 0, 0., 0, 0., 0, 0., 0, 0., 0, 0., 0, 0., 0, 0., 0, 0., 0, 0., 0, 0., 0, 0., 0, 0., 0, 0., 0, 0., 0, 0., 0, 0., 0, 0., 0, 0., 0, 0., 166, 96, 262, 199, 0.7595419847328244
, generated\gt\sample_000368.krn, generated\xml_trimmed_oemer\sample_000368.xml, 0, 0., 310, 66.38115631691649, 12, 2.569593147751606, 27, 5.781584582441114, 3, 0.6423982869379015, 0, 0., 3, 0.6423982869379015, 0, 0., 0, 0., 4, 0.8565310492505354, 0, 0., 0, 0., 0, 0., 0, 0., 4, 0.8565310492505354, 8, 1.7130620985010707, 0, 0., 0, 0., 0, 0., 0, 0., 0, 0., 0, 0., 2, 0.4282655246252677, 0, 0., 0, 0., 0, 0., 0, 0., 0, 0., 0, 0., 0, 0., 0, 0., 0, 0., 89, 19.05781584582441, 0, 0., 0, 0., 0, 0., 5, 1.0706638115631693, 0, 0., 0, 0., 346, 268, 614, 467, 0.760586319218241
, generated\gt\sample_000122.krn, generated\xml_trimmed_oemer\sample_000122.xml, 0, 0., 38, 18.536585365853657, 8, 3.902439024390244, 1, 0.4878048780487805, 4, 1.951219512195122, 0, 0., 0, 0., 0, 0., 0, 0., 0, 0., 0, 0., 0, 0., 0, 0., 1, 0.4878048780487805, 4, 1.951219512195122, 4, 1.951219512195122, 0, 0., 0, 0., 6, 2.926829268292683, 0, 0., 0, 0., 0, 0., 1, 0.4878048780487805, 0, 0., 0, 0., 0, 0., 0, 0., 0, 0., 0, 0., 0, 0., 0, 0., 0, 0., 133, 64.8780487804878, 0, 0., 0, 0., 0, 0., 5, 2.4390243902439024, 0, 0., 0, 0., 143, 126, 269, 205, 0.7620817843866171
, generated\gt\sample_000430.krn, generated\xml_trimmed_oemer\sample_000430.xml, 0, 0., 173, 71.78423236514523, 6, 2.4896265560165975, 4, 1.6597510373443984, 1, 0.4149377593360996, 0, 0., 0, 0., 0, 0., 0, 0., 0, 0., 0, 0., 0, 0., 0, 0., 0, 0., 2, 0.8298755186721992, 0, 0., 0, 0., 0, 0., 0, 0., 0, 0., 0, 0., 0, 0., 7, 2.904564315352697, 0, 0., 0, 0., 0, 0., 0, 0., 0, 0., 0, 0., 0, 0., 0, 0., 0, 0., 43, 17.842323651452283, 0, 0., 0, 0., 0, 0., 5, 2.074688796680498, 0, 0., 0, 0., 171, 145, 316, 241, 0.7626582278481012
, generated\gt\sample_000429.krn, generated\xml_trimmed_oemer\sample_000429.xml, 0, 0., 25, 21.551724137931036, 0, 0., 0, 0., 0, 0., 0, 0., 0, 0., 0, 0., 0, 0., 1, 0.8620689655172413, 0, 0., 0, 0., 0, 0., 0, 0., 2, 1.7241379310344827, 0, 0., 0, 0., 0, 0., 0, 0., 0, 0., 0, 0., 0, 0., 4, 3.4482758620689653, 0, 0., 0, 0., 0, 0., 0, 0., 0, 0., 0, 0., 0, 0., 0, 0., 0, 0., 39, 33.62068965517241, 36, 31.03448275862069, 0, 0., 9, 7.758620689655173, 0, 0., 0, 0., 0, 0., 68, 84, 152, 116, 0.7631578947368421
, generated\gt\sample_000233.krn, generated\xml_trimmed_oemer\sample_000233.xml, 0, 0., 171, 49.85422740524781, 2, 0.5830903790087464, 15, 4.373177842565598, 2, 0.5830903790087464, 0, 0., 5, 1.4577259475218658, 0, 0., 0, 0., 0, 0., 0, 0., 0, 0., 0, 0., 3, 0.8746355685131195, 4, 1.1661807580174928, 8, 2.3323615160349855, 0, 0., 0, 0., 0, 0., 0, 0., 0, 0., 0, 0., 8, 2.3323615160349855, 0, 0., 0, 0., 0, 0., 0, 0., 0, 0., 0, 0., 0, 0., 0, 0., 0, 0., 120, 34.98542274052478, 0, 0., 0, 0., 0, 0., 5, 1.4577259475218658, 0, 0., 0, 0., 238, 211, 449, 343, 0.7639198218262806
, generated\gt\sample_000123.krn, generated\xml_trimmed_oemer\sample_000123.xml, 0, 0., 151, 47.0404984423676, 4, 1.2461059190031152, 7, 2.1806853582554515, 3, 0.9345794392523364, 0, 0., 4, 1.2461059190031152, 0, 0., 0, 0., 2, 0.6230529595015576, 0, 0., 0, 0., 0, 0., 0, 0., 4, 1.2461059190031152, 0, 0., 0, 0., 0, 0., 6, 1.8691588785046729, 0, 0., 0, 0., 0, 0., 0, 0., 0, 0., 0, 0., 0, 0., 0, 0., 0, 0., 0, 0., 0, 0., 0, 0., 0, 0., 135, 42.05607476635514, 0, 0., 0, 0., 0, 0., 5, 1.557632398753894, 0, 0., 0, 0., 177, 243, 420, 321, 0.7642857142857142
, generated\gt\sample_000231.krn, generated\xml_trimmed_oemer\sample_000231.xml, 0, 0., 670, 86.78756476683938, 6, 0.7772020725388601, 74, 9.585492227979275, 2, 0.25906735751295334, 0, 0., 2, 0.25906735751295334, 0, 0., 0, 0., 1, 0.12953367875647667, 0, 0., 0, 0., 0, 0., 0, 0., 4, 0.5181347150259067, 0, 0., 0, 0., 0, 0., 0, 0., 0, 0., 0, 0., 0, 0., 8, 1.0362694300518134, 0, 0., 0, 0., 0, 0., 0, 0., 0, 0., 0, 0., 0, 0., 0, 0., 0, 0., 0, 0., 0, 0., 0, 0., 0, 0., 5, 0.6476683937823834, 0, 0., 0, 0., 544, 465, 1009, 772, 0.7651139742319127
, generated\gt\sample_000435.krn, generated\xml_trimmed_oemer\sample_000435.xml, 0, 0., 161, 57.09219858156028, 10, 3.5460992907801416, 8, 2.8368794326241136, 1, 0.3546099290780142, 0, 0., 0, 0., 0, 0., 0, 0., 1, 0.3546099290780142, 3, 1.0638297872340425, 0, 0., 0, 0., 3, 1.0638297872340425, 4, 1.4184397163120568, 0, 0., 0, 0., 2, 0.7092198581560284, 3, 1.0638297872340425, 0, 0., 0, 0., 0, 0., 5, 1.7730496453900708, 0, 0., 0, 0., 0, 0., 0, 0., 0, 0., 0, 0., 0, 0., 0, 0., 0, 0., 76, 26.95035460992908, 0, 0., 0, 0., 0, 0., 5, 1.7730496453900708, 0, 0., 0, 0., 190, 178, 368, 282, 0.7663043478260869
, generated\gt\sample_000075.krn, generated\xml_trimmed_oemer\sample_000075.xml, 0, 0., 479, 89.53271028037383, 4, 0.7476635514018691, 34, 6.355140186915888, 1, 0.18691588785046728, 0, 0., 2, 0.37383177570093457, 0, 0., 0, 0., 2, 0.37383177570093457, 3, 0.5607476635514018, 0, 0., 0, 0., 0, 0., 4, 0.7476635514018691, 0, 0., 0, 0., 0, 0., 0, 0., 0, 0., 0, 0., 0, 0., 1, 0.18691588785046728, 0, 0., 0, 0., 0, 0., 0, 0., 0, 0., 0, 0., 0, 0., 0, 0., 0, 0., 0, 0., 0, 0., 0, 0., 0, 0., 5, 0.9345794392523364, 0, 0., 0, 0., 353, 345, 698, 535, 0.7664756446991404
, generated\gt\sample_000179.krn, generated\xml_trimmed_oemer\sample_000179.xml, 0, 0., 100, 41.666666666666664, 2, 0.8333333333333334, 2, 0.8333333333333334, 1, 0.4166666666666667, 0, 0., 0, 0., 0, 0., 0, 0., 0, 0., 0, 0., 0, 0., 0, 0., 0, 0., 4, 1.6666666666666667, 4, 1.6666666666666667, 0, 0., 4, 1.6666666666666667, 0, 0., 0, 0., 0, 0., 0, 0., 3, 1.25, 0, 0., 0, 0., 0, 0., 0, 0., 0, 0., 0, 0., 0, 0., 0, 0., 0, 0., 56, 23.333333333333332, 58, 24.166666666666668, 0, 0., 1, 0.4166666666666667, 5, 2.0833333333333335, 0, 0., 0, 0., 196, 117, 313, 240, 0.7667731629392971
, generated\gt\sample_000657.krn, generated\xml_trimmed_oemer\sample_000657.xml, 0, 0., 321, 59.11602209944751, 0, 0., 48, 8.839779005524862, 0, 0., 0, 0., 2, 0.3683241252302026, 0, 0., 0, 0., 0, 0., 0, 0., 0, 0., 0, 0., 1, 0.1841620626151013, 4, 0.7366482504604052, 2, 0.3683241252302026, 0, 0., 0, 0., 0, 0., 0, 0., 0, 0., 0, 0., 2, 0.3683241252302026, 0, 0., 0, 0., 0, 0., 0, 0., 0, 0., 0, 0., 0, 0., 0, 0., 0, 0., 158, 29.097605893186003, 0, 0., 0, 0., 0, 0., 5, 0.9208103130755064, 0, 0., 0, 0., 381, 327, 708, 543, 0.7669491525423728
, generated\gt\sample_000173.krn, generated\xml_trimmed_oemer\sample_000173.xml, 0, 0., 68, 28.69198312236287, 4, 1.6877637130801688, 9, 3.7974683544303796, 0, 0., 0, 0., 0, 0., 0, 0., 0, 0., 0, 0., 0, 0., 0, 0., 0, 0., 0, 0., 4, 1.6877637130801688, 3, 1.2658227848101267, 0, 0., 0, 0., 0, 0., 0, 0., 0, 0., 0, 0., 2, 0.8438818565400844, 0, 0., 0, 0., 0, 0., 0, 0., 0, 0., 0, 0., 0, 0., 0, 0., 0, 0., 142, 59.91561181434599, 0, 0., 0, 0., 0, 0., 5, 2.109704641350211, 0, 0., 0, 0., 125, 184, 309, 237, 0.7669902912621359
, generated\gt\sample_000367.krn, generated\xml_trimmed_oemer\sample_000367.xml, 0, 0., 399, 87.6923076923077, 8, 1.7582417582417582, 27, 5.934065934065934, 1, 0.21978021978021978, 0, 0., 5, 1.098901098901099, 0, 0., 0, 0., 0, 0., 1, 0.21978021978021978, 0, 0., 0, 0., 3, 0.6593406593406593, 4, 0.8791208791208791, 0, 0., 0, 0., 0, 0., 0, 0., 0, 0., 0, 0., 0, 0., 2, 0.43956043956043955, 0, 0., 0, 0., 0, 0., 0, 0., 0, 0., 0, 0., 0, 0., 0, 0., 0, 0., 0, 0., 0, 0., 0, 0., 0, 0., 5, 1.098901098901099, 0, 0., 0, 0., 313, 280, 593, 455, 0.7672849915682968
, generated\gt\sample_000559.krn, generated\xml_trimmed_oemer\sample_000559.xml, 0, 0., 214, 87.70491803278688, 0, 0., 17, 6.967213114754099, 0, 0., 0, 0., 1, 0.4098360655737705, 0, 0., 0, 0., 0, 0., 0, 0., 0, 0., 0, 0., 0, 0., 2, 0.819672131147541, 0, 0., 0, 0., 0, 0., 0, 0., 0, 0., 0, 0., 0, 0., 10, 4.098360655737705, 0, 0., 0, 0., 0, 0., 0, 0., 0, 0., 0, 0., 0, 0., 0, 0., 0, 0., 0, 0., 0, 0., 0, 0., 0, 0., 0, 0., 0, 0., 0, 0., 218, 100, 318, 244, 0.7672955974842768
, generated\gt\sample_000277.krn, generated\xml_trimmed_oemer\sample_000277.xml, 0, 0., 128, 38.43843843843844, 4, 1.2012012012012012, 17, 5.105105105105105, 1, 0.3003003003003003, 0, 0., 0, 0., 0, 0., 0, 0., 0, 0., 0, 0., 0, 0., 0, 0., 2, 0.6006006006006006, 2, 0.6006006006006006, 0, 0., 0, 0., 0, 0., 0, 0., 0, 0., 0, 0., 0, 0., 1, 0.3003003003003003, 0, 0., 0, 0., 0, 0., 0, 0., 0, 0., 0, 0., 0, 0., 0, 0., 0, 0., 173, 51.951951951951955, 0, 0., 0, 0., 0, 0., 5, 1.5015015015015014, 0, 0., 0, 0., 226, 207, 433, 333, 0.76905311778291
, generated\gt\sample_000654.krn, generated\xml_trimmed_oemer\sample_000654.xml, 0, 0., 328, 89.86301369863014, 6, 1.643835616438356, 20, 5.47945205479452, 2, 0.547945205479452, 0, 0., 1, 0.273972602739726, 0, 0., 0, 0., 0, 0., 0, 0., 0, 0., 0, 0., 0, 0., 2, 0.547945205479452, 0, 0., 0, 0., 0, 0., 0, 0., 0, 0., 0, 0., 0, 0., 1, 0.273972602739726, 0, 0., 0, 0., 0, 0., 0, 0., 0, 0., 0, 0., 0, 0., 0, 0., 0, 0., 0, 0., 0, 0., 0, 0., 0, 0., 5, 1.36986301369863, 0, 0., 0, 0., 225, 249, 474, 365, 0.770042194092827
, generated\gt\sample_000443.krn, generated\xml_trimmed_oemer\sample_000443.xml, 0, 0., 244, 60.54590570719603, 0, 0., 36, 8.933002481389579, 0, 0., 0, 0., 2, 0.49627791563275436, 0, 0., 0, 0., 0, 0., 0, 0., 0, 0., 0, 0., 0, 0., 4, 0.9925558312655087, 0, 0., 0, 0., 0, 0., 0, 0., 0, 0., 0, 0., 0, 0., 3, 0.7444168734491315, 0, 0., 0, 0., 0, 0., 0, 0., 0, 0., 0, 0., 0, 0., 0, 0., 0, 0., 109, 27.047146401985113, 0, 0., 0, 0., 0, 0., 5, 1.2406947890818858, 0, 0., 0, 0., 266, 257, 523, 403, 0.7705544933078394
, generated\gt\sample_000541.krn, generated\xml_trimmed_oemer\sample_000541.xml, 0, 0., 148, 42.65129682997118, 6, 1.7291066282420748, 27, 7.780979827089337, 2, 0.5763688760806917, 0, 0., 0, 0., 0, 0., 0, 0., 0, 0., 0, 0., 0, 0., 0, 0., 2, 0.5763688760806917, 4, 1.1527377521613833, 1, 0.2881844380403458, 0, 0., 4, 1.1527377521613833, 0, 0., 0, 0., 0, 0., 0, 0., 0, 0., 0, 0., 0, 0., 0, 0., 0, 0., 0, 0., 0, 0., 0, 0., 0, 0., 0, 0., 148, 42.65129682997118, 0, 0., 0, 0., 0, 0., 5, 1.440922190201729, 0, 0., 0, 0., 281, 169, 450, 347, 0.7711111111111111
, generated\gt\sample_000056.krn, generated\xml_trimmed_oemer\sample_000056.xml, 0, 0., 220, 67.2782874617737, 4, 1.2232415902140672, 10, 3.058103975535168, 4, 1.2232415902140672, 0, 0., 4, 1.2232415902140672, 0, 0., 0, 0., 2, 0.6116207951070336, 0, 0., 0, 0., 0, 0., 0, 0., 4, 1.2232415902140672, 0, 0., 0, 0., 0, 0., 0, 0., 0, 0., 0, 0., 0, 0., 4, 1.2232415902140672, 0, 0., 0, 0., 0, 0., 0, 0., 0, 0., 0, 0., 0, 0., 0, 0., 0, 0., 70, 21.406727828746178, 0, 0., 0, 0., 0, 0., 5, 1.529051987767584, 0, 0., 0, 0., 191, 233, 424, 327, 0.7712264150943396
, generated\gt\sample_000616.krn, generated\xml_trimmed_oemer\sample_000616.xml, 0, 0., 323, 78.20823244552058, 8, 1.937046004842615, 21, 5.084745762711864, 1, 0.24213075060532688, 12, 2.9055690072639226, 5, 1.2106537530266344, 0, 0., 0, 0., 0, 0., 0, 0., 1, 0.24213075060532688, 0, 0., 1, 0.24213075060532688, 4, 0.9685230024213075, 0, 0., 0, 0., 0, 0., 0, 0., 0, 0., 0, 0., 0, 0., 9, 2.179176755447942, 0, 0., 0, 0., 0, 0., 0, 0., 0, 0., 0, 0., 0, 0., 0, 0., 0, 0., 23, 5.5690072639225185, 0, 0., 0, 0., 0, 0., 5, 1.2106537530266344, 0, 0., 0, 0., 309, 226, 535, 413, 0.77196261682243
, generated\gt\sample_000315.krn, generated\xml_trimmed_oemer\sample_000315.xml, 0, 0., 145, 44.47852760736196, 4, 1.2269938650306749, 6, 1.8404907975460123, 2, 0.6134969325153374, 0, 0., 5, 1.5337423312883436, 0, 0., 0, 0., 0, 0., 1, 0.3067484662576687, 0, 0., 0, 0., 0, 0., 4, 1.2269938650306749, 0, 0., 0, 0., 0, 0., 7, 2.147239263803681, 0, 0., 0, 0., 0, 0., 4, 1.2269938650306749, 0, 0., 0, 0., 0, 0., 0, 0., 0, 0., 0, 0., 0, 0., 0, 0., 0, 0., 143, 43.86503067484663, 0, 0., 0, 0., 0, 0., 5, 1.5337423312883436, 0, 0., 0, 0., 230, 192, 422, 326, 0.7725118483412322
, generated\gt\sample_000215.krn, generated\xml_trimmed_oemer\sample_000215.xml, 0, 0., 148, 56.48854961832061, 2, 0.7633587786259542, 15, 5.7251908396946565, 7, 2.6717557251908395, 0, 0., 0, 0., 0, 0., 0, 0., 0, 0., 0, 0., 1, 0.3816793893129771, 0, 0., 0, 0., 4, 1.5267175572519085, 0, 0., 0, 0., 0, 0., 3, 1.1450381679389312, 0, 0., 0, 0., 0, 0., 5, 1.9083969465648856, 0, 0., 0, 0., 0, 0., 0, 0., 0, 0., 0, 0., 0, 0., 0, 0., 0, 0., 72, 27.480916030534353, 0, 0., 0, 0., 0, 0., 5, 1.9083969465648856, 0, 0., 0, 0., 161, 178, 339, 262, 0.7728613569321534
, generated\gt\sample_000161.krn, generated\xml_trimmed_oemer\sample_000161.xml, 0, 0., 163, 74.42922374429224, 2, 0.91324200913242, 1, 0.45662100456621, 1, 0.45662100456621, 0, 0., 1, 0.45662100456621, 0, 0., 0, 0., 0, 0., 0, 0., 1, 0.45662100456621, 0, 0., 0, 0., 2, 0.91324200913242, 0, 0., 0, 0., 0, 0., 0, 0., 0, 0., 0, 0., 0, 0., 6, 2.73972602739726, 0, 0., 0, 0., 0, 0., 0, 0., 0, 0., 0, 0., 0, 0., 0, 0., 0, 0., 37, 16.894977168949772, 0, 0., 0, 0., 0, 0., 5, 2.2831050228310503, 0, 0., 0, 0., 136, 147, 283, 219, 0.773851590106007
, generated\gt\sample_000592.krn, generated\xml_trimmed_oemer\sample_000592.xml, 0, 0., 426, 66.98113207547169, 0, 0., 38, 5.9748427672955975, 3, 0.4716981132075472, 0, 0., 7, 1.10062893081761, 0, 0., 0, 0., 0, 0., 0, 0., 0, 0., 0, 0., 3, 0.4716981132075472, 4, 0.6289308176100629, 3, 0.4716981132075472, 0, 0., 0, 0., 0, 0., 0, 0., 0, 0., 0, 0., 2, 0.31446540880503143, 0, 0., 0, 0., 0, 0., 0, 0., 0, 0., 0, 0., 0, 0., 0, 0., 0, 0., 145, 22.79874213836478, 0, 0., 0, 0., 0, 0., 5, 0.7861635220125787, 0, 0., 0, 0., 450, 371, 821, 636, 0.7746650426309378
, generated\gt\sample_000255.krn, generated\xml_trimmed_oemer\sample_000255.xml, 0, 0., 234, 85.71428571428571, 2, 0.7326007326007326, 14, 5.128205128205129, 3, 1.098901098901099, 0, 0., 0, 0., 0, 0., 0, 0., 0, 0., 2, 0.7326007326007326, 0, 0., 0, 0., 0, 0., 4, 1.465201465201465, 4, 1.465201465201465, 0, 0., 0, 0., 0, 0., 0, 0., 0, 0., 0, 0., 5, 1.8315018315018314, 0, 0., 0, 0., 0, 0., 0, 0., 0, 0., 0, 0., 0, 0., 0, 0., 0, 0., 0, 0., 0, 0., 0, 0., 0, 0., 5, 1.8315018315018314, 0, 0., 0, 0., 185, 167, 352, 273, 0.7755681818181818
, generated\gt\sample_000337.krn, generated\xml_trimmed_oemer\sample_000337.xml, 0, 0., 330, 88.94878706199461, 0, 0., 18, 4.8517520215633425, 2, 0.5390835579514824, 0, 0., 0, 0., 0, 0., 0, 0., 1, 0.2695417789757412, 0, 0., 0, 0., 0, 0., 0, 0., 4, 1.0781671159029649, 0, 0., 0, 0., 0, 0., 0, 0., 0, 0., 0, 0., 0, 0., 9, 2.4258760107816713, 0, 0., 2, 0.5390835579514824, 0, 0., 0, 0., 0, 0., 0, 0., 0, 0., 0, 0., 0, 0., 0, 0., 0, 0., 0, 0., 0, 0., 5, 1.3477088948787062, 0, 0., 0, 0., 243, 234, 477, 371, 0.7777777777777778
, generated\gt\sample_000323.krn, generated\xml_trimmed_oemer\sample_000323.xml, 0, 0., 319, 61.111111111111114, 0, 0., 26, 4.980842911877395, 0, 0., 0, 0., 3, 0.5747126436781609, 0, 0., 0, 0., 0, 0., 0, 0., 2, 0.3831417624521073, 0, 0., 3, 0.5747126436781609, 4, 0.7662835249042146, 0, 0., 0, 0., 0, 0., 0, 0., 0, 0., 0, 0., 0, 0., 4, 0.7662835249042146, 0, 0., 0, 0., 0, 0., 0, 0., 0, 0., 0, 0., 0, 0., 0, 0., 0, 0., 156, 29.885057471264368, 0, 0., 0, 0., 0, 0., 5, 0.9578544061302682, 0, 0., 0, 0., 319, 349, 668, 522, 0.781437125748503
, generated\gt\sample_000021.krn, generated\xml_trimmed_oemer\sample_000021.xml, 0, 0., 153, 71.16279069767442, 0, 0., 10, 4.651162790697675, 0, 0., 0, 0., 0, 0., 0, 0., 0, 0., 0, 0., 0, 0., 0, 0., 0, 0., 2, 0.9302325581395349, 1, 0.46511627906976744, 0, 0., 0, 0., 0, 0., 0, 0., 0, 0., 0, 0., 0, 0., 1, 0.46511627906976744, 0, 0., 0, 0., 0, 0., 0, 0., 0, 0., 0, 0., 0, 0., 0, 0., 0, 0., 48, 22.325581395348838, 0, 0., 0, 0., 0, 0., 0, 0., 0, 0., 0, 0., 126, 149, 275, 215, 0.7818181818181819
, generated\gt\sample_000079.krn, generated\xml_trimmed_oemer\sample_000079.xml, 0, 0., 257, 68.71657754010695, 16, 4.278074866310161, 6, 1.6042780748663101, 2, 0.5347593582887701, 0, 0., 2, 0.5347593582887701, 0, 0., 0, 0., 0, 0., 6, 1.6042780748663101, 0, 0., 0, 0., 6, 1.6042780748663101, 2, 0.5347593582887701, 0, 0., 0, 0., 0, 0., 0, 0., 0, 0., 0, 0., 0, 0., 3, 0.8021390374331551, 0, 0., 0, 0., 0, 0., 0, 0., 0, 0., 0, 0., 0, 0., 0, 0., 0, 0., 69, 18.449197860962567, 0, 0., 0, 0., 0, 0., 5, 1.3368983957219251, 0, 0., 0, 0., 250, 228, 478, 374, 0.7824267782426778
, generated\gt\sample_000547.krn, generated\xml_trimmed_oemer\sample_000547.xml, 0, 0., 393, 83.61702127659575, 6, 1.2765957446808511, 44, 9.361702127659575, 1, 0.2127659574468085, 0, 0., 2, 0.425531914893617, 0, 0., 0, 0., 0, 0., 0, 0., 0, 0., 0, 0., 6, 1.2765957446808511, 4, 0.851063829787234, 8, 1.702127659574468, 0, 0., 0, 0., 0, 0., 0, 0., 0, 0., 0, 0., 1, 0.2127659574468085, 0, 0., 0, 0., 0, 0., 0, 0., 0, 0., 0, 0., 0, 0., 0, 0., 0, 0., 0, 0., 0, 0., 0, 0., 0, 0., 5, 1.0638297872340425, 0, 0., 0, 0., 307, 293, 600, 470, 0.7833333333333333
, generated\gt\sample_000091.krn, generated\xml_trimmed_oemer\sample_000091.xml, 0, 0., 115, 36.97749196141479, 14, 4.501607717041801, 2, 0.6430868167202572, 0, 0., 0, 0., 2, 0.6430868167202572, 0, 0., 0, 0., 0, 0., 0, 0., 0, 0., 0, 0., 3, 0.9646302250803859, 4, 1.2861736334405145, 0, 0., 0, 0., 4, 1.2861736334405145, 0, 0., 0, 0., 0, 0., 0, 0., 5, 1.607717041800643, 0, 0., 0, 0., 0, 0., 0, 0., 0, 0., 0, 0., 0, 0., 0, 0., 0, 0., 157, 50.48231511254019, 0, 0., 0, 0., 0, 0., 5, 1.607717041800643, 0, 0., 0, 0., 225, 172, 397, 311, 0.783375314861461
, generated\gt\sample_000072.krn, generated\xml_trimmed_oemer\sample_000072.xml, 0, 0., 227, 44.773175542406314, 2, 0.39447731755424065, 39, 7.6923076923076925, 1, 0.19723865877712032, 0, 0., 2, 0.39447731755424065, 0, 0., 0, 0., 0, 0., 0, 0., 0, 0., 0, 0., 0, 0., 4, 0.7889546351084813, 2, 0.39447731755424065, 0, 0., 0, 0., 0, 0., 0, 0., 0, 0., 0, 0., 1, 0.19723865877712032, 0, 0., 0, 0., 0, 0., 0, 0., 0, 0., 0, 0., 0, 0., 0, 0., 0, 0., 224, 44.18145956607495, 0, 0., 0, 0., 0, 0., 5, 0.9861932938856016, 0, 0., 0, 0., 251, 395, 646, 507, 0.7848297213622291
, generated\gt\sample_000280.krn, generated\xml_trimmed_oemer\sample_000280.xml, 0, 0., 121, 36.666666666666664, 2, 0.6060606060606061, 14, 4.242424242424242, 0, 0., 0, 0., 0, 0., 0, 0., 0, 0., 0, 0., 0, 0., 0, 0., 0, 0., 2, 0.6060606060606061, 2, 0.6060606060606061, 0, 0., 0, 0., 0, 0., 0, 0., 0, 0., 0, 0., 0, 0., 3, 0.9090909090909091, 0, 0., 0, 0., 0, 0., 0, 0., 0, 0., 0, 0., 0, 0., 0, 0., 0, 0., 181, 54.84848484848485, 0, 0., 0, 0., 0, 0., 5, 1.5151515151515151, 0, 0., 0, 0., 220, 200, 420, 330, 0.7857142857142857
, generated\gt\sample_000348.krn, generated\xml_trimmed_oemer\sample_000348.xml, 0, 0., 439, 65.23031203566121, 4, 0.5943536404160475, 31, 4.606240713224368, 3, 0.4457652303120357, 0, 0., 0, 0., 0, 0., 0, 0., 0, 0., 11, 1.6344725111441307, 0, 0., 0, 0., 1, 0.1485884101040119, 4, 0.5943536404160475, 4, 0.5943536404160475, 0, 0., 0, 0., 0, 0., 0, 0., 0, 0., 0, 0., 9, 1.337295690936107, 0, 0., 0, 0., 0, 0., 0, 0., 0, 0., 0, 0., 0, 0., 0, 0., 0, 0., 162, 24.071322436849925, 0, 0., 0, 0., 0, 0., 5, 0.7429420505200595, 0, 0., 0, 0., 434, 421, 855, 673, 0.7871345029239766
, generated\gt\sample_000517.krn, generated\xml_trimmed_oemer\sample_000517.xml, 0, 0., 133, 39.349112426035504, 2, 0.591715976331361, 27, 7.988165680473373, 0, 0., 0, 0., 2, 0.591715976331361, 0, 0., 0, 0., 0, 0., 1, 0.2958579881656805, 0, 0., 0, 0., 0, 0., 2, 0.591715976331361, 0, 0., 0, 0., 0, 0., 0, 0., 0, 0., 0, 0., 0, 0., 3, 0.8875739644970414, 0, 0., 0, 0., 0, 0., 0, 0., 0, 0., 0, 0., 0, 0., 0, 0., 0, 0., 168, 49.70414201183432, 0, 0., 0, 0., 0, 0., 0, 0., 0, 0., 0, 0., 237, 192, 429, 338, 0.7878787878787878
, generated\gt\sample_000418.krn, generated\xml_trimmed_oemer\sample_000418.xml, 0, 0., 172, 46.236559139784944, 0, 0., 4, 1.075268817204301, 5, 1.3440860215053763, 0, 0., 0, 0., 0, 0., 0, 0., 0, 0., 3, 0.8064516129032258, 0, 0., 0, 0., 0, 0., 2, 0.5376344086021505, 0, 0., 0, 0., 2, 0.5376344086021505, 0, 0., 0, 0., 0, 0., 0, 0., 0, 0., 0, 0., 0, 0., 0, 0., 0, 0., 0, 0., 0, 0., 0, 0., 0, 0., 0, 0., 184, 49.46236559139785, 0, 0., 0, 0., 0, 0., 0, 0., 0, 0., 0, 0., 273, 199, 472, 372, 0.788135593220339
, generated\gt\sample_000081.krn, generated\xml_trimmed_oemer\sample_000081.xml, 0, 0., 339, 74.50549450549451, 2, 0.43956043956043955, 10, 2.197802197802198, 1, 0.21978021978021978, 4, 0.8791208791208791, 7, 1.5384615384615385, 0, 0., 0, 0., 0, 0., 9, 1.978021978021978, 1, 0.21978021978021978, 0, 0., 2, 0.43956043956043955, 2, 0.43956043956043955, 6, 1.3186813186813187, 0, 0., 4, 0.8791208791208791, 0, 0., 0, 0., 0, 0., 0, 0., 3, 0.6593406593406593, 0, 0., 0, 0., 0, 0., 0, 0., 0, 0., 0, 0., 0, 0., 0, 0., 0, 0., 60, 13.186813186813186, 0, 0., 0, 0., 0, 0., 5, 1.098901098901099, 0, 0., 0, 0., 343, 234, 577, 455, 0.7885615251299827
, generated\gt\sample_000366.krn, generated\xml_trimmed_oemer\sample_000366.xml, 0, 0., 242, 68.94586894586895, 8, 2.2792022792022792, 15, 4.273504273504273, 2, 0.5698005698005698, 0, 0., 1, 0.2849002849002849, 0, 0., 0, 0., 0, 0., 1, 0.2849002849002849, 0, 0., 0, 0., 3, 0.8547008547008547, 4, 1.1396011396011396, 0, 0., 0, 0., 0, 0., 0, 0., 0, 0., 0, 0., 0, 0., 7, 1.9943019943019944, 0, 0., 0, 0., 0, 0., 0, 0., 0, 0., 0, 0., 0, 0., 0, 0., 0, 0., 63, 17.94871794871795, 0, 0., 0, 0., 0, 0., 5, 1.4245014245014245, 0, 0., 0, 0., 235, 210, 445, 351, 0.7887640449438202
, generated\gt\sample_000653.krn, generated\xml_trimmed_oemer\sample_000653.xml, 0, 0., 160, 40.712468193384225, 6, 1.5267175572519085, 15, 3.816793893129771, 1, 0.2544529262086514, 0, 0., 0, 0., 0, 0., 0, 0., 0, 0., 2, 0.5089058524173028, 0, 0., 0, 0., 2, 0.5089058524173028, 2, 0.5089058524173028, 0, 0., 0, 0., 4, 1.0178117048346056, 0, 0., 0, 0., 0, 0., 0, 0., 3, 0.7633587786259542, 0, 0., 0, 0., 0, 0., 0, 0., 0, 0., 0, 0., 0, 0., 0, 0., 0, 0., 193, 49.10941475826972, 0, 0., 0, 0., 0, 0., 5, 1.272264631043257, 0, 0., 0, 0., 261, 237, 498, 393, 0.7891566265060241
, generated\gt\sample_000600.krn, generated\xml_trimmed_oemer\sample_000600.xml, 0, 0., 77, 34.22222222222222, 0, 0., 0, 0., 0, 0., 0, 0., 1, 0.4444444444444444, 0, 0., 0, 0., 0, 0., 0, 0., 0, 0., 0, 0., 1, 0.4444444444444444, 4, 1.7777777777777777, 10, 4.444444444444445, 0, 0., 0, 0., 0, 0., 0, 0., 0, 0., 0, 0., 0, 0., 0, 0., 0, 0., 0, 0., 0, 0., 0, 0., 0, 0., 0, 0., 0, 0., 0, 0., 127, 56.44444444444444, 0, 0., 0, 0., 0, 0., 5, 2.2222222222222223, 0, 0., 0, 0., 143, 142, 285, 225, 0.7894736842105263
, generated\gt\sample_000423.krn, generated\xml_trimmed_oemer\sample_000423.xml, 0, 0., 333, 62.83018867924528, 16, 3.018867924528302, 13, 2.452830188679245, 6, 1.1320754716981132, 0, 0., 2, 0.37735849056603776, 0, 0., 0, 0., 0, 0., 0, 0., 0, 0., 0, 0., 2, 0.37735849056603776, 4, 0.7547169811320755, 0, 0., 0, 0., 0, 0., 0, 0., 0, 0., 0, 0., 0, 0., 5, 0.9433962264150944, 0, 0., 0, 0., 0, 0., 0, 0., 0, 0., 0, 0., 0, 0., 0, 0., 0, 0., 144, 27.169811320754718, 0, 0., 0, 0., 0, 0., 5, 0.9433962264150944, 0, 0., 0, 0., 339, 332, 671, 530, 0.789865871833085
, generated\gt\sample_000556.krn, generated\xml_trimmed_oemer\sample_000556.xml, 0, 0., 223, 59.78552278820376, 2, 0.5361930294906166, 8, 2.1447721179624666, 0, 0., 0, 0., 1, 0.2680965147453083, 0, 0., 0, 0., 0, 0., 0, 0., 1, 0.2680965147453083, 0, 0., 0, 0., 2, 0.5361930294906166, 4, 1.0723860589812333, 0, 0., 0, 0., 0, 0., 0, 0., 0, 0., 0, 0., 2, 0.5361930294906166, 0, 0., 0, 0., 0, 0., 0, 0., 0, 0., 0, 0., 0, 0., 0, 0., 0, 0., 130, 34.85254691689008, 0, 0., 0, 0., 0, 0., 0, 0., 0, 0., 0, 0., 176, 296, 472, 373, 0.7902542372881356
, generated\gt\sample_000177.krn, generated\xml_trimmed_oemer\sample_000177.xml, 0, 0., 282, 72.1227621483376, 4, 1.0230179028132993, 17, 4.3478260869565215, 2, 0.5115089514066496, 0, 0., 0, 0., 0, 0., 0, 0., 0, 0., 0, 0., 0, 0., 0, 0., 0, 0., 4, 1.0230179028132993, 0, 0., 0, 0., 0, 0., 0, 0., 0, 0., 0, 0., 0, 0., 3, 0.7672634271099744, 0, 0., 0, 0., 0, 0., 0, 0., 0, 0., 0, 0., 0, 0., 0, 0., 0, 0., 74, 18.925831202046037, 0, 0., 0, 0., 0, 0., 5, 1.278772378516624, 0, 0., 0, 0., 232, 262, 494, 391, 0.791497975708502
, generated\gt\sample_000661.krn, generated\xml_trimmed_oemer\sample_000661.xml, 0, 0., 170, 72.03389830508475, 2, 0.847457627118644, 4, 1.694915254237288, 5, 2.1186440677966103, 0, 0., 0, 0., 0, 0., 0, 0., 0, 0., 3, 1.271186440677966, 0, 0., 0, 0., 2, 0.847457627118644, 2, 0.847457627118644, 0, 0., 0, 0., 0, 0., 0, 0., 0, 0., 0, 0., 0, 0., 7, 2.9661016949152543, 0, 0., 0, 0., 0, 0., 0, 0., 0, 0., 0, 0., 0, 0., 0, 0., 0, 0., 36, 15.254237288135593, 0, 0., 0, 0., 0, 0., 5, 2.1186440677966103, 0, 0., 0, 0., 147, 151, 298, 236, 0.7919463087248322
, generated\gt\sample_000154.krn, generated\xml_trimmed_oemer\sample_000154.xml, 0, 0., 279, 66.270783847981, 4, 0.9501187648456056, 32, 7.600950118764845, 3, 0.7125890736342043, 0, 0., 3, 0.7125890736342043, 0, 0., 0, 0., 0, 0., 0, 0., 0, 0., 0, 0., 3, 0.7125890736342043, 4, 0.9501187648456056, 10, 2.375296912114014, 0, 0., 0, 0., 0, 0., 0, 0., 0, 0., 0, 0., 1, 0.2375296912114014, 0, 0., 0, 0., 0, 0., 0, 0., 0, 0., 0, 0., 0, 0., 0, 0., 0, 0., 77, 18.28978622327791, 0, 0., 0, 0., 0, 0., 5, 1.187648456057007, 0, 0., 0, 0., 237, 294, 531, 421, 0.7928436911487758
, generated\gt\sample_000390.krn, generated\xml_trimmed_oemer\sample_000390.xml, 0, 0., 355, 89.87341772151899, 12, 3.037974683544304, 4, 1.0126582278481013, 0, 0., 8, 2.0253164556962027, 0, 0., 0, 0., 0, 0., 0, 0., 3, 0.759493670886076, 0, 0., 0, 0., 0, 0., 4, 1.0126582278481013, 0, 0., 0, 0., 4, 1.0126582278481013, 0, 0., 0, 0., 0, 0., 0, 0., 0, 0., 0, 0., 0, 0., 0, 0., 0, 0., 0, 0., 0, 0., 0, 0., 0, 0., 0, 0., 0, 0., 0, 0., 0, 0., 0, 0., 5, 1.2658227848101267, 0, 0., 0, 0., 289, 209, 498, 395, 0.7931726907630522
, generated\gt\sample_000453.krn, generated\xml_trimmed_oemer\sample_000453.xml, 0, 0., 304, 56.822429906542055, 2, 0.37383177570093457, 26, 4.859813084112149, 0, 0., 0, 0., 3, 0.5607476635514018, 0, 0., 0, 0., 1, 0.18691588785046728, 3, 0.5607476635514018, 0, 0., 0, 0., 0, 0., 4, 0.7476635514018691, 0, 0., 0, 0., 2, 0.37383177570093457, 0, 0., 0, 0., 0, 0., 0, 0., 0, 0., 0, 0., 0, 0., 0, 0., 0, 0., 0, 0., 0, 0., 0, 0., 0, 0., 0, 0., 185, 34.57943925233645, 0, 0., 0, 0., 0, 0., 5, 0.9345794392523364, 0, 0., 0, 0., 421, 253, 674, 535, 0.7937685459940653
, generated\gt\sample_000578.krn, generated\xml_trimmed_oemer\sample_000578.xml, 0, 0., 326, 77.80429594272077, 4, 0.954653937947494, 20, 4.77326968973747, 3, 0.7159904534606205, 0, 0., 1, 0.2386634844868735, 0, 0., 0, 0., 0, 0., 4, 0.954653937947494, 0, 0., 0, 0., 3, 0.7159904534606205, 4, 0.954653937947494, 0, 0., 0, 0., 0, 0., 0, 0., 0, 0., 0, 0., 0, 0., 1, 0.2386634844868735, 0, 0., 0, 0., 0, 0., 0, 0., 0, 0., 0, 0., 0, 0., 0, 0., 0, 0., 48, 11.455847255369928, 0, 0., 0, 0., 0, 0., 5, 1.1933174224343674, 0, 0., 0, 0., 261, 266, 527, 419, 0.7950664136622391
, generated\gt\sample_000125.krn, generated\xml_trimmed_oemer\sample_000125.xml, 0, 0., 446, 91.95876288659794, 8, 1.6494845360824741, 13, 2.6804123711340204, 2, 0.41237113402061853, 0, 0., 3, 0.6185567010309279, 0, 0., 0, 0., 0, 0., 0, 0., 0, 0., 0, 0., 1, 0.20618556701030927, 4, 0.8247422680412371, 0, 0., 0, 0., 0, 0., 0, 0., 0, 0., 0, 0., 0, 0., 3, 0.6185567010309279, 0, 0., 0, 0., 0, 0., 0, 0., 0, 0., 0, 0., 0, 0., 0, 0., 0, 0., 0, 0., 0, 0., 0, 0., 0, 0., 5, 1.0309278350515463, 0, 0., 0, 0., 313, 297, 610, 485, 0.7950819672131147
, generated\gt\sample_000088.krn, generated\xml_trimmed_oemer\sample_000088.xml, 0, 0., 54, 40.90909090909091, 8, 6.0606060606060606, 1, 0.7575757575757576, 0, 0., 0, 0., 0, 0., 0, 0., 0, 0., 0, 0., 0, 0., 0, 0., 0, 0., 0, 0., 2, 1.5151515151515151, 0, 0., 0, 0., 0, 0., 0, 0., 0, 0., 0, 0., 0, 0., 0, 0., 0, 0., 0, 0., 0, 0., 0, 0., 0, 0., 0, 0., 0, 0., 0, 0., 0, 0., 6, 4.545454545454546, 57, 43.18181818181818, 0, 0., 4, 3.0303030303030303, 0, 0., 0, 0., 0, 0., 115, 51, 166, 132, 0.7951807228915663
, generated\gt\sample_000303.krn, generated\xml_trimmed_oemer\sample_000303.xml, 0, 0., 224, 38.16013628620102, 2, 0.34071550255536626, 22, 3.7478705281090288, 5, 0.8517887563884157, 0, 0., 2, 0.34071550255536626, 0, 0., 0, 0., 0, 0., 0, 0., 0, 0., 0, 0., 2, 0.34071550255536626, 4, 0.6814310051107325, 0, 0., 0, 0., 0, 0., 0, 0., 0, 0., 0, 0., 0, 0., 5, 0.8517887563884157, 0, 0., 0, 0., 0, 0., 0, 0., 0, 0., 0, 0., 0, 0., 0, 0., 0, 0., 316, 53.83304940374787, 0, 0., 0, 0., 0, 0., 5, 0.8517887563884157, 0, 0., 0, 0., 307, 429, 736, 587, 0.7975543478260869
, generated\gt\sample_000562.krn, generated\xml_trimmed_oemer\sample_000562.xml, 0, 0., 206, 57.86516853932584, 0, 0., 19, 5.337078651685394, 1, 0.2808988764044944, 0, 0., 1, 0.2808988764044944, 0, 0., 0, 0., 0, 0., 0, 0., 0, 0., 0, 0., 0, 0., 4, 1.1235955056179776, 0, 0., 0, 0., 0, 0., 0, 0., 0, 0., 0, 0., 0, 0., 4, 1.1235955056179776, 0, 0., 0, 0., 0, 0., 0, 0., 0, 0., 0, 0., 0, 0., 0, 0., 0, 0., 116, 32.58426966292135, 0, 0., 0, 0., 0, 0., 5, 1.404494382022472, 0, 0., 0, 0., 221, 225, 446, 356, 0.7982062780269058
, generated\gt\sample_000554.krn, generated\xml_trimmed_oemer\sample_000554.xml, 0, 0., 102, 43.58974358974359, 2, 0.8547008547008547, 9, 3.8461538461538463, 0, 0., 0, 0., 1, 0.42735042735042733, 0, 0., 0, 0., 0, 0., 2, 0.8547008547008547, 0, 0., 0, 0., 0, 0., 4, 1.7094017094017093, 0, 0., 0, 0., 4, 1.7094017094017093, 0, 0., 0, 0., 0, 0., 0, 0., 1, 0.42735042735042733, 0, 0., 0, 0., 0, 0., 0, 0., 0, 0., 0, 0., 0, 0., 0, 0., 0, 0., 104, 44.44444444444444, 0, 0., 0, 0., 0, 0., 5, 2.1367521367521367, 0, 0., 0, 0., 150, 143, 293, 234, 0.7986348122866894
, generated\gt\sample_000325.krn, generated\xml_trimmed_oemer\sample_000325.xml, 0, 0., 260, 55.437100213219615, 6, 1.279317697228145, 8, 1.7057569296375266, 3, 0.6396588486140725, 0, 0., 0, 0., 0, 0., 0, 0., 0, 0., 7, 1.492537313432836, 0, 0., 0, 0., 0, 0., 4, 0.8528784648187633, 0, 0., 0, 0., 0, 0., 0, 0., 0, 0., 0, 0., 0, 0., 1, 0.21321961620469082, 0, 0., 0, 0., 0, 0., 0, 0., 0, 0., 0, 0., 0, 0., 0, 0., 0, 0., 175, 37.3134328358209, 0, 0., 0, 0., 0, 0., 5, 1.0660980810234542, 0, 0., 0, 0., 287, 300, 587, 469, 0.7989778534923339
, generated\gt\sample_000427.krn, generated\xml_trimmed_oemer\sample_000427.xml, 0, 0., 506, 89.87566607460036, 4, 0.7104795737122558, 44, 7.815275310834814, 0, 0., 0, 0., 0, 0., 0, 0., 0, 0., 0, 0., 0, 0., 0, 0., 0, 0., 0, 0., 4, 0.7104795737122558, 0, 0., 0, 0., 0, 0., 0, 0., 0, 0., 0, 0., 0, 0., 0, 0., 0, 0., 0, 0., 0, 0., 0, 0., 0, 0., 0, 0., 0, 0., 0, 0., 0, 0., 0, 0., 0, 0., 0, 0., 0, 0., 5, 0.8880994671403197, 0, 0., 0, 0., 360, 344, 704, 563, 0.7997159090909091
, generated\gt\sample_000321.krn, generated\xml_trimmed_oemer\sample_000321.xml, 0, 0., 235, 45.542635658914726, 2, 0.3875968992248062, 18, 3.488372093023256, 1, 0.1937984496124031, 0, 0., 0, 0., 0, 0., 0, 0., 1, 0.1937984496124031, 0, 0., 0, 0., 0, 0., 3, 0.5813953488372093, 4, 0.7751937984496124, 0, 0., 0, 0., 0, 0., 0, 0., 0, 0., 0, 0., 0, 0., 8, 1.550387596899225, 0, 0., 0, 0., 0, 0., 0, 0., 0, 0., 0, 0., 0, 0., 0, 0., 0, 0., 239, 46.31782945736434, 0, 0., 0, 0., 0, 0., 5, 0.9689922480620154, 0, 0., 0, 0., 285, 359, 644, 516, 0.8012422360248447
, generated\gt\sample_000332.krn, generated\xml_trimmed_oemer\sample_000332.xml, 0, 0., 190, 65.29209621993127, 4, 1.3745704467353952, 8, 2.7491408934707904, 4, 1.3745704467353952, 0, 0., 3, 1.0309278350515463, 0, 0., 0, 0., 0, 0., 0, 0., 0, 0., 0, 0., 1, 0.3436426116838488, 4, 1.3745704467353952, 1, 0.3436426116838488, 0, 0., 0, 0., 0, 0., 0, 0., 0, 0., 0, 0., 1, 0.3436426116838488, 0, 0., 0, 0., 0, 0., 0, 0., 0, 0., 0, 0., 0, 0., 0, 0., 0, 0., 70, 24.054982817869416, 0, 0., 0, 0., 0, 0., 5, 1.7182130584192439, 0, 0., 0, 0., 209, 153, 362, 291, 0.8038674033149171
, generated\gt\sample_000269.krn, generated\xml_trimmed_oemer\sample_000269.xml, 0, 0., 165, 55.74324324324324, 6, 2.027027027027027, 4, 1.3513513513513513, 8, 2.7027027027027026, 0, 0., 0, 0., 0, 0., 0, 0., 0, 0., 0, 0., 0, 0., 0, 0., 0, 0., 4, 1.3513513513513513, 4, 1.3513513513513513, 0, 0., 0, 0., 0, 0., 0, 0., 0, 0., 0, 0., 6, 2.027027027027027, 0, 0., 0, 0., 0, 0., 0, 0., 0, 0., 0, 0., 0, 0., 0, 0., 0, 0., 94, 31.756756756756758, 0, 0., 0, 0., 0, 0., 5, 1.6891891891891893, 0, 0., 0, 0., 215, 153, 368, 296, 0.8043478260869565
, generated\gt\sample_000402.krn, generated\xml_trimmed_oemer\sample_000402.xml, 0, 0., 211, 69.18032786885246, 0, 0., 3, 0.9836065573770492, 3, 0.9836065573770492, 0, 0., 0, 0., 0, 0., 0, 0., 0, 0., 0, 0., 0, 0., 0, 0., 0, 0., 4, 1.3114754098360655, 0, 0., 0, 0., 0, 0., 0, 0., 0, 0., 0, 0., 0, 0., 0, 0., 0, 0., 0, 0., 0, 0., 0, 0., 0, 0., 0, 0., 0, 0., 0, 0., 0, 0., 79, 25.901639344262296, 0, 0., 0, 0., 0, 0., 5, 1.639344262295082, 0, 0., 0, 0., 211, 168, 379, 305, 0.8047493403693932
, generated\gt\sample_000170.krn, generated\xml_trimmed_oemer\sample_000170.xml, 0, 0., 26, 13.68421052631579, 18, 9.473684210526315, 0, 0., 0, 0., 0, 0., 0, 0., 0, 0., 0, 0., 0, 0., 0, 0., 0, 0., 0, 0., 0, 0., 2, 1.0526315789473684, 1, 0.5263157894736842, 0, 0., 0, 0., 0, 0., 0, 0., 0, 0., 0, 0., 1, 0.5263157894736842, 0, 0., 0, 0., 0, 0., 0, 0., 0, 0., 0, 0., 0, 0., 0, 0., 0, 0., 142, 74.73684210526316, 0, 0., 0, 0., 0, 0., 0, 0., 0, 0., 0, 0., 75, 161, 236, 190, 0.8050847457627118
, generated\gt\sample_000058.krn, generated\xml_trimmed_oemer\sample_000058.xml, 0, 0., 110, 60.43956043956044, 4, 2.197802197802198, 5, 2.7472527472527473, 3, 1.6483516483516483, 0, 0., 1, 0.5494505494505495, 0, 0., 0, 0., 0, 0., 0, 0., 1, 0.5494505494505495, 0, 0., 0, 0., 4, 2.197802197802198, 0, 0., 0, 0., 0, 0., 0, 0., 0, 0., 0, 0., 0, 0., 0, 0., 0, 0., 0, 0., 4, 2.197802197802198, 0, 0., 0, 0., 0, 0., 0, 0., 0, 0., 0, 0., 45, 24.725274725274726, 0, 0., 0, 0., 0, 0., 5, 2.7472527472527473, 0, 0., 0, 0., 101, 125, 226, 182, 0.8053097345132744
, generated\gt\sample_000358.krn, generated\xml_trimmed_oemer\sample_000358.xml, 0, 0., 260, 54.27974947807933, 2, 0.4175365344467641, 24, 5.010438413361169, 2, 0.4175365344467641, 0, 0., 0, 0., 0, 0., 0, 0., 0, 0., 0, 0., 3, 0.6263048016701461, 0, 0., 0, 0., 4, 0.8350730688935282, 6, 1.2526096033402923, 0, 0., 0, 0., 0, 0., 0, 0., 0, 0., 0, 0., 3, 0.6263048016701461, 0, 0., 0, 0., 0, 0., 0, 0., 0, 0., 0, 0., 0, 0., 0, 0., 0, 0., 170, 35.49060542797495, 0, 0., 0, 0., 0, 0., 5, 1.0438413361169103, 0, 0., 0, 0., 298, 296, 594, 479, 0.8063973063973064
, generated\gt\sample_000494.krn, generated\xml_trimmed_oemer\sample_000494.xml, 0, 0., 372, 92.53731343283582, 6, 1.492537313432836, 9, 2.2388059701492535, 1, 0.24875621890547264, 0, 0., 0, 0., 0, 0., 0, 0., 1, 0.24875621890547264, 1, 0.24875621890547264, 0, 0., 0, 0., 0, 0., 4, 0.9950248756218906, 2, 0.4975124378109453, 0, 0., 0, 0., 0, 0., 0, 0., 0, 0., 0, 0., 1, 0.24875621890547264, 0, 0., 0, 0., 0, 0., 0, 0., 0, 0., 0, 0., 0, 0., 0, 0., 0, 0., 0, 0., 0, 0., 0, 0., 0, 0., 5, 1.243781094527363, 0, 0., 0, 0., 263, 234, 497, 402, 0.8088531187122736
, generated\gt\sample_000236.krn, generated\xml_trimmed_oemer\sample_000236.xml, 0, 0., 217, 49.09502262443439, 10, 2.262443438914027, 8, 1.8099547511312217, 1, 0.22624434389140272, 0, 0., 4, 0.9049773755656109, 0, 0., 0, 0., 0, 0., 0, 0., 0, 0., 0, 0., 1, 0.22624434389140272, 4, 0.9049773755656109, 8, 1.8099547511312217, 0, 0., 0, 0., 0, 0., 0, 0., 0, 0., 0, 0., 16, 3.6199095022624435, 0, 0., 0, 0., 0, 0., 0, 0., 0, 0., 0, 0., 0, 0., 0, 0., 0, 0., 168, 38.009049773755656, 0, 0., 0, 0., 0, 0., 5, 1.1312217194570136, 0, 0., 0, 0., 287, 259, 546, 442, 0.8095238095238095
, generated\gt\sample_000413.krn, generated\xml_trimmed_oemer\sample_000413.xml, 0, 0., 294, 86.21700879765396, 4, 1.1730205278592376, 13, 3.812316715542522, 1, 0.2932551319648094, 2, 0.5865102639296188, 1, 0.2932551319648094, 0, 0., 0, 0., 2, 0.5865102639296188, 10, 2.932551319648094, 0, 0., 0, 0., 1, 0.2932551319648094, 4, 1.1730205278592376, 4, 1.1730205278592376, 0, 0., 0, 0., 0, 0., 0, 0., 0, 0., 0, 0., 0, 0., 0, 0., 0, 0., 0, 0., 0, 0., 0, 0., 0, 0., 0, 0., 0, 0., 0, 0., 0, 0., 0, 0., 0, 0., 0, 0., 5, 1.466275659824047, 0, 0., 0, 0., 243, 178, 421, 341, 0.8099762470308789
, generated\gt\sample_000381.krn, generated\xml_trimmed_oemer\sample_000381.xml, 0, 0., 388, 87.98185941043084, 4, 0.9070294784580499, 14, 3.1746031746031744, 0, 0., 10, 2.2675736961451247, 2, 0.45351473922902497, 0, 0., 0, 0., 0, 0., 6, 1.3605442176870748, 1, 0.22675736961451248, 0, 0., 1, 0.22675736961451248, 2, 0.45351473922902497, 0, 0., 0, 0., 0, 0., 0, 0., 0, 0., 0, 0., 0, 0., 8, 1.8140589569160999, 0, 0., 0, 0., 0, 0., 0, 0., 0, 0., 0, 0., 0, 0., 0, 0., 0, 0., 0, 0., 0, 0., 0, 0., 0, 0., 5, 1.1337868480725624, 0, 0., 0, 0., 314, 230, 544, 441, 0.8106617647058824
, generated\gt\sample_000253.krn, generated\xml_trimmed_oemer\sample_000253.xml, 0, 0., 207, 55.2, 2, 0.5333333333333333, 22, 5.866666666666666, 3, 0.8, 0, 0., 1, 0.26666666666666666, 0, 0., 0, 0., 0, 0., 3, 0.8, 0, 0., 0, 0., 0, 0., 4, 1.0666666666666667, 0, 0., 0, 0., 4, 1.0666666666666667, 0, 0., 0, 0., 0, 0., 0, 0., 6, 1.6, 0, 0., 0, 0., 0, 0., 0, 0., 0, 0., 0, 0., 0, 0., 0, 0., 0, 0., 118, 31.466666666666665, 0, 0., 0, 0., 0, 0., 5, 1.3333333333333333, 0, 0., 0, 0., 267, 195, 462, 375, 0.8116883116883117
, generated\gt\sample_000414.krn, generated\xml_trimmed_oemer\sample_000414.xml, 0, 0., 316, 64.75409836065573, 6, 1.2295081967213115, 19, 3.8934426229508197, 5, 1.0245901639344261, 0, 0., 4, 0.819672131147541, 0, 0., 0, 0., 0, 0., 0, 0., 1, 0.20491803278688525, 0, 0., 3, 0.6147540983606558, 4, 0.819672131147541, 8, 1.639344262295082, 0, 0., 0, 0., 0, 0., 0, 0., 0, 0., 0, 0., 6, 1.2295081967213115, 0, 0., 0, 0., 0, 0., 0, 0., 0, 0., 0, 0., 0, 0., 0, 0., 0, 0., 111, 22.74590163934426, 0, 0., 0, 0., 0, 0., 5, 1.0245901639344261, 0, 0., 0, 0., 300, 301, 601, 488, 0.8119800332778702
, generated\gt\sample_000574.krn, generated\xml_trimmed_oemer\sample_000574.xml, 0, 0., 278, 73.93617021276596, 2, 0.5319148936170213, 12, 3.1914893617021276, 1, 0.26595744680851063, 0, 0., 2, 0.5319148936170213, 0, 0., 0, 0., 1, 0.26595744680851063, 0, 0., 0, 0., 0, 0., 0, 0., 4, 1.0638297872340425, 0, 0., 0, 0., 2, 0.5319148936170213, 0, 0., 0, 0., 0, 0., 0, 0., 2, 0.5319148936170213, 0, 0., 0, 0., 0, 0., 0, 0., 0, 0., 0, 0., 0, 0., 0, 0., 0, 0., 67, 17.819148936170212, 0, 0., 0, 0., 0, 0., 5, 1.3297872340425532, 0, 0., 0, 0., 247, 216, 463, 376, 0.8120950323974082
, generated\gt\sample_000495.krn, generated\xml_trimmed_oemer\sample_000495.xml, 0, 0., 352, 51.84094256259205, 0, 0., 33, 4.860088365243004, 8, 1.1782032400589102, 0, 0., 3, 0.4418262150220913, 0, 0., 0, 0., 0, 0., 0, 0., 0, 0., 0, 0., 0, 0., 4, 0.5891016200294551, 4, 0.5891016200294551, 0, 0., 0, 0., 0, 0., 0, 0., 0, 0., 0, 0., 5, 0.7363770250368189, 0, 0., 0, 0., 0, 0., 0, 0., 0, 0., 0, 0., 0, 0., 0, 0., 0, 0., 265, 39.0279823269514, 0, 0., 0, 0., 0, 0., 5, 0.7363770250368189, 0, 0., 0, 0., 402, 434, 836, 679, 0.812200956937799
, generated\gt\sample_000500.krn, generated\xml_trimmed_oemer\sample_000500.xml, 0, 0., 150, 43.22766570605187, 10, 2.881844380403458, 8, 2.3054755043227666, 3, 0.8645533141210374, 0, 0., 1, 0.2881844380403458, 0, 0., 0, 0., 0, 0., 1, 0.2881844380403458, 0, 0., 0, 0., 3, 0.8645533141210374, 4, 1.1527377521613833, 8, 2.3054755043227666, 0, 0., 0, 0., 0, 0., 0, 0., 0, 0., 0, 0., 1, 0.2881844380403458, 0, 0., 0, 0., 0, 0., 0, 0., 0, 0., 0, 0., 0, 0., 0, 0., 0, 0., 153, 44.09221902017291, 0, 0., 0, 0., 0, 0., 5, 1.440922190201729, 0, 0., 0, 0., 216, 211, 427, 347, 0.8126463700234192
, generated\gt\sample_000489.krn, generated\xml_trimmed_oemer\sample_000489.xml, 0, 0., 575, 92.74193548387096, 0, 0., 16, 2.5806451612903225, 4, 0.6451612903225806, 10, 1.6129032258064515, 0, 0., 0, 0., 0, 0., 0, 0., 5, 0.8064516129032258, 0, 0., 0, 0., 0, 0., 4, 0.6451612903225806, 0, 0., 0, 0., 0, 0., 0, 0., 0, 0., 0, 0., 0, 0., 1, 0.16129032258064516, 0, 0., 0, 0., 0, 0., 0, 0., 0, 0., 0, 0., 0, 0., 0, 0., 0, 0., 0, 0., 0, 0., 0, 0., 0, 0., 5, 0.8064516129032258, 0, 0., 0, 0., 447, 315, 762, 620, 0.8136482939632546
, generated\gt\sample_000234.krn, generated\xml_trimmed_oemer\sample_000234.xml, 0, 0., 34, 12.781954887218046, 12, 4.511278195488722, 0, 0., 2, 0.7518796992481203, 0, 0., 2, 0.7518796992481203, 0, 0., 0, 0., 2, 0.7518796992481203, 0, 0., 0, 0., 0, 0., 1, 0.37593984962406013, 4, 1.5037593984962405, 8, 3.007518796992481, 0, 0., 0, 0., 0, 0., 0, 0., 0, 0., 0, 0., 3, 1.1278195488721805, 0, 0., 0, 0., 0, 0., 0, 0., 0, 0., 0, 0., 0, 0., 0, 0., 0, 0., 193, 72.55639097744361, 0, 0., 0, 0., 0, 0., 5, 1.8796992481203008, 0, 0., 0, 0., 177, 149, 326, 266, 0.8159509202453987
, generated\gt\sample_000567.krn, generated\xml_trimmed_oemer\sample_000567.xml, 0, 0., 136, 63.84976525821596, 0, 0., 6, 2.816901408450704, 0, 0., 0, 0., 0, 0., 0, 0., 0, 0., 0, 0., 1, 0.4694835680751174, 0, 0., 0, 0., 0, 0., 1, 0.4694835680751174, 1, 0.4694835680751174, 0, 0., 0, 0., 0, 0., 0, 0., 0, 0., 0, 0., 1, 0.4694835680751174, 0, 0., 0, 0., 0, 0., 0, 0., 0, 0., 0, 0., 0, 0., 0, 0., 0, 0., 67, 31.455399061032864, 0, 0., 0, 0., 0, 0., 0, 0., 0, 0., 0, 0., 106, 155, 261, 213, 0.8160919540229885
, generated\gt\sample_000302.krn, generated\xml_trimmed_oemer\sample_000302.xml, 0, 0., 209, 45.53376906318083, 6, 1.3071895424836601, 4, 0.8714596949891068, 3, 0.6535947712418301, 0, 0., 0, 0., 0, 0., 0, 0., 1, 0.2178649237472767, 0, 0., 0, 0., 0, 0., 3, 0.6535947712418301, 4, 0.8714596949891068, 0, 0., 0, 0., 0, 0., 0, 0., 0, 0., 0, 0., 0, 0., 6, 1.3071895424836601, 0, 0., 0, 0., 0, 0., 0, 0., 0, 0., 0, 0., 0, 0., 0, 0., 0, 0., 218, 47.49455337690632, 0, 0., 0, 0., 0, 0., 5, 1.0893246187363834, 0, 0., 0, 0., 300, 261, 561, 459, 0.8181818181818182
, generated\gt\sample_000652.krn, generated\xml_trimmed_oemer\sample_000652.xml, 0, 0., 152, 39.79057591623037, 2, 0.5235602094240838, 13, 3.4031413612565444, 0, 0., 0, 0., 0, 0., 0, 0., 0, 0., 0, 0., 0, 0., 0, 0., 0, 0., 3, 0.7853403141361257, 2, 0.5235602094240838, 0, 0., 0, 0., 0, 0., 0, 0., 0, 0., 0, 0., 0, 0., 2, 0.5235602094240838, 0, 0., 0, 0., 0, 0., 0, 0., 0, 0., 0, 0., 0, 0., 0, 0., 0, 0., 203, 53.1413612565445, 0, 0., 0, 0., 0, 0., 5, 1.3089005235602094, 0, 0., 0, 0., 226, 239, 465, 382, 0.821505376344086
, generated\gt\sample_000584.krn, generated\xml_trimmed_oemer\sample_000584.xml, 0, 0., 450, 89.64143426294821, 4, 0.796812749003984, 32, 6.374501992031872, 0, 0., 0, 0., 1, 0.199203187250996, 0, 0., 0, 0., 0, 0., 4, 0.796812749003984, 0, 0., 0, 0., 2, 0.398406374501992, 4, 0.796812749003984, 0, 0., 0, 0., 0, 0., 0, 0., 0, 0., 0, 0., 0, 0., 0, 0., 0, 0., 0, 0., 0, 0., 0, 0., 0, 0., 0, 0., 0, 0., 0, 0., 0, 0., 0, 0., 0, 0., 0, 0., 0, 0., 5, 0.9960159362549801, 0, 0., 0, 0., 306, 304, 610, 502, 0.8229508196721311
, generated\gt\sample_000678.krn, generated\xml_trimmed_oemer\sample_000678.xml, 0, 0., 154, 53.28719723183391, 4, 1.3840830449826989, 3, 1.0380622837370241, 2, 0.6920415224913494, 0, 0., 1, 0.3460207612456747, 0, 0., 0, 0., 1, 0.3460207612456747, 0, 0., 0, 0., 0, 0., 0, 0., 2, 0.6920415224913494, 0, 0., 0, 0., 0, 0., 0, 0., 0, 0., 0, 0., 0, 0., 5, 1.7301038062283738, 0, 0., 0, 0., 0, 0., 0, 0., 0, 0., 0, 0., 0, 0., 0, 0., 0, 0., 117, 40.484429065743946, 0, 0., 0, 0., 0, 0., 0, 0., 0, 0., 0, 0., 147, 204, 351, 289, 0.8233618233618234
, generated\gt\sample_000061.krn, generated\xml_trimmed_oemer\sample_000061.xml, 0, 0., 152, 47.20496894409938, 20, 6.211180124223603, 0, 0., 2, 0.6211180124223602, 0, 0., 0, 0., 0, 0., 0, 0., 2, 0.6211180124223602, 0, 0., 0, 0., 0, 0., 2, 0.6211180124223602, 4, 1.2422360248447204, 5, 1.5527950310559007, 0, 0., 4, 1.2422360248447204, 0, 0., 0, 0., 0, 0., 0, 0., 0, 0., 0, 0., 0, 0., 0, 0., 0, 0., 0, 0., 0, 0., 0, 0., 0, 0., 0, 0., 126, 39.130434782608695, 0, 0., 0, 0., 0, 0., 5, 1.5527950310559007, 0, 0., 0, 0., 202, 188, 390, 322, 0.8256410256410256
, generated\gt\sample_000218.krn, generated\xml_trimmed_oemer\sample_000218.xml, 0, 0., 195, 80.57851239669421, 10, 4.132231404958677, 5, 2.0661157024793386, 2, 0.8264462809917356, 6, 2.479338842975207, 1, 0.4132231404958678, 0, 0., 0, 0., 0, 0., 1, 0.4132231404958678, 1, 0.4132231404958678, 0, 0., 0, 0., 4, 1.6528925619834711, 4, 1.6528925619834711, 0, 0., 4, 1.6528925619834711, 0, 0., 0, 0., 0, 0., 0, 0., 4, 1.6528925619834711, 0, 0., 0, 0., 0, 0., 0, 0., 0, 0., 0, 0., 0, 0., 0, 0., 0, 0., 0, 0., 0, 0., 0, 0., 0, 0., 5, 2.0661157024793386, 0, 0., 0, 0., 141, 152, 293, 242, 0.825938566552901
, generated\gt\sample_000542.krn, generated\xml_trimmed_oemer\sample_000542.xml, 0, 0., 230, 60.526315789473685, 2, 0.5263157894736842, 4, 1.0526315789473684, 0, 0., 0, 0., 0, 0., 0, 0., 0, 0., 0, 0., 3, 0.7894736842105263, 0, 0., 0, 0., 1, 0.2631578947368421, 4, 1.0526315789473684, 8, 2.1052631578947367, 0, 0., 0, 0., 0, 0., 0, 0., 0, 0., 0, 0., 3, 0.7894736842105263, 0, 0., 0, 0., 0, 0., 0, 0., 0, 0., 0, 0., 0, 0., 0, 0., 0, 0., 120, 31.57894736842105, 0, 0., 0, 0., 0, 0., 5, 1.3157894736842106, 0, 0., 0, 0., 212, 248, 460, 380, 0.8260869565217391
, generated\gt\sample_000380.krn, generated\xml_trimmed_oemer\sample_000380.xml, 0, 0., 51, 18.411552346570396, 10, 3.6101083032490973, 1, 0.36101083032490977, 0, 0., 0, 0., 1, 0.36101083032490977, 0, 0., 0, 0., 0, 0., 0, 0., 0, 0., 0, 0., 5, 1.8050541516245486, 2, 0.7220216606498195, 6, 2.1660649819494586, 0, 0., 0, 0., 0, 0., 0, 0., 0, 0., 0, 0., 2, 0.7220216606498195, 0, 0., 0, 0., 0, 0., 0, 0., 0, 0., 0, 0., 0, 0., 0, 0., 0, 0., 194, 70.03610108303249, 0, 0., 0, 0., 0, 0., 5, 1.8050541516245486, 0, 0., 0, 0., 160, 175, 335, 277, 0.826865671641791
, generated\gt\sample_000060.krn, generated\xml_trimmed_oemer\sample_000060.xml, 0, 0., 81, 27.272727272727273, 6, 2.0202020202020203, 0, 0., 5, 1.6835016835016836, 0, 0., 0, 0., 0, 0., 0, 0., 5, 1.6835016835016836, 0, 0., 0, 0., 0, 0., 1, 0.3367003367003367, 2, 0.6734006734006734, 2, 0.6734006734006734, 0, 0., 2, 0.6734006734006734, 0, 0., 0, 0., 0, 0., 0, 0., 0, 0., 0, 0., 0, 0., 0, 0., 0, 0., 0, 0., 0, 0., 0, 0., 0, 0., 0, 0., 188, 63.2996632996633, 0, 0., 0, 0., 0, 0., 5, 1.6835016835016836, 0, 0., 0, 0., 205, 154, 359, 297, 0.8272980501392758
, generated\gt\sample_000006.krn, generated\xml_trimmed_oemer\sample_000006.xml, 0, 0., 480, 90.9090909090909, 2, 0.3787878787878788, 33, 6.25, 2, 0.3787878787878788, 0, 0., 0, 0., 0, 0., 0, 0., 0, 0., 0, 0., 0, 0., 0, 0., 0, 0., 4, 0.7575757575757576, 0, 0., 0, 0., 0, 0., 0, 0., 0, 0., 0, 0., 0, 0., 2, 0.3787878787878788, 0, 0., 0, 0., 0, 0., 0, 0., 0, 0., 0, 0., 0, 0., 0, 0., 0, 0., 0, 0., 0, 0., 0, 0., 0, 0., 5, 0.946969696969697, 0, 0., 0, 0., 325, 312, 637, 528, 0.8288854003139717
, generated\gt\sample_000667.krn, generated\xml_trimmed_oemer\sample_000667.xml, 0, 0., 342, 95.26462395543176, 0, 0., 4, 1.1142061281337048, 0, 0., 2, 0.5571030640668524, 0, 0., 0, 0., 0, 0., 0, 0., 0, 0., 0, 0., 0, 0., 2, 0.5571030640668524, 4, 1.1142061281337048, 0, 0., 0, 0., 0, 0., 0, 0., 0, 0., 0, 0., 0, 0., 0, 0., 0, 0., 0, 0., 0, 0., 0, 0., 0, 0., 0, 0., 0, 0., 0, 0., 0, 0., 0, 0., 0, 0., 0, 0., 0, 0., 5, 1.392757660167131, 0, 0., 0, 0., 221, 212, 433, 359, 0.8290993071593533
, generated\gt\sample_000434.krn, generated\xml_trimmed_oemer\sample_000434.xml, 0, 0., 329, 88.91891891891892, 4, 1.0810810810810811, 9, 2.4324324324324325, 3, 0.8108108108108109, 8, 2.1621621621621623, 1, 0.2702702702702703, 0, 0., 0, 0., 0, 0., 1, 0.2702702702702703, 1, 0.2702702702702703, 0, 0., 2, 0.5405405405405406, 2, 0.5405405405405406, 0, 0., 0, 0., 0, 0., 0, 0., 0, 0., 0, 0., 0, 0., 5, 1.3513513513513513, 0, 0., 0, 0., 0, 0., 0, 0., 0, 0., 0, 0., 0, 0., 0, 0., 0, 0., 0, 0., 0, 0., 0, 0., 0, 0., 5, 1.3513513513513513, 0, 0., 0, 0., 243, 203, 446, 370, 0.8295964125560538
, generated\gt\sample_000312.krn, generated\xml_trimmed_oemer\sample_000312.xml, 0, 0., 224, 60.215053763440864, 2, 0.5376344086021505, 15, 4.032258064516129, 0, 0., 0, 0., 3, 0.8064516129032258, 0, 0., 0, 0., 0, 0., 0, 0., 0, 0., 0, 0., 0, 0., 2, 0.5376344086021505, 0, 0., 0, 0., 0, 0., 0, 0., 0, 0., 0, 0., 0, 0., 7, 1.881720430107527, 0, 0., 0, 0., 0, 0., 0, 0., 0, 0., 0, 0., 0, 0., 0, 0., 0, 0., 119, 31.989247311827956, 0, 0., 0, 0., 0, 0., 0, 0., 0, 0., 0, 0., 214, 234, 448, 372, 0.8303571428571429
, generated\gt\sample_000392.krn, generated\xml_trimmed_oemer\sample_000392.xml, 0, 0., 419, 89.14893617021276, 10, 2.127659574468085, 8, 1.702127659574468, 2, 0.425531914893617, 16, 3.404255319148936, 0, 0., 0, 0., 0, 0., 0, 0., 2, 0.425531914893617, 0, 0., 0, 0., 0, 0., 4, 0.851063829787234, 0, 0., 0, 0., 0, 0., 0, 0., 0, 0., 0, 0., 0, 0., 4, 0.851063829787234, 0, 0., 0, 0., 0, 0., 0, 0., 0, 0., 0, 0., 0, 0., 0, 0., 0, 0., 0, 0., 0, 0., 0, 0., 0, 0., 5, 1.0638297872340425, 0, 0., 0, 0., 326, 240, 566, 470, 0.8303886925795053
, generated\gt\sample_000247.krn, generated\xml_trimmed_oemer\sample_000247.xml, 0, 0., 184, 36.29191321499014, 6, 1.183431952662722, 13, 2.5641025641025643, 0, 0., 0, 0., 0, 0., 0, 0., 0, 0., 0, 0., 0, 0., 0, 0., 0, 0., 0, 0., 2, 0.39447731755424065, 0, 0., 0, 0., 0, 0., 0, 0., 0, 0., 0, 0., 0, 0., 3, 0.591715976331361, 0, 0., 0, 0., 0, 0., 0, 0., 0, 0., 0, 0., 0, 0., 0, 0., 0, 0., 299, 58.97435897435897, 0, 0., 0, 0., 0, 0., 0, 0., 0, 0., 0, 0., 220, 390, 610, 507, 0.8311475409836065
, generated\gt\sample_000425.krn, generated\xml_trimmed_oemer\sample_000425.xml, 0, 0., 442, 91.51138716356108, 4, 0.8281573498964804, 26, 5.383022774327122, 0, 0., 0, 0., 0, 0., 0, 0., 0, 0., 1, 0.2070393374741201, 0, 0., 0, 0., 0, 0., 0, 0., 4, 0.8281573498964804, 0, 0., 0, 0., 0, 0., 0, 0., 0, 0., 0, 0., 0, 0., 1, 0.2070393374741201, 0, 0., 0, 0., 0, 0., 0, 0., 0, 0., 0, 0., 0, 0., 0, 0., 0, 0., 0, 0., 0, 0., 0, 0., 0, 0., 5, 1.0351966873706004, 0, 0., 0, 0., 291, 290, 581, 483, 0.8313253012048193
, generated\gt\sample_000232.krn, generated\xml_trimmed_oemer\sample_000232.xml, 0, 0., 573, 78.4931506849315, 8, 1.095890410958904, 41, 5.616438356164384, 1, 0.136986301369863, 0, 0., 0, 0., 0, 0., 0, 0., 0, 0., 0, 0., 0, 0., 0, 0., 2, 0.273972602739726, 4, 0.547945205479452, 0, 0., 0, 0., 0, 0., 0, 0., 0, 0., 0, 0., 0, 0., 2, 0.273972602739726, 0, 0., 0, 0., 0, 0., 0, 0., 0, 0., 0, 0., 0, 0., 0, 0., 0, 0., 94, 12.876712328767123, 0, 0., 0, 0., 0, 0., 5, 0.684931506849315, 0, 0., 0, 0., 463, 415, 878, 730, 0.8314350797266514
, generated\gt\sample_000365.krn, generated\xml_trimmed_oemer\sample_000365.xml, 0, 0., 435, 75.91623036649214, 12, 2.094240837696335, 21, 3.6649214659685865, 0, 0., 0, 0., 1, 0.17452006980802792, 0, 0., 0, 0., 0, 0., 0, 0., 0, 0., 0, 0., 0, 0., 2, 0.34904013961605584, 0, 0., 0, 0., 0, 0., 0, 0., 0, 0., 0, 0., 0, 0., 1, 0.17452006980802792, 0, 0., 0, 0., 0, 0., 0, 0., 0, 0., 0, 0., 0, 0., 0, 0., 0, 0., 101, 17.62652705061082, 0, 0., 0, 0., 0, 0., 0, 0., 0, 0., 0, 0., 219, 470, 689, 573, 0.8316400580551524
, generated\gt\sample_000472.krn, generated\xml_trimmed_oemer\sample_000472.xml, 0, 0., 318, 74.82352941176471, 4, 0.9411764705882353, 20, 4.705882352941177, 0, 0., 0, 0., 0, 0., 0, 0., 0, 0., 2, 0.47058823529411764, 0, 0., 0, 0., 0, 0., 0, 0., 4, 0.9411764705882353, 0, 0., 0, 0., 4, 0.9411764705882353, 0, 0., 0, 0., 0, 0., 0, 0., 4, 0.9411764705882353, 0, 0., 0, 0., 0, 0., 0, 0., 0, 0., 0, 0., 0, 0., 0, 0., 0, 0., 64, 15.058823529411764, 0, 0., 0, 0., 0, 0., 5, 1.1764705882352942, 0, 0., 0, 0., 303, 208, 511, 425, 0.8317025440313112
, generated\gt\sample_000396.krn, generated\xml_trimmed_oemer\sample_000396.xml, 0, 0., 447, 90.3030303030303, 8, 1.6161616161616161, 9, 1.8181818181818181, 2, 0.40404040404040403, 14, 2.8282828282828283, 0, 0., 0, 0., 0, 0., 0, 0., 2, 0.40404040404040403, 0, 0., 0, 0., 0, 0., 4, 0.8080808080808081, 0, 0., 0, 0., 0, 0., 0, 0., 0, 0., 0, 0., 0, 0., 4, 0.8080808080808081, 0, 0., 0, 0., 0, 0., 0, 0., 0, 0., 0, 0., 0, 0., 0, 0., 0, 0., 0, 0., 0, 0., 0, 0., 0, 0., 5, 1.0101010101010102, 0, 0., 0, 0., 332, 263, 595, 495, 0.8319327731092437
, generated\gt\sample_000160.krn, generated\xml_trimmed_oemer\sample_000160.xml, 0, 0., 261, 89.07849829351535, 6, 2.04778156996587, 7, 2.3890784982935154, 0, 0., 2, 0.6825938566552902, 1, 0.3412969283276451, 0, 0., 0, 0., 0, 0., 1, 0.3412969283276451, 0, 0., 0, 0., 0, 0., 2, 0.6825938566552902, 0, 0., 0, 0., 0, 0., 3, 1.023890784982935, 0, 0., 0, 0., 0, 0., 5, 1.7064846416382253, 0, 0., 0, 0., 0, 0., 0, 0., 0, 0., 0, 0., 0, 0., 0, 0., 0, 0., 0, 0., 0, 0., 0, 0., 0, 0., 5, 1.7064846416382253, 0, 0., 0, 0., 187, 165, 352, 293, 0.8323863636363636
, generated\gt\sample_000265.krn, generated\xml_trimmed_oemer\sample_000265.xml, 0, 0., 165, 80.88235294117646, 4, 1.9607843137254901, 6, 2.9411764705882355, 0, 0., 0, 0., 0, 0., 0, 0., 0, 0., 1, 0.49019607843137253, 0, 0., 0, 0., 0, 0., 0, 0., 2, 0.9803921568627451, 4, 1.9607843137254901, 0, 0., 0, 0., 0, 0., 0, 0., 0, 0., 0, 0., 1, 0.49019607843137253, 0, 0., 0, 0., 0, 0., 0, 0., 0, 0., 0, 0., 0, 0., 0, 0., 0, 0., 16, 7.8431372549019605, 0, 0., 0, 0., 0, 0., 5, 2.450980392156863, 0, 0., 0, 0., 175, 70, 245, 204, 0.8326530612244898
, generated\gt\sample_000335.krn, generated\xml_trimmed_oemer\sample_000335.xml, 0, 0., 303, 57.27788279773157, 4, 0.7561436672967864, 27, 5.103969754253308, 1, 0.1890359168241966, 0, 0., 0, 0., 0, 0., 0, 0., 1, 0.1890359168241966, 9, 1.7013232514177694, 1, 0.1890359168241966, 0, 0., 1, 0.1890359168241966, 4, 0.7561436672967864, 0, 0., 0, 0., 0, 0., 0, 0., 0, 0., 0, 0., 0, 0., 2, 0.3780718336483932, 0, 0., 0, 0., 0, 0., 0, 0., 0, 0., 0, 0., 0, 0., 0, 0., 0, 0., 171, 32.32514177693762, 0, 0., 0, 0., 0, 0., 5, 0.945179584120983, 0, 0., 0, 0., 330, 304, 634, 529, 0.8343848580441641
, generated\gt\sample_000608.krn, generated\xml_trimmed_oemer\sample_000608.xml, 0, 0., 472, 91.82879377431907, 0, 0., 23, 4.474708171206226, 1, 0.19455252918287938, 0, 0., 2, 0.38910505836575876, 0, 0., 0, 0., 2, 0.38910505836575876, 0, 0., 0, 0., 0, 0., 0, 0., 4, 0.7782101167315175, 0, 0., 0, 0., 0, 0., 0, 0., 0, 0., 0, 0., 0, 0., 5, 0.9727626459143969, 0, 0., 0, 0., 0, 0., 0, 0., 0, 0., 0, 0., 0, 0., 0, 0., 0, 0., 0, 0., 0, 0., 0, 0., 0, 0., 5, 0.9727626459143969, 0, 0., 0, 0., 327, 289, 616, 514, 0.8344155844155844
, generated\gt\sample_000648.krn, generated\xml_trimmed_oemer\sample_000648.xml, 0, 0., 475, 90.13282732447819, 0, 0., 36, 6.83111954459203, 1, 0.18975332068311196, 0, 0., 6, 1.1385199240986716, 0, 0., 0, 0., 0, 0., 0, 0., 0, 0., 0, 0., 0, 0., 4, 0.7590132827324478, 0, 0., 0, 0., 0, 0., 0, 0., 0, 0., 0, 0., 0, 0., 0, 0., 0, 0., 0, 0., 0, 0., 0, 0., 0, 0., 0, 0., 0, 0., 0, 0., 0, 0., 0, 0., 0, 0., 0, 0., 0, 0., 5, 0.9487666034155597, 0, 0., 0, 0., 349, 282, 631, 527, 0.8351822503961965
, generated\gt\sample_000149.krn, generated\xml_trimmed_oemer\sample_000149.xml, 0, 0., 331, 74.8868778280543, 8, 1.8099547511312217, 18, 4.072398190045249, 3, 0.6787330316742082, 0, 0., 1, 0.22624434389140272, 0, 0., 0, 0., 0, 0., 0, 0., 0, 0., 0, 0., 1, 0.22624434389140272, 4, 0.9049773755656109, 4, 0.9049773755656109, 0, 0., 0, 0., 0, 0., 0, 0., 0, 0., 0, 0., 5, 1.1312217194570136, 0, 0., 0, 0., 0, 0., 0, 0., 0, 0., 0, 0., 0, 0., 0, 0., 0, 0., 62, 14.027149321266968, 0, 0., 0, 0., 0, 0., 5, 1.1312217194570136, 0, 0., 0, 0., 278, 249, 527, 442, 0.8387096774193549
, generated\gt\sample_000454.krn, generated\xml_trimmed_oemer\sample_000454.xml, 0, 0., 345, 65.09433962264151, 0, 0., 17, 3.207547169811321, 3, 0.5660377358490566, 0, 0., 1, 0.18867924528301888, 0, 0., 0, 0., 0, 0., 3, 0.5660377358490566, 0, 0., 0, 0., 0, 0., 4, 0.7547169811320755, 0, 0., 0, 0., 0, 0., 0, 0., 0, 0., 0, 0., 0, 0., 0, 0., 0, 0., 0, 0., 0, 0., 0, 0., 0, 0., 0, 0., 0, 0., 0, 0., 0, 0., 152, 28.67924528301887, 0, 0., 0, 0., 0, 0., 5, 0.9433962264150944, 0, 0., 0, 0., 291, 340, 631, 530, 0.8399366085578447
, generated\gt\sample_000456.krn, generated\xml_trimmed_oemer\sample_000456.xml, 0, 0., 435, 85.96837944664031, 6, 1.1857707509881423, 23, 4.545454545454546, 0, 0., 0, 0., 0, 0., 0, 0., 0, 0., 0, 0., 2, 0.3952569169960474, 0, 0., 0, 0., 0, 0., 4, 0.7905138339920948, 0, 0., 0, 0., 0, 0., 24, 4.743083003952569, 0, 0., 0, 0., 0, 0., 7, 1.383399209486166, 0, 0., 0, 0., 0, 0., 0, 0., 0, 0., 0, 0., 0, 0., 0, 0., 0, 0., 0, 0., 0, 0., 0, 0., 0, 0., 5, 0.9881422924901185, 0, 0., 0, 0., 314, 288, 602, 506, 0.840531561461794
, generated\gt\sample_000606.krn, generated\xml_trimmed_oemer\sample_000606.xml, 0, 0., 273, 44.246353322528364, 2, 0.3241491085899514, 22, 3.565640194489465, 4, 0.6482982171799028, 0, 0., 1, 0.1620745542949757, 0, 0., 0, 0., 2, 0.3241491085899514, 0, 0., 0, 0., 0, 0., 0, 0., 4, 0.6482982171799028, 0, 0., 0, 0., 0, 0., 0, 0., 0, 0., 0, 0., 0, 0., 1, 0.1620745542949757, 0, 0., 0, 0., 0, 0., 0, 0., 0, 0., 0, 0., 0, 0., 0, 0., 0, 0., 303, 49.10858995137763, 0, 0., 0, 0., 0, 0., 5, 0.8103727714748784, 0, 0., 0, 0., 416, 318, 734, 617, 0.840599455040872
, generated\gt\sample_000591.krn, generated\xml_trimmed_oemer\sample_000591.xml, 0, 0., 645, 92.53945480631278, 0, 0., 32, 4.591104734576757, 4, 0.5738880918220947, 0, 0., 4, 0.5738880918220947, 0, 0., 0, 0., 0, 0., 3, 0.430416068866571, 0, 0., 0, 0., 0, 0., 4, 0.5738880918220947, 0, 0., 0, 0., 0, 0., 0, 0., 0, 0., 0, 0., 0, 0., 0, 0., 0, 0., 0, 0., 0, 0., 0, 0., 0, 0., 0, 0., 0, 0., 0, 0., 0, 0., 0, 0., 0, 0., 0, 0., 0, 0., 5, 0.7173601147776184, 0, 0., 0, 0., 422, 407, 829, 697, 0.8407720144752714
, generated\gt\sample_000147.krn, generated\xml_trimmed_oemer\sample_000147.xml, 0, 0., 419, 77.30627306273063, 4, 0.7380073800738007, 32, 5.904059040590406, 4, 0.7380073800738007, 0, 0., 3, 0.5535055350553506, 0, 0., 0, 0., 0, 0., 0, 0., 0, 0., 0, 0., 0, 0., 4, 0.7380073800738007, 10, 1.845018450184502, 0, 0., 0, 0., 0, 0., 0, 0., 0, 0., 0, 0., 0, 0., 0, 0., 0, 0., 0, 0., 0, 0., 0, 0., 0, 0., 0, 0., 0, 0., 0, 0., 61, 11.254612546125461, 0, 0., 0, 0., 0, 0., 5, 0.922509225092251, 0, 0., 0, 0., 335, 308, 643, 542, 0.8429237947122862
, generated\gt\sample_000246.krn, generated\xml_trimmed_oemer\sample_000246.xml, 0, 0., 319, 69.65065502183405, 2, 0.4366812227074236, 13, 2.8384279475982535, 2, 0.4366812227074236, 2, 0.4366812227074236, 1, 0.2183406113537118, 0, 0., 0, 0., 0, 0., 0, 0., 0, 0., 0, 0., 1, 0.2183406113537118, 4, 0.8733624454148472, 8, 1.7467248908296944, 0, 0., 0, 0., 0, 0., 0, 0., 0, 0., 0, 0., 5, 1.091703056768559, 0, 0., 0, 0., 0, 0., 0, 0., 0, 0., 0, 0., 0, 0., 0, 0., 0, 0., 96, 20.96069868995633, 0, 0., 0, 0., 0, 0., 5, 1.091703056768559, 0, 0., 0, 0., 293, 250, 543, 458, 0.8434622467771639
, generated\gt\sample_000174.krn, generated\xml_trimmed_oemer\sample_000174.xml, 0, 0., 299, 75.88832487309645, 4, 1.015228426395939, 20, 5.0761421319796955, 1, 0.25380710659898476, 0, 0., 3, 0.7614213197969543, 0, 0., 0, 0., 0, 0., 3, 0.7614213197969543, 0, 0., 0, 0., 1, 0.25380710659898476, 4, 1.015228426395939, 12, 3.045685279187817, 0, 0., 0, 0., 0, 0., 0, 0., 0, 0., 0, 0., 11, 2.7918781725888326, 0, 0., 0, 0., 0, 0., 0, 0., 0, 0., 0, 0., 0, 0., 0, 0., 0, 0., 31, 7.868020304568528, 0, 0., 0, 0., 0, 0., 5, 1.2690355329949239, 0, 0., 0, 0., 254, 213, 467, 394, 0.8436830835117773
, generated\gt\sample_000313.krn, generated\xml_trimmed_oemer\sample_000313.xml, 0, 0., 123, 48.425196850393704, 6, 2.3622047244094486, 1, 0.3937007874015748, 1, 0.3937007874015748, 0, 0., 1, 0.3937007874015748, 0, 0., 0, 0., 0, 0., 0, 0., 0, 0., 0, 0., 0, 0., 2, 0.7874015748031497, 3, 1.1811023622047243, 0, 0., 0, 0., 0, 0., 0, 0., 0, 0., 0, 0., 0, 0., 0, 0., 0, 0., 0, 0., 0, 0., 0, 0., 0, 0., 0, 0., 0, 0., 0, 0., 117, 46.06299212598425, 0, 0., 0, 0., 0, 0., 0, 0., 0, 0., 0, 0., 169, 132, 301, 254, 0.8438538205980066
, generated\gt\sample_000360.krn, generated\xml_trimmed_oemer\sample_000360.xml, 0, 0., 332, 62.75992438563327, 4, 0.7561436672967864, 28, 5.293005671077505, 0, 0., 0, 0., 1, 0.1890359168241966, 0, 0., 0, 0., 0, 0., 0, 0., 0, 0., 0, 0., 1, 0.1890359168241966, 4, 0.7561436672967864, 0, 0., 0, 0., 0, 0., 0, 0., 0, 0., 0, 0., 0, 0., 1, 0.1890359168241966, 0, 0., 0, 0., 0, 0., 0, 0., 0, 0., 0, 0., 0, 0., 0, 0., 0, 0., 153, 28.92249527410208, 0, 0., 0, 0., 0, 0., 5, 0.945179584120983, 0, 0., 0, 0., 316, 310, 626, 529, 0.8450479233226837
, generated\gt\sample_000651.krn, generated\xml_trimmed_oemer\sample_000651.xml, 0, 0., 426, 88.56548856548856, 6, 1.2474012474012475, 23, 4.781704781704781, 3, 0.6237006237006237, 0, 0., 2, 0.4158004158004158, 0, 0., 0, 0., 1, 0.2079002079002079, 0, 0., 1, 0.2079002079002079, 0, 0., 0, 0., 4, 0.8316008316008316, 0, 0., 0, 0., 2, 0.4158004158004158, 0, 0., 0, 0., 0, 0., 0, 0., 2, 0.4158004158004158, 0, 0., 0, 0., 0, 0., 0, 0., 0, 0., 0, 0., 0, 0., 0, 0., 0, 0., 6, 1.2474012474012475, 0, 0., 0, 0., 0, 0., 5, 1.0395010395010396, 0, 0., 0, 0., 313, 256, 569, 481, 0.8453427065026362
, generated\gt\sample_000024.krn, generated\xml_trimmed_oemer\sample_000024.xml, 0, 0., 329, 61.152416356877325, 0, 0., 25, 4.646840148698884, 11, 2.0446096654275094, 0, 0., 0, 0., 0, 0., 0, 0., 0, 0., 0, 0., 0, 0., 0, 0., 2, 0.37174721189591076, 4, 0.7434944237918215, 10, 1.858736059479554, 0, 0., 4, 0.7434944237918215, 0, 0., 0, 0., 0, 0., 0, 0., 0, 0., 0, 0., 0, 0., 0, 0., 0, 0., 0, 0., 0, 0., 0, 0., 0, 0., 0, 0., 148, 27.509293680297397, 0, 0., 0, 0., 0, 0., 5, 0.929368029739777, 0, 0., 0, 0., 433, 203, 636, 538, 0.8459119496855346
, generated\gt\sample_000449.krn, generated\xml_trimmed_oemer\sample_000449.xml, 0, 0., 47, 53.40909090909091, 6, 6.818181818181818, 0, 0., 0, 0., 0, 0., 0, 0., 0, 0., 0, 0., 0, 0., 0, 0., 0, 0., 0, 0., 2, 2.272727272727273, 2, 2.272727272727273, 0, 0., 0, 0., 0, 0., 0, 0., 0, 0., 0, 0., 0, 0., 0, 0., 0, 0., 0, 0., 0, 0., 0, 0., 0, 0., 0, 0., 0, 0., 0, 0., 0, 0., 31, 35.22727272727273, 0, 0., 0, 0., 0, 0., 0, 0., 0, 0., 0, 0., 51, 53, 104, 88, 0.8461538461538461
, generated\gt\sample_000496.krn, generated\xml_trimmed_oemer\sample_000496.xml, 0, 0., 411, 80.90551181102362, 4, 0.7874015748031497, 13, 2.559055118110236, 1, 0.1968503937007874, 0, 0., 1, 0.1968503937007874, 0, 0., 0, 0., 0, 0., 0, 0., 0, 0., 0, 0., 1, 0.1968503937007874, 4, 0.7874015748031497, 0, 0., 0, 0., 0, 0., 0, 0., 0, 0., 0, 0., 0, 0., 5, 0.984251968503937, 0, 0., 0, 0., 0, 0., 0, 0., 0, 0., 0, 0., 0, 0., 0, 0., 0, 0., 63, 12.401574803149606, 0, 0., 0, 0., 0, 0., 5, 0.984251968503937, 0, 0., 0, 0., 318, 282, 600, 508, 0.8466666666666667
, generated\gt\sample_000132.krn, generated\xml_trimmed_oemer\sample_000132.xml, 0, 0., 222, 37.819420783645654, 6, 1.0221465076660987, 31, 5.281090289608177, 1, 0.17035775127768313, 0, 0., 0, 0., 0, 0., 0, 0., 0, 0., 0, 0., 0, 0., 0, 0., 1, 0.17035775127768313, 1, 0.17035775127768313, 0, 0., 0, 0., 0, 0., 0, 0., 0, 0., 0, 0., 0, 0., 2, 0.34071550255536626, 0, 0., 0, 0., 0, 0., 0, 0., 0, 0., 0, 0., 0, 0., 0, 0., 0, 0., 323, 55.02555366269165, 0, 0., 0, 0., 0, 0., 0, 0., 0, 0., 0, 0., 156, 537, 693, 587, 0.847041847041847
, generated\gt\sample_000134.krn, generated\xml_trimmed_oemer\sample_000134.xml, 0, 0., 162, 54.180602006688964, 8, 2.6755852842809364, 8, 2.6755852842809364, 5, 1.6722408026755853, 0, 0., 0, 0., 0, 0., 0, 0., 1, 0.33444816053511706, 0, 0., 0, 0., 0, 0., 0, 0., 4, 1.3377926421404682, 4, 1.3377926421404682, 0, 0., 0, 0., 0, 0., 0, 0., 0, 0., 0, 0., 6, 2.0066889632107023, 0, 0., 0, 0., 0, 0., 0, 0., 0, 0., 0, 0., 0, 0., 0, 0., 0, 0., 96, 32.10702341137124, 0, 0., 0, 0., 0, 0., 5, 1.6722408026755853, 0, 0., 0, 0., 217, 135, 352, 299, 0.8494318181818182
, generated\gt\sample_000582.krn, generated\xml_trimmed_oemer\sample_000582.xml, 0, 0., 609, 92.27272727272727, 0, 0., 36, 5.454545454545454, 0, 0., 0, 0., 5, 0.7575757575757576, 0, 0., 0, 0., 1, 0.15151515151515152, 0, 0., 0, 0., 0, 0., 0, 0., 4, 0.6060606060606061, 0, 0., 0, 0., 0, 0., 0, 0., 0, 0., 0, 0., 0, 0., 0, 0., 0, 0., 0, 0., 0, 0., 0, 0., 0, 0., 0, 0., 0, 0., 0, 0., 0, 0., 0, 0., 0, 0., 0, 0., 0, 0., 5, 0.7575757575757576, 0, 0., 0, 0., 405, 371, 776, 660, 0.8505154639175257
, generated\gt\sample_000491.krn, generated\xml_trimmed_oemer\sample_000491.xml, 0, 0., 615, 93.04084720121028, 0, 0., 17, 2.571860816944024, 3, 0.45385779122541603, 12, 1.8154311649016641, 0, 0., 0, 0., 0, 0., 0, 0., 3, 0.45385779122541603, 0, 0., 0, 0., 2, 0.30257186081694404, 4, 0.6051437216338881, 0, 0., 0, 0., 0, 0., 0, 0., 0, 0., 0, 0., 0, 0., 0, 0., 0, 0., 0, 0., 0, 0., 0, 0., 0, 0., 0, 0., 0, 0., 0, 0., 0, 0., 0, 0., 0, 0., 0, 0., 0, 0., 5, 0.75642965204236, 0, 0., 0, 0., 446, 330, 776, 661, 0.8518041237113402
, generated\gt\sample_000589.krn, generated\xml_trimmed_oemer\sample_000589.xml, 0, 0., 494, 81.51815181518151, 0, 0., 36, 5.9405940594059405, 1, 0.16501650165016502, 0, 0., 0, 0., 0, 0., 0, 0., 0, 0., 0, 0., 0, 0., 0, 0., 0, 0., 4, 0.6600660066006601, 0, 0., 0, 0., 0, 0., 0, 0., 0, 0., 0, 0., 0, 0., 1, 0.16501650165016502, 0, 0., 0, 0., 0, 0., 0, 0., 0, 0., 0, 0., 0, 0., 0, 0., 0, 0., 65, 10.726072607260726, 0, 0., 0, 0., 0, 0., 5, 0.8250825082508251, 0, 0., 0, 0., 387, 324, 711, 606, 0.8523206751054853
, generated\gt\sample_000159.krn, generated\xml_trimmed_oemer\sample_000159.xml, 0, 0., 221, 84.35114503816794, 4, 1.5267175572519085, 5, 1.9083969465648856, 6, 2.2900763358778624, 2, 0.7633587786259542, 2, 0.7633587786259542, 0, 0., 0, 0., 0, 0., 1, 0.3816793893129771, 0, 0., 0, 0., 7, 2.6717557251908395, 2, 0.7633587786259542, 0, 0., 0, 0., 0, 0., 0, 0., 0, 0., 0, 0., 0, 0., 7, 2.6717557251908395, 0, 0., 0, 0., 0, 0., 0, 0., 0, 0., 0, 0., 0, 0., 0, 0., 0, 0., 0, 0., 0, 0., 0, 0., 0, 0., 5, 1.9083969465648856, 0, 0., 0, 0., 168, 139, 307, 262, 0.8534201954397395
, generated\gt\sample_000065.krn, generated\xml_trimmed_oemer\sample_000065.xml, 0, 0., 626, 73.47417840375587, 2, 0.2347417840375587, 35, 4.107981220657277, 1, 0.11737089201877934, 0, 0., 7, 0.8215962441314554, 0, 0., 0, 0., 0, 0., 0, 0., 1, 0.11737089201877934, 0, 0., 0, 0., 2, 0.2347417840375587, 2, 0.2347417840375587, 0, 0., 0, 0., 0, 0., 0, 0., 0, 0., 0, 0., 4, 0.4694835680751174, 0, 0., 0, 0., 0, 0., 0, 0., 0, 0., 0, 0., 0, 0., 0, 0., 0, 0., 167, 19.600938967136152, 0, 0., 0, 0., 0, 0., 5, 0.5868544600938967, 0, 0., 0, 0., 449, 549, 998, 852, 0.8537074148296593
, generated\gt\sample_000076.krn, generated\xml_trimmed_oemer\sample_000076.xml, 0, 0., 331, 76.62037037037037, 0, 0., 12, 2.7777777777777777, 2, 0.46296296296296297, 0, 0., 2, 0.46296296296296297, 0, 0., 0, 0., 0, 0., 0, 0., 0, 0., 0, 0., 0, 0., 4, 0.9259259259259259, 0, 0., 0, 0., 0, 0., 0, 0., 0, 0., 0, 0., 0, 0., 0, 0., 0, 0., 0, 0., 0, 0., 0, 0., 0, 0., 0, 0., 0, 0., 0, 0., 0, 0., 76, 17.59259259259259, 0, 0., 0, 0., 0, 0., 5, 1.1574074074074074, 0, 0., 0, 0., 264, 242, 506, 432, 0.8537549407114624
, generated\gt\sample_000590.krn, generated\xml_trimmed_oemer\sample_000590.xml, 0, 0., 484, 92.01520912547528, 10, 1.9011406844106464, 6, 1.1406844106463878, 0, 0., 10, 1.9011406844106464, 2, 0.38022813688212925, 0, 0., 0, 0., 0, 0., 1, 0.19011406844106463, 0, 0., 0, 0., 2, 0.38022813688212925, 4, 0.7604562737642585, 0, 0., 0, 0., 0, 0., 0, 0., 0, 0., 0, 0., 0, 0., 2, 0.38022813688212925, 0, 0., 0, 0., 0, 0., 0, 0., 0, 0., 0, 0., 0, 0., 0, 0., 0, 0., 0, 0., 0, 0., 0, 0., 0, 0., 5, 0.9505703422053232, 0, 0., 0, 0., 375, 241, 616, 526, 0.8538961038961039
, generated\gt\sample_000272.krn, generated\xml_trimmed_oemer\sample_000272.xml, 0, 0., 505, 83.74792703150912, 6, 0.9950248756218906, 25, 4.1459369817578775, 5, 0.8291873963515755, 0, 0., 1, 0.16583747927031509, 0, 0., 0, 0., 0, 0., 0, 0., 0, 0., 0, 0., 0, 0., 4, 0.6633499170812603, 0, 0., 0, 0., 2, 0.33167495854063017, 0, 0., 0, 0., 0, 0., 0, 0., 13, 2.155887230514096, 0, 0., 0, 0., 0, 0., 0, 0., 0, 0., 0, 0., 0, 0., 0, 0., 0, 0., 37, 6.135986733001658, 0, 0., 0, 0., 0, 0., 5, 0.8291873963515755, 0, 0., 0, 0., 439, 265, 704, 603, 0.8565340909090909
, generated\gt\sample_000677.krn, generated\xml_trimmed_oemer\sample_000677.xml, 0, 0., 264, 44.97444633730835, 8, 1.362862010221465, 17, 2.8960817717206133, 3, 0.5110732538330494, 0, 0., 3, 0.5110732538330494, 0, 0., 0, 0., 0, 0., 1, 0.17035775127768313, 0, 0., 0, 0., 2, 0.34071550255536626, 2, 0.34071550255536626, 12, 2.0442930153321974, 0, 0., 2, 0.34071550255536626, 0, 0., 0, 0., 0, 0., 0, 0., 10, 1.7035775127768313, 0, 0., 0, 0., 0, 0., 0, 0., 0, 0., 0, 0., 0, 0., 0, 0., 0, 0., 258, 43.95229982964225, 0, 0., 0, 0., 0, 0., 5, 0.8517887563884157, 0, 0., 0, 0., 325, 360, 685, 587, 0.8569343065693431
, generated\gt\sample_000069.krn, generated\xml_trimmed_oemer\sample_000069.xml, 0, 0., 420, 89.74358974358974, 12, 2.5641025641025643, 16, 3.4188034188034186, 0, 0., 0, 0., 4, 0.8547008547008547, 0, 0., 0, 0., 4, 0.8547008547008547, 0, 0., 0, 0., 0, 0., 0, 0., 4, 0.8547008547008547, 0, 0., 0, 0., 0, 0., 0, 0., 0, 0., 0, 0., 0, 0., 3, 0.6410256410256411, 0, 0., 0, 0., 0, 0., 0, 0., 0, 0., 0, 0., 0, 0., 0, 0., 0, 0., 0, 0., 0, 0., 0, 0., 0, 0., 5, 1.0683760683760684, 0, 0., 0, 0., 291, 255, 546, 468, 0.8571428571428571
, generated\gt\sample_000098.krn, generated\xml_trimmed_oemer\sample_000098.xml, 0, 0., 381, 89.01869158878505, 8, 1.8691588785046729, 10, 2.336448598130841, 0, 0., 18, 4.205607476635514, 2, 0.4672897196261682, 0, 0., 0, 0., 0, 0., 0, 0., 0, 0., 0, 0., 0, 0., 4, 0.9345794392523364, 0, 0., 0, 0., 0, 0., 0, 0., 0, 0., 0, 0., 0, 0., 0, 0., 0, 0., 0, 0., 0, 0., 0, 0., 0, 0., 0, 0., 0, 0., 0, 0., 0, 0., 0, 0., 0, 0., 0, 0., 0, 0., 5, 1.1682242990654206, 0, 0., 0, 0., 291, 208, 499, 428, 0.8577154308617234
, generated\gt\sample_000599.krn, generated\xml_trimmed_oemer\sample_000599.xml, 0, 0., 125, 38.34355828220859, 2, 0.6134969325153374, 4, 1.2269938650306749, 2, 0.6134969325153374, 0, 0., 1, 0.3067484662576687, 0, 0., 0, 0., 0, 0., 1, 0.3067484662576687, 0, 0., 0, 0., 1, 0.3067484662576687, 4, 1.2269938650306749, 10, 3.067484662576687, 0, 0., 0, 0., 0, 0., 0, 0., 0, 0., 0, 0., 2, 0.6134969325153374, 0, 0., 0, 0., 0, 0., 0, 0., 0, 0., 0, 0., 0, 0., 0, 0., 0, 0., 169, 51.84049079754601, 0, 0., 0, 0., 0, 0., 5, 1.5337423312883436, 0, 0., 0, 0., 209, 171, 380, 326, 0.8578947368421053
, generated\gt\sample_000526.krn, generated\xml_trimmed_oemer\sample_000526.xml, 0, 0., 531, 74.89421720733428, 6, 0.846262341325811, 16, 2.2566995768688294, 1, 0.14104372355430184, 8, 1.1283497884344147, 0, 0., 0, 0., 0, 0., 1, 0.14104372355430184, 0, 0., 0, 0., 0, 0., 0, 0., 4, 0.5641748942172073, 0, 0., 0, 0., 0, 0., 0, 0., 0, 0., 0, 0., 0, 0., 4, 0.5641748942172073, 0, 0., 0, 0., 0, 0., 0, 0., 0, 0., 0, 0., 0, 0., 0, 0., 0, 0., 133, 18.758815232722142, 0, 0., 0, 0., 0, 0., 5, 0.7052186177715092, 0, 0., 0, 0., 427, 399, 826, 709, 0.8583535108958837
, generated\gt\sample_000565.krn, generated\xml_trimmed_oemer\sample_000565.xml, 0, 0., 144, 39.56043956043956, 4, 1.098901098901099, 3, 0.8241758241758241, 2, 0.5494505494505495, 0, 0., 0, 0., 0, 0., 0, 0., 0, 0., 0, 0., 0, 0., 0, 0., 2, 0.5494505494505495, 2, 0.5494505494505495, 0, 0., 0, 0., 0, 0., 0, 0., 0, 0., 0, 0., 0, 0., 8, 2.197802197802198, 0, 0., 0, 0., 0, 0., 0, 0., 0, 0., 0, 0., 0, 0., 0, 0., 0, 0., 194, 53.2967032967033, 0, 0., 0, 0., 0, 0., 5, 1.3736263736263736, 0, 0., 0, 0., 257, 167, 424, 364, 0.8584905660377359
, generated\gt\sample_000187.krn, generated\xml_trimmed_oemer\sample_000187.xml, 0, 0., 217, 59.45205479452055, 0, 0., 12, 3.287671232876712, 0, 0., 0, 0., 0, 0., 0, 0., 0, 0., 0, 0., 1, 0.273972602739726, 0, 0., 0, 0., 0, 0., 2, 0.547945205479452, 2, 0.547945205479452, 0, 0., 0, 0., 0, 0., 0, 0., 0, 0., 0, 0., 4, 1.095890410958904, 0, 0., 0, 0., 0, 0., 0, 0., 0, 0., 0, 0., 0, 0., 0, 0., 0, 0., 127, 34.794520547945204, 0, 0., 0, 0., 0, 0., 0, 0., 0, 0., 0, 0., 153, 272, 425, 365, 0.8588235294117647
, generated\gt\sample_000307.krn, generated\xml_trimmed_oemer\sample_000307.xml, 0, 0., 422, 81.46718146718146, 6, 1.1583011583011582, 16, 3.088803088803089, 1, 0.19305019305019305, 0, 0., 0, 0., 0, 0., 0, 0., 0, 0., 0, 0., 0, 0., 0, 0., 4, 0.7722007722007722, 4, 0.7722007722007722, 0, 0., 0, 0., 0, 0., 0, 0., 0, 0., 0, 0., 0, 0., 8, 1.5444015444015444, 0, 0., 0, 0., 0, 0., 0, 0., 0, 0., 0, 0., 0, 0., 0, 0., 0, 0., 52, 10.038610038610038, 0, 0., 0, 0., 0, 0., 5, 0.9652509652509652, 0, 0., 0, 0., 315, 288, 603, 518, 0.8590381426202321
, generated\gt\sample_000587.krn, generated\xml_trimmed_oemer\sample_000587.xml, 0, 0., 610, 91.72932330827068, 4, 0.6015037593984962, 16, 2.406015037593985, 1, 0.15037593984962405, 20, 3.007518796992481, 1, 0.15037593984962405, 0, 0., 0, 0., 4, 0.6015037593984962, 0, 0., 0, 0., 0, 0., 0, 0., 4, 0.6015037593984962, 0, 0., 0, 0., 0, 0., 0, 0., 0, 0., 0, 0., 0, 0., 0, 0., 0, 0., 0, 0., 0, 0., 0, 0., 0, 0., 0, 0., 0, 0., 0, 0., 0, 0., 0, 0., 0, 0., 0, 0., 0, 0., 5, 0.7518796992481203, 0, 0., 0, 0., 484, 290, 774, 665, 0.8591731266149871
, generated\gt\sample_000252.krn, generated\xml_trimmed_oemer\sample_000252.xml, 0, 0., 214, 51.94174757281554, 2, 0.4854368932038835, 16, 3.883495145631068, 0, 0., 0, 0., 0, 0., 0, 0., 0, 0., 0, 0., 1, 0.24271844660194175, 0, 0., 0, 0., 0, 0., 4, 0.970873786407767, 0, 0., 0, 0., 0, 0., 0, 0., 0, 0., 0, 0., 0, 0., 2, 0.4854368932038835, 0, 0., 0, 0., 0, 0., 0, 0., 0, 0., 0, 0., 0, 0., 0, 0., 0, 0., 168, 40.77669902912621, 0, 0., 0, 0., 0, 0., 5, 1.2135922330097086, 0, 0., 0, 0., 264, 215, 479, 412, 0.860125260960334
, generated\gt\sample_000133.krn, generated\xml_trimmed_oemer\sample_000133.xml, 0, 0., 117, 31.536388140161726, 10, 2.6954177897574123, 0, 0., 1, 0.2695417789757412, 0, 0., 0, 0., 0, 0., 0, 0., 0, 0., 10, 2.6954177897574123, 0, 0., 0, 0., 1, 0.2695417789757412, 0, 0., 1, 0.2695417789757412, 0, 0., 2, 0.5390835579514824, 0, 0., 0, 0., 0, 0., 0, 0., 0, 0., 0, 0., 0, 0., 0, 0., 0, 0., 0, 0., 0, 0., 0, 0., 0, 0., 0, 0., 229, 61.725067385444746, 0, 0., 0, 0., 0, 0., 0, 0., 0, 0., 0, 0., 156, 275, 431, 371, 0.8607888631090487
, generated\gt\sample_000178.krn, generated\xml_trimmed_oemer\sample_000178.xml, 0, 0., 458, 73.87096774193549, 6, 0.967741935483871, 22, 3.5483870967741935, 1, 0.16129032258064516, 0, 0., 1, 0.16129032258064516, 0, 0., 0, 0., 0, 0., 0, 0., 0, 0., 0, 0., 1, 0.16129032258064516, 4, 0.6451612903225806, 0, 0., 0, 0., 0, 0., 0, 0., 0, 0., 0, 0., 0, 0., 5, 0.8064516129032258, 0, 0., 0, 0., 0, 0., 0, 0., 0, 0., 0, 0., 0, 0., 0, 0., 0, 0., 117, 18.870967741935484, 0, 0., 0, 0., 0, 0., 5, 0.8064516129032258, 0, 0., 0, 0., 400, 320, 720, 620, 0.8611111111111112
, generated\gt\sample_000477.krn, generated\xml_trimmed_oemer\sample_000477.xml, 0, 0., 526, 91.16117850953206, 2, 0.3466204506065858, 10, 1.733102253032929, 4, 0.6932409012131716, 0, 0., 0, 0., 0, 0., 0, 0., 0, 0., 0, 0., 0, 0., 0, 0., 4, 0.6932409012131716, 2, 0.3466204506065858, 12, 2.079722703639515, 0, 0., 4, 0.6932409012131716, 0, 0., 0, 0., 0, 0., 0, 0., 8, 1.3864818024263432, 0, 0., 0, 0., 0, 0., 0, 0., 0, 0., 0, 0., 0, 0., 0, 0., 0, 0., 0, 0., 0, 0., 0, 0., 0, 0., 5, 0.8665511265164645, 0, 0., 0, 0., 354, 315, 669, 577, 0.8624813153961136
, generated\gt\sample_000012.krn, generated\xml_trimmed_oemer\sample_000012.xml, 0, 0., 782, 92.9845422116528, 0, 0., 32, 3.8049940546967895, 0, 0., 10, 1.1890606420927468, 2, 0.23781212841854935, 0, 0., 0, 0., 2, 0.23781212841854935, 1, 0.11890606420927467, 0, 0., 0, 0., 0, 0., 4, 0.4756242568370987, 0, 0., 0, 0., 0, 0., 0, 0., 0, 0., 0, 0., 0, 0., 3, 0.356718192627824, 0, 0., 0, 0., 0, 0., 0, 0., 0, 0., 0, 0., 0, 0., 0, 0., 0, 0., 0, 0., 0, 0., 0, 0., 0, 0., 5, 0.5945303210463734, 0, 0., 0, 0., 565, 410, 975, 841, 0.8625641025641025
, generated\gt\sample_000663.krn, generated\xml_trimmed_oemer\sample_000663.xml, 0, 0., 131, 48.88059701492537, 2, 0.746268656716418, 1, 0.373134328358209, 1, 0.373134328358209, 0, 0., 1, 0.373134328358209, 0, 0., 0, 0., 0, 0., 1, 0.373134328358209, 0, 0., 0, 0., 0, 0., 2, 0.746268656716418, 0, 0., 0, 0., 0, 0., 0, 0., 0, 0., 0, 0., 0, 0., 5, 1.8656716417910448, 0, 0., 0, 0., 0, 0., 0, 0., 0, 0., 0, 0., 0, 0., 0, 0., 0, 0., 119, 44.40298507462686, 0, 0., 0, 0., 0, 0., 5, 1.8656716417910448, 0, 0., 0, 0., 121, 189, 310, 268, 0.864516129032258
, generated\gt\sample_000382.krn, generated\xml_trimmed_oemer\sample_000382.xml, 0, 0., 124, 24.899598393574298, 10, 2.0080321285140563, 3, 0.6024096385542169, 0, 0., 0, 0., 6, 1.2048192771084338, 0, 0., 0, 0., 0, 0., 0, 0., 0, 0., 0, 0., 3, 0.6024096385542169, 2, 0.40160642570281124, 0, 0., 0, 0., 0, 0., 0, 0., 0, 0., 0, 0., 0, 0., 8, 1.606425702811245, 0, 0., 0, 0., 0, 0., 0, 0., 0, 0., 0, 0., 0, 0., 0, 0., 0, 0., 337, 67.6706827309237, 0, 0., 0, 0., 0, 0., 5, 1.0040160642570282, 0, 0., 0, 0., 299, 277, 576, 498, 0.8645833333333334
, generated\gt\sample_000432.krn, generated\xml_trimmed_oemer\sample_000432.xml, 0, 0., 232, 75.32467532467533, 8, 2.5974025974025974, 4, 1.2987012987012987, 3, 0.974025974025974, 0, 0., 0, 0., 0, 0., 0, 0., 0, 0., 0, 0., 0, 0., 0, 0., 0, 0., 2, 0.6493506493506493, 0, 0., 0, 0., 0, 0., 0, 0., 0, 0., 0, 0., 0, 0., 9, 2.9220779220779223, 0, 0., 0, 0., 0, 0., 0, 0., 0, 0., 0, 0., 0, 0., 0, 0., 0, 0., 45, 14.61038961038961, 0, 0., 0, 0., 0, 0., 5, 1.6233766233766234, 0, 0., 0, 0., 191, 165, 356, 308, 0.8651685393258427
, generated\gt\sample_000022.krn, generated\xml_trimmed_oemer\sample_000022.xml, 0, 0., 279, 62.979683972911964, 4, 0.9029345372460497, 15, 3.386004514672686, 0, 0., 0, 0., 1, 0.22573363431151242, 0, 0., 0, 0., 0, 0., 0, 0., 0, 0., 0, 0., 1, 0.22573363431151242, 4, 0.9029345372460497, 6, 1.3544018058690745, 0, 0., 4, 0.9029345372460497, 0, 0., 0, 0., 0, 0., 0, 0., 0, 0., 0, 0., 0, 0., 0, 0., 0, 0., 0, 0., 0, 0., 0, 0., 0, 0., 0, 0., 124, 27.99097065462754, 0, 0., 0, 0., 0, 0., 5, 1.1286681715575622, 0, 0., 0, 0., 297, 215, 512, 443, 0.865234375
, generated\gt\sample_000410.krn, generated\xml_trimmed_oemer\sample_000410.xml, 0, 0., 301, 62.839248434237994, 0, 0., 20, 4.175365344467641, 3, 0.6263048016701461, 0, 0., 6, 1.2526096033402923, 0, 0., 0, 0., 0, 0., 1, 0.20876826722338204, 0, 0., 0, 0., 2, 0.4175365344467641, 4, 0.8350730688935282, 2, 0.4175365344467641, 0, 0., 0, 0., 0, 0., 0, 0., 0, 0., 0, 0., 1, 0.20876826722338204, 0, 0., 0, 0., 0, 0., 0, 0., 0, 0., 0, 0., 0, 0., 0, 0., 0, 0., 134, 27.974947807933194, 0, 0., 0, 0., 0, 0., 5, 1.0438413361169103, 0, 0., 0, 0., 330, 223, 553, 479, 0.8661844484629295
, generated\gt\sample_000568.krn, generated\xml_trimmed_oemer\sample_000568.xml, 0, 0., 164, 43.61702127659574, 4, 1.0638297872340425, 8, 2.127659574468085, 0, 0., 0, 0., 0, 0., 0, 0., 0, 0., 0, 0., 0, 0., 0, 0., 0, 0., 0, 0., 4, 1.0638297872340425, 0, 0., 0, 0., 2, 0.5319148936170213, 0, 0., 0, 0., 0, 0., 0, 0., 0, 0., 0, 0., 0, 0., 0, 0., 0, 0., 0, 0., 0, 0., 0, 0., 0, 0., 0, 0., 189, 50.265957446808514, 0, 0., 0, 0., 0, 0., 5, 1.3297872340425532, 0, 0., 0, 0., 205, 229, 434, 376, 0.8663594470046083
, generated\gt\sample_000487.krn, generated\xml_trimmed_oemer\sample_000487.xml, 0, 0., 69, 37.91208791208791, 0, 0., 0, 0., 1, 0.5494505494505495, 0, 0., 0, 0., 0, 0., 0, 0., 0, 0., 0, 0., 0, 0., 0, 0., 0, 0., 4, 2.197802197802198, 0, 0., 0, 0., 4, 2.197802197802198, 0, 0., 0, 0., 0, 0., 0, 0., 2, 1.098901098901099, 0, 0., 0, 0., 0, 0., 0, 0., 0, 0., 0, 0., 0, 0., 0, 0., 0, 0., 97, 53.2967032967033, 0, 0., 0, 0., 0, 0., 5, 2.7472527472527473, 0, 0., 0, 0., 128, 82, 210, 182, 0.8666666666666667
, generated\gt\sample_000399.krn, generated\xml_trimmed_oemer\sample_000399.xml, 0, 0., 510, 73.80607814761215, 0, 0., 30, 4.341534008683068, 2, 0.2894356005788712, 0, 0., 3, 0.4341534008683068, 0, 0., 0, 0., 1, 0.1447178002894356, 0, 0., 0, 0., 0, 0., 1, 0.1447178002894356, 2, 0.2894356005788712, 2, 0.2894356005788712, 0, 0., 0, 0., 0, 0., 0, 0., 0, 0., 0, 0., 8, 1.1577424023154848, 0, 0., 0, 0., 0, 0., 0, 0., 0, 0., 0, 0., 0, 0., 0, 0., 0, 0., 127, 18.37916063675832, 0, 0., 0, 0., 0, 0., 5, 0.723589001447178, 0, 0., 0, 0., 346, 451, 797, 691, 0.8670012547051443
, generated\gt\sample_000148.krn, generated\xml_trimmed_oemer\sample_000148.xml, 0, 0., 266, 54.732510288065846, 6, 1.2345679012345678, 11, 2.263374485596708, 1, 0.205761316872428, 0, 0., 0, 0., 0, 0., 0, 0., 0, 0., 0, 0., 0, 0., 0, 0., 1, 0.205761316872428, 4, 0.823045267489712, 10, 2.05761316872428, 0, 0., 0, 0., 0, 0., 0, 0., 0, 0., 0, 0., 1, 0.205761316872428, 0, 0., 0, 0., 0, 0., 0, 0., 0, 0., 0, 0., 0, 0., 0, 0., 0, 0., 181, 37.242798353909464, 0, 0., 0, 0., 0, 0., 5, 1.02880658436214, 0, 0., 0, 0., 292, 268, 560, 486, 0.8678571428571429
, generated\gt\sample_000324.krn, generated\xml_trimmed_oemer\sample_000324.xml, 0, 0., 476, 91.71483622350674, 8, 1.5414258188824663, 17, 3.275529865125241, 1, 0.1926782273603083, 0, 0., 1, 0.1926782273603083, 0, 0., 0, 0., 1, 0.1926782273603083, 0, 0., 0, 0., 0, 0., 0, 0., 4, 0.7707129094412332, 0, 0., 0, 0., 0, 0., 0, 0., 0, 0., 0, 0., 0, 0., 6, 1.1560693641618498, 0, 0., 0, 0., 0, 0., 0, 0., 0, 0., 0, 0., 0, 0., 0, 0., 0, 0., 0, 0., 0, 0., 0, 0., 0, 0., 5, 0.9633911368015414, 0, 0., 0, 0., 308, 290, 598, 519, 0.8678929765886287
, generated\gt\sample_000251.krn, generated\xml_trimmed_oemer\sample_000251.xml, 0, 0., 28, 7.887323943661972, 6, 1.6901408450704225, 5, 1.408450704225352, 1, 0.28169014084507044, 0, 0., 4, 1.1267605633802817, 0, 0., 0, 0., 1, 0.28169014084507044, 0, 0., 0, 0., 0, 0., 2, 0.5633802816901409, 4, 1.1267605633802817, 3, 0.8450704225352113, 0, 0., 0, 0., 0, 0., 0, 0., 0, 0., 0, 0., 1, 0.28169014084507044, 0, 0., 0, 0., 0, 0., 0, 0., 0, 0., 0, 0., 0, 0., 0, 0., 0, 0., 295, 83.09859154929578, 0, 0., 0, 0., 0, 0., 5, 1.408450704225352, 0, 0., 0, 0., 213, 196, 409, 355, 0.8679706601466992
, generated\gt\sample_000220.krn, generated\xml_trimmed_oemer\sample_000220.xml, 0, 0., 408, 65.07177033492823, 6, 0.9569377990430622, 9, 1.4354066985645932, 1, 0.1594896331738437, 0, 0., 1, 0.1594896331738437, 0, 0., 0, 0., 0, 0., 0, 0., 2, 0.3189792663476874, 0, 0., 3, 0.4784688995215311, 4, 0.6379585326953748, 10, 1.594896331738437, 0, 0., 0, 0., 12, 1.9138755980861244, 0, 0., 0, 0., 0, 0., 4, 0.6379585326953748, 0, 0., 2, 0.3189792663476874, 0, 0., 0, 0., 0, 0., 0, 0., 0, 0., 0, 0., 0, 0., 160, 25.518341307814993, 0, 0., 0, 0., 0, 0., 5, 0.7974481658692185, 0, 0., 0, 0., 379, 343, 722, 627, 0.868421052631579
, generated\gt\sample_000618.krn, generated\xml_trimmed_oemer\sample_000618.xml, 0, 0., 225, 55.831265508684865, 10, 2.4813895781637716, 8, 1.9851116625310175, 0, 0., 10, 2.4813895781637716, 4, 0.9925558312655087, 0, 0., 0, 0., 0, 0., 2, 0.49627791563275436, 0, 0., 0, 0., 1, 0.24813895781637718, 4, 0.9925558312655087, 4, 0.9925558312655087, 0, 0., 0, 0., 0, 0., 0, 0., 0, 0., 0, 0., 2, 0.49627791563275436, 0, 0., 0, 0., 0, 0., 0, 0., 0, 0., 0, 0., 0, 0., 0, 0., 0, 0., 128, 31.76178660049628, 0, 0., 0, 0., 0, 0., 5, 1.2406947890818858, 0, 0., 0, 0., 322, 142, 464, 403, 0.8685344827586207
, generated\gt\sample_000146.krn, generated\xml_trimmed_oemer\sample_000146.xml, 0, 0., 70, 22.508038585209004, 0, 0., 11, 3.536977491961415, 3, 0.9646302250803859, 0, 0., 0, 0., 0, 0., 0, 0., 0, 0., 0, 0., 0, 0., 0, 0., 1, 0.3215434083601286, 2, 0.6430868167202572, 4, 1.2861736334405145, 0, 0., 0, 0., 3, 0.9646302250803859, 0, 0., 0, 0., 0, 0., 0, 0., 0, 0., 0, 0., 0, 0., 0, 0., 0, 0., 0, 0., 0, 0., 0, 0., 0, 0., 212, 68.16720257234726, 0, 0., 0, 0., 0, 0., 5, 1.607717041800643, 0, 0., 0, 0., 273, 85, 358, 311, 0.8687150837988827
, generated\gt\sample_000274.krn, generated\xml_trimmed_oemer\sample_000274.xml, 0, 0., 445, 68.56702619414484, 4, 0.6163328197226502, 36, 5.546995377503852, 0, 0., 0, 0., 0, 0., 0, 0., 0, 0., 0, 0., 0, 0., 0, 0., 0, 0., 1, 0.15408320493066255, 4, 0.6163328197226502, 0, 0., 0, 0., 0, 0., 0, 0., 0, 0., 0, 0., 0, 0., 4, 0.6163328197226502, 0, 0., 0, 0., 0, 0., 0, 0., 0, 0., 0, 0., 0, 0., 0, 0., 0, 0., 150, 23.112480739599384, 0, 0., 0, 0., 0, 0., 5, 0.7704160246533128, 0, 0., 0, 0., 355, 391, 746, 649, 0.8699731903485255
, generated\gt\sample_000301.krn, generated\xml_trimmed_oemer\sample_000301.xml, 0, 0., 170, 40.476190476190474, 0, 0., 3, 0.7142857142857143, 4, 0.9523809523809523, 0, 0., 0, 0., 0, 0., 0, 0., 0, 0., 0, 0., 0, 0., 0, 0., 7, 1.6666666666666667, 4, 0.9523809523809523, 0, 0., 0, 0., 0, 0., 0, 0., 0, 0., 0, 0., 0, 0., 7, 1.6666666666666667, 0, 0., 0, 0., 0, 0., 0, 0., 0, 0., 0, 0., 0, 0., 0, 0., 0, 0., 220, 52.38095238095238, 0, 0., 0, 0., 0, 0., 5, 1.1904761904761905, 0, 0., 0, 0., 256, 226, 482, 420, 0.8713692946058091
, generated\gt\sample_000085.krn, generated\xml_trimmed_oemer\sample_000085.xml, 0, 0., 365, 57.12050078247261, 0, 0., 22, 3.4428794992175273, 3, 0.4694835680751174, 0, 0., 2, 0.3129890453834116, 0, 0., 0, 0., 0, 0., 0, 0., 0, 0., 0, 0., 2, 0.3129890453834116, 2, 0.3129890453834116, 2, 0.3129890453834116, 0, 0., 0, 0., 0, 0., 0, 0., 0, 0., 0, 0., 2, 0.3129890453834116, 0, 0., 0, 0., 0, 0., 0, 0., 0, 0., 0, 0., 0, 0., 0, 0., 0, 0., 234, 36.61971830985915, 0, 0., 0, 0., 0, 0., 5, 0.7824726134585289, 0, 0., 0, 0., 344, 388, 732, 639, 0.8729508196721312
, generated\gt\sample_000245.krn, generated\xml_trimmed_oemer\sample_000245.xml, 0, 0., 422, 90.55793991416309, 8, 1.7167381974248928, 5, 1.0729613733905579, 0, 0., 8, 1.7167381974248928, 4, 0.8583690987124464, 0, 0., 0, 0., 0, 0., 2, 0.4291845493562232, 0, 0., 0, 0., 0, 0., 4, 0.8583690987124464, 8, 1.7167381974248928, 0, 0., 0, 0., 0, 0., 0, 0., 0, 0., 0, 0., 0, 0., 0, 0., 0, 0., 0, 0., 0, 0., 0, 0., 0, 0., 0, 0., 0, 0., 0, 0., 0, 0., 0, 0., 0, 0., 0, 0., 5, 1.0729613733905579, 0, 0., 0, 0., 304, 229, 533, 466, 0.874296435272045
, generated\gt\sample_000439.krn, generated\xml_trimmed_oemer\sample_000439.xml, 0, 0., 294, 63.63636363636363, 4, 0.8658008658008658, 9, 1.948051948051948, 0, 0., 0, 0., 2, 0.4329004329004329, 0, 0., 0, 0., 1, 0.21645021645021645, 0, 0., 0, 0., 0, 0., 5, 1.0822510822510822, 2, 0.4329004329004329, 0, 0., 0, 0., 0, 0., 0, 0., 0, 0., 0, 0., 0, 0., 4, 0.8658008658008658, 0, 0., 0, 0., 0, 0., 0, 0., 0, 0., 0, 0., 0, 0., 0, 0., 0, 0., 136, 29.437229437229437, 0, 0., 0, 0., 0, 0., 5, 1.0822510822510822, 0, 0., 0, 0., 276, 252, 528, 462, 0.875
, generated\gt\sample_000675.krn, generated\xml_trimmed_oemer\sample_000675.xml, 0, 0., 506, 71.97724039829303, 6, 0.8534850640113798, 23, 3.271692745376956, 3, 0.4267425320056899, 4, 0.5689900426742532, 3, 0.4267425320056899, 0, 0., 0, 0., 0, 0., 0, 0., 1, 0.1422475106685633, 0, 0., 0, 0., 4, 0.5689900426742532, 0, 0., 0, 0., 0, 0., 0, 0., 0, 0., 0, 0., 0, 0., 9, 1.2802275960170697, 0, 0., 0, 0., 0, 0., 0, 0., 0, 0., 0, 0., 0, 0., 0, 0., 0, 0., 139, 19.7724039829303, 0, 0., 0, 0., 0, 0., 5, 0.7112375533428165, 0, 0., 0, 0., 557, 246, 803, 703, 0.8754669987546699
, generated\gt\sample_000575.krn, generated\xml_trimmed_oemer\sample_000575.xml, 0, 0., 206, 69.36026936026936, 2, 0.6734006734006734, 6, 2.0202020202020203, 1, 0.3367003367003367, 0, 0., 2, 0.6734006734006734, 0, 0., 0, 0., 0, 0., 2, 0.6734006734006734, 0, 0., 0, 0., 0, 0., 1, 0.3367003367003367, 0, 0., 0, 0., 0, 0., 0, 0., 0, 0., 0, 0., 0, 0., 7, 2.356902356902357, 0, 0., 0, 0., 0, 0., 0, 0., 0, 0., 0, 0., 0, 0., 0, 0., 0, 0., 70, 23.569023569023567, 0, 0., 0, 0., 0, 0., 0, 0., 0, 0., 0, 0., 158, 181, 339, 297, 0.8761061946902655
, generated\gt\sample_000330.krn, generated\xml_trimmed_oemer\sample_000330.xml, 0, 0., 343, 89.55613577023499, 2, 0.5221932114882507, 15, 3.91644908616188, 3, 0.783289817232376, 0, 0., 1, 0.26109660574412535, 0, 0., 0, 0., 0, 0., 0, 0., 0, 0., 0, 0., 0, 0., 4, 1.0443864229765014, 0, 0., 0, 0., 0, 0., 0, 0., 0, 0., 0, 0., 0, 0., 10, 2.6109660574412534, 0, 0., 0, 0., 0, 0., 0, 0., 0, 0., 0, 0., 0, 0., 0, 0., 0, 0., 0, 0., 0, 0., 0, 0., 0, 0., 5, 1.3054830287206267, 0, 0., 0, 0., 259, 178, 437, 383, 0.8764302059496567
, generated\gt\sample_000607.krn, generated\xml_trimmed_oemer\sample_000607.xml, 0, 0., 327, 58.81294964028777, 4, 0.7194244604316546, 17, 3.0575539568345325, 2, 0.3597122302158273, 0, 0., 1, 0.17985611510791366, 0, 0., 0, 0., 0, 0., 0, 0., 0, 0., 0, 0., 0, 0., 4, 0.7194244604316546, 0, 0., 0, 0., 0, 0., 0, 0., 0, 0., 0, 0., 0, 0., 7, 1.2589928057553956, 0, 0., 0, 0., 0, 0., 0, 0., 0, 0., 0, 0., 0, 0., 0, 0., 0, 0., 189, 33.992805755395686, 0, 0., 0, 0., 0, 0., 5, 0.8992805755395683, 0, 0., 0, 0., 396, 238, 634, 556, 0.8769716088328076
, generated\gt\sample_000153.krn, generated\xml_trimmed_oemer\sample_000153.xml, 0, 0., 301, 65.29284164859003, 4, 0.8676789587852495, 16, 3.470715835140998, 1, 0.21691973969631237, 0, 0., 0, 0., 0, 0., 0, 0., 0, 0., 0, 0., 0, 0., 0, 0., 5, 1.0845986984815619, 4, 0.8676789587852495, 10, 2.1691973969631237, 0, 0., 0, 0., 0, 0., 0, 0., 0, 0., 0, 0., 0, 0., 0, 0., 0, 0., 0, 0., 0, 0., 0, 0., 0, 0., 0, 0., 0, 0., 0, 0., 115, 24.945770065075923, 0, 0., 0, 0., 0, 0., 5, 1.0845986984815619, 0, 0., 0, 0., 254, 271, 525, 461, 0.878095238095238
, generated\gt\sample_000603.krn, generated\xml_trimmed_oemer\sample_000603.xml, 0, 0., 186, 58.490566037735846, 0, 0., 7, 2.20125786163522, 0, 0., 0, 0., 1, 0.31446540880503143, 0, 0., 0, 0., 0, 0., 1, 0.31446540880503143, 0, 0., 0, 0., 0, 0., 4, 1.2578616352201257, 8, 2.5157232704402515, 0, 0., 0, 0., 0, 0., 0, 0., 0, 0., 0, 0., 7, 2.20125786163522, 0, 0., 0, 0., 0, 0., 0, 0., 0, 0., 0, 0., 0, 0., 0, 0., 0, 0., 99, 31.132075471698112, 0, 0., 0, 0., 0, 0., 5, 1.5723270440251573, 0, 0., 0, 0., 221, 141, 362, 318, 0.8784530386740331
, generated\gt\sample_000409.krn, generated\xml_trimmed_oemer\sample_000409.xml, 0, 0., 284, 60.68376068376068, 8, 1.7094017094017093, 7, 1.4957264957264957, 2, 0.42735042735042733, 6, 1.2820512820512822, 2, 0.42735042735042733, 0, 0., 0, 0., 0, 0., 0, 0., 0, 0., 0, 0., 3, 0.6410256410256411, 4, 0.8547008547008547, 4, 0.8547008547008547, 0, 0., 0, 0., 0, 0., 0, 0., 0, 0., 0, 0., 0, 0., 0, 0., 0, 0., 0, 0., 0, 0., 0, 0., 0, 0., 0, 0., 0, 0., 0, 0., 143, 30.555555555555557, 0, 0., 0, 0., 0, 0., 5, 1.0683760683760684, 0, 0., 0, 0., 312, 220, 532, 468, 0.8796992481203008
, generated\gt\sample_000416.krn, generated\xml_trimmed_oemer\sample_000416.xml, 0, 0., 255, 56.16740088105727, 6, 1.3215859030837005, 13, 2.8634361233480177, 1, 0.22026431718061673, 0, 0., 0, 0., 0, 0., 0, 0., 0, 0., 0, 0., 0, 0., 0, 0., 0, 0., 4, 0.8810572687224669, 0, 0., 0, 0., 0, 0., 0, 0., 0, 0., 0, 0., 0, 0., 0, 0., 0, 0., 0, 0., 0, 0., 0, 0., 0, 0., 0, 0., 0, 0., 0, 0., 0, 0., 128, 28.19383259911894, 41, 9.030837004405287, 0, 0., 1, 0.22026431718061673, 5, 1.1013215859030836, 0, 0., 0, 0., 272, 244, 516, 454, 0.8798449612403101
, generated\gt\sample_000649.krn, generated\xml_trimmed_oemer\sample_000649.xml, 0, 0., 430, 85.82834331337325, 2, 0.3992015968063872, 19, 3.7924151696606785, 3, 0.5988023952095808, 0, 0., 0, 0., 0, 0., 0, 0., 0, 0., 0, 0., 0, 0., 0, 0., 2, 0.3992015968063872, 4, 0.7984031936127745, 0, 0., 0, 0., 0, 0., 0, 0., 0, 0., 0, 0., 0, 0., 1, 0.1996007984031936, 0, 0., 0, 0., 0, 0., 0, 0., 0, 0., 0, 0., 0, 0., 0, 0., 0, 0., 35, 6.986027944111776, 0, 0., 0, 0., 0, 0., 5, 0.998003992015968, 0, 0., 0, 0., 291, 278, 569, 501, 0.8804920913884007
, generated\gt\sample_000023.krn, generated\xml_trimmed_oemer\sample_000023.xml, 0, 0., 369, 62.33108108108108, 4, 0.6756756756756757, 22, 3.7162162162162162, 4, 0.6756756756756757, 0, 0., 9, 1.5202702702702702, 0, 0., 0, 0., 0, 0., 0, 0., 0, 0., 0, 0., 1, 0.16891891891891891, 4, 0.6756756756756757, 2, 0.33783783783783783, 0, 0., 4, 0.6756756756756757, 0, 0., 0, 0., 0, 0., 0, 0., 0, 0., 0, 0., 0, 0., 0, 0., 0, 0., 0, 0., 0, 0., 0, 0., 0, 0., 0, 0., 168, 28.37837837837838, 0, 0., 0, 0., 0, 0., 5, 0.8445945945945946, 0, 0., 0, 0., 397, 275, 672, 592, 0.8809523809523809
, generated\gt\sample_000375.krn, generated\xml_trimmed_oemer\sample_000375.xml, 0, 0., 201, 51.14503816793893, 0, 0., 15, 3.816793893129771, 0, 0., 0, 0., 0, 0., 0, 0., 0, 0., 0, 0., 0, 0., 0, 0., 0, 0., 2, 0.5089058524173028, 4, 1.0178117048346056, 0, 0., 0, 0., 0, 0., 0, 0., 0, 0., 0, 0., 0, 0., 0, 0., 0, 0., 0, 0., 0, 0., 0, 0., 0, 0., 0, 0., 0, 0., 0, 0., 0, 0., 166, 42.23918575063613, 0, 0., 0, 0., 0, 0., 5, 1.272264631043257, 0, 0., 0, 0., 233, 213, 446, 393, 0.8811659192825112
, generated\gt\sample_000193.krn, generated\xml_trimmed_oemer\sample_000193.xml, 0, 0., 199, 56.53409090909091, 2, 0.5681818181818182, 1, 0.2840909090909091, 0, 0., 2, 0.5681818181818182, 1, 0.2840909090909091, 0, 0., 0, 0., 0, 0., 0, 0., 0, 0., 0, 0., 3, 0.8522727272727273, 4, 1.1363636363636365, 0, 0., 0, 0., 0, 0., 3, 0.8522727272727273, 0, 0., 0, 0., 0, 0., 3, 0.8522727272727273, 0, 0., 0, 0., 0, 0., 0, 0., 0, 0., 0, 0., 0, 0., 0, 0., 0, 0., 129, 36.64772727272727, 0, 0., 0, 0., 0, 0., 5, 1.4204545454545454, 0, 0., 0, 0., 220, 179, 399, 352, 0.8822055137844611
, generated\gt\sample_000151.krn, generated\xml_trimmed_oemer\sample_000151.xml, 0, 0., 380, 52.054794520547944, 6, 0.821917808219178, 25, 3.4246575342465753, 0, 0., 0, 0., 3, 0.410958904109589, 0, 0., 0, 0., 0, 0., 1, 0.136986301369863, 0, 0., 0, 0., 5, 0.684931506849315, 4, 0.547945205479452, 4, 0.547945205479452, 0, 0., 0, 0., 0, 0., 0, 0., 0, 0., 0, 0., 3, 0.410958904109589, 0, 0., 0, 0., 0, 0., 0, 0., 0, 0., 0, 0., 0, 0., 0, 0., 0, 0., 294, 40.273972602739725, 0, 0., 0, 0., 0, 0., 5, 0.684931506849315, 0, 0., 0, 0., 410, 417, 827, 730, 0.8827085852478839
, generated\gt\sample_000646.krn, generated\xml_trimmed_oemer\sample_000646.xml, 0, 0., 285, 68.50961538461539, 8, 1.9230769230769231, 14, 3.3653846153846154, 1, 0.2403846153846154, 0, 0., 0, 0., 0, 0., 0, 0., 0, 0., 0, 0., 0, 0., 0, 0., 3, 0.7211538461538461, 4, 0.9615384615384616, 0, 0., 0, 0., 0, 0., 0, 0., 0, 0., 0, 0., 0, 0., 5, 1.2019230769230769, 0, 0., 0, 0., 0, 0., 0, 0., 0, 0., 0, 0., 0, 0., 0, 0., 0, 0., 91, 21.875, 0, 0., 0, 0., 0, 0., 5, 1.2019230769230769, 0, 0., 0, 0., 246, 225, 471, 416, 0.8832271762208068
, generated\gt\sample_000641.krn, generated\xml_trimmed_oemer\sample_000641.xml, 0, 0., 325, 50.62305295950156, 2, 0.3115264797507788, 11, 1.7133956386292835, 1, 0.1557632398753894, 0, 0., 3, 0.4672897196261682, 0, 0., 0, 0., 2, 0.3115264797507788, 2, 0.3115264797507788, 0, 0., 0, 0., 3, 0.4672897196261682, 2, 0.3115264797507788, 1, 0.1557632398753894, 0, 0., 0, 0., 0, 0., 0, 0., 0, 0., 0, 0., 0, 0., 0, 0., 0, 0., 0, 0., 0, 0., 0, 0., 0, 0., 0, 0., 0, 0., 0, 0., 285, 44.39252336448598, 0, 0., 0, 0., 0, 0., 5, 0.778816199376947, 0, 0., 0, 0., 335, 391, 726, 642, 0.8842975206611571
, generated\gt\sample_000320.krn, generated\xml_trimmed_oemer\sample_000320.xml, 0, 0., 201, 57.10227272727273, 14, 3.977272727272727, 0, 0., 2, 0.5681818181818182, 0, 0., 8, 2.272727272727273, 0, 0., 0, 0., 1, 0.2840909090909091, 0, 0., 0, 0., 0, 0., 0, 0., 2, 0.5681818181818182, 14, 3.977272727272727, 0, 0., 1, 0.2840909090909091, 0, 0., 0, 0., 0, 0., 0, 0., 5, 1.4204545454545454, 0, 0., 0, 0., 0, 0., 0, 0., 0, 0., 0, 0., 0, 0., 0, 0., 0, 0., 99, 28.125, 0, 0., 0, 0., 0, 0., 5, 1.4204545454545454, 0, 0., 0, 0., 240, 158, 398, 352, 0.8844221105527639
, generated\gt\sample_000594.krn, generated\xml_trimmed_oemer\sample_000594.xml, 0, 0., 239, 50.31578947368421, 6, 1.263157894736842, 9, 1.894736842105263, 0, 0., 0, 0., 1, 0.21052631578947367, 0, 0., 0, 0., 0, 0., 2, 0.42105263157894735, 0, 0., 0, 0., 0, 0., 4, 0.8421052631578947, 0, 0., 0, 0., 0, 0., 0, 0., 0, 0., 0, 0., 0, 0., 1, 0.21052631578947367, 0, 0., 0, 0., 0, 0., 0, 0., 0, 0., 0, 0., 0, 0., 0, 0., 0, 0., 208, 43.78947368421053, 0, 0., 0, 0., 0, 0., 5, 1.0526315789473684, 0, 0., 0, 0., 364, 172, 536, 475, 0.8861940298507462
, generated\gt\sample_000237.krn, generated\xml_trimmed_oemer\sample_000237.xml, 0, 0., 281, 70.25, 2, 0.5, 2, 0.5, 0, 0., 0, 0., 0, 0., 0, 0., 0, 0., 0, 0., 0, 0., 0, 0., 0, 0., 2, 0.5, 4, 1.0, 8, 2.0, 0, 0., 0, 0., 0, 0., 0, 0., 0, 0., 0, 0., 4, 1.0, 0, 0., 0, 0., 0, 0., 0, 0., 0, 0., 0, 0., 0, 0., 0, 0., 0, 0., 92, 23.0, 0, 0., 0, 0., 0, 0., 5, 1.25, 0, 0., 0, 0., 242, 209, 451, 400, 0.8869179600886918
, generated\gt\sample_000273.krn, generated\xml_trimmed_oemer\sample_000273.xml, 0, 0., 581, 92.07606973058637, 4, 0.6339144215530903, 12, 1.901743264659271, 1, 0.15847860538827258, 0, 0., 0, 0., 0, 0., 0, 0., 1, 0.15847860538827258, 0, 0., 1, 0.15847860538827258, 0, 0., 0, 0., 4, 0.6339144215530903, 0, 0., 0, 0., 0, 0., 0, 0., 0, 0., 0, 0., 0, 0., 22, 3.4865293185419968, 0, 0., 0, 0., 0, 0., 0, 0., 0, 0., 0, 0., 0, 0., 0, 0., 0, 0., 0, 0., 0, 0., 0, 0., 0, 0., 5, 0.7923930269413629, 0, 0., 0, 0., 356, 354, 710, 631, 0.8887323943661972
, generated\gt\sample_000545.krn, generated\xml_trimmed_oemer\sample_000545.xml, 0, 0., 411, 93.19727891156462, 4, 0.9070294784580499, 14, 3.1746031746031744, 1, 0.22675736961451248, 0, 0., 0, 0., 0, 0., 0, 0., 1, 0.22675736961451248, 0, 0., 0, 0., 0, 0., 0, 0., 2, 0.45351473922902497, 0, 0., 0, 0., 0, 0., 0, 0., 0, 0., 0, 0., 0, 0., 3, 0.6802721088435374, 0, 0., 0, 0., 0, 0., 0, 0., 0, 0., 0, 0., 0, 0., 0, 0., 0, 0., 0, 0., 0, 0., 0, 0., 0, 0., 5, 1.1337868480725624, 0, 0., 0, 0., 264, 232, 496, 441, 0.8891129032258065
, generated\gt\sample_000452.krn, generated\xml_trimmed_oemer\sample_000452.xml, 0, 0., 391, 77.12031558185404, 0, 0., 14, 2.7613412228796843, 3, 0.591715976331361, 0, 0., 1, 0.19723865877712032, 0, 0., 0, 0., 0, 0., 0, 0., 0, 0., 0, 0., 0, 0., 4, 0.7889546351084813, 0, 0., 0, 0., 0, 0., 0, 0., 0, 0., 0, 0., 0, 0., 0, 0., 0, 0., 0, 0., 0, 0., 0, 0., 0, 0., 0, 0., 0, 0., 0, 0., 0, 0., 89, 17.554240631163708, 0, 0., 0, 0., 0, 0., 5, 0.9861932938856016, 0, 0., 0, 0., 319, 251, 570, 507, 0.8894736842105263
, generated\gt\sample_000415.krn, generated\xml_trimmed_oemer\sample_000415.xml, 0, 0., 177, 47.07446808510638, 10, 2.6595744680851063, 8, 2.127659574468085, 0, 0., 0, 0., 0, 0., 0, 0., 0, 0., 0, 0., 0, 0., 0, 0., 0, 0., 1, 0.26595744680851063, 4, 1.0638297872340425, 5, 1.3297872340425532, 0, 0., 0, 0., 0, 0., 0, 0., 0, 0., 0, 0., 0, 0., 0, 0., 0, 0., 0, 0., 0, 0., 0, 0., 0, 0., 0, 0., 0, 0., 0, 0., 124, 32.97872340425532, 41, 10.904255319148936, 0, 0., 1, 0.26595744680851063, 5, 1.3297872340425532, 0, 0., 0, 0., 272, 150, 422, 376, 0.8909952606635071
, generated\gt\sample_000363.krn, generated\xml_trimmed_oemer\sample_000363.xml, 0, 0., 154, 23.8390092879257, 0, 0., 5, 0.7739938080495357, 2, 0.30959752321981426, 0, 0., 0, 0., 0, 0., 0, 0., 0, 0., 0, 0., 0, 0., 0, 0., 2, 0.30959752321981426, 4, 0.6191950464396285, 0, 0., 0, 0., 0, 0., 0, 0., 0, 0., 0, 0., 0, 0., 1, 0.15479876160990713, 0, 0., 0, 0., 0, 0., 0, 0., 0, 0., 0, 0., 0, 0., 0, 0., 0, 0., 261, 40.40247678018576, 211, 32.6625386996904, 0, 0., 1, 0.15479876160990713, 5, 0.7739938080495357, 0, 0., 0, 0., 391, 334, 725, 646, 0.8910344827586207
, generated\gt\sample_000176.krn, generated\xml_trimmed_oemer\sample_000176.xml, 0, 0., 164, 55.4054054054054, 0, 0., 6, 2.027027027027027, 0, 0., 0, 0., 1, 0.33783783783783783, 0, 0., 0, 0., 0, 0., 0, 0., 0, 0., 0, 0., 1, 0.33783783783783783, 4, 1.3513513513513513, 2, 0.6756756756756757, 0, 0., 4, 1.3513513513513513, 0, 0., 0, 0., 0, 0., 0, 0., 5, 1.6891891891891893, 0, 0., 0, 0., 0, 0., 0, 0., 0, 0., 0, 0., 0, 0., 0, 0., 0, 0., 104, 35.13513513513514, 0, 0., 0, 0., 0, 0., 5, 1.6891891891891893, 0, 0., 0, 0., 222, 110, 332, 296, 0.891566265060241
, generated\gt\sample_000421.krn, generated\xml_trimmed_oemer\sample_000421.xml, 0, 0., 251, 36.749633967789165, 0, 0., 18, 2.6354319180087846, 0, 0., 0, 0., 0, 0., 0, 0., 0, 0., 0, 0., 0, 0., 0, 0., 0, 0., 2, 0.29282576866764276, 4, 0.5856515373352855, 0, 0., 0, 0., 0, 0., 0, 0., 0, 0., 0, 0., 0, 0., 6, 0.8784773060029283, 0, 0., 0, 0., 0, 0., 0, 0., 0, 0., 0, 0., 0, 0., 0, 0., 0, 0., 397, 58.125915080527086, 0, 0., 0, 0., 0, 0., 5, 0.7320644216691069, 0, 0., 0, 0., 364, 402, 766, 683, 0.891644908616188
, generated\gt\sample_000349.krn, generated\xml_trimmed_oemer\sample_000349.xml, 0, 0., 317, 43.24693042291951, 4, 0.5457025920873124, 15, 2.0463847203274215, 1, 0.1364256480218281, 0, 0., 0, 0., 0, 0., 0, 0., 0, 0., 3, 0.4092769440654843, 0, 0., 0, 0., 1, 0.1364256480218281, 2, 0.2728512960436562, 4, 0.5457025920873124, 0, 0., 0, 0., 0, 0., 0, 0., 0, 0., 0, 0., 9, 1.2278308321964528, 0, 0., 0, 0., 0, 0., 0, 0., 0, 0., 0, 0., 0, 0., 0, 0., 0, 0., 372, 50.75034106412006, 0, 0., 0, 0., 0, 0., 5, 0.6821282401091405, 0, 0., 0, 0., 402, 419, 821, 733, 0.8928136419001218
, generated\gt\sample_000450.krn, generated\xml_trimmed_oemer\sample_000450.xml, 0, 0., 328, 80.0, 0, 0., 6, 1.4634146341463414, 0, 0., 10, 2.4390243902439024, 0, 0., 0, 0., 0, 0., 0, 0., 0, 0., 0, 0., 0, 0., 0, 0., 2, 0.4878048780487805, 0, 0., 0, 0., 0, 0., 0, 0., 0, 0., 0, 0., 0, 0., 13, 3.1707317073170733, 0, 0., 0, 0., 0, 0., 0, 0., 0, 0., 0, 0., 0, 0., 0, 0., 0, 0., 51, 12.439024390243903, 0, 0., 0, 0., 0, 0., 0, 0., 0, 0., 0, 0., 277, 182, 459, 410, 0.8932461873638344
, generated\gt\sample_000268.krn, generated\xml_trimmed_oemer\sample_000268.xml, 0, 0., 149, 55.39033457249071, 0, 0., 0, 0., 1, 0.37174721189591076, 0, 0., 0, 0., 0, 0., 0, 0., 0, 0., 0, 0., 0, 0., 0, 0., 1, 0.37174721189591076, 4, 1.486988847583643, 3, 1.1152416356877324, 0, 0., 4, 1.486988847583643, 0, 0., 0, 0., 0, 0., 0, 0., 1, 0.37174721189591076, 0, 0., 0, 0., 0, 0., 0, 0., 0, 0., 0, 0., 0, 0., 0, 0., 0, 0., 101, 37.54646840148699, 0, 0., 0, 0., 0, 0., 5, 1.858736059479554, 0, 0., 0, 0., 181, 120, 301, 269, 0.893687707641196
, generated\gt\sample_000333.krn, generated\xml_trimmed_oemer\sample_000333.xml, 0, 0., 315, 64.54918032786885, 6, 1.2295081967213115, 9, 1.8442622950819672, 6, 1.2295081967213115, 0, 0., 0, 0., 0, 0., 0, 0., 1, 0.20491803278688525, 0, 0., 0, 0., 0, 0., 0, 0., 4, 0.819672131147541, 0, 0., 0, 0., 4, 0.819672131147541, 0, 0., 0, 0., 0, 0., 0, 0., 2, 0.4098360655737705, 0, 0., 0, 0., 0, 0., 0, 0., 0, 0., 0, 0., 0, 0., 0, 0., 0, 0., 136, 27.868852459016395, 0, 0., 0, 0., 0, 0., 5, 1.0245901639344261, 0, 0., 0, 0., 312, 234, 546, 488, 0.8937728937728938
, generated\gt\sample_000275.krn, generated\xml_trimmed_oemer\sample_000275.xml, 0, 0., 430, 63.98809523809524, 6, 0.8928571428571429, 17, 2.5297619047619047, 2, 0.2976190476190476, 0, 0., 0, 0., 0, 0., 0, 0., 0, 0., 0, 0., 0, 0., 0, 0., 4, 0.5952380952380952, 4, 0.5952380952380952, 0, 0., 0, 0., 0, 0., 0, 0., 0, 0., 0, 0., 0, 0., 3, 0.44642857142857145, 0, 0., 0, 0., 0, 0., 0, 0., 0, 0., 0, 0., 0, 0., 0, 0., 0, 0., 201, 29.910714285714285, 0, 0., 0, 0., 0, 0., 5, 0.7440476190476191, 0, 0., 0, 0., 372, 379, 751, 672, 0.8948069241011984
, generated\gt\sample_000226.krn, generated\xml_trimmed_oemer\sample_000226.xml, 0, 0., 372, 94.41624365482234, 6, 1.5228426395939085, 9, 2.284263959390863, 0, 0., 0, 0., 0, 0., 0, 0., 0, 0., 0, 0., 0, 0., 0, 0., 0, 0., 0, 0., 2, 0.5076142131979695, 0, 0., 0, 0., 0, 0., 0, 0., 0, 0., 0, 0., 0, 0., 0, 0., 0, 0., 0, 0., 0, 0., 0, 0., 0, 0., 0, 0., 0, 0., 0, 0., 0, 0., 0, 0., 0, 0., 0, 0., 0, 0., 5, 1.2690355329949239, 0, 0., 0, 0., 228, 212, 440, 394, 0.8954545454545455
, generated\gt\sample_000569.krn, generated\xml_trimmed_oemer\sample_000569.xml, 0, 0., 125, 36.44314868804665, 2, 0.5830903790087464, 6, 1.749271137026239, 0, 0., 0, 0., 0, 0., 0, 0., 0, 0., 0, 0., 0, 0., 0, 0., 0, 0., 1, 0.2915451895043732, 4, 1.1661807580174928, 4, 1.1661807580174928, 0, 0., 6, 1.749271137026239, 0, 0., 0, 0., 0, 0., 0, 0., 0, 0., 0, 0., 0, 0., 0, 0., 0, 0., 0, 0., 0, 0., 0, 0., 0, 0., 0, 0., 190, 55.393586005830905, 0, 0., 0, 0., 0, 0., 5, 1.4577259475218658, 0, 0., 0, 0., 297, 86, 383, 343, 0.8955613577023499
, generated\gt\sample_000595.krn, generated\xml_trimmed_oemer\sample_000595.xml, 0, 0., 263, 57.17391304347826, 2, 0.43478260869565216, 12, 2.608695652173913, 0, 0., 0, 0., 0, 0., 0, 0., 0, 0., 0, 0., 0, 0., 0, 0., 0, 0., 0, 0., 4, 0.8695652173913043, 8, 1.7391304347826086, 0, 0., 0, 0., 0, 0., 0, 0., 0, 0., 0, 0., 0, 0., 0, 0., 0, 0., 0, 0., 0, 0., 0, 0., 0, 0., 0, 0., 0, 0., 0, 0., 166, 36.08695652173913, 0, 0., 0, 0., 0, 0., 5, 1.0869565217391304, 0, 0., 0, 0., 280, 233, 513, 460, 0.8966861598440545
, generated\gt\sample_000004.krn, generated\xml_trimmed_oemer\sample_000004.xml, 0, 0., 245, 59.46601941747573, 2, 0.4854368932038835, 14, 3.3980582524271843, 1, 0.24271844660194175, 0, 0., 2, 0.4854368932038835, 0, 0., 0, 0., 0, 0., 0, 0., 0, 0., 0, 0., 0, 0., 4, 0.970873786407767, 6, 1.4563106796116505, 0, 0., 0, 0., 0, 0., 0, 0., 0, 0., 0, 0., 4, 0.970873786407767, 0, 0., 0, 0., 0, 0., 0, 0., 0, 0., 0, 0., 0, 0., 0, 0., 0, 0., 129, 31.310679611650485, 0, 0., 0, 0., 0, 0., 5, 1.2135922330097086, 0, 0., 0, 0., 295, 164, 459, 412, 0.8976034858387799
, generated\gt\sample_000244.krn, generated\xml_trimmed_oemer\sample_000244.xml, 0, 0., 329, 62.428842504743834, 8, 1.5180265654648957, 6, 1.1385199240986716, 0, 0., 6, 1.1385199240986716, 0, 0., 0, 0., 0, 0., 1, 0.18975332068311196, 3, 0.5692599620493358, 0, 0., 0, 0., 1, 0.18975332068311196, 4, 0.7590132827324478, 8, 1.5180265654648957, 0, 0., 0, 0., 0, 0., 0, 0., 0, 0., 0, 0., 5, 0.9487666034155597, 0, 0., 0, 0., 0, 0., 0, 0., 0, 0., 0, 0., 0, 0., 0, 0., 0, 0., 151, 28.652751423149905, 0, 0., 0, 0., 0, 0., 5, 0.9487666034155597, 0, 0., 0, 0., 344, 243, 587, 527, 0.8977853492333902
, generated\gt\sample_000336.krn, generated\xml_trimmed_oemer\sample_000336.xml, 0, 0., 612, 93.72128637059724, 4, 0.6125574272588055, 12, 1.8376722817764166, 1, 0.15313935681470137, 4, 0.6125574272588055, 1, 0.15313935681470137, 0, 0., 0, 0., 0, 0., 0, 0., 1, 0.15313935681470137, 0, 0., 0, 0., 4, 0.6125574272588055, 0, 0., 0, 0., 0, 0., 0, 0., 0, 0., 0, 0., 0, 0., 9, 1.3782542113323124, 0, 0., 0, 0., 0, 0., 0, 0., 0, 0., 0, 0., 0, 0., 0, 0., 0, 0., 0, 0., 0, 0., 0, 0., 0, 0., 5, 0.7656967840735069, 0, 0., 0, 0., 393, 334, 727, 653, 0.8982118294360385
, generated\gt\sample_000152.krn, generated\xml_trimmed_oemer\sample_000152.xml, 0, 0., 378, 64.83704974271012, 2, 0.34305317324185247, 20, 3.4305317324185247, 1, 0.17152658662092624, 0, 0., 0, 0., 0, 0., 0, 0., 0, 0., 1, 0.17152658662092624, 0, 0., 0, 0., 3, 0.5145797598627787, 4, 0.6861063464837049, 10, 1.7152658662092624, 0, 0., 0, 0., 0, 0., 0, 0., 0, 0., 0, 0., 0, 0., 0, 0., 0, 0., 0, 0., 0, 0., 0, 0., 0, 0., 0, 0., 0, 0., 0, 0., 159, 27.272727272727273, 0, 0., 0, 0., 0, 0., 5, 0.8576329331046312, 0, 0., 0, 0., 348, 301, 649, 583, 0.8983050847457628
, generated\gt\sample_000659.krn, generated\xml_trimmed_oemer\sample_000659.xml, 0, 0., 212, 36.23931623931624, 10, 1.7094017094017093, 0, 0., 0, 0., 0, 0., 0, 0., 0, 0., 0, 0., 1, 0.17094017094017094, 0, 0., 0, 0., 0, 0., 1, 0.17094017094017094, 4, 0.6837606837606838, 9, 1.5384615384615385, 0, 0., 0, 0., 0, 0., 0, 0., 0, 0., 0, 0., 0, 0., 0, 0., 0, 0., 0, 0., 0, 0., 0, 0., 0, 0., 0, 0., 0, 0., 0, 0., 343, 58.63247863247863, 0, 0., 0, 0., 0, 0., 5, 0.8547008547008547, 0, 0., 0, 0., 302, 349, 651, 585, 0.8986175115207373
, generated\gt\sample_000361.krn, generated\xml_trimmed_oemer\sample_000361.xml, 0, 0., 533, 78.72968980797637, 6, 0.8862629246676514, 17, 2.511078286558346, 3, 0.4431314623338257, 0, 0., 1, 0.14771048744460857, 0, 0., 0, 0., 0, 0., 1, 0.14771048744460857, 0, 0., 0, 0., 7, 1.03397341211226, 4, 0.5908419497784343, 0, 0., 0, 0., 0, 0., 0, 0., 0, 0., 0, 0., 0, 0., 5, 0.7385524372230429, 0, 0., 0, 0., 0, 0., 0, 0., 0, 0., 0, 0., 0, 0., 0, 0., 0, 0., 95, 14.032496307237814, 0, 0., 0, 0., 0, 0., 5, 0.7385524372230429, 0, 0., 0, 0., 398, 355, 753, 677, 0.899070385126162
, generated\gt\sample_000570.krn, generated\xml_trimmed_oemer\sample_000570.xml, 0, 0., 178, 39.29359823399559, 6, 1.3245033112582782, 9, 1.9867549668874172, 5, 1.1037527593818985, 0, 0., 0, 0., 0, 0., 0, 0., 0, 0., 0, 0., 0, 0., 0, 0., 0, 0., 4, 0.8830022075055187, 7, 1.5452538631346577, 0, 0., 0, 0., 0, 0., 0, 0., 0, 0., 0, 0., 0, 0., 0, 0., 0, 0., 0, 0., 0, 0., 0, 0., 0, 0., 0, 0., 0, 0., 0, 0., 239, 52.75938189845475, 0, 0., 0, 0., 0, 0., 5, 1.1037527593818985, 0, 0., 0, 0., 245, 258, 503, 453, 0.9005964214711729
, generated\gt\sample_000331.krn, generated\xml_trimmed_oemer\sample_000331.xml, 0, 0., 256, 55.172413793103445, 4, 0.8620689655172413, 9, 1.9396551724137931, 2, 0.43103448275862066, 0, 0., 0, 0., 0, 0., 0, 0., 0, 0., 0, 0., 0, 0., 0, 0., 2, 0.43103448275862066, 4, 0.8620689655172413, 1, 0.21551724137931033, 0, 0., 4, 0.8620689655172413, 0, 0., 0, 0., 0, 0., 0, 0., 3, 0.646551724137931, 0, 0., 0, 0., 0, 0., 0, 0., 0, 0., 0, 0., 0, 0., 0, 0., 0, 0., 174, 37.5, 0, 0., 0, 0., 0, 0., 5, 1.0775862068965518, 0, 0., 0, 0., 288, 227, 515, 464, 0.9009708737864077
, generated\gt\sample_000605.krn, generated\xml_trimmed_oemer\sample_000605.xml, 0, 0., 225, 68.18181818181819, 0, 0., 4, 1.2121212121212122, 0, 0., 0, 0., 0, 0., 0, 0., 0, 0., 0, 0., 0, 0., 0, 0., 0, 0., 0, 0., 4, 1.2121212121212122, 0, 0., 0, 0., 0, 0., 0, 0., 0, 0., 0, 0., 0, 0., 4, 1.2121212121212122, 0, 0., 0, 0., 0, 0., 0, 0., 0, 0., 0, 0., 0, 0., 0, 0., 0, 0., 88, 26.666666666666668, 0, 0., 0, 0., 0, 0., 5, 1.5151515151515151, 0, 0., 0, 0., 239, 127, 366, 330, 0.9016393442622951
, generated\gt\sample_000490.krn, generated\xml_trimmed_oemer\sample_000490.xml, 0, 0., 287, 45.70063694267516, 0, 0., 1, 0.1592356687898089, 2, 0.3184713375796178, 0, 0., 3, 0.47770700636942676, 0, 0., 0, 0., 0, 0., 3, 0.47770700636942676, 0, 0., 0, 0., 1, 0.1592356687898089, 4, 0.6369426751592356, 4, 0.6369426751592356, 0, 0., 0, 0., 0, 0., 0, 0., 0, 0., 0, 0., 5, 0.7961783439490446, 0, 0., 0, 0., 0, 0., 0, 0., 0, 0., 0, 0., 0, 0., 0, 0., 0, 0., 313, 49.84076433121019, 0, 0., 0, 0., 0, 0., 5, 0.7961783439490446, 0, 0., 0, 0., 428, 268, 696, 628, 0.9022988505747126
, generated\gt\sample_000431.krn, generated\xml_trimmed_oemer\sample_000431.xml, 0, 0., 605, 92.50764525993884, 4, 0.6116207951070336, 7, 1.070336391437309, 3, 0.45871559633027525, 14, 2.140672782874618, 2, 0.3058103975535168, 0, 0., 0, 0., 4, 0.6116207951070336, 0, 0., 0, 0., 0, 0., 0, 0., 2, 0.3058103975535168, 6, 0.9174311926605505, 0, 0., 0, 0., 0, 0., 0, 0., 0, 0., 0, 0., 2, 0.3058103975535168, 0, 0., 0, 0., 0, 0., 0, 0., 0, 0., 0, 0., 0, 0., 0, 0., 0, 0., 0, 0., 0, 0., 0, 0., 0, 0., 5, 0.764525993883792, 0, 0., 0, 0., 429, 295, 724, 654, 0.9033149171270718
, generated\gt\sample_000064.krn, generated\xml_trimmed_oemer\sample_000064.xml, 0, 0., 796, 94.64922711058264, 2, 0.23781212841854935, 20, 2.3781212841854935, 1, 0.11890606420927467, 0, 0., 1, 0.11890606420927467, 0, 0., 0, 0., 1, 0.11890606420927467, 0, 0., 0, 0., 0, 0., 0, 0., 2, 0.23781212841854935, 0, 0., 0, 0., 0, 0., 0, 0., 0, 0., 0, 0., 0, 0., 13, 1.5457788347205708, 0, 0., 0, 0., 0, 0., 0, 0., 0, 0., 0, 0., 0, 0., 0, 0., 0, 0., 0, 0., 0, 0., 0, 0., 0, 0., 5, 0.5945303210463734, 0, 0., 0, 0., 472, 459, 931, 841, 0.9033297529538131
, generated\gt\sample_000433.krn, generated\xml_trimmed_oemer\sample_000433.xml, 0, 0., 280, 61.1353711790393, 0, 0., 6, 1.3100436681222707, 0, 0., 12, 2.6200873362445414, 5, 1.091703056768559, 0, 0., 0, 0., 0, 0., 1, 0.2183406113537118, 0, 0., 0, 0., 1, 0.2183406113537118, 2, 0.4366812227074236, 6, 1.3100436681222707, 0, 0., 0, 0., 0, 0., 0, 0., 0, 0., 0, 0., 0, 0., 0, 0., 0, 0., 0, 0., 0, 0., 0, 0., 0, 0., 0, 0., 0, 0., 0, 0., 140, 30.56768558951965, 0, 0., 0, 0., 0, 0., 5, 1.091703056768559, 0, 0., 0, 0., 301, 206, 507, 458, 0.903353057199211
, generated\gt\sample_000386.krn, generated\xml_trimmed_oemer\sample_000386.xml, 0, 0., 111, 27.611940298507463, 2, 0.4975124378109453, 2, 0.4975124378109453, 0, 0., 0, 0., 1, 0.24875621890547264, 0, 0., 0, 0., 0, 0., 0, 0., 0, 0., 0, 0., 2, 0.4975124378109453, 4, 0.9950248756218906, 2, 0.4975124378109453, 0, 0., 0, 0., 0, 0., 0, 0., 0, 0., 0, 0., 3, 0.746268656716418, 0, 0., 0, 0., 0, 0., 0, 0., 0, 0., 0, 0., 0, 0., 0, 0., 0, 0., 186, 46.26865671641791, 83, 20.64676616915423, 0, 0., 1, 0.24875621890547264, 5, 1.243781094527363, 0, 0., 0, 0., 275, 170, 445, 402, 0.903370786516854
, generated\gt\sample_000162.krn, generated\xml_trimmed_oemer\sample_000162.xml, 0, 0., 310, 82.66666666666667, 2, 0.5333333333333333, 2, 0.5333333333333333, 3, 0.8, 2, 0.5333333333333333, 0, 0., 0, 0., 0, 0., 0, 0., 0, 0., 1, 0.26666666666666666, 0, 0., 0, 0., 2, 0.5333333333333333, 0, 0., 0, 0., 0, 0., 0, 0., 0, 0., 0, 0., 0, 0., 2, 0.5333333333333333, 0, 0., 0, 0., 0, 0., 0, 0., 0, 0., 0, 0., 0, 0., 0, 0., 0, 0., 46, 12.266666666666667, 0, 0., 0, 0., 0, 0., 5, 1.3333333333333333, 0, 0., 0, 0., 261, 154, 415, 375, 0.9036144578313253
, generated\gt\sample_000647.krn, generated\xml_trimmed_oemer\sample_000647.xml, 0, 0., 423, 77.04918032786885, 0, 0., 18, 3.278688524590164, 0, 0., 0, 0., 2, 0.36429872495446264, 0, 0., 0, 0., 0, 0., 0, 0., 0, 0., 0, 0., 3, 0.546448087431694, 4, 0.7285974499089253, 0, 0., 0, 0., 0, 0., 0, 0., 0, 0., 0, 0., 0, 0., 0, 0., 0, 0., 0, 0., 0, 0., 0, 0., 0, 0., 0, 0., 0, 0., 0, 0., 0, 0., 94, 17.122040072859743, 0, 0., 0, 0., 0, 0., 5, 0.9107468123861566, 0, 0., 0, 0., 318, 289, 607, 549, 0.9044481054365733
, generated\gt\sample_000227.krn, generated\xml_trimmed_oemer\sample_000227.xml, 0, 0., 409, 93.59267734553775, 6, 1.3729977116704806, 11, 2.517162471395881, 2, 0.4576659038901602, 0, 0., 1, 0.2288329519450801, 0, 0., 0, 0., 0, 0., 0, 0., 0, 0., 0, 0., 1, 0.2288329519450801, 2, 0.4576659038901602, 0, 0., 0, 0., 0, 0., 0, 0., 0, 0., 0, 0., 0, 0., 0, 0., 0, 0., 0, 0., 0, 0., 0, 0., 0, 0., 0, 0., 0, 0., 0, 0., 0, 0., 0, 0., 0, 0., 0, 0., 0, 0., 5, 1.1441647597254005, 0, 0., 0, 0., 233, 250, 483, 437, 0.9047619047619048
, generated\gt\sample_000598.krn, generated\xml_trimmed_oemer\sample_000598.xml, 0, 0., 615, 88.48920863309353, 4, 0.5755395683453237, 18, 2.5899280575539567, 2, 0.28776978417266186, 0, 0., 0, 0., 0, 0., 0, 0., 1, 0.14388489208633093, 0, 0., 0, 0., 0, 0., 1, 0.14388489208633093, 4, 0.5755395683453237, 2, 0.28776978417266186, 0, 0., 0, 0., 0, 0., 0, 0., 0, 0., 0, 0., 1, 0.14388489208633093, 0, 0., 0, 0., 0, 0., 0, 0., 0, 0., 0, 0., 0, 0., 0, 0., 0, 0., 42, 6.043165467625899, 0, 0., 0, 0., 0, 0., 5, 0.7194244604316546, 0, 0., 0, 0., 420, 348, 768, 695, 0.9049479166666666
, generated\gt\sample_000650.krn, generated\xml_trimmed_oemer\sample_000650.xml, 0, 0., 397, 73.3826247689464, 8, 1.478743068391867, 18, 3.3271719038817005, 0, 0., 0, 0., 2, 0.36968576709796674, 0, 0., 0, 0., 0, 0., 0, 0., 0, 0., 0, 0., 3, 0.5545286506469501, 4, 0.7393715341959335, 3, 0.5545286506469501, 0, 0., 0, 0., 0, 0., 0, 0., 0, 0., 0, 0., 0, 0., 0, 0., 0, 0., 0, 0., 0, 0., 0, 0., 0, 0., 0, 0., 0, 0., 0, 0., 101, 18.66913123844732, 0, 0., 0, 0., 0, 0., 5, 0.9242144177449169, 0, 0., 0, 0., 316, 281, 597, 541, 0.9061976549413735
, generated\gt\sample_000212.krn, generated\xml_trimmed_oemer\sample_000212.xml, 0, 0., 15, 8.571428571428571, 8, 4.571428571428571, 0, 0., 0, 0., 0, 0., 0, 0., 0, 0., 0, 0., 0, 0., 0, 0., 0, 0., 0, 0., 2, 1.1428571428571428, 2, 1.1428571428571428, 1, 0.5714285714285714, 0, 0., 0, 0., 0, 0., 0, 0., 0, 0., 0, 0., 1, 0.5714285714285714, 0, 0., 0, 0., 0, 0., 0, 0., 0, 0., 0, 0., 0, 0., 0, 0., 0, 0., 146, 83.42857142857143, 0, 0., 0, 0., 0, 0., 0, 0., 0, 0., 0, 0., 79, 114, 193, 175, 0.9067357512953368
, generated\gt\sample_000198.krn, generated\xml_trimmed_oemer\sample_000198.xml, 0, 0., 307, 62.6530612244898, 0, 0., 6, 1.2244897959183674, 1, 0.20408163265306123, 10, 2.0408163265306123, 4, 0.8163265306122449, 0, 0., 0, 0., 0, 0., 3, 0.6122448979591837, 0, 0., 0, 0., 1, 0.20408163265306123, 4, 0.8163265306122449, 2, 0.40816326530612246, 0, 0., 0, 0., 0, 0., 0, 0., 0, 0., 0, 0., 4, 0.8163265306122449, 0, 0., 0, 0., 0, 0., 0, 0., 0, 0., 0, 0., 0, 0., 0, 0., 0, 0., 143, 29.183673469387756, 0, 0., 0, 0., 0, 0., 5, 1.0204081632653061, 0, 0., 0, 0., 414, 126, 540, 490, 0.9074074074074074
, generated\gt\sample_000457.krn, generated\xml_trimmed_oemer\sample_000457.xml, 0, 0., 321, 43.08724832214765, 0, 0., 20, 2.684563758389262, 1, 0.1342281879194631, 0, 0., 3, 0.40268456375838924, 0, 0., 0, 0., 0, 0., 1, 0.1342281879194631, 0, 0., 0, 0., 2, 0.2684563758389262, 4, 0.5369127516778524, 7, 0.9395973154362416, 0, 0., 0, 0., 9, 1.2080536912751678, 0, 0., 0, 0., 0, 0., 9, 1.2080536912751678, 0, 0., 0, 0., 0, 0., 0, 0., 0, 0., 0, 0., 0, 0., 0, 0., 0, 0., 363, 48.7248322147651, 0, 0., 0, 0., 0, 0., 5, 0.6711409395973155, 0, 0., 0, 0., 393, 428, 821, 745, 0.9074299634591961
, generated\gt\sample_000338.krn, generated\xml_trimmed_oemer\sample_000338.xml, 0, 0., 308, 60.273972602739725, 6, 1.1741682974559686, 6, 1.1741682974559686, 2, 0.3913894324853229, 0, 0., 0, 0., 0, 0., 0, 0., 1, 0.19569471624266144, 0, 0., 1, 0.19569471624266144, 0, 0., 1, 0.19569471624266144, 4, 0.7827788649706457, 4, 0.7827788649706457, 0, 0., 0, 0., 0, 0., 0, 0., 0, 0., 0, 0., 7, 1.36986301369863, 0, 0., 0, 0., 0, 0., 0, 0., 0, 0., 0, 0., 0, 0., 0, 0., 0, 0., 166, 32.4853228962818, 0, 0., 0, 0., 0, 0., 5, 0.9784735812133072, 0, 0., 0, 0., 301, 262, 563, 511, 0.9076376554174067
, generated\gt\sample_000155.krn, generated\xml_trimmed_oemer\sample_000155.xml, 0, 0., 325, 65.65656565656566, 8, 1.6161616161616161, 9, 1.8181818181818181, 3, 0.6060606060606061, 0, 0., 3, 0.6060606060606061, 0, 0., 0, 0., 0, 0., 0, 0., 0, 0., 0, 0., 2, 0.40404040404040403, 4, 0.8080808080808081, 10, 2.0202020202020203, 0, 0., 0, 0., 0, 0., 0, 0., 0, 0., 0, 0., 2, 0.40404040404040403, 0, 0., 0, 0., 0, 0., 0, 0., 0, 0., 0, 0., 0, 0., 0, 0., 0, 0., 124, 25.050505050505052, 0, 0., 0, 0., 0, 0., 5, 1.0101010101010102, 0, 0., 0, 0., 286, 259, 545, 495, 0.908256880733945
, generated\gt\sample_000473.krn, generated\xml_trimmed_oemer\sample_000473.xml, 0, 0., 176, 49.16201117318436, 2, 0.5586592178770949, 4, 1.1173184357541899, 0, 0., 0, 0., 0, 0., 0, 0., 0, 0., 0, 0., 0, 0., 0, 0., 0, 0., 0, 0., 4, 1.1173184357541899, 0, 0., 0, 0., 4, 1.1173184357541899, 0, 0., 0, 0., 0, 0., 0, 0., 0, 0., 0, 0., 0, 0., 0, 0., 0, 0., 0, 0., 0, 0., 0, 0., 0, 0., 0, 0., 163, 45.53072625698324, 0, 0., 0, 0., 0, 0., 5, 1.3966480446927374, 0, 0., 0, 0., 256, 138, 394, 358, 0.9086294416243654
, generated\gt\sample_000100.krn, generated\xml_trimmed_oemer\sample_000100.xml, 0, 0., 186, 49.20634920634921, 10, 2.6455026455026456, 4, 1.0582010582010581, 0, 0., 0, 0., 2, 0.5291005291005291, 0, 0., 0, 0., 0, 0., 0, 0., 3, 0.7936507936507936, 0, 0., 2, 0.5291005291005291, 4, 1.0582010582010581, 0, 0., 0, 0., 0, 0., 3, 0.7936507936507936, 0, 0., 0, 0., 0, 0., 4, 1.0582010582010581, 0, 0., 0, 0., 0, 0., 0, 0., 0, 0., 0, 0., 0, 0., 0, 0., 0, 0., 155, 41.00529100529101, 0, 0., 0, 0., 0, 0., 5, 1.3227513227513228, 0, 0., 0, 0., 263, 153, 416, 378, 0.9086538461538461
, generated\gt\sample_000194.krn, generated\xml_trimmed_oemer\sample_000194.xml, 0, 0., 92, 61.333333333333336, 4, 2.6666666666666665, 3, 2.0, 0, 0., 0, 0., 0, 0., 0, 0., 0, 0., 0, 0., 0, 0., 0, 0., 0, 0., 2, 1.3333333333333333, 2, 1.3333333333333333, 0, 0., 0, 0., 0, 0., 0, 0., 0, 0., 0, 0., 0, 0., 1, 0.6666666666666666, 0, 0., 0, 0., 0, 0., 0, 0., 0, 0., 0, 0., 0, 0., 0, 0., 0, 0., 46, 30.666666666666668, 0, 0., 0, 0., 0, 0., 0, 0., 0, 0., 0, 0., 84, 81, 165, 150, 0.9090909090909091
, generated\gt\sample_000168.krn, generated\xml_trimmed_oemer\sample_000168.xml, 0, 0., 53, 37.32394366197183, 6, 4.225352112676056, 1, 0.704225352112676, 0, 0., 0, 0., 0, 0., 0, 0., 0, 0., 0, 0., 0, 0., 0, 0., 0, 0., 2, 1.408450704225352, 2, 1.408450704225352, 0, 0., 0, 0., 0, 0., 0, 0., 0, 0., 0, 0., 0, 0., 2, 1.408450704225352, 0, 0., 0, 0., 0, 0., 0, 0., 0, 0., 0, 0., 0, 0., 0, 0., 0, 0., 76, 53.521126760563384, 0, 0., 0, 0., 0, 0., 0, 0., 0, 0., 0, 0., 80, 76, 156, 142, 0.9102564102564102
, generated\gt\sample_000206.krn, generated\xml_trimmed_oemer\sample_000206.xml, 0, 0., 387, 95.32019704433498, 0, 0., 14, 3.4482758620689653, 0, 0., 0, 0., 1, 0.24630541871921183, 0, 0., 0, 0., 0, 0., 0, 0., 0, 0., 0, 0., 0, 0., 2, 0.49261083743842365, 0, 0., 0, 0., 0, 0., 0, 0., 0, 0., 0, 0., 0, 0., 2, 0.49261083743842365, 0, 0., 0, 0., 0, 0., 0, 0., 0, 0., 0, 0., 0, 0., 0, 0., 0, 0., 0, 0., 0, 0., 0, 0., 0, 0., 0, 0., 0, 0., 0, 0., 204, 242, 446, 406, 0.9103139013452914
, generated\gt\sample_000604.krn, generated\xml_trimmed_oemer\sample_000604.xml, 0, 0., 187, 42.59681093394077, 0, 0., 6, 1.366742596810934, 2, 0.45558086560364464, 0, 0., 0, 0., 0, 0., 0, 0., 0, 0., 0, 0., 0, 0., 0, 0., 0, 0., 4, 0.9111617312072893, 0, 0., 0, 0., 2, 0.45558086560364464, 0, 0., 0, 0., 0, 0., 0, 0., 0, 0., 0, 0., 0, 0., 0, 0., 0, 0., 0, 0., 0, 0., 0, 0., 0, 0., 0, 0., 233, 53.075170842824605, 0, 0., 0, 0., 0, 0., 5, 1.1389521640091116, 0, 0., 0, 0., 233, 249, 482, 439, 0.9107883817427386
, generated\gt\sample_000583.krn, generated\xml_trimmed_oemer\sample_000583.xml, 0, 0., 214, 43.23232323232323, 0, 0., 0, 0., 0, 0., 0, 0., 4, 0.8080808080808081, 0, 0., 0, 0., 0, 0., 0, 0., 0, 0., 0, 0., 1, 0.20202020202020202, 4, 0.8080808080808081, 1, 0.20202020202020202, 0, 0., 0, 0., 0, 0., 0, 0., 0, 0., 0, 0., 2, 0.40404040404040403, 0, 0., 0, 0., 0, 0., 0, 0., 0, 0., 0, 0., 0, 0., 0, 0., 0, 0., 264, 53.333333333333336, 0, 0., 0, 0., 0, 0., 5, 1.0101010101010102, 0, 0., 0, 0., 344, 199, 543, 495, 0.9116022099447514
, generated\gt\sample_000126.krn, generated\xml_trimmed_oemer\sample_000126.xml, 0, 0., 371, 36.95219123505976, 0, 0., 30, 2.9880478087649402, 4, 0.398406374501992, 0, 0., 0, 0., 0, 0., 0, 0., 4, 0.398406374501992, 0, 0., 0, 0., 0, 0., 3, 0.29880478087649404, 2, 0.199203187250996, 3, 0.29880478087649404, 0, 0., 4, 0.398406374501992, 0, 0., 0, 0., 0, 0., 0, 0., 0, 0., 0, 0., 0, 0., 0, 0., 0, 0., 0, 0., 0, 0., 0, 0., 0, 0., 0, 0., 366, 36.45418326693227, 211, 21.01593625498008, 0, 0., 1, 0.099601593625498, 5, 0.49800796812749004, 0, 0., 0, 0., 671, 430, 1101, 1004, 0.9118982742960945
, generated\gt\sample_000063.krn, generated\xml_trimmed_oemer\sample_000063.xml, 0, 0., 596, 74.22166874221669, 2, 0.24906600249066002, 11, 1.36986301369863, 0, 0., 0, 0., 0, 0., 0, 0., 0, 0., 0, 0., 0, 0., 0, 0., 0, 0., 0, 0., 2, 0.24906600249066002, 0, 0., 0, 0., 0, 0., 0, 0., 0, 0., 0, 0., 0, 0., 9, 1.1207970112079702, 0, 0., 0, 0., 0, 0., 0, 0., 0, 0., 0, 0., 0, 0., 0, 0., 0, 0., 178, 22.166874221668742, 0, 0., 0, 0., 0, 0., 5, 0.6226650062266501, 0, 0., 0, 0., 375, 504, 879, 803, 0.9135381114903299
, generated\gt\sample_000200.krn, generated\xml_trimmed_oemer\sample_000200.xml, 0, 0., 168, 31.57894736842105, 2, 0.37593984962406013, 3, 0.5639097744360902, 2, 0.37593984962406013, 0, 0., 0, 0., 0, 0., 0, 0., 1, 0.18796992481203006, 0, 0., 0, 0., 0, 0., 1, 0.18796992481203006, 4, 0.7518796992481203, 0, 0., 0, 0., 0, 0., 0, 0., 0, 0., 0, 0., 0, 0., 7, 1.3157894736842106, 0, 0., 0, 0., 0, 0., 0, 0., 0, 0., 0, 0., 0, 0., 0, 0., 0, 0., 339, 63.721804511278194, 0, 0., 0, 0., 0, 0., 5, 0.9398496240601504, 0, 0., 0, 0., 325, 257, 582, 532, 0.9140893470790378
, generated\gt\sample_000025.krn, generated\xml_trimmed_oemer\sample_000025.xml, 0, 0., 37, 28.68217054263566, 0, 0., 0, 0., 0, 0., 0, 0., 0, 0., 0, 0., 0, 0., 0, 0., 0, 0., 0, 0., 0, 0., 2, 1.550387596899225, 0, 0., 1, 0.7751937984496124, 0, 0., 0, 0., 0, 0., 0, 0., 0, 0., 0, 0., 1, 0.7751937984496124, 0, 0., 0, 0., 0, 0., 0, 0., 0, 0., 0, 0., 0, 0., 0, 0., 0, 0., 88, 68.21705426356588, 0, 0., 0, 0., 0, 0., 0, 0., 0, 0., 0, 0., 75, 66, 141, 129, 0.9148936170212766
, generated\gt\sample_000073.krn, generated\xml_trimmed_oemer\sample_000073.xml, 0, 0., 475, 95.57344064386318, 2, 0.4024144869215292, 7, 1.408450704225352, 2, 0.4024144869215292, 0, 0., 0, 0., 0, 0., 0, 0., 0, 0., 0, 0., 0, 0., 0, 0., 0, 0., 4, 0.8048289738430584, 0, 0., 0, 0., 0, 0., 0, 0., 0, 0., 0, 0., 0, 0., 2, 0.4024144869215292, 0, 0., 0, 0., 0, 0., 0, 0., 0, 0., 0, 0., 0, 0., 0, 0., 0, 0., 0, 0., 0, 0., 0, 0., 0, 0., 5, 1.0060362173038229, 0, 0., 0, 0., 275, 268, 543, 497, 0.9152854511970534
, generated\gt\sample_000229.krn, generated\xml_trimmed_oemer\sample_000229.xml, 0, 0., 205, 49.87834549878345, 0, 0., 0, 0., 0, 0., 0, 0., 0, 0., 0, 0., 0, 0., 0, 0., 0, 0., 0, 0., 0, 0., 2, 0.48661800486618007, 4, 0.9732360097323601, 2, 0.48661800486618007, 0, 0., 0, 0., 0, 0., 0, 0., 0, 0., 0, 0., 2, 0.48661800486618007, 0, 0., 0, 0., 0, 0., 0, 0., 0, 0., 0, 0., 0, 0., 0, 0., 0, 0., 191, 46.4720194647202, 0, 0., 0, 0., 0, 0., 5, 1.2165450121654502, 0, 0., 0, 0., 237, 212, 449, 411, 0.9153674832962138
, generated\gt\sample_000391.krn, generated\xml_trimmed_oemer\sample_000391.xml, 0, 0., 690, 95.83333333333333, 2, 0.2777777777777778, 6, 0.8333333333333334, 0, 0., 12, 1.6666666666666667, 0, 0., 0, 0., 0, 0., 0, 0., 0, 0., 0, 0., 0, 0., 0, 0., 4, 0.5555555555555556, 0, 0., 0, 0., 0, 0., 0, 0., 0, 0., 0, 0., 0, 0., 1, 0.1388888888888889, 0, 0., 0, 0., 0, 0., 0, 0., 0, 0., 0, 0., 0, 0., 0, 0., 0, 0., 0, 0., 0, 0., 0, 0., 0, 0., 5, 0.6944444444444444, 0, 0., 0, 0., 390, 396, 786, 720, 0.916030534351145
, generated\gt\sample_000597.krn, generated\xml_trimmed_oemer\sample_000597.xml, 0, 0., 297, 48.92915980230642, 0, 0., 6, 0.9884678747940692, 3, 0.4942339373970346, 0, 0., 3, 0.4942339373970346, 0, 0., 0, 0., 0, 0., 1, 0.16474464579901152, 0, 0., 0, 0., 1, 0.16474464579901152, 4, 0.6589785831960461, 0, 0., 0, 0., 0, 0., 0, 0., 0, 0., 0, 0., 0, 0., 5, 0.8237232289950577, 0, 0., 0, 0., 0, 0., 0, 0., 0, 0., 0, 0., 0, 0., 0, 0., 0, 0., 282, 46.45799011532125, 0, 0., 0, 0., 0, 0., 5, 0.8237232289950577, 0, 0., 0, 0., 366, 296, 662, 607, 0.9169184290030211
, generated\gt\sample_000359.krn, generated\xml_trimmed_oemer\sample_000359.xml, 0, 0., 435, 61.87766714082503, 2, 0.2844950213371266, 14, 1.9914651493598863, 0, 0., 0, 0., 0, 0., 0, 0., 0, 0., 0, 0., 0, 0., 0, 0., 0, 0., 2, 0.2844950213371266, 4, 0.5689900426742532, 0, 0., 0, 0., 0, 0., 0, 0., 0, 0., 0, 0., 0, 0., 5, 0.7112375533428165, 0, 0., 0, 0., 0, 0., 0, 0., 0, 0., 0, 0., 0, 0., 0, 0., 0, 0., 236, 33.57041251778094, 0, 0., 0, 0., 0, 0., 5, 0.7112375533428165, 0, 0., 0, 0., 337, 429, 766, 703, 0.9177545691906005
, generated\gt\sample_000492.krn, generated\xml_trimmed_oemer\sample_000492.xml, 0, 0., 273, 35.68627450980392, 0, 0., 6, 0.7843137254901961, 4, 0.5228758169934641, 0, 0., 0, 0., 0, 0., 0, 0., 0, 0., 2, 0.26143790849673204, 0, 0., 0, 0., 2, 0.26143790849673204, 4, 0.5228758169934641, 0, 0., 0, 0., 0, 0., 0, 0., 0, 0., 0, 0., 0, 0., 3, 0.39215686274509803, 0, 0., 0, 0., 0, 0., 0, 0., 0, 0., 0, 0., 0, 0., 0, 0., 0, 0., 466, 60.91503267973856, 0, 0., 0, 0., 0, 0., 5, 0.6535947712418301, 0, 0., 0, 0., 415, 418, 833, 765, 0.9183673469387755
, generated\gt\sample_000384.krn, generated\xml_trimmed_oemer\sample_000384.xml, 0, 0., 254, 64.46700507614213, 0, 0., 8, 2.030456852791878, 0, 0., 0, 0., 0, 0., 0, 0., 0, 0., 0, 0., 2, 0.5076142131979695, 1, 0.25380710659898476, 0, 0., 0, 0., 2, 0.5076142131979695, 0, 0., 0, 0., 0, 0., 0, 0., 0, 0., 0, 0., 0, 0., 5, 1.2690355329949239, 0, 0., 0, 0., 0, 0., 0, 0., 0, 0., 0, 0., 0, 0., 0, 0., 0, 0., 122, 30.96446700507614, 0, 0., 0, 0., 0, 0., 0, 0., 0, 0., 0, 0., 211, 218, 429, 394, 0.9184149184149184
, generated\gt\sample_000364.krn, generated\xml_trimmed_oemer\sample_000364.xml, 0, 0., 384, 93.20388349514563, 6, 1.4563106796116505, 11, 2.6699029126213594, 0, 0., 0, 0., 0, 0., 0, 0., 0, 0., 0, 0., 0, 0., 0, 0., 0, 0., 0, 0., 1, 0.24271844660194175, 4, 0.970873786407767, 0, 0., 2, 0.4854368932038835, 0, 0., 0, 0., 0, 0., 0, 0., 4, 0.970873786407767, 0, 0., 0, 0., 0, 0., 0, 0., 0, 0., 0, 0., 0, 0., 0, 0., 0, 0., 0, 0., 0, 0., 0, 0., 0, 0., 0, 0., 0, 0., 0, 0., 143, 305, 448, 412, 0.9196428571428571
, generated\gt\sample_000027.krn, generated\xml_trimmed_oemer\sample_000027.xml, 0, 0., 226, 61.08108108108108, 4, 1.0810810810810811, 3, 0.8108108108108109, 0, 0., 0, 0., 0, 0., 0, 0., 0, 0., 0, 0., 0, 0., 1, 0.2702702702702703, 0, 0., 0, 0., 2, 0.5405405405405406, 0, 0., 0, 0., 0, 0., 0, 0., 0, 0., 0, 0., 0, 0., 2, 0.5405405405405406, 0, 0., 0, 0., 0, 0., 0, 0., 0, 0., 0, 0., 0, 0., 0, 0., 0, 0., 127, 34.32432432432432, 0, 0., 0, 0., 0, 0., 5, 1.3513513513513513, 0, 0., 0, 0., 167, 235, 402, 370, 0.9203980099502488
, generated\gt\sample_000684.krn, generated\xml_trimmed_oemer\sample_000684.xml, 0, 0., 331, 58.37742504409171, 0, 0., 10, 1.763668430335097, 3, 0.5291005291005291, 8, 1.4109347442680775, 0, 0., 0, 0., 0, 0., 0, 0., 1, 0.1763668430335097, 0, 0., 0, 0., 5, 0.8818342151675485, 4, 0.7054673721340388, 4, 0.7054673721340388, 0, 0., 0, 0., 0, 0., 0, 0., 0, 0., 0, 0., 2, 0.3527336860670194, 0, 0., 0, 0., 0, 0., 0, 0., 0, 0., 0, 0., 0, 0., 0, 0., 0, 0., 194, 34.21516754850088, 0, 0., 0, 0., 0, 0., 5, 0.8818342151675485, 0, 0., 0, 0., 315, 301, 616, 567, 0.9204545454545454
, generated\gt\sample_000444.krn, generated\xml_trimmed_oemer\sample_000444.xml, 0, 0., 109, 30.02754820936639, 2, 0.5509641873278237, 9, 2.479338842975207, 0, 0., 0, 0., 1, 0.27548209366391185, 0, 0., 0, 0., 0, 0., 0, 0., 0, 0., 0, 0., 2, 0.5509641873278237, 4, 1.1019283746556474, 5, 1.3774104683195592, 0, 0., 4, 1.1019283746556474, 6, 1.6528925619834711, 0, 0., 0, 0., 0, 0., 3, 0.8264462809917356, 0, 0., 0, 0., 0, 0., 0, 0., 0, 0., 0, 0., 0, 0., 0, 0., 0, 0., 213, 58.67768595041322, 0, 0., 0, 0., 0, 0., 5, 1.3774104683195592, 0, 0., 0, 0., 252, 142, 394, 363, 0.9213197969543148
, generated\gt\sample_000000.krn, generated\xml_trimmed_oemer\sample_000000.xml, 0, 0., 98, 18.595825426944973, 0, 0., 3, 0.5692599620493358, 0, 0., 0, 0., 0, 0., 0, 0., 0, 0., 0, 0., 0, 0., 0, 0., 0, 0., 2, 0.3795066413662239, 4, 0.7590132827324478, 11, 2.0872865275142316, 0, 0., 0, 0., 0, 0., 0, 0., 0, 0., 0, 0., 3, 0.5692599620493358, 0, 0., 0, 0., 0, 0., 0, 0., 0, 0., 0, 0., 0, 0., 0, 0., 0, 0., 401, 76.0910815939279, 0, 0., 0, 0., 0, 0., 5, 0.9487666034155597, 0, 0., 0, 0., 286, 285, 571, 527, 0.9229422066549913
, generated\gt\sample_000305.krn, generated\xml_trimmed_oemer\sample_000305.xml, 0, 0., 201, 36.28158844765343, 8, 1.444043321299639, 5, 0.9025270758122743, 0, 0., 0, 0., 0, 0., 0, 0., 0, 0., 0, 0., 0, 0., 0, 0., 0, 0., 3, 0.5415162454873647, 4, 0.7220216606498195, 5, 0.9025270758122743, 0, 0., 0, 0., 0, 0., 0, 0., 0, 0., 0, 0., 0, 0., 0, 0., 0, 0., 0, 0., 0, 0., 0, 0., 0, 0., 0, 0., 0, 0., 0, 0., 323, 58.30324909747292, 0, 0., 0, 0., 0, 0., 5, 0.9025270758122743, 0, 0., 0, 0., 301, 299, 600, 554, 0.9233333333333333
, generated\gt\sample_000544.krn, generated\xml_trimmed_oemer\sample_000544.xml, 0, 0., 384, 75.44204322200393, 2, 0.3929273084479371, 8, 1.5717092337917484, 0, 0., 0, 0., 0, 0., 0, 0., 0, 0., 0, 0., 0, 0., 0, 0., 0, 0., 0, 0., 2, 0.3929273084479371, 0, 0., 0, 0., 0, 0., 0, 0., 0, 0., 0, 0., 0, 0., 3, 0.5893909626719057, 0, 0., 0, 0., 0, 0., 0, 0., 0, 0., 0, 0., 0, 0., 0, 0., 0, 0., 105, 20.6286836935167, 0, 0., 0, 0., 0, 0., 5, 0.9823182711198428, 0, 0., 0, 0., 245, 306, 551, 509, 0.9237749546279492
, generated\gt\sample_000254.krn, generated\xml_trimmed_oemer\sample_000254.xml, 0, 0., 56, 22.764227642276424, 2, 0.8130081300813008, 3, 1.2195121951219512, 0, 0., 0, 0., 0, 0., 0, 0., 0, 0., 0, 0., 0, 0., 0, 0., 0, 0., 2, 0.8130081300813008, 4, 1.6260162601626016, 9, 3.658536585365854, 0, 0., 4, 1.6260162601626016, 0, 0., 0, 0., 0, 0., 0, 0., 0, 0., 0, 0., 0, 0., 0, 0., 0, 0., 0, 0., 0, 0., 0, 0., 0, 0., 0, 0., 161, 65.44715447154472, 0, 0., 0, 0., 0, 0., 5, 2.032520325203252, 0, 0., 0, 0., 191, 75, 266, 246, 0.924812030075188
, generated\gt\sample_000398.krn, generated\xml_trimmed_oemer\sample_000398.xml, 0, 0., 145, 30.982905982905983, 4, 0.8547008547008547, 0, 0., 0, 0., 0, 0., 0, 0., 0, 0., 0, 0., 0, 0., 0, 0., 0, 0., 0, 0., 3, 0.6410256410256411, 2, 0.42735042735042733, 2, 0.42735042735042733, 0, 0., 0, 0., 0, 0., 0, 0., 0, 0., 0, 0., 3, 0.6410256410256411, 0, 0., 0, 0., 0, 0., 0, 0., 0, 0., 0, 0., 0, 0., 0, 0., 0, 0., 304, 64.95726495726495, 0, 0., 0, 0., 0, 0., 5, 1.0683760683760684, 0, 0., 0, 0., 264, 242, 506, 468, 0.924901185770751
, generated\gt\sample_000656.krn, generated\xml_trimmed_oemer\sample_000656.xml, 0, 0., 415, 61.5727002967359, 0, 0., 6, 0.8902077151335311, 0, 0., 0, 0., 5, 0.7418397626112759, 0, 0., 0, 0., 0, 0., 0, 0., 0, 0., 0, 0., 3, 0.44510385756676557, 4, 0.5934718100890207, 2, 0.29673590504451036, 0, 0., 0, 0., 0, 0., 0, 0., 0, 0., 0, 0., 0, 0., 0, 0., 0, 0., 0, 0., 0, 0., 0, 0., 0, 0., 0, 0., 0, 0., 0, 0., 234, 34.718100890207715, 0, 0., 0, 0., 0, 0., 5, 0.7418397626112759, 0, 0., 0, 0., 374, 354, 728, 674, 0.9258241758241759
, generated\gt\sample_000121.krn, generated\xml_trimmed_oemer\sample_000121.xml, 0, 0., 104, 32.0, 2, 0.6153846153846154, 4, 1.2307692307692308, 0, 0., 0, 0., 0, 0., 0, 0., 0, 0., 0, 0., 0, 0., 0, 0., 0, 0., 3, 0.9230769230769231, 2, 0.6153846153846154, 4, 1.2307692307692308, 0, 0., 0, 0., 0, 0., 0, 0., 0, 0., 0, 0., 1, 0.3076923076923077, 0, 0., 0, 0., 0, 0., 0, 0., 0, 0., 0, 0., 0, 0., 0, 0., 0, 0., 200, 61.53846153846154, 0, 0., 0, 0., 0, 0., 5, 1.5384615384615385, 0, 0., 0, 0., 203, 148, 351, 325, 0.9259259259259259
, generated\gt\sample_000306.krn, generated\xml_trimmed_oemer\sample_000306.xml, 0, 0., 358, 66.7910447761194, 0, 0., 7, 1.3059701492537314, 0, 0., 0, 0., 0, 0., 0, 0., 0, 0., 0, 0., 0, 0., 0, 0., 0, 0., 0, 0., 4, 0.746268656716418, 8, 1.492537313432836, 0, 0., 0, 0., 0, 0., 0, 0., 0, 0., 0, 0., 0, 0., 0, 0., 0, 0., 0, 0., 0, 0., 0, 0., 0, 0., 0, 0., 0, 0., 0, 0., 154, 28.73134328358209, 0, 0., 0, 0., 0, 0., 5, 0.9328358208955224, 0, 0., 0, 0., 284, 294, 578, 536, 0.9273356401384083
, generated\gt\sample_000424.krn, generated\xml_trimmed_oemer\sample_000424.xml, 0, 0., 348, 50.43478260869565, 2, 0.2898550724637681, 13, 1.8840579710144927, 0, 0., 0, 0., 0, 0., 0, 0., 0, 0., 0, 0., 0, 0., 0, 0., 0, 0., 2, 0.2898550724637681, 4, 0.5797101449275363, 0, 0., 0, 0., 0, 0., 0, 0., 0, 0., 0, 0., 0, 0., 5, 0.7246376811594203, 0, 0., 0, 0., 0, 0., 0, 0., 0, 0., 0, 0., 0, 0., 0, 0., 0, 0., 311, 45.072463768115945, 0, 0., 0, 0., 0, 0., 5, 0.7246376811594203, 0, 0., 0, 0., 396, 348, 744, 690, 0.9274193548387096
, generated\gt\sample_000157.krn, generated\xml_trimmed_oemer\sample_000157.xml, 0, 0., 284, 49.56369982547993, 4, 0.6980802792321117, 18, 3.141361256544503, 0, 0., 0, 0., 0, 0., 0, 0., 0, 0., 0, 0., 0, 0., 0, 0., 0, 0., 1, 0.17452006980802792, 4, 0.6980802792321117, 10, 1.7452006980802792, 0, 0., 0, 0., 0, 0., 0, 0., 0, 0., 0, 0., 0, 0., 0, 0., 0, 0., 0, 0., 0, 0., 0, 0., 0, 0., 0, 0., 0, 0., 0, 0., 247, 43.1064572425829, 0, 0., 0, 0., 0, 0., 5, 0.8726003490401396, 0, 0., 0, 0., 329, 288, 617, 573, 0.9286871961102107
, generated\gt\sample_000343.krn, generated\xml_trimmed_oemer\sample_000343.xml, 0, 0., 160, 38.27751196172249, 6, 1.4354066985645932, 0, 0., 0, 0., 0, 0., 0, 0., 0, 0., 0, 0., 0, 0., 0, 0., 0, 0., 0, 0., 5, 1.1961722488038278, 4, 0.9569377990430622, 0, 0., 0, 0., 0, 0., 0, 0., 0, 0., 0, 0., 0, 0., 0, 0., 0, 0., 0, 0., 0, 0., 0, 0., 0, 0., 0, 0., 0, 0., 0, 0., 0, 0., 238, 56.9377990430622, 0, 0., 0, 0., 0, 0., 5, 1.1961722488038278, 0, 0., 0, 0., 241, 209, 450, 418, 0.9288888888888889
, generated\gt\sample_000334.krn, generated\xml_trimmed_oemer\sample_000334.xml, 0, 0., 98, 16.25207296849088, 2, 0.33167495854063017, 0, 0., 0, 0., 0, 0., 0, 0., 0, 0., 0, 0., 1, 0.16583747927031509, 0, 0., 0, 0., 0, 0., 2, 0.33167495854063017, 4, 0.6633499170812603, 0, 0., 0, 0., 0, 0., 0, 0., 0, 0., 0, 0., 0, 0., 2, 0.33167495854063017, 0, 0., 0, 0., 0, 0., 0, 0., 0, 0., 0, 0., 0, 0., 0, 0., 0, 0., 489, 81.09452736318408, 0, 0., 0, 0., 0, 0., 5, 0.8291873963515755, 0, 0., 0, 0., 343, 306, 649, 603, 0.9291217257318952
, generated\gt\sample_000242.krn, generated\xml_trimmed_oemer\sample_000242.xml, 0, 0., 208, 41.516966067864274, 8, 1.596806387225549, 3, 0.5988023952095808, 0, 0., 6, 1.1976047904191616, 0, 0., 0, 0., 0, 0., 0, 0., 0, 0., 0, 0., 0, 0., 2, 0.3992015968063872, 4, 0.7984031936127745, 7, 1.3972055888223553, 0, 0., 0, 0., 0, 0., 0, 0., 0, 0., 0, 0., 2, 0.3992015968063872, 0, 0., 0, 0., 0, 0., 0, 0., 0, 0., 0, 0., 0, 0., 0, 0., 0, 0., 256, 51.097804391217565, 0, 0., 0, 0., 0, 0., 5, 0.998003992015968, 0, 0., 0, 0., 302, 237, 539, 501, 0.9294990723562152
, generated\gt\sample_000143.krn, generated\xml_trimmed_oemer\sample_000143.xml, 0, 0., 104, 49.28909952606635, 6, 2.843601895734597, 2, 0.9478672985781991, 0, 0., 0, 0., 0, 0., 0, 0., 0, 0., 0, 0., 0, 0., 0, 0., 0, 0., 0, 0., 1, 0.47393364928909953, 3, 1.4218009478672986, 0, 0., 2, 0.9478672985781991, 0, 0., 0, 0., 0, 0., 0, 0., 1, 0.47393364928909953, 0, 0., 0, 0., 0, 0., 0, 0., 0, 0., 0, 0., 0, 0., 0, 0., 0, 0., 92, 43.60189573459716, 0, 0., 0, 0., 0, 0., 0, 0., 0, 0., 0, 0., 87, 140, 227, 211, 0.9295154185022027
, generated\gt\sample_000328.krn, generated\xml_trimmed_oemer\sample_000328.xml, 0, 0., 472, 89.39393939393939, 4, 0.7575757575757576, 8, 1.5151515151515151, 0, 0., 0, 0., 0, 0., 0, 0., 0, 0., 0, 0., 0, 0., 0, 0., 0, 0., 0, 0., 4, 0.7575757575757576, 0, 0., 0, 0., 0, 0., 0, 0., 0, 0., 0, 0., 0, 0., 11, 2.0833333333333335, 0, 0., 0, 0., 0, 0., 0, 0., 0, 0., 0, 0., 0, 0., 0, 0., 0, 0., 24, 4.545454545454546, 0, 0., 0, 0., 0, 0., 5, 0.946969696969697, 0, 0., 0, 0., 243, 325, 568, 528, 0.9295774647887324
, generated\gt\sample_000207.krn, generated\xml_trimmed_oemer\sample_000207.xml, 0, 0., 107, 67.29559748427673, 8, 5.031446540880503, 1, 0.6289308176100629, 0, 0., 0, 0., 0, 0., 0, 0., 0, 0., 0, 0., 0, 0., 0, 0., 0, 0., 2, 1.2578616352201257, 2, 1.2578616352201257, 2, 1.2578616352201257, 0, 0., 2, 1.2578616352201257, 0, 0., 0, 0., 0, 0., 0, 0., 0, 0., 0, 0., 0, 0., 0, 0., 0, 0., 0, 0., 0, 0., 0, 0., 0, 0., 0, 0., 35, 22.0125786163522, 0, 0., 0, 0., 0, 0., 0, 0., 0, 0., 0, 0., 48, 123, 171, 159, 0.9298245614035088
, generated\gt\sample_000658.krn, generated\xml_trimmed_oemer\sample_000658.xml, 0, 0., 300, 53.763440860215056, 0, 0., 10, 1.7921146953405018, 4, 0.7168458781362007, 0, 0., 2, 0.35842293906810035, 0, 0., 0, 0., 0, 0., 0, 0., 0, 0., 0, 0., 1, 0.17921146953405018, 4, 0.7168458781362007, 2, 0.35842293906810035, 0, 0., 0, 0., 0, 0., 0, 0., 0, 0., 0, 0., 3, 0.5376344086021505, 0, 0., 0, 0., 0, 0., 0, 0., 0, 0., 0, 0., 0, 0., 0, 0., 0, 0., 227, 40.681003584229394, 0, 0., 0, 0., 0, 0., 5, 0.8960573476702509, 0, 0., 0, 0., 314, 286, 600, 558, 0.93
, generated\gt\sample_000276.krn, generated\xml_trimmed_oemer\sample_000276.xml, 0, 0., 175, 34.31372549019608, 12, 2.3529411764705883, 8, 1.5686274509803921, 4, 0.7843137254901961, 0, 0., 0, 0., 0, 0., 0, 0., 0, 0., 0, 0., 0, 0., 0, 0., 1, 0.19607843137254902, 4, 0.7843137254901961, 1, 0.19607843137254902, 0, 0., 0, 0., 0, 0., 0, 0., 0, 0., 0, 0., 12, 2.3529411764705883, 0, 0., 0, 0., 0, 0., 0, 0., 0, 0., 0, 0., 0, 0., 0, 0., 0, 0., 288, 56.470588235294116, 0, 0., 0, 0., 0, 0., 5, 0.9803921568627451, 0, 0., 0, 0., 358, 190, 548, 510, 0.9306569343065694
, generated\gt\sample_000095.krn, generated\xml_trimmed_oemer\sample_000095.xml, 0, 0., 348, 74.04255319148936, 0, 0., 4, 0.851063829787234, 0, 0., 0, 0., 0, 0., 0, 0., 0, 0., 0, 0., 0, 0., 0, 0., 0, 0., 0, 0., 2, 0.425531914893617, 4, 0.851063829787234, 0, 0., 0, 0., 0, 0., 0, 0., 0, 0., 0, 0., 5, 1.0638297872340425, 0, 0., 0, 0., 0, 0., 0, 0., 0, 0., 0, 0., 0, 0., 0, 0., 0, 0., 102, 21.70212765957447, 0, 0., 0, 0., 0, 0., 5, 1.0638297872340425, 0, 0., 0, 0., 263, 242, 505, 470, 0.9306930693069307
, generated\gt\sample_000671.krn, generated\xml_trimmed_oemer\sample_000671.xml, 0, 0., 650, 95.87020648967551, 2, 0.2949852507374631, 9, 1.3274336283185841, 0, 0., 0, 0., 2, 0.2949852507374631, 0, 0., 0, 0., 0, 0., 2, 0.2949852507374631, 0, 0., 0, 0., 0, 0., 4, 0.5899705014749262, 0, 0., 0, 0., 0, 0., 0, 0., 0, 0., 0, 0., 0, 0., 4, 0.5899705014749262, 0, 0., 0, 0., 0, 0., 0, 0., 0, 0., 0, 0., 0, 0., 0, 0., 0, 0., 0, 0., 0, 0., 0, 0., 0, 0., 5, 0.7374631268436578, 0, 0., 0, 0., 404, 324, 728, 678, 0.9313186813186813
, generated\gt\sample_000586.krn, generated\xml_trimmed_oemer\sample_000586.xml, 0, 0., 405, 61.45675265553869, 0, 0., 8, 1.2139605462822458, 0, 0., 6, 0.9104704097116844, 0, 0., 0, 0., 0, 0., 0, 0., 0, 0., 0, 0., 0, 0., 0, 0., 4, 0.6069802731411229, 0, 0., 0, 0., 0, 0., 0, 0., 0, 0., 0, 0., 0, 0., 4, 0.6069802731411229, 0, 0., 0, 0., 0, 0., 0, 0., 0, 0., 0, 0., 0, 0., 0, 0., 0, 0., 227, 34.44613050075873, 0, 0., 0, 0., 0, 0., 5, 0.7587253414264037, 0, 0., 0, 0., 466, 241, 707, 659, 0.9321074964639321
, generated\gt\sample_000593.krn, generated\xml_trimmed_oemer\sample_000593.xml, 0, 0., 309, 47.32006125574273, 2, 0.30627871362940273, 14, 2.1439509954058193, 0, 0., 0, 0., 0, 0., 0, 0., 0, 0., 1, 0.15313935681470137, 0, 0., 0, 0., 0, 0., 1, 0.15313935681470137, 4, 0.6125574272588055, 1, 0.15313935681470137, 0, 0., 0, 0., 0, 0., 0, 0., 0, 0., 0, 0., 1, 0.15313935681470137, 0, 0., 0, 0., 0, 0., 0, 0., 0, 0., 0, 0., 0, 0., 0, 0., 0, 0., 315, 48.23889739663093, 0, 0., 0, 0., 0, 0., 5, 0.7656967840735069, 0, 0., 0, 0., 354, 345, 699, 653, 0.9341917024320457
, generated\gt\sample_000436.krn, generated\xml_trimmed_oemer\sample_000436.xml, 0, 0., 150, 36.58536585365854, 0, 0., 0, 0., 0, 0., 0, 0., 0, 0., 0, 0., 0, 0., 0, 0., 2, 0.4878048780487805, 0, 0., 0, 0., 1, 0.24390243902439024, 4, 0.975609756097561, 6, 1.4634146341463414, 0, 0., 4, 0.975609756097561, 12, 2.926829268292683, 0, 0., 0, 0., 0, 0., 3, 0.7317073170731707, 0, 0., 0, 0., 0, 0., 0, 0., 0, 0., 0, 0., 0, 0., 0, 0., 0, 0., 223, 54.390243902439025, 0, 0., 0, 0., 0, 0., 5, 1.2195121951219512, 0, 0., 0, 0., 248, 190, 438, 410, 0.9360730593607306
, generated\gt\sample_000288.krn, generated\xml_trimmed_oemer\sample_000288.xml, 0, 0., 83, 40.09661835748792, 4, 1.932367149758454, 1, 0.4830917874396135, 0, 0., 0, 0., 0, 0., 0, 0., 0, 0., 0, 0., 0, 0., 0, 0., 0, 0., 2, 0.966183574879227, 2, 0.966183574879227, 0, 0., 0, 0., 0, 0., 0, 0., 0, 0., 0, 0., 0, 0., 2, 0.966183574879227, 0, 0., 0, 0., 0, 0., 0, 0., 0, 0., 0, 0., 0, 0., 0, 0., 0, 0., 113, 54.589371980676326, 0, 0., 0, 0., 0, 0., 0, 0., 0, 0., 0, 0., 80, 141, 221, 207, 0.9366515837104072
, generated\gt\sample_000166.krn, generated\xml_trimmed_oemer\sample_000166.xml, 0, 0., 291, 43.43283582089552, 2, 0.29850746268656714, 6, 0.8955223880597015, 0, 0., 0, 0., 5, 0.746268656716418, 0, 0., 0, 0., 0, 0., 0, 0., 0, 0., 0, 0., 2, 0.29850746268656714, 4, 0.5970149253731343, 4, 0.5970149253731343, 0, 0., 0, 0., 0, 0., 0, 0., 0, 0., 0, 0., 0, 0., 0, 0., 0, 0., 0, 0., 0, 0., 0, 0., 0, 0., 0, 0., 0, 0., 0, 0., 351, 52.38805970149254, 0, 0., 0, 0., 0, 0., 5, 0.746268656716418, 0, 0., 0, 0., 429, 286, 715, 670, 0.9370629370629371
, generated\gt\sample_000551.krn, generated\xml_trimmed_oemer\sample_000551.xml, 0, 0., 104, 58.100558659217874, 4, 2.2346368715083798, 1, 0.5586592178770949, 0, 0., 0, 0., 0, 0., 0, 0., 0, 0., 0, 0., 0, 0., 0, 0., 0, 0., 1, 0.5586592178770949, 0, 0., 1, 0.5586592178770949, 0, 0., 0, 0., 0, 0., 0, 0., 0, 0., 0, 0., 0, 0., 0, 0., 0, 0., 0, 0., 0, 0., 0, 0., 0, 0., 0, 0., 0, 0., 0, 0., 68, 37.98882681564246, 0, 0., 0, 0., 0, 0., 0, 0., 0, 0., 0, 0., 60, 131, 191, 179, 0.93717277486911
, generated\gt\sample_000511.krn, generated\xml_trimmed_oemer\sample_000511.xml, 0, 0., 195, 40.625, 0, 0., 6, 1.25, 0, 0., 0, 0., 0, 0., 0, 0., 0, 0., 0, 0., 3, 0.625, 1, 0.20833333333333334, 0, 0., 1, 0.20833333333333334, 2, 0.4166666666666667, 3, 0.625, 0, 0., 2, 0.4166666666666667, 0, 0., 0, 0., 0, 0., 0, 0., 5, 1.0416666666666667, 0, 0., 0, 0., 0, 0., 0, 0., 0, 0., 0, 0., 0, 0., 0, 0., 0, 0., 262, 54.583333333333336, 0, 0., 0, 0., 0, 0., 0, 0., 0, 0., 0, 0., 188, 323, 511, 480, 0.9393346379647749
, generated\gt\sample_000271.krn, generated\xml_trimmed_oemer\sample_000271.xml, 0, 0., 281, 55.31496062992126, 4, 0.7874015748031497, 2, 0.3937007874015748, 1, 0.1968503937007874, 0, 0., 0, 0., 0, 0., 0, 0., 0, 0., 0, 0., 0, 0., 0, 0., 1, 0.1968503937007874, 4, 0.7874015748031497, 7, 1.3779527559055118, 0, 0., 4, 0.7874015748031497, 0, 0., 0, 0., 0, 0., 0, 0., 4, 0.7874015748031497, 0, 0., 0, 0., 0, 0., 0, 0., 0, 0., 0, 0., 0, 0., 0, 0., 0, 0., 195, 38.38582677165354, 0, 0., 0, 0., 0, 0., 5, 0.984251968503937, 0, 0., 0, 0., 324, 216, 540, 508, 0.9407407407407408
, generated\gt\sample_000009.krn, generated\xml_trimmed_oemer\sample_000009.xml, 0, 0., 274, 60.753880266075384, 2, 0.4434589800443459, 6, 1.3303769401330376, 1, 0.22172949002217296, 0, 0., 0, 0., 0, 0., 0, 0., 0, 0., 0, 0., 0, 0., 0, 0., 0, 0., 4, 0.8869179600886918, 2, 0.4434589800443459, 0, 0., 0, 0., 0, 0., 0, 0., 0, 0., 0, 0., 3, 0.6651884700665188, 0, 0., 0, 0., 0, 0., 0, 0., 0, 0., 0, 0., 0, 0., 0, 0., 0, 0., 154, 34.146341463414636, 0, 0., 0, 0., 0, 0., 5, 1.1086474501108647, 0, 0., 0, 0., 259, 220, 479, 451, 0.941544885177453
, generated\gt\sample_000318.krn, generated\xml_trimmed_oemer\sample_000318.xml, 0, 0., 417, 94.9886104783599, 4, 0.9111617312072893, 3, 0.683371298405467, 1, 0.22779043280182232, 0, 0., 0, 0., 0, 0., 0, 0., 1, 0.22779043280182232, 0, 0., 0, 0., 0, 0., 0, 0., 1, 0.22779043280182232, 2, 0.45558086560364464, 0, 0., 2, 0.45558086560364464, 0, 0., 0, 0., 0, 0., 0, 0., 8, 1.8223234624145785, 0, 0., 0, 0., 0, 0., 0, 0., 0, 0., 0, 0., 0, 0., 0, 0., 0, 0., 0, 0., 0, 0., 0, 0., 0, 0., 0, 0., 0, 0., 0, 0., 192, 274, 466, 439, 0.9420600858369099
, generated\gt\sample_000438.krn, generated\xml_trimmed_oemer\sample_000438.xml, 0, 0., 153, 50.495049504950494, 2, 0.6600660066006601, 2, 0.6600660066006601, 1, 0.33003300330033003, 2, 0.6600660066006601, 0, 0., 0, 0., 0, 0., 0, 0., 0, 0., 0, 0., 0, 0., 0, 0., 2, 0.6600660066006601, 0, 0., 0, 0., 0, 0., 0, 0., 0, 0., 0, 0., 0, 0., 3, 0.9900990099009901, 0, 0., 0, 0., 0, 0., 0, 0., 0, 0., 0, 0., 0, 0., 0, 0., 0, 0., 138, 45.54455445544554, 0, 0., 0, 0., 0, 0., 0, 0., 0, 0., 0, 0., 147, 174, 321, 303, 0.9439252336448598
, generated\gt\sample_000534.krn, generated\xml_trimmed_oemer\sample_000534.xml, 0, 0., 212, 36.869565217391305, 0, 0., 3, 0.5217391304347826, 0, 0., 0, 0., 0, 0., 0, 0., 0, 0., 0, 0., 0, 0., 0, 0., 0, 0., 1, 0.17391304347826086, 4, 0.6956521739130435, 0, 0., 0, 0., 0, 0., 0, 0., 0, 0., 0, 0., 0, 0., 1, 0.17391304347826086, 0, 0., 0, 0., 0, 0., 0, 0., 0, 0., 0, 0., 0, 0., 0, 0., 0, 0., 247, 42.95652173913044, 101, 17.565217391304348, 0, 0., 1, 0.17391304347826086, 5, 0.8695652173913043, 0, 0., 0, 0., 289, 320, 609, 575, 0.9441707717569786
, generated\gt\sample_000260.krn, generated\xml_trimmed_oemer\sample_000260.xml, 0, 0., 235, 54.398148148148145, 2, 0.46296296296296297, 6, 1.3888888888888888, 0, 0., 8, 1.8518518518518519, 0, 0., 0, 0., 0, 0., 0, 0., 0, 0., 0, 0., 0, 0., 0, 0., 2, 0.46296296296296297, 0, 0., 0, 0., 0, 0., 0, 0., 0, 0., 0, 0., 0, 0., 0, 0., 0, 0., 0, 0., 0, 0., 0, 0., 0, 0., 0, 0., 0, 0., 0, 0., 0, 0., 179, 41.43518518518518, 0, 0., 0, 0., 0, 0., 0, 0., 0, 0., 0, 0., 252, 205, 457, 432, 0.9452954048140044
, generated\gt\sample_000397.krn, generated\xml_trimmed_oemer\sample_000397.xml, 0, 0., 177, 25.467625899280577, 2, 0.28776978417266186, 2, 0.28776978417266186, 1, 0.14388489208633093, 0, 0., 0, 0., 0, 0., 0, 0., 0, 0., 0, 0., 0, 0., 0, 0., 1, 0.14388489208633093, 2, 0.28776978417266186, 0, 0., 0, 0., 0, 0., 0, 0., 0, 0., 0, 0., 0, 0., 3, 0.4316546762589928, 0, 0., 0, 0., 0, 0., 0, 0., 0, 0., 0, 0., 0, 0., 0, 0., 0, 0., 502, 72.23021582733813, 0, 0., 0, 0., 0, 0., 5, 0.7194244604316546, 0, 0., 0, 0., 322, 413, 735, 695, 0.9455782312925171
, generated\gt\sample_000451.krn, generated\xml_trimmed_oemer\sample_000451.xml, 0, 0., 203, 46.241457858769934, 0, 0., 3, 0.683371298405467, 0, 0., 0, 0., 1, 0.22779043280182232, 0, 0., 0, 0., 0, 0., 0, 0., 0, 0., 0, 0., 1, 0.22779043280182232, 4, 0.9111617312072893, 0, 0., 0, 0., 0, 0., 0, 0., 0, 0., 0, 0., 0, 0., 0, 0., 0, 0., 0, 0., 0, 0., 0, 0., 0, 0., 0, 0., 0, 0., 0, 0., 0, 0., 222, 50.569476082004556, 0, 0., 0, 0., 0, 0., 5, 1.1389521640091116, 0, 0., 0, 0., 248, 216, 464, 439, 0.9461206896551724
, generated\gt\sample_000066.krn, generated\xml_trimmed_oemer\sample_000066.xml, 0, 0., 342, 53.35413416536662, 0, 0., 2, 0.31201248049922, 0, 0., 0, 0., 0, 0., 0, 0., 0, 0., 0, 0., 0, 0., 0, 0., 0, 0., 0, 0., 2, 0.31201248049922, 0, 0., 0, 0., 0, 0., 0, 0., 0, 0., 0, 0., 0, 0., 12, 1.8720748829953198, 0, 0., 0, 0., 0, 0., 0, 0., 0, 0., 0, 0., 0, 0., 0, 0., 0, 0., 278, 43.36973478939158, 0, 0., 0, 0., 0, 0., 5, 0.7800312012480499, 0, 0., 0, 0., 374, 303, 677, 641, 0.946824224519941
, generated\gt\sample_000128.krn, generated\xml_trimmed_oemer\sample_000128.xml, 0, 0., 365, 43.556085918854414, 0, 0., 7, 0.8353221957040573, 3, 0.35799522673031026, 0, 0., 0, 0., 0, 0., 0, 0., 0, 0., 0, 0., 0, 0., 0, 0., 2, 0.2386634844868735, 4, 0.477326968973747, 2, 0.2386634844868735, 0, 0., 2, 0.2386634844868735, 0, 0., 0, 0., 0, 0., 0, 0., 0, 0., 0, 0., 0, 0., 0, 0., 0, 0., 0, 0., 0, 0., 0, 0., 0, 0., 0, 0., 321, 38.3054892601432, 126, 15.035799522673031, 0, 0., 1, 0.11933174224343675, 5, 0.5966587112171837, 0, 0., 0, 0., 464, 421, 885, 838, 0.9468926553672317
, generated\gt\sample_000195.krn, generated\xml_trimmed_oemer\sample_000195.xml, 0, 0., 190, 38.0, 0, 0., 5, 1.0, 1, 0.2, 0, 0., 1, 0.2, 0, 0., 0, 0., 0, 0., 0, 0., 0, 0., 0, 0., 2, 0.4, 2, 0.4, 2, 0.4, 0, 0., 0, 0., 0, 0., 0, 0., 0, 0., 0, 0., 1, 0.2, 0, 0., 0, 0., 0, 0., 0, 0., 0, 0., 0, 0., 0, 0., 0, 0., 0, 0., 233, 46.6, 57, 11.4, 0, 0., 1, 0.2, 5, 1.0, 0, 0., 0, 0., 254, 274, 528, 500, 0.946969696969697
, generated\gt\sample_000601.krn, generated\xml_trimmed_oemer\sample_000601.xml, 0, 0., 80, 14.414414414414415, 0, 0., 3, 0.5405405405405406, 0, 0., 0, 0., 0, 0., 0, 0., 0, 0., 0, 0., 0, 0., 0, 0., 0, 0., 4, 0.7207207207207207, 2, 0.36036036036036034, 0, 0., 0, 0., 4, 0.7207207207207207, 0, 0., 0, 0., 0, 0., 0, 0., 3, 0.5405405405405406, 0, 0., 0, 0., 0, 0., 0, 0., 0, 0., 0, 0., 0, 0., 0, 0., 0, 0., 454, 81.8018018018018, 0, 0., 0, 0., 0, 0., 5, 0.9009009009009009, 0, 0., 0, 0., 359, 227, 586, 555, 0.947098976109215
, generated\gt\sample_000230.krn, generated\xml_trimmed_oemer\sample_000230.xml, 0, 0., 391, 56.58465991316932, 8, 1.1577424023154848, 9, 1.3024602026049203, 1, 0.1447178002894356, 0, 0., 2, 0.2894356005788712, 0, 0., 0, 0., 0, 0., 0, 0., 0, 0., 0, 0., 2, 0.2894356005788712, 4, 0.5788712011577424, 8, 1.1577424023154848, 0, 0., 0, 0., 0, 0., 0, 0., 0, 0., 0, 0., 7, 1.0130246020260492, 0, 0., 0, 0., 0, 0., 0, 0., 0, 0., 0, 0., 0, 0., 0, 0., 0, 0., 254, 36.75832127351664, 0, 0., 0, 0., 0, 0., 5, 0.723589001447178, 0, 0., 0, 0., 392, 337, 729, 691, 0.9478737997256516
, generated\gt\sample_000316.krn, generated\xml_trimmed_oemer\sample_000316.xml, 0, 0., 104, 29.46175637393768, 2, 0.56657223796034, 2, 0.56657223796034, 2, 0.56657223796034, 0, 0., 0, 0., 0, 0., 0, 0., 0, 0., 0, 0., 0, 0., 0, 0., 1, 0.28328611898017, 2, 0.56657223796034, 3, 0.8498583569405099, 0, 0., 0, 0., 0, 0., 0, 0., 0, 0., 0, 0., 2, 0.56657223796034, 0, 0., 0, 0., 0, 0., 0, 0., 0, 0., 0, 0., 0, 0., 0, 0., 0, 0., 165, 46.742209631728045, 64, 18.13031161473088, 0, 0., 1, 0.28328611898017, 5, 1.4164305949008498, 0, 0., 0, 0., 211, 161, 372, 353, 0.9489247311827957
, generated\gt\sample_000619.krn, generated\xml_trimmed_oemer\sample_000619.xml, 0, 0., 116, 23.868312757201647, 12, 2.4691358024691357, 6, 1.2345679012345678, 0, 0., 0, 0., 0, 0., 0, 0., 0, 0., 0, 0., 0, 0., 0, 0., 0, 0., 2, 0.411522633744856, 2, 0.411522633744856, 4, 0.823045267489712, 0, 0., 0, 0., 0, 0., 0, 0., 0, 0., 0, 0., 1, 0.205761316872428, 0, 0., 0, 0., 0, 0., 0, 0., 0, 0., 0, 0., 0, 0., 0, 0., 0, 0., 338, 69.54732510288066, 0, 0., 0, 0., 0, 0., 5, 1.02880658436214, 0, 0., 0, 0., 267, 245, 512, 486, 0.94921875
, generated\gt\sample_000362.krn, generated\xml_trimmed_oemer\sample_000362.xml, 0, 0., 302, 39.119170984455955, 2, 0.25906735751295334, 5, 0.6476683937823834, 0, 0., 0, 0., 0, 0., 0, 0., 0, 0., 0, 0., 0, 0., 0, 0., 0, 0., 3, 0.38860103626943004, 4, 0.5181347150259067, 0, 0., 0, 0., 0, 0., 0, 0., 0, 0., 0, 0., 0, 0., 0, 0., 0, 0., 0, 0., 0, 0., 0, 0., 0, 0., 0, 0., 0, 0., 0, 0., 0, 0., 341, 44.170984455958546, 109, 14.119170984455959, 0, 0., 1, 0.12953367875647667, 5, 0.6476683937823834, 0, 0., 0, 0., 344, 469, 813, 772, 0.949569495694957
, generated\gt\sample_000167.krn, generated\xml_trimmed_oemer\sample_000167.xml, 0, 0., 172, 38.651685393258425, 0, 0., 2, 0.449438202247191, 1, 0.2247191011235955, 0, 0., 0, 0., 0, 0., 0, 0., 0, 0., 0, 0., 0, 0., 0, 0., 4, 0.898876404494382, 4, 0.898876404494382, 2, 0.449438202247191, 0, 0., 1, 0.2247191011235955, 0, 0., 0, 0., 0, 0., 0, 0., 0, 0., 0, 0., 0, 0., 0, 0., 0, 0., 0, 0., 0, 0., 0, 0., 0, 0., 0, 0., 254, 57.07865168539326, 0, 0., 0, 0., 0, 0., 5, 1.1235955056179776, 0, 0., 0, 0., 256, 212, 468, 445, 0.9508547008547008
, generated\gt\sample_000201.krn, generated\xml_trimmed_oemer\sample_000201.xml, 0, 0., 503, 70.44817927170868, 6, 0.8403361344537815, 7, 0.9803921568627451, 4, 0.5602240896358543, 4, 0.5602240896358543, 1, 0.1400560224089636, 0, 0., 0, 0., 0, 0., 0, 0., 0, 0., 0, 0., 0, 0., 4, 0.5602240896358543, 0, 0., 0, 0., 0, 0., 0, 0., 0, 0., 0, 0., 0, 0., 6, 0.8403361344537815, 0, 0., 0, 0., 0, 0., 0, 0., 0, 0., 0, 0., 0, 0., 0, 0., 0, 0., 174, 24.369747899159663, 0, 0., 0, 0., 0, 0., 5, 0.7002801120448179, 0, 0., 0, 0., 448, 302, 750, 714, 0.952
, generated\gt\sample_000120.krn, generated\xml_trimmed_oemer\sample_000120.xml, 0, 0., 152, 32.06751054852321, 0, 0., 2, 0.4219409282700422, 0, 0., 0, 0., 0, 0., 0, 0., 0, 0., 0, 0., 0, 0., 0, 0., 0, 0., 0, 0., 4, 0.8438818565400844, 0, 0., 0, 0., 0, 0., 0, 0., 0, 0., 0, 0., 0, 0., 0, 0., 0, 0., 0, 0., 0, 0., 0, 0., 0, 0., 0, 0., 0, 0., 0, 0., 0, 0., 215, 45.358649789029535, 95, 20.042194092827003, 0, 0., 1, 0.2109704641350211, 5, 1.0548523206751055, 0, 0., 0, 0., 243, 254, 497, 474, 0.9537223340040242
, generated\gt\sample_000197.krn, generated\xml_trimmed_oemer\sample_000197.xml, 0, 0., 616, 56.984273820536544, 0, 0., 8, 0.7400555041628122, 1, 0.09250693802035152, 16, 1.4801110083256244, 0, 0., 0, 0., 0, 0., 0, 0., 0, 0., 0, 0., 0, 0., 2, 0.18501387604070305, 4, 0.3700277520814061, 0, 0., 0, 0., 0, 0., 0, 0., 0, 0., 0, 0., 0, 0., 0, 0., 0, 0., 0, 0., 0, 0., 0, 0., 0, 0., 0, 0., 0, 0., 0, 0., 0, 0., 429, 39.68547641073081, 0, 0., 0, 0., 0, 0., 5, 0.46253469010175763, 0, 0., 0, 0., 721, 412, 1133, 1081, 0.9541041482789056
, generated\gt\sample_000127.krn, generated\xml_trimmed_oemer\sample_000127.xml, 0, 0., 683, 68.02788844621514, 0, 0., 7, 0.6972111553784861, 3, 0.29880478087649404, 0, 0., 1, 0.099601593625498, 0, 0., 0, 0., 2, 0.199203187250996, 0, 0., 0, 0., 0, 0., 2, 0.199203187250996, 6, 0.5976095617529881, 1, 0.099601593625498, 0, 0., 4, 0.398406374501992, 0, 0., 0, 0., 0, 0., 0, 0., 2, 0.199203187250996, 0, 0., 0, 0., 0, 0., 0, 0., 0, 0., 0, 0., 0, 0., 0, 0., 0, 0., 150, 14.9402390438247, 137, 13.645418326693227, 0, 0., 1, 0.099601593625498, 5, 0.49800796812749004, 0, 0., 0, 0., 561, 488, 1049, 1004, 0.9571020019065777
, generated\gt\sample_000304.krn, generated\xml_trimmed_oemer\sample_000304.xml, 0, 0., 129, 23.243243243243242, 0, 0., 0, 0., 0, 0., 0, 0., 0, 0., 0, 0., 0, 0., 0, 0., 0, 0., 0, 0., 0, 0., 3, 0.5405405405405406, 4, 0.7207207207207207, 0, 0., 0, 0., 0, 0., 0, 0., 0, 0., 0, 0., 0, 0., 1, 0.18018018018018017, 0, 0., 0, 0., 0, 0., 0, 0., 0, 0., 0, 0., 0, 0., 0, 0., 0, 0., 413, 74.41441441441441, 0, 0., 0, 0., 0, 0., 5, 0.9009009009009009, 0, 0., 0, 0., 297, 282, 579, 555, 0.9585492227979274
, generated\gt\sample_000471.krn, generated\xml_trimmed_oemer\sample_000471.xml, 0, 0., 185, 43.632075471698116, 0, 0., 2, 0.4716981132075472, 0, 0., 0, 0., 0, 0., 0, 0., 0, 0., 0, 0., 0, 0., 0, 0., 0, 0., 1, 0.2358490566037736, 4, 0.9433962264150944, 5, 1.179245283018868, 0, 0., 0, 0., 0, 0., 0, 0., 0, 0., 0, 0., 0, 0., 0, 0., 0, 0., 0, 0., 0, 0., 0, 0., 0, 0., 0, 0., 0, 0., 0, 0., 222, 52.35849056603774, 0, 0., 0, 0., 0, 0., 5, 1.179245283018868, 0, 0., 0, 0., 245, 197, 442, 424, 0.9592760180995475
, generated\gt\sample_000144.krn, generated\xml_trimmed_oemer\sample_000144.xml, 0, 0., 9, 9.0, 2, 2.0, 0, 0., 0, 0., 0, 0., 0, 0., 0, 0., 0, 0., 0, 0., 0, 0., 0, 0., 0, 0., 2, 2.0, 2, 2.0, 0, 0., 0, 0., 0, 0., 0, 0., 0, 0., 0, 0., 0, 0., 0, 0., 0, 0., 0, 0., 0, 0., 0, 0., 0, 0., 0, 0., 0, 0., 0, 0., 0, 0., 85, 85.0, 0, 0., 0, 0., 0, 0., 0, 0., 0, 0., 0, 0., 57, 47, 104, 100, 0.9615384615384616
, generated\gt\sample_000310.krn, generated\xml_trimmed_oemer\sample_000310.xml, 0, 0., 142, 59.166666666666664, 4, 1.6666666666666667, 2, 0.8333333333333334, 0, 0., 0, 0., 0, 0., 0, 0., 0, 0., 0, 0., 0, 0., 0, 0., 0, 0., 2, 0.8333333333333334, 2, 0.8333333333333334, 2, 0.8333333333333334, 0, 0., 0, 0., 0, 0., 0, 0., 0, 0., 0, 0., 1, 0.4166666666666667, 0, 0., 0, 0., 0, 0., 0, 0., 0, 0., 0, 0., 0, 0., 0, 0., 0, 0., 85, 35.416666666666664, 0, 0., 0, 0., 0, 0., 0, 0., 0, 0., 0, 0., 103, 146, 249, 240, 0.963855421686747
, generated\gt\sample_000571.krn, generated\xml_trimmed_oemer\sample_000571.xml, 0, 0., 89, 17.97979797979798, 0, 0., 2, 0.40404040404040403, 0, 0., 0, 0., 0, 0., 0, 0., 0, 0., 0, 0., 0, 0., 0, 0., 0, 0., 4, 0.8080808080808081, 0, 0., 2, 0.40404040404040403, 0, 0., 0, 0., 0, 0., 0, 0., 0, 0., 0, 0., 1, 0.20202020202020202, 0, 0., 0, 0., 0, 0., 0, 0., 0, 0., 0, 0., 0, 0., 0, 0., 0, 0., 392, 79.1919191919192, 0, 0., 0, 0., 0, 0., 5, 1.0101010101010102, 0, 0., 0, 0., 294, 219, 513, 495, 0.9649122807017544
, generated\gt\sample_000564.krn, generated\xml_trimmed_oemer\sample_000564.xml, 0, 0., 129, 24.24812030075188, 0, 0., 0, 0., 0, 0., 0, 0., 0, 0., 0, 0., 0, 0., 0, 0., 0, 0., 0, 0., 0, 0., 2, 0.37593984962406013, 4, 0.7518796992481203, 2, 0.37593984962406013, 0, 0., 0, 0., 0, 0., 0, 0., 0, 0., 0, 0., 3, 0.5639097744360902, 0, 0., 0, 0., 0, 0., 0, 0., 0, 0., 0, 0., 0, 0., 0, 0., 0, 0., 387, 72.74436090225564, 0, 0., 0, 0., 0, 0., 5, 0.9398496240601504, 0, 0., 0, 0., 292, 258, 550, 532, 0.9672727272727273
, generated\gt\sample_000264.krn, generated\xml_trimmed_oemer\sample_000264.xml, 0, 0., 413, 96.04651162790698, 0, 0., 0, 0., 0, 0., 0, 0., 0, 0., 0, 0., 0, 0., 0, 0., 0, 0., 0, 0., 0, 0., 3, 0.6976744186046512, 2, 0.46511627906976744, 0, 0., 0, 0., 0, 0., 3, 0.6976744186046512, 0, 0., 0, 0., 0, 0., 4, 0.9302325581395349, 0, 0., 0, 0., 0, 0., 0, 0., 0, 0., 0, 0., 0, 0., 0, 0., 0, 0., 0, 0., 0, 0., 0, 0., 0, 0., 5, 1.1627906976744187, 0, 0., 0, 0., 237, 207, 444, 430, 0.9684684684684685
, generated\gt\sample_000665.krn, generated\xml_trimmed_oemer\sample_000665.xml, 0, 0., 272, 75.34626038781164, 0, 0., 1, 0.2770083102493075, 0, 0., 0, 0., 0, 0., 0, 0., 0, 0., 0, 0., 0, 0., 0, 0., 0, 0., 0, 0., 1, 0.2770083102493075, 2, 0.554016620498615, 0, 0., 0, 0., 0, 0., 0, 0., 0, 0., 0, 0., 1, 0.2770083102493075, 0, 0., 0, 0., 0, 0., 0, 0., 0, 0., 0, 0., 0, 0., 0, 0., 0, 0., 84, 23.26869806094183, 0, 0., 0, 0., 0, 0., 0, 0., 0, 0., 0, 0., 113, 258, 371, 361, 0.9730458221024259
, generated\gt\sample_000266.krn, generated\xml_trimmed_oemer\sample_000266.xml, 0, 0., 55, 21.484375, 0, 0., 1, 0.390625, 0, 0., 0, 0., 0, 0., 0, 0., 0, 0., 0, 0., 0, 0., 0, 0., 0, 0., 1, 0.390625, 2, 0.78125, 1, 0.390625, 0, 0., 0, 0., 0, 0., 0, 0., 0, 0., 0, 0., 0, 0., 0, 0., 0, 0., 0, 0., 0, 0., 0, 0., 0, 0., 0, 0., 0, 0., 0, 0., 196, 76.5625, 0, 0., 0, 0., 0, 0., 0, 0., 0, 0., 0, 0., 92, 171, 263, 256, 0.973384030418251
, generated\gt\sample_000150.krn, generated\xml_trimmed_oemer\sample_000150.xml, 0, 0., 268, 38.01418439716312, 2, 0.28368794326241137, 2, 0.28368794326241137, 1, 0.14184397163120568, 0, 0., 1, 0.14184397163120568, 0, 0., 0, 0., 0, 0., 0, 0., 0, 0., 0, 0., 2, 0.28368794326241137, 4, 0.5673758865248227, 8, 1.1347517730496455, 0, 0., 0, 0., 0, 0., 0, 0., 0, 0., 0, 0., 0, 0., 0, 0., 0, 0., 0, 0., 0, 0., 0, 0., 0, 0., 0, 0., 0, 0., 0, 0., 412, 58.43971631205674, 0, 0., 0, 0., 0, 0., 5, 0.7092198581560284, 0, 0., 0, 0., 389, 334, 723, 705, 0.975103734439834
, generated\gt\sample_000119.krn, generated\xml_trimmed_oemer\sample_000119.xml, 0, 0., 176, 44.783715012722645, 0, 0., 2, 0.5089058524173028, 0, 0., 2, 0.5089058524173028, 0, 0., 0, 0., 0, 0., 0, 0., 0, 0., 0, 0., 0, 0., 1, 0.2544529262086514, 2, 0.5089058524173028, 0, 0., 0, 0., 0, 0., 0, 0., 0, 0., 0, 0., 0, 0., 0, 0., 0, 0., 0, 0., 0, 0., 0, 0., 0, 0., 0, 0., 0, 0., 0, 0., 0, 0., 210, 53.43511450381679, 0, 0., 0, 0., 0, 0., 0, 0., 0, 0., 0, 0., 263, 140, 403, 393, 0.9751861042183623
, generated\gt\sample_000446.krn, generated\xml_trimmed_oemer\sample_000446.xml, 0, 0., 100, 21.141649048625794, 0, 0., 0, 0., 0, 0., 0, 0., 0, 0., 0, 0., 0, 0., 0, 0., 0, 0., 0, 0., 0, 0., 4, 0.8456659619450317, 4, 0.8456659619450317, 0, 0., 0, 0., 0, 0., 0, 0., 0, 0., 0, 0., 0, 0., 2, 0.42283298097251587, 0, 0., 0, 0., 0, 0., 0, 0., 0, 0., 0, 0., 0, 0., 0, 0., 0, 0., 358, 75.68710359408034, 0, 0., 0, 0., 0, 0., 5, 1.0570824524312896, 0, 0., 0, 0., 256, 229, 485, 473, 0.9752577319587629
, generated\gt\sample_000426.krn, generated\xml_trimmed_oemer\sample_000426.xml, 0, 0., 100, 17.73049645390071, 0, 0., 0, 0., 0, 0., 0, 0., 0, 0., 0, 0., 0, 0., 0, 0., 0, 0., 0, 0., 0, 0., 4, 0.7092198581560284, 4, 0.7092198581560284, 0, 0., 0, 0., 0, 0., 0, 0., 0, 0., 0, 0., 0, 0., 1, 0.1773049645390071, 0, 0., 0, 0., 0, 0., 0, 0., 0, 0., 0, 0., 0, 0., 0, 0., 0, 0., 450, 79.7872340425532, 0, 0., 0, 0., 0, 0., 5, 0.8865248226950354, 0, 0., 0, 0., 302, 274, 576, 564, 0.9791666666666666
, generated\gt\sample_000261.krn, generated\xml_trimmed_oemer\sample_000261.xml, 0, 0., 96, 31.475409836065573, 4, 1.3114754098360655, 1, 0.32786885245901637, 0, 0., 0, 0., 0, 0., 0, 0., 0, 0., 0, 0., 0, 0., 0, 0., 0, 0., 2, 0.6557377049180327, 2, 0.6557377049180327, 0, 0., 0, 0., 2, 0.6557377049180327, 0, 0., 0, 0., 0, 0., 0, 0., 2, 0.6557377049180327, 0, 0., 0, 0., 0, 0., 0, 0., 0, 0., 0, 0., 0, 0., 0, 0., 0, 0., 196, 64.26229508196721, 0, 0., 0, 0., 0, 0., 0, 0., 0, 0., 0, 0., 146, 165, 311, 305, 0.9807073954983923
Total:, , , 0, 0., 125203, 60.88870084522385, 2872, 1.3967105327147344, 10082, 4.90307645920263, 1084, 0.527170688531606, 370, 0.17993833464639686, 1078, 0.5242527695913941, 0, 0., 0, 0., 273, 0.13276531177963877, 1077, 0.5237664497680254, 125, 0.06078997792108002, 0, 0., 581, 0.28255181737717994, 1895, 0.921576065283573, 1015, 0.4936146207191697, 0, 0., 260, 0.12644315407584644, 247, 0.12012099637205412, 0, 0., 0, 0., 0, 0., 2081, 1.0120315524301402, 0, 0., 4, 0.0019452792934745607, 4, 0.0019452792934745607, 0, 0., 0, 0., 0, 0., 0, 0., 0, 0., 0, 0., 53415, 25.976773365235914, 1560, 0.7586589244550787, 0, 0., 35, 0.017021193817902406, 2365, 1.1501463822668339, 0, 0., 0, 0., 142139, 129630, 271769, 205626, 0.756620512273291
, gtpath, predpath, bad kern syntax OMR-ED, bad kern syntax % contribution to OMR-NED, wrong note OMR-ED, wrong note % contribution to OMR-NED, wrong note head OMR-ED, wrong note head % contribution to OMR-NED, wrong flag/beam OMR-ED, wrong flag/beam % contribution to OMR-NED, wrong dot OMR-ED, wrong dot % contribution to OMR-NED, wrong tuplet OMR-ED, wrong tuplet % contribution to OMR-NED, wrong accidental OMR-ED, wrong accidental % contribution to OMR-NED, wrong note stem OMR-ED, wrong note stem % contribution to OMR-NED, wrong graceness OMR-ED, wrong graceness % contribution to OMR-NED, wrong tie OMR-ED, wrong tie % contribution to OMR-NED, wrong articulation OMR-ED, wrong articulation % contribution to OMR-NED, wrong ornament OMR-ED, wrong ornament % contribution to OMR-NED, wrong lyric OMR-ED, wrong lyric % contribution to OMR-NED, wrong clef OMR-ED, wrong clef % contribution to OMR-NED, wrong timesig OMR-ED, wrong timesig % contribution to OMR-NED, wrong keysig OMR-ED, wrong keysig % contribution to OMR-NED, wrong tempo OMR-ED, wrong tempo % contribution to OMR-NED, wrong barline OMR-ED, wrong barline % contribution to OMR-NED, wrong direction OMR-ED, wrong direction % contribution to OMR-NED, wrong dynamic OMR-ED, wrong dynamic % contribution to OMR-NED, wrong crescendo OMR-ED, wrong crescendo % contribution to OMR-NED, wrong diminuendo OMR-ED, wrong diminuendo % contribution to OMR-NED, wrong slur OMR-ED, wrong slur % contribution to OMR-NED, wrong ottava OMR-ED, wrong ottava % contribution to OMR-NED, wrong multi-staff arpeggio OMR-ED, wrong multi-staff arpeggio % contribution to OMR-NED, wrong fingered tremolo OMR-ED, wrong fingered tremolo % contribution to OMR-NED, wrong chord symbol OMR-ED, wrong chord symbol % contribution to OMR-NED, wrong ending OMR-ED, wrong ending % contribution to OMR-NED, wrong staff info OMR-ED, wrong staff info % contribution to OMR-NED, wrong system break OMR-ED, wrong system break % contribution to OMR-NED, wrong page break OMR-ED, wrong page break % contribution to OMR-NED, wrong other object OMR-ED, wrong other object % contribution to OMR-NED, entire measure insert/delete OMR-ED, entire measure insert/delete % contribution to OMR-NED, entire staff insert/delete OMR-ED, entire staff insert/delete % contribution to OMR-NED, wrong metadata OMR-ED, wrong metadata % contribution to OMR-NED, wrong staff group OMR-ED, wrong staff group % contribution to OMR-NED, wrong staff group name/abbrev OMR-ED, wrong staff group name/abbrev % contribution to OMR-NED, wrong staff group brace OMR-ED, wrong staff group brace % contribution to OMR-NED, wrong staff group barline OMR-ED, wrong staff group barline % contribution to OMR-NED, gt numsyms, pred numsyms, total numsyms (in both scores), OMR-ED (OMR Edit Distance), OMR-NED (OMR-ED / total numsyms)
